rank,domain,meaning,score,latest_signal,latest_checked_at,history_checked_at,reason,buyer_scope,rights_status,owned,ownership_evidence,methods,history_source,history_note,latest_source,registry_http_status,registry_checked_at,registry_source,latest_registration_price_usd
1,jinshu.si,金属丝,67,仅历史可注册证据（需重查）,,2026-09-30T10:20:06.976Z,金属丝跨点成立，材料商未必需要这类域名,金属丝加工、工业材料与五金供应商,未做逐名净空,False,,中文跨点组合,https://regery.com/en/bulksearch,,,,,,
2,baobiao.si,报表,65,近期有普通注册报价（需再确认）,2026-10-01T04:11:49.289Z,2026-09-30T10:24:34.659Z,报表是具体企业交付物，中文拼音限制受众,报表软件、数据分析及企业服务团队,未做逐名净空,False,,AI中文词与Agent场景,https://www.inwx.com/en/domain/check?domain=baobiao.si,,https://regery.com/en/bulksearch,,,,13.99
3,html5.si,HTML5,65,近期有普通注册报价（需再确认）,2026-10-01T02:36:27.735Z,2026-09-30T04:59:43.649Z,网页标准适合开发教学，版本数字限制未来适应,网页教学、开发工具与前端服务团队,未做逐名净空,False,,名称用途与买家复筛；已有品牌与产品名；中外公司及品牌扩扫,https://porkbun.com/checkout/search,,https://regery.com/en/bulksearch,,,,
4,txid.si,链上交易唯一编号,65,近期有普通注册报价（需再确认）,2026-10-01T02:36:27.735Z,2026-09-30T15:41:19.769Z,通用交易编号缩写，四字母易识别但仅面向链上工具,区块链浏览器与分析工具团队,未做逐名净空,False,,币圈术语与本土叙事,https://regery.com/en/bulksearch,,https://regery.com/en/bulksearch,,,,
5,trueup.si,TrueUp,65,近期有普通注册报价（需再确认）,2026-10-01T02:36:27.735Z,2026-09-30T05:31:39.940Z,账务调整词组有独立财务任务，表达需目标语核实,财务结算、账务调整与经营软件团队,未做逐名净空,False,,名称用途与买家复筛；已有品牌与产品名；中外公司及品牌扩扫,https://porkbun.com/checkout/search,,https://regery.com/en/bulksearch,,,,
6,boli.si,玻璃丝,65,仅历史可注册证据（需重查）,,2026-09-30T07:35:36.767Z,玻璃丝跨点可读，材料命名采用需求尚未证实,玻璃纤维材料、工艺品及工业供应商,未做逐名净空,False,,中文跨点组合,https://www.inwx.com/en/domain/check?domain=boli.si,,,,,,
7,renzao.si,人造丝,65,仅历史可注册证据（需重查）,,2026-09-30T10:20:06.976Z,人造丝读音完整，纺织用途窄且替代名称多,人造纤维、纺织材料及面料经营者,未做逐名净空,False,,中文跨点组合,https://regery.com/en/bulksearch,,,,,,
8,koubo.si,口播,64,近期有普通注册报价（需再确认）,2026-10-01T04:11:49.289Z,2026-09-30T10:19:08.188Z,口播制作用途明确，平台语境偏中文,口播制作、短视频与语音服务团队,未做逐名净空,False,,AI中文词与Agent场景,https://www.inwx.com/en/domain/check?domain=koubo.si,,https://regery.com/en/bulksearch,,,,13.99
9,jiansuo.si,检索,64,近期有普通注册报价（需再确认）,2026-10-01T04:11:49.289Z,2026-09-30T10:25:24.553Z,检索直接关联技术任务，拼音圈外辨识较弱,企业搜索、资料检索及知识平台团队,未做逐名净空,False,,AI中文词与Agent场景,https://www.inwx.com/en/domain/check?domain=jiansuo.si,,https://regery.com/en/bulksearch,,,,13.99
10,sencha.si,日式煎茶,64,近期有普通注册报价（需再确认）,2026-10-01T03:13:35.533Z,2026-09-30T09:13:01.677Z,煎茶有独立茶类需求，与软件同名应按用途核查,茶叶零售、茶饮与茶文化经营者,未做逐名净空,False,,名称用途与买家复筛；已有品牌与产品名；已有品牌采用优选50；跨方法优选100；中外公司及品牌扩扫,https://regery.com/en/bulksearch,,https://regery.com/en/bulksearch,,,,
11,gltf.si,glTF,64,近期有普通注册报价（需再确认）,2026-10-01T02:36:27.735Z,2026-09-30T04:49:10.185Z,三维交换格式可用于转换与检测，不是仅原品牌回购,三维转换、模型验证与图形服务团队,未做逐名净空,False,,名称用途与买家复筛；已有品牌与产品名；中外公司及品牌扩扫,https://porkbun.com/checkout/search,,https://regery.com/en/bulksearch,,,,
12,webrtc.si,WebRTC,64,近期有普通注册报价（需再确认）,2026-10-01T02:36:27.735Z,2026-09-30T05:31:39.940Z,实时通信技术有独立实施需求，拼写面向专业买家,实时通信、语音视频与集成服务团队,未做逐名净空,False,,名称用途与买家复筛；已有品牌与产品名；中外公司及品牌扩扫,https://porkbun.com/checkout/search,,https://regery.com/en/bulksearch,,,,
13,graphql.si,GraphQL,64,近期有普通注册报价（需再确认）,2026-10-01T02:36:27.735Z,2026-09-30T05:36:10.542Z,查询技术有独立开发教育需求，后缀有系统联想,接口工具、查询验证与开发教育团队,未做逐名净空,False,,名称用途与买家复筛；已有品牌与产品名；中外公司及品牌扩扫,https://porkbun.com/checkout/search,,https://regery.com/en/bulksearch,,,,
14,fueler.si,加油装置；加油人员,64,近期有普通注册报价（需再确认）,2026-10-01T02:36:27.735Z,2026-09-30T07:57:51.446Z,加油角色有工程用途，买家较垂直且后缀一般,燃料设备、加油作业与能源服务团队,未做逐名净空,False,,名称用途与买家复筛；已有品牌与产品名；英语普通词大池；中外公司及品牌扩扫,https://www.inwx.com/en/domain/check?domain=fueler.si,,https://regery.com/en/bulksearch,,,,
15,coveralls.si,,63,近期有普通注册报价（需再确认）,2026-10-01T02:36:27.735Z,2026-09-30T17:29:22.732Z,工装普通词；两条已读产品线支持外联，SI采用仍未核,工业工装与防护服零售,未做逐名权利净空；有普通词义不表示无同名权利,False,,中外公司及品牌扩扫,https://regery.com/en/bulksearch,,https://regery.com/en/bulksearch,,,,
16,seating.si,词义/用途尚待补充,63,近期有普通注册报价（需再确认）,2026-10-01T02:36:27.735Z,2026-09-30T16:06:01.537Z,座椅及座次安排是真实品类，但域名竞争渠道多,家具与场馆座位服务团队,未做逐名净空,False,,英语普通词大池,https://regery.com/en/bulksearch,,https://regery.com/en/bulksearch,,,,
17,jiaoben.si,脚本,63,近期有普通注册报价（需再确认）,2026-10-01T04:11:49.289Z,2026-09-30T10:25:38.174Z,脚本有代码与创作双用途，需选择销售方向,脚本编程、视频写作与自动化工具团队,未做逐名净空,False,,AI中文词与Agent场景,https://www.inwx.com/en/domain/check?domain=jiaoben.si,,https://regery.com/en/bulksearch,,,,13.99
18,inkdrop.si,墨滴,63,近期有普通注册报价（需再确认）,2026-10-01T02:36:27.735Z,2026-09-30T09:13:01.677Z,墨滴可用于印刷用品，独立于同名笔记软件,印刷、墨水与实体书写用品团队,未做逐名净空,False,,名称用途与买家复筛；已有品牌与产品名；已有品牌采用优选50；跨方法优选100；中外公司及品牌扩扫,https://regery.com/en/bulksearch,,https://regery.com/en/bulksearch,,,,
19,semver.si,SemVer,63,近期有普通注册报价（需再确认）,2026-10-01T02:36:27.735Z,2026-09-30T05:31:39.940Z,语义版本是开发通用任务，可用于版本管理教育,版本管理、依赖分析与开发教育团队,未做逐名净空,False,,名称用途与买家复筛；已有品牌与产品名；中外公司及品牌扩扫,https://porkbun.com/checkout/search,,https://regery.com/en/bulksearch,,,,
20,jamstack.si,Jamstack,63,仅历史可注册证据（需重查）,,2026-09-30T05:43:16.369Z,网站架构术语可用于建站服务，市场热度未核,网站架构咨询、建站与开发教育团队,未做逐名净空,False,,名称用途与买家复筛；已有品牌与产品名；中外公司及品牌扩扫,https://porkbun.com/checkout/search,,,,,,
21,cilium.si,纤毛,63,仅历史可注册证据（需重查）,,2026-09-30T07:57:33.763Z,纤毛有独立生命科学用途，专业买家面较窄,细胞研究、科研教育与显微分析团队,未做逐名净空,False,,名称用途与买家复筛；已有品牌与产品名；英语普通词大池；中外公司及品牌扩扫,https://www.inwx.com/en/domain/check?domain=cilium.si,,,,,,
22,guojigong.si,国际公司,63,仅历史可注册证据（需重查）,,2026-09-30T10:22:01.478Z,国际公司跨点可读，泛称和长度削弱命名价值,跨境企业服务、国际商务及内容团队,未做逐名净空,False,,中文跨点组合,https://regery.com/en/bulksearch,,,,,,
23,ershi.si,二十四,63,仅历史可注册证据（需重查）,,2026-09-30T10:19:15.628Z,二十四跨点完整，数字联想多于收费品类,日历、年龄主题与数字内容团队,未做逐名净空,False,,中文跨点组合,https://regery.com/en/bulksearch,,,,,,
24,daihuo.si,带货,62,近期有普通注册报价（需再确认）,2026-10-01T04:11:49.289Z,2026-09-30T10:20:41.972Z,带货可定位电商服务，拼音后缀偏离平台惯例,直播电商、达人服务及营销团队,未做逐名净空,False,,AI中文词与Agent场景,https://www.inwx.com/en/domain/check?domain=daihuo.si,,https://regery.com/en/bulksearch,,,,13.99
25,jiance.si,检测,62,仅历史可注册证据（需重查）,,2026-09-30T07:01:09.354Z,检测关联技术或科学服务，拼音较长且市场偏窄,对应技术任务的软件、科研、培训或系统服务团队,未做逐名净空,False,,中文短拼音,https://www.inwx.com/en/domain/check?domain=jiance.si,,,,,,
26,sheying.si,摄影,62,近期有普通注册报价（需再确认）,2026-10-01T04:11:49.289Z,2026-09-30T10:21:33.679Z,摄影有收费服务与工具方向，长拼音限制传播,摄影服务、影像工具及制作团队,未做逐名净空,False,,中文短拼音,https://regery.com/en/bulksearch,,https://regery.com/en/bulksearch,,,,13.99
27,pifu.si,皮肤,62,近期有普通注册报价（需再确认）,2026-10-01T04:11:49.289Z,2026-09-30T10:19:15.628Z,皮肤品类入口清楚，后缀难加强服务认知,皮肤护理、皮肤健康及美容服务团队,未做逐名净空,False,,中文短拼音,https://regery.com/en/bulksearch,,https://regery.com/en/bulksearch,,,,13.99
28,risc-v.si,RISC-V,62,仅历史可注册证据（需重查）,,2026-09-30T05:31:39.940Z,指令集有多类工程用途，连字符影响输入记忆,芯片工程、仿真教学与嵌入式服务团队,未做逐名净空,False,,名称用途与买家复筛；已有品牌与产品名；中外公司及品牌扩扫,https://porkbun.com/checkout/search,,,,,,
29,webauthn.si,WebAuthn,62,仅历史可注册证据（需重查）,,2026-09-30T06:07:34.331Z,网页认证有独立实施需求，专业拼写较难传播,认证集成、身份验证与安全工具团队,未做逐名净空,False,,名称用途与买家复筛；已有品牌与产品名；中外公司及品牌扩扫,https://porkbun.com/checkout/search,,,,,,
30,shequ.si,社区,62,近期有普通注册报价（需再确认）,2026-10-01T04:11:49.289Z,2026-09-30T10:20:06.976Z,社区可落到软件与运营，产品方向需要限定,社区软件、社群运营及物业服务团队,未做逐名净空,False,,中文短拼音,https://regery.com/en/bulksearch,,https://regery.com/en/bulksearch,,,,13.99
31,gongju.si,工具,62,近期有普通注册报价（需再确认）,2026-10-01T04:11:49.289Z,2026-09-30T06:52:02.546Z,工具通用且可扩展，过宽会降低销售指向,工具聚合、软件服务与开发者平台团队,未做逐名净空,False,,AI中文词与Agent场景；中文短拼音；名称用途与买家复筛；跨方法优选100,https://www.inwx.com/en/domain/check?domain=gongju.si,,https://regery.com/en/bulksearch,,,,13.99
32,guihua.si,规划,62,近期有普通注册报价（需再确认）,2026-10-01T04:11:49.289Z,2026-09-30T10:21:37.131Z,规划有多类服务场景，需选主产品定位,项目规划、旅行安排及生产排程团队,未做逐名净空,False,,AI中文词与Agent场景,https://www.inwx.com/en/domain/check?domain=guihua.si,,https://regery.com/en/bulksearch,,,,13.99
33,branching.si,分支化,62,近期有普通注册报价（需再确认）,2026-10-01T02:36:27.735Z,2026-09-30T09:08:03.495Z,分支词义成立，开发用途清楚但命名替代多,版本分支、流程树与系统建模工具团队,未做逐名净空,False,,AI英文词与组合；英语普通词大池,https://www.inwx.com/en/domain/check?domain=branching.si,,https://regery.com/en/bulksearch,,,,
34,yuyi.si,语义,62,近期有普通注册报价（需再确认）,2026-10-01T03:13:35.533Z,2026-09-30T10:17:43.097Z,语义直接关联语言技术，读音多义需说明,语义检索、文本分析及语言技术团队,未做逐名净空,False,,AI中文词与Agent场景,https://www.inwx.com/en/domain/check?domain=yuyi.si,,https://regery.com/en/bulksearch,,,,
35,shenmeyi.si,什么意思,62,仅历史可注册证据（需重查）,,2026-09-30T10:21:47.376Z,什么意思跨点成立，问答命名替代多且偏长,语义问答、词义教育及搜索产品团队,未做逐名净空,False,,中文跨点组合,https://regery.com/en/bulksearch,,,,,,
36,gongzuoliu.si,工作流,61,仅历史可注册证据（需重查）,,2026-09-30T10:30:28.527Z,工作流品类明确，十字母拼音传播成本较高,工作流软件、流程自动化与集成团队,未做逐名净空,False,,AI中文词与Agent场景,https://www.inwx.com/en/domain/check?domain=gongzuoliu.si,,,,,,
37,fangzi.si,房子,61,近期有普通注册报价（需再确认）,2026-10-01T04:11:49.289Z,2026-09-30T10:20:06.976Z,房子是明确商品服务类别，后缀天然联系较弱,对应住宅、旅宿、家居或美容商品的经营者,未做逐名净空,False,,中文短拼音,https://regery.com/en/bulksearch,,https://regery.com/en/bulksearch,,,,13.99
38,gongyu.si,公寓,61,近期有普通注册报价（需再确认）,2026-10-01T04:11:49.289Z,2026-09-30T10:20:06.976Z,公寓是明确商品服务类别，后缀天然联系较弱,对应住宅、旅宿、家居或美容商品的经营者,未做逐名净空,False,,中文短拼音,https://regery.com/en/bulksearch,,https://regery.com/en/bulksearch,,,,13.99
39,huoguo.si,火锅,61,近期有普通注册报价（需再确认）,2026-10-01T04:11:49.289Z,2026-09-30T10:20:06.976Z,火锅对应食品零售餐饮，拼音主要适合中文买家,对应食品类目的餐饮、食品零售或内容经营者,未做逐名净空,False,,中文短拼音,https://regery.com/en/bulksearch,,https://regery.com/en/bulksearch,,,,13.99
40,meijia.si,美甲,61,仅历史可注册证据（需重查）,,2026-09-30T10:20:06.976Z,美甲是具体服务类别，拼音后缀缺少自然联系,美甲门店、用品与预约服务经营者,未做逐名净空,False,,中文短拼音,https://regery.com/en/bulksearch,,,,,,
41,meishi.si,美食,61,近期有普通注册报价（需再确认）,2026-10-01T04:11:49.289Z,2026-09-30T10:20:06.976Z,美食对应食品零售餐饮，拼音主要适合中文买家,对应食品类目的餐饮、食品零售或内容经营者,未做逐名净空,False,,中文短拼音,https://regery.com/en/bulksearch,,https://regery.com/en/bulksearch,,,,13.99
42,niunai.si,牛奶,61,近期有普通注册报价（需再确认）,2026-10-01T02:55:53.849Z,2026-09-30T10:20:06.976Z,牛奶对应食品零售餐饮，拼音主要适合中文买家,对应食品类目的餐饮、食品零售或内容经营者,未做逐名净空,False,,中文短拼音,https://regery.com/en/bulksearch,,https://regery.com/en/bulksearch,,,,
43,jiafang.si,家纺,61,仅历史可注册证据（需重查）,,2026-09-30T10:21:33.679Z,家纺是明确商品服务类别，后缀天然联系较弱,对应住宅、旅宿、家居或美容商品的经营者,未做逐名净空,False,,中文短拼音,https://regery.com/en/bulksearch,,,,,,
44,jiudian.si,酒店,61,仅历史可注册证据（需重查）,,2026-09-30T10:21:33.679Z,酒店是明确商品服务类别，后缀天然联系较弱,对应住宅、旅宿、家居或美容商品的经营者,未做逐名净空,False,,中文短拼音,https://regery.com/en/bulksearch,,,,,,
45,kouhong.si,口红,61,仅历史可注册证据（需重查）,,2026-09-30T10:21:33.679Z,口红是明确商品服务类别，后缀天然联系较弱,对应住宅、旅宿、家居或美容商品的经营者,未做逐名净空,False,,中文短拼音,https://regery.com/en/bulksearch,,,,,,
46,mianbao.si,面包,61,近期有普通注册报价（需再确认）,2026-10-01T04:11:49.289Z,2026-09-30T10:21:33.679Z,面包对应食品零售餐饮，拼音主要适合中文买家,对应食品类目的餐饮、食品零售或内容经营者,未做逐名净空,False,,中文短拼音,https://regery.com/en/bulksearch,,https://regery.com/en/bulksearch,,,,13.99
47,xiaochi.si,小吃,61,仅历史可注册证据（需重查）,,2026-09-30T10:21:33.679Z,小吃对应食品零售餐饮，拼音主要适合中文买家,对应食品类目的餐饮、食品零售或内容经营者,未做逐名净空,False,,中文短拼音,https://regery.com/en/bulksearch,,,,,,
48,huazhuang.si,化妆,61,仅历史可注册证据（需重查）,,2026-09-30T10:22:01.478Z,化妆是明确商品服务类别，后缀天然联系较弱,对应住宅、旅宿、家居或美容商品的经营者,未做逐名净空,False,,中文短拼音,https://regery.com/en/bulksearch,,,,,,
49,meizhuang.si,美妆,61,仅历史可注册证据（需重查）,,2026-09-30T10:22:01.478Z,美妆是明确商品服务类别，后缀天然联系较弱,对应住宅、旅宿、家居或美容商品的经营者,未做逐名净空,False,,中文短拼音,https://regery.com/en/bulksearch,,,,,,
50,xiangshui.si,香水,61,仅历史可注册证据（需重查）,,2026-09-30T10:22:01.478Z,香水是明确商品服务类别，后缀天然联系较弱,对应住宅、旅宿、家居或美容商品的经营者,未做逐名净空,False,,中文短拼音,https://regery.com/en/bulksearch,,,,,,
51,chaqi.si,茶器,61,近期有普通注册报价（需再确认）,2026-10-01T04:11:49.289Z,2026-09-30T10:19:15.628Z,茶器是清楚商品类别，后缀仅起短地址作用,茶具、器皿及茶文化经营者,未做逐名净空,False,,中文短拼音,https://regery.com/en/bulksearch,,https://regery.com/en/bulksearch,,,,13.99
52,haowu.si,好物,61,近期有普通注册报价（需再确认）,2026-10-01T04:11:49.289Z,2026-09-30T10:19:15.628Z,好物有零售导购方向，同类命名可替代性高,生活商品、电商导购及消费内容团队,未做逐名净空,False,,中文短拼音,https://regery.com/en/bulksearch,,https://regery.com/en/bulksearch,,,,13.99
53,jiaolian.si,教练,61,近期有普通注册报价（需再确认）,2026-10-01T03:13:35.533Z,2026-09-30T10:28:51.506Z,教练覆盖多类收费服务，中文拼音稍长,技能教练、健身培训及教育团队,未做逐名净空,False,,AI中文词与Agent场景,https://www.inwx.com/en/domain/check?domain=jiaolian.si,,https://regery.com/en/bulksearch,,,,
54,daiban.si,代办／代班,61,仅历史可注册证据（需重查）,,2026-09-30T10:16:13.572Z,代办代班可收费，多义需要先选销售方向,事务代办、排班服务及办公工具团队,未做逐名净空,False,,AI中文词与Agent场景,https://www.inwx.com/en/domain/check?domain=daiban.si,,,,,,
55,scanpath.si,扫描路径,61,近期有普通注册报价（需再确认）,2026-10-01T02:36:27.735Z,2026-09-30T07:40:58.205Z,扫描路径可做眼动分析；专业市场窄,眼动研究团队,未做逐名净空,False,,名称用途与买家复筛；自然组合与可读品牌词；跨方法优选100,https://www.inwx.com/en/domain/check?domain=scanpath.si,,https://regery.com/en/bulksearch,,,,
56,fenjing.si,分镜,61,近期有普通注册报价（需再确认）,2026-10-01T04:11:49.289Z,2026-09-30T10:25:06.622Z,分镜是明确制作环节，买家面较垂直,视频分镜、影视制作及创作工具团队,未做逐名净空,False,,AI中文词与Agent场景,https://www.inwx.com/en/domain/check?domain=fenjing.si,,https://regery.com/en/bulksearch,,,,13.99
57,zhukong.si,主控,61,仅历史可注册证据（需重查）,,2026-09-30T10:28:08.342Z,主控技术含义较明确，企业品牌需求仍待核,系统控制、设备调度与智能体平台团队,未做逐名净空,False,,AI中文词与Agent场景,https://www.inwx.com/en/domain/check?domain=zhukong.si,,,,,,
58,codepath.si,代码路径,61,仅历史可注册证据（需重查）,,2026-09-30T09:07:13.172Z,代码路径可做导航工具；教育同名需核,代码导航团队,未做逐名净空,False,,名称用途与买家复筛；自然组合与可读品牌词,https://regery.com/en/bulksearch,,,,,,
59,spdx.si,SPDX,61,仅历史可注册证据（需重查）,,2026-09-30T04:54:27.936Z,软件物料与许可交换有合规工具用途，缩写较专业,软件许可审计、物料清单与合规工具团队,未做逐名净空,False,,名称用途与买家复筛；已有品牌与产品名；中外公司及品牌扩扫,https://porkbun.com/checkout/search,,,,,,
60,ribao.si,日报,61,近期有普通注册报价（需再确认）,2026-10-01T02:55:53.849Z,2026-09-30T07:01:36.466Z,日报是明确内容交付物，买家预算差异较大,新闻摘要、企业日报及信息服务团队,未做逐名净空,False,,中文短拼音,https://www.inwx.com/en/domain/check?domain=ribao.si,,https://regery.com/en/bulksearch,,,,
61,co-op.si,Co-op,61,仅历史可注册证据（需重查）,,2026-09-30T04:54:27.936Z,合作社缩词有独立组织用途，连字符略增输入成本,合作社服务、互助组织与协作工具团队,未做逐名净空,False,,名称用途与买家复筛；已有品牌与产品名；中外公司及品牌扩扫,https://porkbun.com/checkout/search,,,,,,
62,fenshen.si,分身,61,近期有普通注册报价（需再确认）,2026-10-01T04:11:49.289Z,2026-09-30T10:16:34.278Z,分身适合数字助手，受众较窄且定位偏概念,虚拟助手、创作者工具及数字形象团队,未做逐名净空,False,,AI中文词与Agent场景,https://www.inwx.com/en/domain/check?domain=fenshen.si,,https://regery.com/en/bulksearch,,,,13.99
63,piped.si,Piped,61,仅历史可注册证据（需重查）,,2026-09-30T05:02:23.379Z,管道式普通词可落到实体工程，不依赖同名软件,管道设施、工程材料与施工服务团队,未做逐名净空,False,,名称用途与买家复筛；已有品牌与产品名；中外公司及品牌扩扫,https://porkbun.com/checkout/search,,,,,,
64,indieweb.si,IndieWeb,61,仅历史可注册证据（需重查）,,2026-09-30T05:43:16.369Z,独立网络是可解释社群方向，不依赖单一品牌回购,独立网站、创作者站点与建站服务团队,未做逐名净空,False,,名称用途与买家复筛；已有品牌与产品名；中外公司及品牌扩扫,https://porkbun.com/checkout/search,,,,,,
65,fortran.si,,61,近期有普通注册报价（需再确认）,2026-10-01T02:36:27.735Z,2026-09-30T17:30:50.617Z,标准语言有多方工具需求；专业受众,编译、教学与老系统维护,未做逐名权利净空；有普通词义不表示无同名权利,False,,中外公司及品牌扩扫,https://regery.com/en/bulksearch,,https://regery.com/en/bulksearch,,,,
66,opengl.si,OpenGL,61,仅历史可注册证据（需重查）,,2026-09-30T05:22:54.268Z,跨厂商图形API标准，工具教育用途明确但替代多,图形调试、API教学与兼容检测团队,未做逐名净空,False,,名称用途与买家复筛；已有品牌与产品名；中外公司及品牌扩扫,https://porkbun.com/checkout/search,,,,,,
67,dagongwu.si,大公无私,61,仅历史可注册证据（需重查）,,2026-09-30T10:21:33.679Z,大公无私跨点自然，理念价值强于收费用途,公益、组织文化与职业教育团队,未做逐名净空,False,,中文跨点组合,https://regery.com/en/bulksearch,,,,,,
68,qiye.si,企业,61,近期有普通注册报价（需再确认）,2026-10-01T04:11:49.289Z,2026-09-30T06:31:23.340Z,企业客户范围广，名称过于通用且后缀弱,企业服务、工商咨询及办公工具团队,未做逐名净空,False,,中文短拼音；名称用途与买家复筛；跨方法优选100,https://www.inwx.com/en/domain/check?domain=qiye.si,,https://regery.com/en/bulksearch,,,,13.99
69,renwu.si,任务,61,近期有普通注册报价（需再确认）,2026-10-01T04:11:49.289Z,2026-09-30T06:49:46.912Z,任务语义清楚，后缀智能联想仍需解释,任务管理、流程编排及办公自动化团队,未做逐名净空,False,,AI中文词与Agent场景；中文短拼音；名称用途与买家复筛；跨方法优选100,https://www.inwx.com/en/domain/check?domain=renwu.si,,https://regery.com/en/bulksearch,,,,13.99
70,tuoguan.si,托管,61,近期有普通注册报价（需再确认）,2026-10-01T04:11:49.289Z,2026-09-30T10:16:47.634Z,托管是收费服务类别，需区分技术与生活用途,网站托管、运维及受托服务经营者,未做逐名净空,False,,AI中文词与Agent场景,https://www.inwx.com/en/domain/check?domain=tuoguan.si,,https://regery.com/en/bulksearch,,,,13.99
71,fupan.si,复盘,61,近期有普通注册报价（需再确认）,2026-10-01T04:11:49.289Z,2026-09-30T10:18:09.790Z,复盘能落到经营分析，名称仍需说明产品,经营分析、学习总结及项目复盘工具团队,未做逐名净空,False,,AI中文词与Agent场景,https://www.inwx.com/en/domain/check?domain=fupan.si,,https://regery.com/en/bulksearch,,,,13.99
72,huiyi.si,会议,61,近期有普通注册报价（需再确认）,2026-10-01T04:11:49.289Z,2026-09-30T10:18:25.498Z,会议任务直接，拼音有中文圈外识别成本,会议软件、纪要与协作工具团队,未做逐名净空,False,,AI中文词与Agent场景,https://www.inwx.com/en/domain/check?domain=huiyi.si,,https://regery.com/en/bulksearch,,,,13.99
73,jiyao.si,纪要,61,近期有普通注册报价（需再确认）,2026-10-01T04:11:49.289Z,2026-09-30T10:18:56.016Z,纪要直指交付结果，拼音含义需展示,会议纪要、摘要与记录软件团队,未做逐名净空,False,,AI中文词与Agent场景,https://www.inwx.com/en/domain/check?domain=jiyao.si,,https://regery.com/en/bulksearch,,,,13.99
74,qiyue.si,契约,61,近期有普通注册报价（需再确认）,2026-10-01T04:11:49.289Z,2026-09-30T06:49:38.481Z,契约有明确收费任务，同音与权利线索待核,电子签约、合同管理与法律工具团队,未做逐名净空,False,,中文短拼音；名称用途与买家复筛；跨方法优选100,https://www.inwx.com/en/domain/check?domain=qiyue.si,,https://regery.com/en/bulksearch,,,,13.99
75,shuru.si,输入,61,仅历史可注册证据（需重查）,,2026-09-30T07:04:08.351Z,输入适合技术工具，中文拼音受众有限,输入工具、数据录入与语音产品团队,未做逐名净空,False,,中文短拼音,https://www.inwx.com/en/domain/check?domain=shuru.si,,,,,,
76,tuwen.si,图文,61,近期有普通注册报价（需再确认）,2026-10-01T04:11:49.289Z,2026-09-30T07:04:23.863Z,图文是清楚内容类别，后缀匹配仍较弱,图文制作、内容工具与设计服务团队,未做逐名净空,False,,中文短拼音,https://www.inwx.com/en/domain/check?domain=tuwen.si,,https://regery.com/en/bulksearch,,,,13.99
77,cesium.si,铯元素,61,仅历史可注册证据（需重查）,,2026-09-30T07:53:23.595Z,铯有独立科学用途，买家窄且同名品牌用途需区分,铯材料、科研教学与元素信息团队,未做逐名净空,False,,名称用途与买家复筛；已有品牌与产品名；英语普通词大池；中外公司及品牌扩扫,https://www.inwx.com/en/domain/check?domain=cesium.si,,,,,,
78,libai.si,礼拜四,61,仅历史可注册证据（需重查）,,2026-09-30T10:20:06.976Z,礼拜四跨点成立，周四活动用途偏窄,周四促销、活动与生活内容团队,未做逐名净空,False,,中文跨点组合,https://regery.com/en/bulksearch,,,,,,
79,meifa.si,美发,60,近期有普通注册报价（需再确认）,2026-10-01T04:11:49.289Z,2026-09-30T10:20:06.976Z,美发经营软件真实存在；店铺获客已有移动网店和小程序替代,美发管理新工具、行业内容或培训服务,未做逐名权利净空；zhaopin同业门非侵权认定,False,,中文短拼音,https://regery.com/en/bulksearch,,https://regery.com/en/bulksearch,,,,13.99
80,drumstick.si,,60,仅历史可注册证据（需重查）,,2026-09-30T17:53:17.970Z,鼓槌普通词；两条乐器产品线可定位，非食品品牌回购,打击乐器教学与器材,未做逐名权利净空；有普通词义不表示无同名权利,False,,中外公司及品牌扩扫,https://regery.com/en/bulksearch,,,,,,
81,bookvalue.si,账面价值,60,近期有普通注册报价（需再确认）,2026-10-01T02:36:27.735Z,2026-09-30T10:27:05.067Z,账面价值可供金融经营工具；买家预算尚未核,金融经营工具,未做逐名净空,False,,自然组合与可读品牌词,https://regery.com/en/bulksearch,,https://regery.com/en/bulksearch,,,,
82,shortfall.si,缺口,60,近期有普通注册报价（需再确认）,2026-10-01T02:36:27.735Z,2026-09-30T13:26:18.691Z,缺口可供金融经营工具；买家预算尚未核,金融经营工具,未做逐名净空,False,,英语普通词大池,https://regery.com/en/bulksearch,,https://regery.com/en/bulksearch,,,,
83,signalpath.si,信号路径,60,近期有普通注册报价（需再确认）,2026-10-01T02:36:27.735Z,2026-09-30T09:10:44.175Z,信号路径是技术术语；专业买家较窄,通信测试团队,未做逐名净空,False,,名称用途与买家复筛,https://regery.com/en/bulksearch,,https://regery.com/en/bulksearch,,,,
84,piao.si,票,60,仅历史可注册证据（需重查）,,2026-09-30T07:27:52.323Z,票字能指票务票据，拼音多义需限定方向,票务、票据工具及旅游服务经营者,未做逐名净空,False,,中文短拼音,https://www.inwx.com/en/domain/check?domain=piao.si,,,,,,
85,douban.si,Douban,60,近期有普通注册报价（需再确认）,2026-10-01T04:11:22.036Z,2026-09-30T05:17:51.467Z,豆瓣有独立食品含义，与社交品牌用途可区分,豆瓣食材、调味商品与餐饮经营者,未做逐名净空,False,,名称用途与买家复筛；已有品牌与产品名；中外公司及品牌扩扫,https://porkbun.com/checkout/search,,https://regery.com/en/bulksearch,,,,13.99
86,yiju.si,宜居,60,仅历史可注册证据（需重查）,,2026-09-30T10:19:15.628Z,宜居与住宅服务贴合，拼音市场主要在中文圈,住宅服务、家居品牌及房产经营者,未做逐名净空,False,,中文短拼音,https://regery.com/en/bulksearch,,,,,,
87,juejin.si,Juejin,60,仅历史可注册证据（需重查）,,2026-09-30T05:17:51.467Z,掘金有独立矿业财经联想，不靠技术社区回购,矿业内容、贵金属服务与财经教育团队,未做逐名净空,False,,名称用途与买家复筛；已有品牌与产品名；中外公司及品牌扩扫,https://porkbun.com/checkout/search,,,,,,
88,ruan.si,词义/用途尚待补充,60,仅历史可注册证据（需重查）,,2026-09-30T10:19:15.628Z,软字有家居与技术联想，单音多义需聚焦,软装家居、柔性材料及软件内容团队,未做逐名净空,False,,中文短拼音,https://regery.com/en/bulksearch,,,,,,
89,wainao.si,外脑,60,近期有普通注册报价（需再确认）,2026-10-01T04:11:49.289Z,2026-09-30T10:24:12.067Z,外脑适合辅助思考，联想用途多于现成类别,记忆助手、知识管理及思考工具团队,未做逐名净空,False,,AI中文词与Agent场景,https://www.inwx.com/en/domain/check?domain=wainao.si,,https://regery.com/en/bulksearch,,,,13.99
90,egghead.si,书呆子；知识分子,60,仅历史可注册证据（需重查）,,2026-09-30T07:53:06.462Z,知识分子意象好记，转售需独立于课程同名品牌,科学玩具、学术内容与知识品牌团队,未做逐名净空,False,,名称用途与买家复筛；已有品牌与产品名；英语普通词大池；中外公司及品牌扩扫,https://www.inwx.com/en/domain/check?domain=egghead.si,,,,,,
91,activitypub.si,,60,仅历史可注册证据（需重查）,,2026-09-30T17:26:11.946Z,W3C协议可供多方实现；并非单一公司,联邦社交互操作工具,未做逐名权利净空；有普通词义不表示无同名权利,False,,中外公司及品牌扩扫,https://regery.com/en/bulksearch,,,,,,
92,zhixing.si,执行,60,近期有普通注册报价（需再确认）,2026-10-01T04:11:49.289Z,2026-09-30T10:16:57.245Z,执行对应任务交付，单词仍较宽泛,自动化执行、机器人及流程工具团队,未做逐名净空,False,,AI中文词与Agent场景,https://www.inwx.com/en/domain/check?domain=zhixing.si,,https://regery.com/en/bulksearch,,,,13.99
93,diaodu.si,调度,60,近期有普通注册报价（需再确认）,2026-10-01T04:11:49.289Z,2026-09-30T10:21:13.630Z,调度适合系统与物流，技术方向较明确,任务调度、物流调配及自动化平台团队,未做逐名净空,False,,AI中文词与Agent场景,https://www.inwx.com/en/domain/check?domain=diaodu.si,,https://regery.com/en/bulksearch,,,,13.99
94,jineng.si,技能,60,近期有普通注册报价（需再确认）,2026-10-01T02:55:53.849Z,2026-09-30T10:22:45.887Z,技能可连培训与能力包，行业方向需聚焦,技能培训、智能体能力与工具市场团队,未做逐名净空,False,,AI中文词与Agent场景,https://www.inwx.com/en/domain/check?domain=jineng.si,,https://regery.com/en/bulksearch,,,,
95,moxing.si,模型,60,近期有普通注册报价（需再确认）,2026-10-01T04:11:49.289Z,2026-09-30T10:23:09.069Z,模型与智能后缀贴题，词义过宽需限定场景,模型开发、模型服务与技术教育团队,未做逐名净空,False,,AI中文词与Agent场景,https://www.inwx.com/en/domain/check?domain=moxing.si,,https://regery.com/en/bulksearch,,,,13.99
96,shibie.si,识别,60,近期有普通注册报价（需再确认）,2026-10-01T04:11:49.289Z,2026-09-30T07:06:38.386Z,识别对应技术任务，名称范围仍然宽泛,语音图像识别、检测及分析软件团队,未做逐名净空,False,,AI中文词与Agent场景；中文短拼音,https://www.inwx.com/en/domain/check?domain=shibie.si,,https://regery.com/en/bulksearch,,,,13.99
97,suanfa.si,算法,60,近期有普通注册报价（需再确认）,2026-10-01T04:11:49.289Z,2026-09-30T06:42:31.763Z,算法是技术类别，拼音未必适合国际买家,算法教育、科研与开发服务团队,未做逐名净空,False,,中文短拼音；名称用途与买家复筛；跨方法优选100,https://www.inwx.com/en/domain/check?domain=suanfa.si,,https://regery.com/en/bulksearch,,,,13.99
98,zidong.si,自动,60,近期有普通注册报价（需再确认）,2026-10-01T04:11:49.289Z,2026-09-30T10:24:26.172Z,自动字面自然，仍需补充具体产品类别,自动化办公、设备控制及任务工具团队,未做逐名净空,False,,AI中文词与Agent场景,https://www.inwx.com/en/domain/check?domain=zidong.si,,https://regery.com/en/bulksearch,,,,13.99
99,bianji.si,编辑,60,仅历史可注册证据（需重查）,,2026-09-30T06:52:10.501Z,编辑有清楚内容工具用途，中文拼写限制国际受众,对应内容品类的工具、制作服务或教育团队,未做逐名净空,False,,中文短拼音,https://www.inwx.com/en/domain/check?domain=bianji.si,,,,,,
100,cidian.si,词典,60,仅历史可注册证据（需重查）,,2026-09-30T07:00:20.314Z,词典有清楚内容工具用途，中文拼写限制国际受众,对应内容品类的工具、制作服务或教育团队,未做逐名净空,False,,中文短拼音,https://www.inwx.com/en/domain/check?domain=cidian.si,,,,,,
101,gongsi.si,公司,60,仅历史可注册证据（需重查）,,2026-09-30T07:03:22.354Z,公司可落到企业或交易服务，词义宽需聚焦买家,对应商业任务的企业软件、运营或服务团队,未做逐名净空,False,,中文短拼音,https://www.inwx.com/en/domain/check?domain=gongsi.si,,,,,,
102,guanli.si,管理,60,仅历史可注册证据（需重查）,,2026-09-30T07:00:50.656Z,管理可落到企业或交易服务，词义宽需聚焦买家,对应商业任务的企业软件、运营或服务团队,未做逐名净空,False,,中文短拼音,https://www.inwx.com/en/domain/check?domain=guanli.si,,,,,,
103,jiaoyi.si,交易,60,仅历史可注册证据（需重查）,,2026-09-30T06:42:43.667Z,交易可落到企业或交易服务，词义宽需聚焦买家,对应商业任务的企业软件、运营或服务团队,未做逐名净空,False,,中文短拼音,https://www.inwx.com/en/domain/check?domain=jiaoyi.si,,,,,,
104,maijia.si,卖家,60,仅历史可注册证据（需重查）,,2026-09-30T10:20:06.976Z,卖家可落到企业或交易服务，词义宽需聚焦买家,对应商业任务的企业软件、运营或服务团队,未做逐名净空,False,,中文短拼音,https://regery.com/en/bulksearch,,,,,,
105,maimai.si,买卖,60,近期有普通注册报价（需再确认）,2026-10-01T04:11:49.289Z,2026-09-30T07:03:07.395Z,买卖可落到企业或交易服务，词义宽需聚焦买家,对应商业任务的企业软件、运营或服务团队,未做逐名净空,False,,中文短拼音,https://www.inwx.com/en/domain/check?domain=maimai.si,,https://regery.com/en/bulksearch,,,,13.99
106,shipin.si,视频,60,仅历史可注册证据（需重查）,,2026-09-30T07:02:50.698Z,视频有清楚内容工具用途，中文拼写限制国际受众,对应内容品类的工具、制作服务或教育团队,未做逐名净空,False,,中文短拼音,https://www.inwx.com/en/domain/check?domain=shipin.si,,,,,,
107,tupian.si,图片,60,仅历史可注册证据（需重查）,,2026-09-30T07:02:39.701Z,图片有清楚内容工具用途，中文拼写限制国际受众,对应内容品类的工具、制作服务或教育团队,未做逐名净空,False,,中文短拼音,https://www.inwx.com/en/domain/check?domain=tupian.si,,,,,,
108,zidian.si,字典,60,仅历史可注册证据（需重查）,,2026-09-30T07:00:34.317Z,字典有清楚内容工具用途，中文拼写限制国际受众,对应内容品类的工具、制作服务或教育团队,未做逐名净空,False,,中文短拼音,https://www.inwx.com/en/domain/check?domain=zidian.si,,,,,,
109,chengxu.si,程序,60,仅历史可注册证据（需重查）,,2026-09-30T10:20:06.976Z,程序有清楚内容工具用途，中文拼写限制国际受众,对应内容品类的工具、制作服务或教育团队,未做逐名净空,False,,中文短拼音,https://regery.com/en/bulksearch,,,,,,
110,dingdan.si,订单,60,仅历史可注册证据（需重查）,,2026-09-30T10:21:33.679Z,订单可落到企业或交易服务，词义宽需聚焦买家,对应商业任务的企业软件、运营或服务团队,未做逐名净空,False,,中文短拼音,https://regery.com/en/bulksearch,,,,,,
111,pingtai.si,平台,60,仅历史可注册证据（需重查）,,2026-09-30T10:21:33.679Z,平台可落到企业或交易服务，词义宽需聚焦买家,对应商业任务的企业软件、运营或服务团队,未做逐名净空,False,,中文短拼音,https://regery.com/en/bulksearch,,,,,,
112,shangji.si,商机,60,仅历史可注册证据（需重查）,,2026-09-30T10:21:33.679Z,商机可落到企业或交易服务，词义宽需聚焦买家,对应商业任务的企业软件、运营或服务团队,未做逐名净空,False,,中文短拼音,https://regery.com/en/bulksearch,,,,,,
113,shengyi.si,生意,60,近期有普通注册报价（需再确认）,2026-10-01T04:11:49.289Z,2026-09-30T10:21:33.679Z,生意可落到企业或交易服务，词义宽需聚焦买家,对应商业任务的企业软件、运营或服务团队,未做逐名净空,False,,中文短拼音,https://regery.com/en/bulksearch,,https://regery.com/en/bulksearch,,,,13.99
114,wenjian.si,文件,60,仅历史可注册证据（需重查）,,2026-09-30T10:21:33.679Z,文件有清楚内容工具用途，中文拼写限制国际受众,对应内容品类的工具、制作服务或教育团队,未做逐名净空,False,,中文短拼音,https://regery.com/en/bulksearch,,,,,,
115,xietong.si,协同,60,仅历史可注册证据（需重查）,,2026-09-30T10:21:33.679Z,协同可落到企业或交易服务，词义宽需聚焦买家,对应商业任务的企业软件、运营或服务团队,未做逐名净空,False,,中文短拼音,https://regery.com/en/bulksearch,,,,,,
116,yingyin.si,影音,60,仅历史可注册证据（需重查）,,2026-09-30T10:21:33.679Z,影音有清楚内容工具用途，中文拼写限制国际受众,对应内容品类的工具、制作服务或教育团队,未做逐名净空,False,,中文短拼音,https://regery.com/en/bulksearch,,,,,,
117,shangjia.si,商家,60,仅历史可注册证据（需重查）,,2026-09-30T10:21:47.376Z,商家可落到企业或交易服务，词义宽需聚焦买家,对应商业任务的企业软件、运营或服务团队,未做逐名净空,False,,中文短拼音,https://regery.com/en/bulksearch,,,,,,
118,shangpin.si,商品,60,仅历史可注册证据（需重查）,,2026-09-30T10:21:47.376Z,商品可落到企业或交易服务，词义宽需聚焦买家,对应商业任务的企业软件、运营或服务团队,未做逐名净空,False,,中文短拼音,https://regery.com/en/bulksearch,,,,,,
119,fengong.si,分公司,60,仅历史可注册证据（需重查）,,2026-09-30T07:33:31.066Z,分公司跨点完整，偏工商概念而非产品类别,企业分支管理、工商服务及财务工具团队,未做逐名净空,False,,中文跨点组合,https://www.inwx.com/en/domain/check?domain=fengong.si,,,,,,
120,chuan.si,词义/用途尚待补充,59,仅历史可注册证据（需重查）,,2026-09-30T10:19:15.628Z,船穿川多义有真实方向，需明确主线,船运、穿搭及川地旅游经营者,未做逐名净空,False,,中文短拼音,https://regery.com/en/bulksearch,,,,,,
121,shouyi.si,收益,59,仅历史可注册证据（需重查）,,2026-09-30T07:04:40.464Z,收益适合财经分析，抽象结果难独占产品品类,财经内容、经营分析及金融信息团队,未做逐名净空,False,,中文短拼音,https://www.inwx.com/en/domain/check?domain=shouyi.si,,,,,,
122,yuangong.si,员工,59,仅历史可注册证据（需重查）,,2026-09-30T10:29:37.857Z,员工角色易解释，拼音偏长且用途较宽,数字员工、人力服务及办公助手团队,未做逐名净空,False,,AI中文词与Agent场景,https://www.inwx.com/en/domain/check?domain=yuangong.si,,,,,,
123,luau.si,夏威夷式宴会,59,仅历史可注册证据（需重查）,,2026-09-30T09:13:01.677Z,宴会语义可落到活动餐饮，受众带地域性,宴会活动、旅游与餐饮经营者,未做逐名净空,False,,名称用途与买家复筛；已有品牌与产品名；中外公司及品牌扩扫,https://regery.com/en/bulksearch,,,,,,
124,penpot.si,笔与小罐,59,仅历史可注册证据（需重查）,,2026-09-30T05:22:54.268Z,笔罐有独立实体文具用途，不依赖同名设计软件,实体笔筒、文具与书写用品经营者,未做逐名净空,False,,名称用途与买家复筛；已有品牌与产品名；已有品牌采用优选50；跨方法优选100；中外公司及品牌扩扫,https://porkbun.com/checkout/search,,,,,,
125,linggan.si,灵感,59,近期有普通注册报价（需再确认）,2026-10-01T04:11:49.289Z,2026-09-30T10:26:27.271Z,灵感适合创作品牌，品类入口价值有限,创意设计、灵感收集及写作工具团队,未做逐名净空,False,,AI中文词与Agent场景,https://www.inwx.com/en/domain/check?domain=linggan.si,,https://regery.com/en/bulksearch,,,,13.99
126,qiepian.si,切片,59,仅历史可注册证据（需重查）,,2026-09-30T10:27:02.895Z,切片可用于内容处理，词义技术跨域较多,直播切片、视频处理及素材工具团队,未做逐名净空,False,,AI中文词与Agent场景,https://www.inwx.com/en/domain/check?domain=qiepian.si,,,,,,
127,tuandui.si,团队,59,仅历史可注册证据（需重查）,,2026-09-30T10:27:21.911Z,团队用途广泛，产品名差异性一般,团队协作、项目管理与智能体平台团队,未做逐名净空,False,,AI中文词与Agent场景,https://www.inwx.com/en/domain/check?domain=tuandui.si,,,,,,
128,drainage.si,词义/用途尚待补充,59,仅历史可注册证据（需重查）,,2026-09-30T12:10:08.421Z,排水有直接工程需求；后缀联系弱,排水工程软件,未做逐名净空,False,,英语普通词大池,https://regery.com/en/bulksearch,,,,,,
129,dlna.si,DLNA,59,仅历史可注册证据（需重查）,,2026-09-30T04:49:10.185Z,互联协议可用于设备兼容教育，机构身份边界需核,设备兼容、协议检测与家庭互联教育团队,未做逐名净空,False,,名称用途与买家复筛；已有品牌与产品名；中外公司及品牌扩扫,https://porkbun.com/checkout/search,,,,,,
130,dunked.si,Dunked,59,仅历史可注册证据（需重查）,,2026-09-30T05:22:54.268Z,扣篮动词适合体育用途，词形是过去式,篮球训练、扣篮内容与餐饮品牌团队,未做逐名净空,False,,名称用途与买家复筛；已有品牌与产品名；中外公司及品牌扩扫,https://porkbun.com/checkout/search,,,,,,
131,happycow.si,快乐的牛,59,仅历史可注册证据（需重查）,,2026-09-30T05:43:16.369Z,快乐牛组合适合农场商品，需区分素食平台同名,乳制品、农场教育与动物主题商品团队,未做逐名净空,False,,名称用途与买家复筛；已有品牌与产品名；已有品牌采用优选50；跨方法优选100；中外公司及品牌扩扫,https://porkbun.com/checkout/search,,,,,,
132,peipao.si,陪跑,59,近期有普通注册报价（需再确认）,2026-10-01T03:13:35.533Z,2026-09-30T10:23:28.977Z,陪跑适合持续辅导，作为产品名还需解释,创业辅导、学习管理及目标服务团队,未做逐名净空,False,,AI中文词与Agent场景,https://www.inwx.com/en/domain/check?domain=peipao.si,,https://regery.com/en/bulksearch,,,,
133,zhun.si,准,59,仅历史可注册证据（需重查）,,2026-09-30T07:28:44.825Z,准字适合检测评测，单字品牌需求偏宽,检测校准、准确率评测与测量工具团队,未做逐名净空,False,,中文短拼音,https://www.inwx.com/en/domain/check?domain=zhun.si,,,,,,
134,lifebuoy.si,,59,仅历史可注册证据（需重查）,,2026-09-30T17:52:50.451Z,八字母真实器材品类；与肥皂用途不同,海事救生器材与水上安全,未做逐名权利净空；有普通词义不表示无同名权利,False,,中外公司及品牌扩扫,https://regery.com/en/bulksearch,,,,,,
135,bianpai.si,编排,59,仅历史可注册证据（需重查）,,2026-09-30T10:24:54.390Z,编排直指自动化任务，拼音稍难传播,工作流编排、任务调度及集成平台团队,未做逐名净空,False,,AI中文词与Agent场景,https://www.inwx.com/en/domain/check?domain=bianpai.si,,,,,,
136,xunlian.si,训练,59,仅历史可注册证据（需重查）,,2026-09-30T10:27:40.457Z,训练覆盖技术教育，需选定具体买家方向,模型训练、技能教育与教练服务团队,未做逐名净空,False,,AI中文词与Agent场景,https://www.inwx.com/en/domain/check?domain=xunlian.si,,,,,,
137,youdianyi.si,有点意思,59,仅历史可注册证据（需重查）,,2026-09-30T10:22:01.478Z,有点意思读音自然，兴趣内容付费场景较泛,生活内容、兴趣社区及创意品牌团队,未做逐名净空,False,,中文跨点组合,https://regery.com/en/bulksearch,,,,,,
138,dagong.si,大公司,59,仅历史可注册证据（需重查）,,2026-09-30T10:20:06.976Z,大公司跨点可读，泛称难定位付费买家,企业资讯、工商服务及经营工具团队,未做逐名净空,False,,中文跨点组合,https://regery.com/en/bulksearch,,,,,,
139,yimei.si,医美,58,近期有普通注册报价（需再确认）,2026-10-01T02:47:31.949Z,2026-09-30T10:20:06.976Z,医美管理SaaS可定位；小程序已有展示预约入口，域名采用未证实,医美管理或预约软件新项目，不把整个医美行业当买家,未做逐名权利净空；zhaopin同业门非侵权认定,False,,中文短拼音,https://regery.com/en/bulksearch,,https://regery.com/en/bulksearch,,,,
140,pricewatch.si,价格监测,58,仅历史可注册证据（需重查）,,2026-09-30T09:10:44.175Z,价格监测是采购任务；同名业务需核,零售采购团队,未做逐名净空,False,,名称用途与买家复筛,https://regery.com/en/bulksearch,,,,,,
141,costcheck.si,成本核验,58,仅历史可注册证据（需重查）,,2026-09-30T10:28:20.587Z,成本核验可供经营软件团队；买家预算尚未核,经营软件团队,未做逐名净空,False,,名称用途与买家复筛,https://regery.com/en/bulksearch,,,,,,
142,depeg.si,稳定币脱离锚定价格,58,仅历史可注册证据（需重查）,,2026-09-30T11:40:11.701Z,脱锚是加密风控事件；周期性需求,链上风控团队,未做逐名净空,False,,币圈术语与本土叙事,https://regery.com/en/bulksearch,,,,,,
143,policyengine.si,词义/用途尚待补充,58,仅历史可注册证据（需重查）,,2026-09-30T10:22:36.648Z,技术词义稳定而较长，垂直用途清楚但受众集中,策略引擎软件或服务团队,未做逐名净空,False,,初始商业与技术词,https://regery.com/en/bulksearch,,,,,,
144,zuan.si,词义/用途尚待补充,58,仅历史可注册证据（需重查）,,2026-09-30T10:19:15.628Z,钻字有商品方向，读音与含义需要限定,钻具、珠宝及工业材料经营者,未做逐名净空,False,,中文短拼音,https://regery.com/en/bulksearch,,,,,,
145,jiazhi.si,价值,58,仅历史可注册证据（需重查）,,2026-09-30T07:01:25.221Z,价值有内容或服务用途，命名宽泛且后缀较弱,对应生活、金融、健康内容或服务经营者（非已核买家）,未做逐名净空,False,,中文短拼音,https://www.inwx.com/en/domain/check?domain=jiazhi.si,,,,,,
146,kuaile.si,快乐,58,仅历史可注册证据（需重查）,,2026-09-30T10:20:06.976Z,快乐有内容或服务用途，命名宽泛且后缀较弱,对应生活、金融、健康内容或服务经营者（非已核买家）,未做逐名净空,False,,中文短拼音,https://regery.com/en/bulksearch,,,,,,
147,xindai.si,信贷,58,仅历史可注册证据（需重查）,,2026-09-30T07:04:48.281Z,信贷有内容或服务用途，命名宽泛且后缀较弱,对应生活、金融、健康内容或服务经营者（非已核买家）,未做逐名净空,False,,中文短拼音,https://www.inwx.com/en/domain/check?domain=xindai.si,,,,,,
148,xingfu.si,幸福,58,仅历史可注册证据（需重查）,,2026-09-30T10:20:06.976Z,幸福有内容或服务用途，命名宽泛且后缀较弱,对应生活、金融、健康内容或服务经营者（非已核买家）,未做逐名净空,False,,中文短拼音,https://regery.com/en/bulksearch,,,,,,
149,baoxian.si,保险,58,仅历史可注册证据（需重查）,,2026-09-30T10:20:06.976Z,保险有内容或服务用途，命名宽泛且后缀较弱,对应生活、金融、健康内容或服务经营者（非已核买家）,未做逐名净空,False,,中文短拼音,https://regery.com/en/bulksearch,,,,,,
150,caijing.si,财经,58,仅历史可注册证据（需重查）,,2026-09-30T10:20:06.976Z,财经有内容或服务用途，命名宽泛且后缀较弱,对应生活、金融、健康内容或服务经营者（非已核买家）,未做逐名净空,False,,中文短拼音,https://regery.com/en/bulksearch,,,,,,
151,xinyong.si,信用,58,仅历史可注册证据（需重查）,,2026-09-30T10:21:33.679Z,信用有内容或服务用途，命名宽泛且后缀较弱,对应生活、金融、健康内容或服务经营者（非已核买家）,未做逐名净空,False,,中文短拼音,https://regery.com/en/bulksearch,,,,,,
152,yinhang.si,银行,58,仅历史可注册证据（需重查）,,2026-09-30T10:21:33.679Z,银行有内容或服务用途，命名宽泛且后缀较弱,对应生活、金融、健康内容或服务经营者（非已核买家）,未做逐名净空,False,,中文短拼音,https://regery.com/en/bulksearch,,,,,,
153,caishang.si,财商,58,仅历史可注册证据（需重查）,,2026-09-30T10:21:33.679Z,财商有内容或服务用途，命名宽泛且后缀较弱,对应生活、金融、健康内容或服务经营者（非已核买家）,未做逐名净空,False,,中文短拼音,https://regery.com/en/bulksearch,,,,,,
154,shenghuo.si,生活,58,仅历史可注册证据（需重查）,,2026-09-30T10:21:47.376Z,生活有内容或服务用途，命名宽泛且后缀较弱,对应生活、金融、健康内容或服务经营者（非已核买家）,未做逐名净空,False,,中文短拼音,https://regery.com/en/bulksearch,,,,,,
155,yangsheng.si,养生,58,仅历史可注册证据（需重查）,,2026-09-30T10:22:01.478Z,养生有内容或服务用途，命名宽泛且后缀较弱,对应生活、金融、健康内容或服务经营者（非已核买家）,未做逐名净空,False,,中文短拼音,https://regery.com/en/bulksearch,,,,,,
156,zhongcao.si,种草,58,近期有普通注册报价（需再确认）,2026-10-01T04:11:49.289Z,2026-09-30T10:30:00.617Z,种草适合本土营销，行业流行词需求未量化,内容营销、消费社区与电商服务团队,未做逐名净空,False,,AI中文词与Agent场景,https://www.inwx.com/en/domain/check?domain=zhongcao.si,,https://regery.com/en/bulksearch,,,,13.99
157,pedagogy.si,教育学,58,仅历史可注册证据（需重查）,,2026-09-30T13:18:03.705Z,教育学可供教育研究团队；同类命名竞争多,教育研究团队,未做逐名净空,False,,英语普通词大池,https://regery.com/en/bulksearch,,,,,,
158,biao.si,词义/用途尚待补充,58,仅历史可注册证据（需重查）,,2026-09-30T10:19:15.628Z,表字可落到商品与工具，多义需要明确定位,钟表、报表或表单服务经营者,未做逐名净空,False,,中文短拼音,https://regery.com/en/bulksearch,,,,,,
159,zhai.si,词义/用途尚待补充,58,仅历史可注册证据（需重查）,,2026-09-30T10:19:15.628Z,宅债两字可落到服务，买家方向差异很大,住宅生活、债务咨询及社区经营者,未做逐名净空,False,,中文短拼音,https://regery.com/en/bulksearch,,,,,,
160,haian.si,海岸,58,近期有普通注册报价（需再确认）,2026-10-01T04:11:49.289Z,2026-09-30T10:19:15.628Z,海岸可落到旅宿户外，后缀不能强化中文品类,海岸旅游、度假住宿及户外品牌团队,未做逐名净空,False,,中文短拼音,https://regery.com/en/bulksearch,,https://regery.com/en/bulksearch,,,,13.99
161,jiashi.si,驾驶／架势（暂释）,58,仅历史可注册证据（需重查）,,2026-09-30T10:22:34.531Z,可按驾驶理解，但用户中文本义尚待确认,假设驾驶方向的自动驾驶及培训团队,未做逐名净空,False,,AI中文词与Agent场景,https://www.inwx.com/en/domain/check?domain=jiashi.si,,,,,,
162,zhuanjia.si,专家,58,仅历史可注册证据（需重查）,,2026-09-30T11:29:04.461Z,专家适合专业问答，泛称难形成独特品类入口,专业问答、咨询与教育服务团队,未做逐名净空,False,,AI中文词与Agent场景,https://www.inwx.com/en/domain/check?domain=zhuanjia.si,,,,,,
163,cang.si,仓／藏,58,仅历史可注册证据（需重查）,,2026-09-30T07:26:36.540Z,仓藏可落到存储收藏，单音多义需定位,仓储、收纳及收藏服务经营者,未做逐名净空,False,,中文短拼音,https://www.inwx.com/en/domain/check?domain=cang.si,,,,,,
164,tongshi.si,同事,58,近期有普通注册报价（需再确认）,2026-10-01T03:13:35.533Z,2026-09-30T10:27:12.779Z,同事亲切易懂，直接收费类别较弱,办公协作、团队助手与人力工具团队,未做逐名净空,False,,AI中文词与Agent场景,https://www.inwx.com/en/domain/check?domain=tongshi.si,,https://regery.com/en/bulksearch,,,,
165,iberia.si,Iberia,58,仅历史可注册证据（需重查）,,2026-09-30T05:22:54.268Z,地域名称可用于食品文化，避免仅面向同名航空,伊比利亚食品、文化与地域商品团队,未做逐名净空,False,,名称用途与买家复筛；已有品牌与产品名；中外公司及品牌扩扫,https://porkbun.com/checkout/search,,,,,,
166,toml.si,TOML,58,仅历史可注册证据（需重查）,,2026-09-30T04:54:27.936Z,配置格式有编辑校验任务，受众专业且服务预算待核,配置编辑、验证与开发教育工具团队,未做逐名净空,False,,名称用途与买家复筛；已有品牌与产品名；中外公司及品牌扩扫,https://porkbun.com/checkout/search,,,,,,
167,jichu.si,基础,58,近期有普通注册报价（需再确认）,2026-10-01T03:13:35.533Z,2026-09-30T10:18:47.969Z,基础可用于技术服务，但单独命名范围过宽,基础设施、技术教学及科研服务团队,未做逐名净空,False,,AI中文词与Agent场景,https://www.inwx.com/en/domain/check?domain=jichu.si,,https://regery.com/en/bulksearch,,,,
168,openbadges.si,,58,仅历史可注册证据（需重查）,,2026-09-30T17:38:53.972Z,1EdTech规范有独立实施市场,学习证书签发与验证工具,未做逐名权利净空；有普通词义不表示无同名权利,False,,中外公司及品牌扩扫,https://regery.com/en/bulksearch,,,,,,
169,commonlisp.si,,58,仅历史可注册证据（需重查）,,2026-09-30T17:29:01.568Z,ANSI语言标准可供多方实现；受众专业,语言教学、编译器与开发工具,未做逐名权利净空；公开规范不表示品牌名称可任意使用,False,,中外公司及品牌扩扫,https://regery.com/en/bulksearch,,,,,,
170,damoxing.si,大模型,58,仅历史可注册证据（需重查）,,2026-09-30T10:28:15.759Z,大模型行业含义清楚，拼音长度削弱传播,大模型服务、技术教育与研发团队,未做逐名净空,False,,AI中文词与Agent场景,https://www.inwx.com/en/domain/check?domain=damoxing.si,,,,,,
171,shuziren.si,数字人,58,仅历史可注册证据（需重查）,,2026-09-30T10:28:59.502Z,数字人产品方向清楚，拼写长度降低易记度,数字主播、虚拟人及形象制作团队,未做逐名净空,False,,AI中文词与Agent场景,https://www.inwx.com/en/domain/check?domain=shuziren.si,,,,,,
172,zhishiku.si,知识库,58,仅历史可注册证据（需重查）,,2026-09-30T10:29:54.299Z,知识库是具体品类，长拼音仍有识别成本,企业知识库、搜索与资料管理团队,未做逐名净空,False,,AI中文词与Agent场景,https://www.inwx.com/en/domain/check?domain=zhishiku.si,,,,,,
173,xueshu.si,学术,58,仅历史可注册证据（需重查）,,2026-09-30T07:06:51.957Z,学术关联技术或科学服务，拼音较长且市场偏窄,对应技术任务的软件、科研、培训或系统服务团队,未做逐名净空,False,,中文短拼音,https://www.inwx.com/en/domain/check?domain=xueshu.si,,,,,,
174,diannao.si,电脑,58,仅历史可注册证据（需重查）,,2026-09-30T10:20:06.976Z,电脑关联技术或科学服务，拼音较长且市场偏窄,对应技术任务的软件、科研、培训或系统服务团队,未做逐名净空,False,,中文短拼音,https://regery.com/en/bulksearch,,,,,,
175,feixing.si,飞行,58,仅历史可注册证据（需重查）,,2026-09-30T10:21:33.679Z,飞行关联技术或科学服务，拼音较长且市场偏窄,对应技术任务的软件、科研、培训或系统服务团队,未做逐名净空,False,,中文短拼音,https://regery.com/en/bulksearch,,,,,,
176,pingban.si,平板,58,仅历史可注册证据（需重查）,,2026-09-30T10:21:33.679Z,平板关联技术或科学服务，拼音较长且市场偏窄,对应技术任务的软件、科研、培训或系统服务团队,未做逐名净空,False,,中文短拼音,https://regery.com/en/bulksearch,,,,,,
177,shenfen.si,身份,58,仅历史可注册证据（需重查）,,2026-09-30T10:21:33.679Z,身份关联技术或科学服务，拼音较长且市场偏窄,对应技术任务的软件、科研、培训或系统服务团队,未做逐名净空,False,,中文短拼音,https://regery.com/en/bulksearch,,,,,,
178,weitiao.si,微调,58,仅历史可注册证据（需重查）,,2026-09-30T11:29:49.159Z,微调关联技术或科学服务，拼音较长且市场偏窄,对应技术任务的软件、科研、培训或系统服务团队,未做逐名净空,False,,AI中文词与Agent场景,https://www.inwx.com/en/domain/check?domain=weitiao.si,,,,,,
179,duomotai.si,多模态,58,仅历史可注册证据（需重查）,,2026-09-30T11:30:05.788Z,多模态关联技术或科学服务，拼音较长且市场偏窄,对应技术任务的软件、科研、培训或系统服务团队,未做逐名净空,False,,AI中文词与Agent场景,https://www.inwx.com/en/domain/check?domain=duomotai.si,,,,,,
180,huanxing.si,唤醒,58,仅历史可注册证据（需重查）,,2026-09-30T11:30:12.887Z,唤醒关联技术或科学服务，拼音较长且市场偏窄,对应技术任务的软件、科研、培训或系统服务团队,未做逐名净空,False,,AI中文词与Agent场景,https://www.inwx.com/en/domain/check?domain=huanxing.si,,,,,,
181,zhengliu.si,蒸馏,58,仅历史可注册证据（需重查）,,2026-09-30T11:30:20.945Z,蒸馏关联技术或科学服务，拼音较长且市场偏窄,对应技术任务的软件、科研、培训或系统服务团队,未做逐名净空,False,,AI中文词与Agent场景,https://www.inwx.com/en/domain/check?domain=zhengliu.si,,,,,,
182,zidonghua.si,自动化,58,仅历史可注册证据（需重查）,,2026-09-30T11:29:23.254Z,自动化关联技术或科学服务，拼音较长且市场偏窄,对应技术任务的软件、科研、培训或系统服务团队,未做逐名净空,False,,AI中文词与Agent场景,https://www.inwx.com/en/domain/check?domain=zidonghua.si,,,,,,
183,yingyong.si,应用,58,仅历史可注册证据（需重查）,,2026-09-30T10:21:47.376Z,应用关联技术或科学服务，拼音较长且市场偏窄,对应技术任务的软件、科研、培训或系统服务团队,未做逐名净空,False,,中文短拼音,https://regery.com/en/bulksearch,,,,,,
184,timescale.si,,58,仅历史可注册证据（需重查）,,2026-09-30T17:44:57.014Z,真实科学词；避开同名数据库市场,地质时间轴与科学教育,未做逐名权利净空；有普通词义不表示无同名权利,False,,中外公司及品牌扩扫,https://regery.com/en/bulksearch,,,,,,
185,xiaogong.si,小公司,58,仅历史可注册证据（需重查）,,2026-09-30T10:21:47.376Z,小公司跨点可读，具体命名需求仍不清楚,小企业服务、工商与经营工具团队,未做逐名净空,False,,中文跨点组合,https://regery.com/en/bulksearch,,,,,,
186,baicai.si,白菜丝,58,仅历史可注册证据（需重查）,,2026-09-30T10:20:06.976Z,白菜丝读音自然，单道菜的域名买家较少,预制菜、餐饮内容及食品经营者,未做逐名净空,False,,中文跨点组合,https://regery.com/en/bulksearch,,,,,,
187,validium.si,有效性证明扩容,57,仅历史可注册证据（需重查）,,2026-09-30T15:41:19.769Z,扩容技术术语明确，但经营者集中且受周期影响,区块链扩容技术团队,未做逐名净空,False,,币圈术语与本土叙事,https://regery.com/en/bulksearch,,,,,,
188,kuang.si,词义/用途尚待补充,57,仅历史可注册证据（需重查）,,2026-09-30T10:20:06.976Z,矿框多义可指材料，单音定位需进一步限定,矿业、矿产数据及材料服务团队,未做逐名净空,False,,中文短拼音,https://regery.com/en/bulksearch,,,,,,
189,chadao.si,茶道,57,近期有普通注册报价（需再确认）,2026-10-01T03:13:35.533Z,2026-09-30T10:20:06.976Z,茶道面向茶文化服务，后缀缺少直接行业联想,茶文化教育、茶具及内容经营者,未做逐名净空,False,,中文短拼音,https://regery.com/en/bulksearch,,https://regery.com/en/bulksearch,,,,
190,jinbi.si,金币,57,仅历史可注册证据（需重查）,,2026-09-30T07:03:53.678Z,金币词义清楚但跨多个行业，需选具体用途,收藏品、游戏经济及贵金属内容团队,未做逐名净空,False,,中文短拼音,https://www.inwx.com/en/domain/check?domain=jinbi.si,,,,,,
191,shumu.si,树木,57,近期有普通注册报价（需再确认）,2026-10-01T03:13:35.533Z,2026-09-30T10:20:06.976Z,树木关联苗木园林，商品服务范围较直接,苗木、园林及植物服务经营者,未做逐名净空,False,,中文短拼音,https://regery.com/en/bulksearch,,https://regery.com/en/bulksearch,,,,
192,baokuan.si,爆款,57,仅历史可注册证据（需重查）,,2026-09-30T10:24:45.674Z,爆款营销联想明确，热度与真实命名需求未核,电商选款、营销分析及内容团队,未做逐名净空,False,,AI中文词与Agent场景,https://www.inwx.com/en/domain/check?domain=baokuan.si,,,,,,
193,zhinang.si,智囊,57,近期有普通注册报价（需再确认）,2026-10-01T04:11:49.289Z,2026-09-30T10:28:00.537Z,智囊贴合决策角色，拼读较长且定位偏泛,决策辅助、咨询与研究产品团队,未做逐名净空,False,,AI中文词与Agent场景,https://www.inwx.com/en/domain/check?domain=zhinang.si,,https://regery.com/en/bulksearch,,,,13.99
194,ukca.si,UKCA,57,仅历史可注册证据（需重查）,,2026-09-30T04:54:27.936Z,合格标记有合规资料需求，权威身份与适用规则需核,产品合规教育与认证咨询服务团队,未做逐名净空,False,,名称用途与买家复筛；已有品牌与产品名；中外公司及品牌扩扫,https://porkbun.com/checkout/search,,,,,,
195,weighted.si,词义/用途尚待补充,57,仅历史可注册证据（需重查）,,2026-09-30T13:40:12.722Z,加权计算可做分析工具；受众较专业,数据分析工具,未做逐名净空,False,,英语普通词大池,https://regery.com/en/bulksearch,,,,,,
196,dailao.si,代劳,57,近期有普通注册报价（需再确认）,2026-10-01T03:13:35.533Z,2026-09-30T10:20:52.257Z,代劳是自然服务词，具体买家类别仍需聚焦,事务代办、生活服务及任务助手团队,未做逐名净空,False,,AI中文词与Agent场景,https://www.inwx.com/en/domain/check?domain=dailao.si,,https://regery.com/en/bulksearch,,,,
197,wagtail.si,鹡鸰,57,仅历史可注册证据（需重查）,,2026-09-30T07:53:06.450Z,鹡鸰适合自然品牌，收费品类指向较弱,鸟类内容、户外与旅宿品牌团队,未做逐名净空,False,,名称用途与买家复筛；已有品牌与产品名；已有品牌采用优选50；英语普通词大池；跨方法优选100；中外公司及品牌扩扫,https://www.inwx.com/en/domain/check?domain=wagtail.si,,,,,,
198,burial.si,词义/用途尚待补充,57,仅历史可注册证据（需重查）,,2026-09-30T15:53:03.676Z,殡葬为真实服务类别，语义沉重限制一般品牌,殡葬服务与生命教育团队,未做逐名净空,False,,英语普通词大池,https://regery.com/en/bulksearch,,,,,,
199,zhinengti.si,智能体,57,仅历史可注册证据（需重查）,,2026-09-30T10:17:04.502Z,行业词准确但拼音偏长，智能后缀较贴题,智能体开发平台与行业应用团队,未做逐名净空,False,,AI中文词与Agent场景,https://www.inwx.com/en/domain/check?domain=zhinengti.si,,,,,,
200,chuangzuo.si,创作,57,仅历史可注册证据（需重查）,,2026-09-30T10:30:20.116Z,创作有多类收费用途，九字母拼音较长,创作工具、内容制作与设计服务团队,未做逐名净空,False,,AI中文词与Agent场景,https://www.inwx.com/en/domain/check?domain=chuangzuo.si,,,,,,
201,semanticweb.si,,57,仅历史可注册证据（需重查）,,2026-09-30T17:42:20.376Z,W3C技术方向是通用概念；后缀可解释,本体建模与知识图谱工具,未做逐名权利净空；有普通词义不表示无同名权利,False,,中外公司及品牌扩扫,https://regery.com/en/bulksearch,,,,,,
202,gufengong.si,股份公司,57,仅历史可注册证据（需重查）,,2026-09-30T10:22:01.478Z,股份公司跨点成立，地址偏长且用途正式,公司治理、股权教育及工商服务团队,未做逐名净空,False,,中文跨点组合,https://regery.com/en/bulksearch,,,,,,
203,lockup.si,代币锁仓期间不得转让,56,仅历史可注册证据（需重查）,,2026-09-30T11:41:17.342Z,锁仓期是加密术语；监禁义有歧义,链上资管团队,未做逐名净空,False,,币圈术语与本土叙事,https://regery.com/en/bulksearch,,,,,,
204,incidence.si,词义/用途尚待补充,56,仅历史可注册证据（需重查）,,2026-09-30T13:07:27.316Z,发生率可做公共卫生分析；专业词,公共卫生分析团队,未做逐名净空,False,,英语普通词大池,https://regery.com/en/bulksearch,,,,,,
205,caomu.si,草木,56,近期有普通注册报价（需再确认）,2026-10-01T04:11:49.289Z,2026-09-30T10:19:15.628Z,草木有自然产品方向，偏品牌意象而非单品,园艺、植物护理及生活方式团队,未做逐名净空,False,,中文短拼音,https://regery.com/en/bulksearch,,https://regery.com/en/bulksearch,,,,13.99
206,fuyou.si,富有,56,仅历史可注册证据（需重查）,,2026-09-30T07:03:38.305Z,富有积极易懂，收费方向需避免过度承诺,理财教育、生活品牌与财富内容团队,未做逐名净空,False,,中文短拼音,https://www.inwx.com/en/domain/check?domain=fuyou.si,,,,,,
207,mealie.si,玉米；亦有 meal 词根联想,56,仅历史可注册证据（需重查）,,2026-09-30T09:13:01.677Z,玉米词义可用于农业食品，目标语市场需确认,玉米商品、农业与食品内容团队,未做逐名净空,False,,名称用途与买家复筛；已有品牌与产品名；已有品牌采用优选50；跨方法优选100；中外公司及品牌扩扫,https://regery.com/en/bulksearch,,,,,,
208,xingdong.si,行动,56,仅历史可注册证据（需重查）,,2026-09-30T10:29:29.938Z,行动联想积极，收费类别不够直接,任务执行、行动计划与习惯工具团队,未做逐名净空,False,,AI中文词与Agent场景,https://www.inwx.com/en/domain/check?domain=xingdong.si,,,,,,
209,shortage.si,词义/用途尚待补充,56,仅历史可注册证据（需重查）,,2026-09-30T12:27:07.695Z,缺货短缺可做供应链预警；负面义,供应链监测团队,未做逐名净空,False,,英语普通词大池,https://regery.com/en/bulksearch,,,,,,
210,kaifang.si,开放,56,近期有普通注册报价（需再确认）,2026-10-01T03:13:35.533Z,2026-09-30T10:26:12.139Z,开放是积极理念，独立产品需求偏泛,开放平台、软件生态及社区经营者,未做逐名净空,False,,AI中文词与Agent场景,https://www.inwx.com/en/domain/check?domain=kaifang.si,,https://regery.com/en/bulksearch,,,,
211,cplusplus.si,,56,仅历史可注册证据（需重查）,,2026-09-30T17:28:07.849Z,ISO语言标准有多方用途；转写不如C++直观,C++教学、编译器与开发工具,未做逐名权利净空；公开规范不表示品牌名称可任意使用,False,,中外公司及品牌扩扫,https://regery.com/en/bulksearch,,,,,,
212,apportion.si,分配,56,仅历史可注册证据（需重查）,,2026-09-30T12:40:43.815Z,分摊有成本核算用途；术语偏正式,企业财务团队,未做逐名净空,False,,英语普通词大池,https://regery.com/en/bulksearch,,,,,,
213,airbrake.si,,56,仅历史可注册证据（需重查）,,2026-09-30T17:26:11.946Z,空气制动是工程术语；跨出软件报错市场,车辆制动设备与维修教育,未做逐名权利净空；有普通词义不表示无同名权利,False,,中外公司及品牌扩扫,https://regery.com/en/bulksearch,,,,,,
214,precommit.si,,56,仅历史可注册证据（需重查）,,2026-09-30T17:40:02.310Z,提交前是开发流程概念；不止单一工具,代码质量与提交检查服务,未做逐名权利净空；有普通词义不表示无同名权利,False,,中外公司及品牌扩扫,https://regery.com/en/bulksearch,,,,,,
215,xianwei.si,纤维丝,56,仅历史可注册证据（需重查）,,2026-09-30T10:21:33.679Z,纤维丝表达略重复，材料商命名替代较多,纤维材料、纺织与工业供应商,未做逐名净空,False,,中文跨点组合,https://regery.com/en/bulksearch,,,,,,
216,huluobo.si,胡萝卜丝,56,仅历史可注册证据（需重查）,,2026-09-30T10:21:33.679Z,胡萝卜丝读音完整，菜品窄且拼写偏长,预制食材、餐饮加工及菜谱团队,未做逐名净空,False,,中文跨点组合,https://regery.com/en/bulksearch,,,,,,
217,inferencecost.si,词义/用途尚待补充,55,仅历史可注册证据（需重查）,,2026-09-30T10:22:36.648Z,推理成本是通用技术概念，但十三字母限制传播,推理成本分析工具团队,未做逐名净空,False,,初始商业与技术词,https://regery.com/en/bulksearch,,,,,,
218,chainabstraction.si,链抽象,55,仅历史可注册证据（需重查）,,2026-09-30T15:41:19.769Z,技术词义稳定而较长，垂直用途清楚但受众集中,跨链钱包和开发工具团队,未做逐名净空,False,,币圈术语与本土叙事,https://regery.com/en/bulksearch,,,,,,
219,accountabstraction.si,账户抽象,55,仅历史可注册证据（需重查）,,2026-09-30T15:41:41.826Z,技术词义稳定而较长，垂直用途清楚但受众集中,钱包与账户基础设施团队,未做逐名净空,False,,币圈术语与本土叙事,https://regery.com/en/bulksearch,,,,,,
220,restaking.si,再质押,55,仅历史可注册证据（需重查）,,2026-09-30T11:40:11.701Z,再质押是链上金融术语；需求有周期性,链上资管团队,未做逐名净空,False,,币圈术语与本土叙事,https://regery.com/en/bulksearch,,,,,,
221,sidechains.si,侧链,55,仅历史可注册证据（需重查）,,2026-09-30T15:41:19.769Z,侧链技术名词明确，复数形式限制品牌识别,区块链基础设施团队,未做逐名净空,False,,币圈术语与本土叙事,https://regery.com/en/bulksearch,,,,,,
222,bookatlas.si,书籍地图,55,仅历史可注册证据（需重查）,,2026-09-30T10:27:05.067Z,书籍地图图谱可供教育与知识工具；同类命名竞争多,教育与知识工具,未做逐名净空,False,,名称用途与买家复筛,https://regery.com/en/bulksearch,,,,,,
223,freshen.si,使清新／焕新,55,仅历史可注册证据（需重查）,,2026-09-30T08:11:33.031Z,焕新动词适合清洁；同业名称需核,清洁家居团队,未做逐名净空,False,,名称用途与买家复筛；英语新增精选补查；英语普通词大池,https://www.inwx.com/en/domain/check?domain=freshen.si,,,,,,
224,seeded.si,词义/用途尚待补充,55,仅历史可注册证据（需重查）,,2026-09-30T13:24:53.872Z,随机种子可做可复现实验；定位需解释,数据与实验工具,未做逐名净空,False,,英语普通词大池,https://regery.com/en/bulksearch,,,,,,
225,canonize.si,列为经典,55,仅历史可注册证据（需重查）,,2026-09-30T12:46:49.617Z,列为经典可供教育研究团队；同类命名竞争多,教育研究团队,未做逐名净空,False,,英语普通词大池,https://regery.com/en/bulksearch,,,,,,
226,accession.si,馆藏登记,55,仅历史可注册证据（需重查）,,2026-09-30T12:37:24.345Z,馆藏登记可供教育研究团队；同类命名竞争多,教育研究团队,未做逐名净空,False,,英语普通词大池,https://regery.com/en/bulksearch,,,,,,
227,renren.si,Renren,55,仅历史可注册证据（需重查）,,2026-09-30T05:31:39.940Z,人人有包容联想，人力用途独立于社交平台,人力福利、公益服务与生活品牌团队,未做逐名净空,False,,名称用途与买家复筛；已有品牌与产品名；中外公司及品牌扩扫,https://porkbun.com/checkout/search,,,,,,
228,suppress.si,词义/用途尚待补充,55,仅历史可注册证据（需重查）,,2026-09-30T13:32:34.526Z,抑制动作可做降噪工具；负面联想,降噪软件团队,未做逐名净空,False,,英语普通词大池,https://regery.com/en/bulksearch,,,,,,
229,vagrant.si,流浪者；漂泊者,55,仅历史可注册证据（需重查）,,2026-09-30T05:43:16.369Z,流浪者有独立文化用途，负面含义限制品牌定位,漂泊文学、户外与旅行内容团队,未做逐名净空,False,,名称用途与买家复筛；已有品牌与产品名；已有品牌采用优选50；英语普通词大池；跨方法优选100；中外公司及品牌扩扫,https://porkbun.com/checkout/search,,,,,,
230,unpaid.si,词义/用途尚待补充,55,仅历史可注册证据（需重查）,,2026-09-30T15:58:15.265Z,未付款对应账款催收痛点，但负面语气限制品牌采用,应收账款与催收工具团队,未做逐名净空,False,,英语普通词大池,https://regery.com/en/bulksearch,,,,,,
231,granule.si,颗粒,55,仅历史可注册证据（需重查）,,2026-09-30T12:13:14.578Z,颗粒可做材料测量；泛AI用途并不成立,材料检测团队,未做逐名净空,False,,英语普通词大池,https://regery.com/en/bulksearch,,,,,,
232,jinengbao.si,技能包,55,仅历史可注册证据（需重查）,,2026-09-30T11:30:36.475Z,技能包是可解释技术任务，长拼音削弱记忆和销售效率,对应能力包、生成内容或数字员工的工具团队,未做逐名净空,False,,AI中文词与Agent场景,https://www.inwx.com/en/domain/check?domain=jinengbao.si,,,,,,
233,shengcheng.si,生成,55,仅历史可注册证据（需重查）,,2026-09-30T11:30:47.509Z,生成是可解释技术任务，长拼音削弱记忆和销售效率,对应能力包、生成内容或数字员工的工具团队,未做逐名净空,False,,AI中文词与Agent场景,https://www.inwx.com/en/domain/check?domain=shengcheng.si,,,,,,
234,shuziyuangong.si,数字员工,55,仅历史可注册证据（需重查）,,2026-09-30T16:20:51.261Z,数字员工是可解释技术任务，长拼音削弱记忆和销售效率,对应能力包、生成内容或数字员工的工具团队,未做逐名净空,False,,AI中文词与Agent场景,https://regery.com/en/bulksearch,,,,,,
235,flyway.si,鸟类迁徙路线,55,仅历史可注册证据（需重查）,,2026-09-30T07:53:41.396Z,迁徙路线是完整普通词，生态买家窄且SI增义弱,鸟类观测、生态数据与迁徙旅游团队,未做逐名净空,False,,名称用途与买家复筛；已有品牌与产品名；英语普通词大池；中外公司及品牌扩扫,https://www.inwx.com/en/domain/check?domain=flyway.si,,,,,,
236,ethers.si,Ethers,55,仅历史可注册证据（需重查）,,2026-09-30T05:22:54.268Z,醚类有独立化学用途，不借同名代码库加技术分,醚类化学品、科研数据与教育团队,未做逐名净空,False,,名称用途与买家复筛；已有品牌与产品名；中外公司及品牌扩扫,https://porkbun.com/checkout/search,,,,,,
237,aiworkbench.si,AI Workbench,54,仅历史可注册证据（需重查）,,2026-09-30T05:49:56.050Z,智能工作台是描述性类别，同名开发产品需核,智能开发、实验管理与模型工具团队,未做逐名净空,False,,名称用途与买家复筛；已有品牌与产品名；中外公司及品牌扩扫,https://porkbun.com/checkout/search,,,,,,
238,uikit.si,UIkit,54,仅历史可注册证据（需重查）,,2026-09-30T06:07:34.331Z,界面工具包是描述性类别，同名框架方向需核,界面素材、组件与设计工具团队,未做逐名净空,False,,名称用途与买家复筛；已有品牌与产品名；中外公司及品牌扩扫,https://porkbun.com/checkout/search,,,,,,
239,characteranimator.si,Character Animator,54,仅历史可注册证据（需重查）,,2026-09-30T05:57:31.450Z,角色动画师有职业含义，同名动画软件且拼写很长,角色动画制作、教学与动画工具团队,未做逐名净空,False,,名称用途与买家复筛；已有品牌与产品名；中外公司及品牌扩扫,https://porkbun.com/checkout/search,,,,,,
240,vrchat.si,VRChat,54,仅历史可注册证据（需重查）,,2026-09-30T05:31:39.940Z,虚拟聊天可解释为品类，同名社交产品方向需核,虚拟社交、聊天与沉浸式协作工具团队,未做逐名净空,False,,名称用途与买家复筛；已有品牌与产品名；中外公司及品牌扩扫,https://porkbun.com/checkout/search,,,,,,
241,webtoon.si,网络漫画,54,仅历史可注册证据（需重查）,,2026-09-30T06:07:34.331Z,网络漫画有类别含义，同名漫画平台在同业强势,漫画出版、创作与阅读服务团队,未做逐名净空,False,,名称用途与买家复筛；已有品牌与产品名；已有品牌采用优选50；跨方法优选100；中外公司及品牌扩扫,https://porkbun.com/checkout/search,,,,,,
242,codeaudit.si,代码审计,54,仅历史可注册证据（需重查）,,2026-09-30T09:10:44.175Z,代码审计用途明确；已有直接同业CodeAudit同名产品，须限分并核类别,软件安全团队,未核个案权利；不判定侵权,False,,名称用途与买家复筛,https://regery.com/en/bulksearch,,,,,,
243,quicklook.si,快速查看,54,仅历史可注册证据（需重查）,,2026-09-30T09:13:01.677Z,快速查看有工具需求，同名预览产品方向需核,文件预览、影像查看与教育速览工具团队,未做逐名净空,False,,名称用途与买家复筛；已有品牌与产品名；已有品牌采用优选50；跨方法优选100；中外公司及品牌扩扫,https://regery.com/en/bulksearch,,,,,,
244,quarto.si,四开本,54,仅历史可注册证据（需重查）,,2026-09-30T07:53:23.583Z,四开本有出版用途，同名出版与排版产品线索需核,出版、装订与排版工具经营者,未做逐名净空,False,,名称用途与买家复筛；已有品牌与产品名；已有品牌采用优选50；英语普通词大池；跨方法优选100；中外公司及品牌扩扫,https://www.inwx.com/en/domain/check?domain=quarto.si,,,,,,
245,gitbook.si,GitBook,54,仅历史可注册证据（需重查）,,2026-09-30T05:36:10.542Z,版本化书籍有文档方向，同名开发者出版产品需核,技术文档与开发者出版团队,未做逐名净空,False,,名称用途与买家复筛；已有品牌与产品名；中外公司及品牌扩扫,https://porkbun.com/checkout/search,,,,,,
246,liquidstaking.si,流动性质押,54,仅历史可注册证据（需重查）,,2026-09-30T15:41:19.769Z,技术词义稳定而较长，垂直用途清楚但受众集中,质押协议与分析工具团队,未做逐名净空,False,,币圈术语与本土叙事,https://regery.com/en/bulksearch,,,,,,
247,vfairs.si,vFairs,54,仅历史可注册证据（需重查）,,2026-09-30T05:31:39.940Z,虚拟展会构词有活动用途，同名服务方向需核,展会运营、线上活动与会展工具团队,未做逐名净空,False,,名称用途与买家复筛；已有品牌与产品名；中外公司及品牌扩扫,https://porkbun.com/checkout/search,,,,,,
248,bookfold.si,书与折叠,54,仅历史可注册证据（需重查）,,2026-09-30T10:22:38.016Z,书与折叠可供出版与创作工具；同类命名竞争多,出版与创作工具,未做逐名净空,False,,自然组合与可读品牌词,https://porkbun.com/checkout/search,,,,,,
249,chaojigeti.si,超级个体,54,仅历史可注册证据（需重查）,,2026-09-30T16:20:51.261Z,超级个体有创业工具方向，长拼音使转售效率偏低,个体创业、经营管理与自动化工具团队,未做逐名净空,False,,AI中文词与Agent场景,https://regery.com/en/bulksearch,,,,,,
250,yirengongsi.si,一人公司,54,仅历史可注册证据（需重查）,,2026-09-30T16:20:51.261Z,一人公司有创业工具方向，长拼音使转售效率偏低,个体创业、经营管理与自动化工具团队,未做逐名净空,False,,AI中文词与Agent场景,https://regery.com/en/bulksearch,,,,,,
251,mdbook.si,mdBook,54,仅历史可注册证据（需重查）,,2026-09-30T05:17:51.467Z,文档书籍可解释，同名文档生成工具线索需核,技术文档、开发者出版与知识工具团队,未做逐名净空,False,,名称用途与买家复筛；已有品牌与产品名；中外公司及品牌扩扫,https://porkbun.com/checkout/search,,,,,,
252,webmin.si,Webmin,54,仅历史可注册证据（需重查）,,2026-09-30T05:31:39.940Z,网页管理缩形可解释，同名管理软件线索需核,网站管理与系统运维服务团队,未做逐名净空,False,,名称用途与买家复筛；已有品牌与产品名；中外公司及品牌扩扫,https://porkbun.com/checkout/search,,,,,,
253,weread.si,WeRead,54,仅历史可注册证据（需重查）,,2026-09-30T05:31:39.940Z,我们阅读表达自然，阅读产品方向同名需核,阅读教育、读书社群与阅读工具团队,未做逐名净空,False,,名称用途与买家复筛；已有品牌与产品名；中外公司及品牌扩扫,https://porkbun.com/checkout/search,,,,,,
254,redash.si,重新查看仪表盘的联想,54,仅历史可注册证据（需重查）,,2026-09-30T05:31:39.940Z,重新看仪表盘有数据用途，同名分析产品需核,数据分析与仪表盘工具团队,未做逐名净空,False,,名称用途与买家复筛；已有品牌与产品名；已有品牌采用优选50；跨方法优选100；中外公司及品牌扩扫,https://porkbun.com/checkout/search,,,,,,
255,runoff.si,词义/用途尚待补充,54,仅历史可注册证据（需重查）,,2026-09-30T13:24:37.510Z,径流可做水文监测；行业买家有限,水文监测团队,未做逐名净空,False,,英语普通词大池,https://regery.com/en/bulksearch,,,,,,
256,booklist.si,书单,54,仅历史可注册证据（需重查）,,2026-09-30T10:22:38.016Z,书单可供教育研究团队；同类命名竞争多,教育研究团队,未做逐名净空,False,,自然组合与可读品牌词,https://porkbun.com/checkout/search,,,,,,
257,wordbook.si,词汇簿,54,仅历史可注册证据（需重查）,,2026-09-30T12:37:24.345Z,词汇簿手册可供教育研究团队；同类命名竞争多,教育研究团队,未做逐名净空,False,,自然组合与可读品牌词,https://regery.com/en/bulksearch,,,,,,
258,fieldnote.si,实地笔记,54,仅历史可注册证据（需重查）,,2026-09-30T10:21:47.376Z,实地笔记可供教育研究团队；同类命名竞争多,教育研究团队,未做逐名净空,False,,自然组合与可读品牌词,https://regery.com/en/bulksearch,,,,,,
259,zhui.si,词义/用途尚待补充,54,仅历史可注册证据（需重查）,,2026-09-30T10:19:15.628Z,追字适合追踪成长，仍需说明具体商品,追踪工具、运动与内容服务团队,未做逐名净空,False,,中文短拼音,https://regery.com/en/bulksearch,,,,,,
260,derived.si,词义/用途尚待补充,54,仅历史可注册证据（需重查）,,2026-09-30T12:08:01.372Z,派生概念可用于数据血缘；词义抽象,数据血缘工具,未做逐名净空,False,,英语普通词大池,https://regery.com/en/bulksearch,,,,,,
261,grouped.si,词义/用途尚待补充,54,仅历史可注册证据（需重查）,,2026-09-30T12:13:53.755Z,分组动作可用于数据整理；形态普通,数据整理工具,未做逐名净空,False,,英语普通词大池,https://regery.com/en/bulksearch,,,,,,
262,wegame.si,WeGame,54,仅历史可注册证据（需重查）,,2026-09-30T05:31:39.940Z,我们玩组合易读，游戏方向已有强同名线索,游戏社群、游戏内容与互动活动经营者,未做逐名净空,False,,名称用途与买家复筛；已有品牌与产品名；中外公司及品牌扩扫,https://porkbun.com/checkout/search,,,,,,
263,joplin.si,乔普林；人名与地名,54,仅历史可注册证据（需重查）,,2026-09-30T05:17:51.467Z,人名地名可用于音乐文化，买家预算需求未核,音乐教育、地域文化与内容团队,未做逐名净空,False,,名称用途与买家复筛；已有品牌与产品名；已有品牌采用优选50；跨方法优选100；中外公司及品牌扩扫,https://porkbun.com/checkout/search,,,,,,
264,dataavailability.si,数据可用性,54,仅历史可注册证据（需重查）,,2026-09-30T15:41:19.769Z,真实技术术语但十六字母，输入与传播成本高,区块链数据基础设施团队,未做逐名净空,False,,币圈术语与本土叙事,https://regery.com/en/bulksearch,,,,,,
265,myrrh.si,没药,54,仅历史可注册证据（需重查）,,2026-09-30T15:35:35.188Z,没药为明确香料品类，五字母但拼写发音较难,香料香氛与植物原料品牌,未做逐名净空,False,,英语普通词大池,https://regery.com/en/bulksearch,,,,,,
266,openness.si,开放性,54,仅历史可注册证据（需重查）,,2026-09-30T08:06:37.383Z,开放性适合透明软件；已有同名技术模块,开放技术与治理工具,未做逐名净空,False,,名称用途与买家复筛；英语新增精选补查；英语普通词大池,https://www.inwx.com/en/domain/check?domain=openness.si,旧汇总称有Porkbun报价但未保留其报价URL；此INWX链接仅为另行查询页面，不能当报价证明。,,,,,
267,mortality.si,词义/用途尚待补充,54,仅历史可注册证据（需重查）,,2026-09-30T13:14:26.473Z,死亡率可做人口统计；词义沉重,人口统计团队,未做逐名净空,False,,英语普通词大池,https://regery.com/en/bulksearch,,,,,,
268,protractor.si,,54,仅历史可注册证据（需重查）,,2026-09-30T17:40:02.310Z,具体教学器材名；独立于测试框架,几何教学与测绘器材,未做逐名权利净空；有普通词义不表示无同名权利,False,,中外公司及品牌扩扫,https://regery.com/en/bulksearch,,,,,,
269,editorconfig.si,,54,仅历史可注册证据（需重查）,,2026-09-30T17:30:35.858Z,公开文件规范允许多方实现；同名项目需核,独立格式校验、编辑器兼容工具,未做逐名权利净空；公开规范不表示品牌名称可任意使用,False,,中外公司及品牌扩扫,https://regery.com/en/bulksearch,,,,,,
270,cssmodules.si,,54,仅历史可注册证据（需重查）,,2026-09-30T17:29:49.585Z,局部CSS模块为公开约定；源项目同业名称待核,CSS样式模块教学和工具,未做逐名权利净空；普通词义不表示无同名权利,False,,中外公司及品牌扩扫,https://regery.com/en/bulksearch,,,,,,
271,rsocket.si,,54,仅历史可注册证据（需重查）,,2026-09-30T17:41:46.229Z,公开协议有多语言实现；同名生态需核,跨语言协议实现、互操作与教学,未做逐名权利净空；公开规范不表示品牌名称可任意使用,False,,中外公司及品牌扩扫,https://regery.com/en/bulksearch,,,,,,
272,gitter.si,Gitter,54,仅历史可注册证据（需重查）,,2026-09-30T05:22:54.268Z,德语格栅晶格有独立用途，跨语言销售渠道待核,德语格栅材料与网格教学团队,未做逐名净空,False,,名称用途与买家复筛；已有品牌与产品名；中外公司及品牌扩扫,https://porkbun.com/checkout/search,,,,,,
273,jsonwebtokens.si,,53,仅历史可注册证据（需重查）,,2026-09-30T17:35:30.867Z,标准术语独立于单一应用；标签长,身份认证教育与检测工具,未做逐名权利净空；有普通词义不表示无同名权利,False,,中外公司及品牌扩扫,https://regery.com/en/bulksearch,,,,,,
274,footing.si,词义/用途尚待补充,53,仅历史可注册证据（需重查）,,2026-09-30T16:01:38.453Z,地基是具体建筑概念，多义使单一品牌定位分散,建筑基础与培训团队,未做逐名净空,False,,英语普通词大池,https://regery.com/en/bulksearch,,,,,,
275,printables.si,,53,仅历史可注册证据（需重查）,,2026-09-30T17:40:02.310Z,可打印资料用途清楚；源打印平台同业待核,纸质教学模板与打印素材,未做逐名权利净空；普通词义不表示无同名权利,False,,中外公司及品牌扩扫,https://regery.com/en/bulksearch,,,,,,
276,xiyu.si,细雨,53,仅历史可注册证据（需重查）,,2026-09-30T10:19:15.628Z,细雨意象自然易读，品类入口需求一般,雨具、家居香氛与文学内容品牌团队,未做逐名净空,False,,中文短拼音,https://regery.com/en/bulksearch,,,,,,
277,qianyan.si,前沿,53,近期有普通注册报价（需再确认）,2026-10-01T03:13:35.533Z,2026-09-30T10:26:55.358Z,前沿适合资讯研究，命名可替代性较高,前沿技术资讯、研究及行业媒体团队,未做逐名净空,False,,AI中文词与Agent场景,https://www.inwx.com/en/domain/check?domain=qianyan.si,,https://regery.com/en/bulksearch,,,,
278,powerpoint.si,PowerPoint,52,仅历史可注册证据（需重查）,,2026-09-30T05:49:56.050Z,电源点有工程义，办公品牌主导联想使独立使用需核,电源插座、配电信息与电气服务团队,未做逐名净空,False,,名称用途与买家复筛；已有品牌与产品名；中外公司及品牌扩扫,https://porkbun.com/checkout/search,,,,,,
279,letterbox.si,字母与收纳盒,52,仅历史可注册证据（需重查）,,2026-09-30T10:21:33.679Z,字母与收纳盒收纳工具可供出版与创作工具；同类命名竞争多,出版与创作工具,未做逐名净空,False,,自然组合与可读品牌词,https://regery.com/en/bulksearch,,,,,,
280,voicekit.si,语音工具包,52,仅历史可注册证据（需重查）,,2026-09-30T09:07:13.172Z,语音工具包可做无障碍；同业命名拥挤,语音辅助团队,未做逐名净空,False,,名称用途与买家复筛,https://regery.com/en/bulksearch,,,,,,
281,modelmap.si,模型地图,52,仅历史可注册证据（需重查）,,2026-09-30T09:07:13.172Z,模型地图适合模型比较；定义需验证,模型评测团队,未做逐名净空,False,,名称用途与买家复筛,https://regery.com/en/bulksearch,,,,,,
282,promptkit.si,提示词工具包,52,仅历史可注册证据（需重查）,,2026-09-30T09:07:13.172Z,提示词工具包用途明确；同类泛滥,模型开发团队,未做逐名净空,False,,名称用途与买家复筛,https://regery.com/en/bulksearch,,,,,,
283,memorylab.si,记忆实验室,52,仅历史可注册证据（需重查）,,2026-09-30T09:07:13.172Z,记忆实验室适合认知工具；含义较宽,认知教育团队,未做逐名净空,False,,名称用途与买家复筛,https://regery.com/en/bulksearch,,,,,,
284,vectorkit.si,向量工具包,52,仅历史可注册证据（需重查）,,2026-09-30T09:07:13.172Z,向量工具包适合检索开发；同类拥挤,向量开发团队,未做逐名净空,False,,名称用途与买家复筛,https://regery.com/en/bulksearch,,,,,,
285,lensline.si,镜头线条,52,仅历史可注册证据（需重查）,,2026-09-30T07:41:30.360Z,镜头线可做光学工具；提词器同名需核,光学教育团队,未做逐名净空,False,,名称用途与买家复筛；自然组合与可读品牌词；跨方法优选100,https://www.inwx.com/en/domain/check?domain=lensline.si,,,,,,
286,promptlog.si,提示词日志,52,仅历史可注册证据（需重查）,,2026-09-30T09:07:13.172Z,提示词日志有审计用途；需企业核验,模型运营团队,未做逐名净空,False,,名称用途与买家复筛,https://regery.com/en/bulksearch,,,,,,
287,tokenkit.si,令牌工具包,52,仅历史可注册证据（需重查）,,2026-09-30T09:07:13.172Z,令牌工具包可做认证；用途有歧义,身份认证团队,未做逐名净空,False,,名称用途与买家复筛,https://regery.com/en/bulksearch,,,,,,
288,memorymap.si,记忆地图,52,仅历史可注册证据（需重查）,,2026-09-30T09:07:13.172Z,记忆地图适合知识整理；概念较抽象,知识管理团队,未做逐名净空,False,,名称用途与买家复筛,https://regery.com/en/bulksearch,,,,,,
289,syntaxlab.si,语法实验室,52,仅历史可注册证据（需重查）,,2026-09-30T09:07:13.172Z,语法实验室实验工具可供技术产品团队；买家预算尚未核,技术产品团队,未做逐名净空,False,,名称用途与买家复筛,https://regery.com/en/bulksearch,,,,,,
290,codemap.si,代码地图,52,仅历史可注册证据（需重查）,,2026-09-30T09:07:13.172Z,代码地图指向代码导航；同类需核,代码导航团队,未做逐名净空,False,,名称用途与买家复筛,https://regery.com/en/bulksearch,,,,,,
291,editkit.si,编辑工具包,52,仅历史可注册证据（需重查）,,2026-09-30T09:07:13.172Z,编辑工具包可对应产品；同类命名需核,编辑工具团队,未做逐名净空,False,,名称用途与买家复筛,https://regery.com/en/bulksearch,,,,,,
292,cashsense.si,现金感知,52,仅历史可注册证据（需重查）,,2026-09-30T09:10:44.175Z,现金流工具有经营需求；品牌辨识待核,小企业财务团队,未做逐名净空,False,,名称用途与买家复筛,https://regery.com/en/bulksearch,,,,,,
293,cipherlab.si,密码实验室,52,仅历史可注册证据（需重查）,,2026-09-30T09:07:13.172Z,密码实验室可做安全教育；词较泛,安全教育团队,未做逐名净空,False,,名称用途与买家复筛,https://regery.com/en/bulksearch,,,,,,
294,notegrid.si,笔记网格,52,仅历史可注册证据（需重查）,,2026-09-30T07:36:54.649Z,笔记网格有独立用途；同名业务须核,个人知识工具,未做逐名净空,False,,名称用途与买家复筛；自然组合与可读品牌词；跨方法优选100,https://www.inwx.com/en/domain/check?domain=notegrid.si,,,,,,
295,arity.si,元数,52,仅历史可注册证据（需重查）,,2026-09-30T12:40:43.815Z,元数可供数据开发团队；买家预算尚未核,数据开发团队,未做逐名净空,False,,英语普通词大池,https://regery.com/en/bulksearch,,,,,,
296,blobs.si,二层数据块,52,仅历史可注册证据（需重查）,,2026-09-30T10:32:04.562Z,数据块有链上存储用途；复数词弱,链上存储团队,未做逐名净空,False,,币圈术语与本土叙事,https://porkbun.com/checkout/search,,,,,,
297,labmap.si,实验室地图,52,仅历史可注册证据（需重查）,,2026-09-30T07:38:55.956Z,实验室地图有独立用途；同名业务须核,研究记录团队,未做逐名净空,False,,名称用途与买家复筛；自然组合与可读品牌词；跨方法优选100,https://www.inwx.com/en/domain/check?domain=labmap.si,,,,,,
298,mapbox.si,地图盒子,52,仅历史可注册证据（需重查）,,2026-09-30T05:17:51.467Z,地图盒组合易懂，同名地图平台在核心行业强势,地图内容、地理工具与位置服务团队,未做逐名净空,False,,名称用途与买家复筛；已有品牌与产品名；已有品牌采用优选50；跨方法优选100；中外公司及品牌扩扫,https://porkbun.com/checkout/search,,,,,,
299,runkit.si,RunKit,52,仅历史可注册证据（需重查）,,2026-09-30T05:31:39.940Z,运行工具包可描述技术任务，同名产品需核,代码执行、脚本与运行管理工具团队,未做逐名净空,False,,名称用途与买家复筛；已有品牌与产品名；中外公司及品牌扩扫,https://porkbun.com/checkout/search,,,,,,
300,uplabs.si,UpLabs,52,仅历史可注册证据（需重查）,,2026-09-30T05:31:39.940Z,实验室组合有技术联想，同业平台同名需核,研发服务与开发者工具团队,未做逐名净空,False,,名称用途与买家复筛；已有品牌与产品名；中外公司及品牌扩扫,https://porkbun.com/checkout/search,,,,,,
301,zhiban.si,智伴,52,仅历史可注册证据（需重查）,,2026-09-30T10:34:37.845Z,智伴有助手角色联想，同音多且实际买家未验证,助手、陪伴、团队协作或工作辅助产品团队,未做逐名净空,False,,AI中文词与Agent场景,https://www.inwx.com/en/domain/check?domain=zhiban.si,,,,,,
302,zhidui.si,智队,52,仅历史可注册证据（需重查）,,2026-09-30T10:34:44.834Z,智队有助手角色联想，同音多且实际买家未验证,助手、陪伴、团队协作或工作辅助产品团队,未做逐名净空,False,,AI中文词与Agent场景,https://www.inwx.com/en/domain/check?domain=zhidui.si,,,,,,
303,zhiyou.si,智友,52,仅历史可注册证据（需重查）,,2026-09-30T10:35:03.209Z,智友有助手角色联想，同音多且实际买家未验证,助手、陪伴、团队协作或工作辅助产品团队,未做逐名净空,False,,AI中文词与Agent场景,https://www.inwx.com/en/domain/check?domain=zhiyou.si,,,,,,
304,aeromap.si,空气地图,52,仅历史可注册证据（需重查）,,2026-09-30T07:40:08.765Z,空气地图可供科研可视化工具；同类命名竞争多,科研可视化工具,未做逐名净空,False,,名称用途与买家复筛；自然组合与可读品牌词,https://www.inwx.com/en/domain/check?domain=aeromap.si,,,,,,
305,artnote.si,艺术笔记,52,仅历史可注册证据（需重查）,,2026-09-30T10:19:19.573Z,艺术笔记可供内容创作团队；同类命名竞争多,内容创作团队,未做逐名净空,False,,名称用途与买家复筛,https://porkbun.com/checkout/search,,,,,,
306,artpath.si,创作与设计,52,仅历史可注册证据（需重查）,,2026-09-30T10:19:19.573Z,创作与设计路径可供创意设计工具；同类命名竞争多,创意设计工具,未做逐名净空,False,,自然组合与可读品牌词,https://porkbun.com/checkout/search,,,,,,
307,baserow.si,Baserow,52,仅历史可注册证据（需重查）,,2026-09-30T05:36:10.542Z,基础行构词有数据联想，同名数据库工具需核,表格、数据管理与企业工具团队,未做逐名净空,False,,名称用途与买家复筛；已有品牌与产品名；中外公司及品牌扩扫,https://porkbun.com/checkout/search,,,,,,
308,codekit.si,代码工具包,52,仅历史可注册证据（需重查）,,2026-09-30T09:07:13.172Z,开发工具包可对应产品；同类命名需核,开发者工具团队,未做逐名净空,False,,名称用途与买家复筛,https://regery.com/en/bulksearch,,,,,,
309,coremap.si,核心与地图,52,仅历史可注册证据（需重查）,,2026-09-30T10:19:19.573Z,核心与地图可供科研可视化工具；同类命名竞争多,科研可视化工具,未做逐名净空,False,,自然组合与可读品牌词,https://porkbun.com/checkout/search,,,,,,
310,factmap.si,知识整理,52,仅历史可注册证据（需重查）,,2026-09-30T10:21:33.679Z,知识整理地图可供个人知识工具；同类命名竞争多,个人知识工具,未做逐名净空,False,,自然组合与可读品牌词,https://regery.com/en/bulksearch,,,,,,
311,iconjar.si,图标罐；图标容器,52,仅历史可注册证据（需重查）,,2026-09-30T05:36:10.542Z,图标容器是清楚工具联想，同名图标管理产品需核,图标素材与设计资源工具团队,未做逐名净空,False,,名称用途与买家复筛；已有品牌与产品名；中外公司及品牌扩扫,https://porkbun.com/checkout/search,,,,,,
312,ideamap.si,创作与设计,52,仅历史可注册证据（需重查）,,2026-09-30T10:21:33.679Z,创作与设计地图可供创意设计工具；同类命名竞争多,创意设计工具,未做逐名净空,False,,自然组合与可读品牌词,https://regery.com/en/bulksearch,,,,,,
313,inkline.si,墨线,52,近期有普通注册报价（需再确认）,2026-10-01T02:47:31.949Z,2026-09-30T07:39:12.989Z,墨线线条可供写作编辑团队；同类命名竞争多,写作编辑团队,未做逐名净空,False,,名称用途与买家复筛；自然组合与可读品牌词,https://www.inwx.com/en/domain/check?domain=inkline.si,,https://regery.com/en/bulksearch,,,,
314,knowmap.si,知识整理,52,仅历史可注册证据（需重查）,,2026-09-30T10:20:05.448Z,知识整理地图可供个人知识工具；同类命名竞争多,个人知识工具,未做逐名净空,False,,自然组合与可读品牌词,https://porkbun.com/checkout/search,,,,,,
315,labpath.si,研究与验证,52,仅历史可注册证据（需重查）,,2026-09-30T10:20:05.448Z,研究与验证路径可供研究记录团队；买家预算尚未核,研究记录团队,未做逐名净空,False,,自然组合与可读品牌词,https://porkbun.com/checkout/search,,,,,,
316,loremap.si,知识地图,52,仅历史可注册证据（需重查）,,2026-09-30T07:39:03.286Z,知识地图有独立用途；同名业务须核,个人知识工具,未做逐名净空,False,,名称用途与买家复筛；自然组合与可读品牌词；跨方法优选100,https://www.inwx.com/en/domain/check?domain=loremap.si,,,,,,
317,aeroflow.si,空气与流动,52,仅历史可注册证据（需重查）,,2026-09-30T10:22:38.016Z,空气与流动流程可供科研可视化工具；同类命名竞争多,科研可视化工具,未做逐名净空,False,,自然组合与可读品牌词,https://porkbun.com/checkout/search,,,,,,
318,aerogrid.si,空气与网格,52,仅历史可注册证据（需重查）,,2026-09-30T10:22:38.016Z,空气与网格可供科研可视化工具；同类命名竞争多,科研可视化工具,未做逐名净空,False,,自然组合与可读品牌词,https://porkbun.com/checkout/search,,,,,,
319,artpress.si,艺术出版,52,仅历史可注册证据（需重查）,,2026-09-30T10:22:38.016Z,艺术出版可供内容创作团队；同类命名竞争多,内容创作团队,未做逐名净空,False,,名称用途与买家复筛,https://porkbun.com/checkout/search,,,,,,
320,atomgrid.si,原子与网格,52,仅历史可注册证据（需重查）,,2026-09-30T10:22:38.016Z,原子与网格可供科研可视化工具；同类命名竞争多,科研可视化工具,未做逐名净空,False,,自然组合与可读品牌词,https://porkbun.com/checkout/search,,,,,,
321,atomline.si,原子与线条,52,仅历史可注册证据（需重查）,,2026-09-30T10:22:38.016Z,原子与线条可供科研可视化工具；同类命名竞争多,科研可视化工具,未做逐名净空,False,,自然组合与可读品牌词,https://porkbun.com/checkout/search,,,,,,
322,atompath.si,原子与小径,52,仅历史可注册证据（需重查）,,2026-09-30T10:22:38.016Z,原子与小径路径可供科研可视化工具；同类命名竞争多,科研可视化工具,未做逐名净空,False,,自然组合与可读品牌词,https://porkbun.com/checkout/search,,,,,,
323,beamflow.si,光束与流动,52,仅历史可注册证据（需重查）,,2026-09-30T10:22:38.016Z,光束与流动流程可供科研可视化工具；同类命名竞争多,科研可视化工具,未做逐名净空,False,,自然组合与可读品牌词,https://porkbun.com/checkout/search,,,,,,
324,beamline.si,光束与线条,52,仅历史可注册证据（需重查）,,2026-09-30T10:22:38.016Z,光束与线条可供科研可视化工具；同类命名竞争多,科研可视化工具,未做逐名净空,False,,自然组合与可读品牌词,https://porkbun.com/checkout/search,,,,,,
325,beampath.si,光束与小径,52,仅历史可注册证据（需重查）,,2026-09-30T10:22:38.016Z,光束与小径路径可供科研可视化工具；同类命名竞争多,科研可视化工具,未做逐名净空,False,,自然组合与可读品牌词,https://porkbun.com/checkout/search,,,,,,
326,bondrate.si,债券利率,52,仅历史可注册证据（需重查）,,2026-09-30T12:45:14.499Z,债券利率可供金融经营工具；买家预算尚未核,金融经营工具,未做逐名净空,False,,英语普通词大池,https://regery.com/en/bulksearch,,,,,,
327,cellflow.si,细胞与流动,52,仅历史可注册证据（需重查）,,2026-09-30T10:22:38.016Z,细胞与流动流程可供科研可视化工具；同类命名竞争多,科研可视化工具,未做逐名净空,False,,自然组合与可读品牌词,https://porkbun.com/checkout/search,,,,,,
328,codebook.si,代码手册,52,仅历史可注册证据（需重查）,,2026-09-30T10:22:38.016Z,代码手册可供数据开发团队；买家预算尚未核,数据开发团队,未做逐名净空,False,,自然组合与可读品牌词,https://porkbun.com/checkout/search,,,,,,
329,codewise.si,聪明地写代码,52,仅历史可注册证据（需重查）,,2026-09-30T09:07:13.172Z,聪明写代码可对应产品；同类命名需核,代码辅助工具,未做逐名净空,False,,名称用途与买家复筛,https://regery.com/en/bulksearch,,,,,,
330,corepath.si,核心与小径,52,仅历史可注册证据（需重查）,,2026-09-30T10:22:38.016Z,核心与小径路径可供科研可视化工具；同类命名竞争多,科研可视化工具,未做逐名净空,False,,自然组合与可读品牌词,https://porkbun.com/checkout/search,,,,,,
331,datalens.si,数据透镜,52,仅历史可注册证据（需重查）,,2026-09-30T09:10:44.175Z,数据透镜可供测量与开发工具；买家预算尚未核,测量与开发工具,未做逐名净空,False,,名称用途与买家复筛,https://regery.com/en/bulksearch,,,,,,
332,draftkit.si,草稿工具包,52,仅历史可注册证据（需重查）,,2026-09-30T09:07:13.172Z,草稿工具包可对应产品；同类命名需核,写作工具团队,未做逐名净空,False,,名称用途与买家复筛,https://regery.com/en/bulksearch,,,,,,
333,factfile.si,事实档案,52,仅历史可注册证据（需重查）,,2026-09-30T10:28:20.587Z,事实档案可供教育研究团队；同类命名竞争多,教育研究团队,未做逐名净空,False,,自然组合与可读品牌词,https://regery.com/en/bulksearch,,,,,,
334,factpath.si,事实路径,52,仅历史可注册证据（需重查）,,2026-09-30T07:42:34.732Z,事实路径有独立用途；同名业务须核,课程与学习工具,未做逐名净空,False,,名称用途与买家复筛；自然组合与可读品牌词；跨方法优选100,https://www.inwx.com/en/domain/check?domain=factpath.si,,,,,,
335,fairdeal.si,公平交易,52,仅历史可注册证据（需重查）,,2026-09-30T10:28:20.587Z,公平交易可供金融经营工具；买家预算尚未核,金融经营工具,未做逐名净空,False,,自然组合与可读品牌词,https://regery.com/en/bulksearch,,,,,,
336,filmnote.si,电影笔记,52,仅历史可注册证据（需重查）,,2026-09-30T10:28:20.587Z,电影笔记可供内容创作团队；同类命名竞争多,内容创作团队,未做逐名净空,False,,名称用途与买家复筛,https://regery.com/en/bulksearch,,,,,,
337,fluxgrid.si,流动与网格,52,仅历史可注册证据（需重查）,,2026-09-30T10:30:50.437Z,流动与网格可供科研可视化工具；同类命名竞争多,科研可视化工具,未做逐名净空,False,,自然组合与可读品牌词,https://regery.com/en/bulksearch,,,,,,
338,formgrid.si,形态与网格,52,仅历史可注册证据（需重查）,,2026-09-30T10:30:50.437Z,形态与网格可供科研可视化工具；同类命名竞争多,科研可视化工具,未做逐名净空,False,,自然组合与可读品牌词,https://regery.com/en/bulksearch,,,,,,
339,formline.si,形态与线条,52,仅历史可注册证据（需重查）,,2026-09-30T10:30:50.437Z,形态与线条可供科研可视化工具；同类命名竞争多,科研可视化工具,未做逐名净空,False,,自然组合与可读品牌词,https://regery.com/en/bulksearch,,,,,,
340,grainmap.si,颗粒与地图,52,仅历史可注册证据（需重查）,,2026-09-30T10:30:50.437Z,颗粒与地图可供科研可视化工具；同类命名竞争多,科研可视化工具,未做逐名净空,False,,自然组合与可读品牌词,https://regery.com/en/bulksearch,,,,,,
341,gridpath.si,测量与科学,52,仅历史可注册证据（需重查）,,2026-09-30T10:30:50.437Z,测量与科学路径可供科学观测工具；买家预算尚未核,科学观测工具,未做逐名净空,False,,自然组合与可读品牌词,https://regery.com/en/bulksearch,,,,,,
342,ideabook.si,创意手册,52,仅历史可注册证据（需重查）,,2026-09-30T10:30:50.437Z,创意手册可供教育与知识工具；同类命名竞争多,教育与知识工具,未做逐名净空,False,,名称用途与买家复筛,https://regery.com/en/bulksearch,,,,,,
343,inkstory.si,墨色故事,52,仅历史可注册证据（需重查）,,2026-09-30T10:32:43.695Z,墨色故事可供内容创作团队；同类命名竞争多,内容创作团队,未做逐名净空,False,,名称用途与买家复筛,https://regery.com/en/bulksearch,,,,,,
344,labmeter.si,实验室仪表,52,仅历史可注册证据（需重查）,,2026-09-30T10:32:43.695Z,实验室仪表可供测量与开发工具；买家预算尚未核,测量与开发工具,未做逐名净空,False,,名称用途与买家复筛,https://regery.com/en/bulksearch,,,,,,
345,makepath.si,创作与设计,52,仅历史可注册证据（需重查）,,2026-09-30T10:32:43.695Z,创作与设计路径可供创意设计工具；同类命名竞争多,创意设计工具,未做逐名净空,False,,自然组合与可读品牌词,https://regery.com/en/bulksearch,,,,,,
346,maplayer.si,地图图层,52,仅历史可注册证据（需重查）,,2026-09-30T10:32:43.695Z,地图图层可供测量与开发工具；买家预算尚未核,测量与开发工具,未做逐名净空,False,,名称用途与买家复筛,https://regery.com/en/bulksearch,,,,,,
347,modelbox.si,模型盒子,52,仅历史可注册证据（需重查）,,2026-09-30T09:07:13.172Z,模型盒子可对应产品；同类命名需核,模型管理工具,未做逐名净空,False,,名称用途与买家复筛,https://regery.com/en/bulksearch,,,,,,
348,planlane.si,计划车道,52,仅历史可注册证据（需重查）,,2026-09-30T07:42:02.168Z,计划车道有独立用途；同名业务须核,团队协作工具,未做逐名净空,False,,名称用途与买家复筛；自然组合与可读品牌词；跨方法优选100,https://www.inwx.com/en/domain/check?domain=planlane.si,,,,,,
349,pricecut.si,降价,52,仅历史可注册证据（需重查）,,2026-09-30T12:24:16.318Z,降价可供金融经营工具；买家预算尚未核,金融经营工具,未做逐名净空,False,,自然组合与可读品牌词,https://regery.com/en/bulksearch,,,,,,
350,rootflow.si,根系与流动,52,仅历史可注册证据（需重查）,,2026-09-30T13:24:37.510Z,根系与流动流程可供科研可视化工具；同类命名竞争多,科研可视化工具,未做逐名净空,False,,自然组合与可读品牌词,https://regery.com/en/bulksearch,,,,,,
351,rootpath.si,根系与小径,52,仅历史可注册证据（需重查）,,2026-09-30T13:24:37.510Z,根系与小径路径可供科研可视化工具；同类命名竞争多,科研可视化工具,未做逐名净空,False,,自然组合与可读品牌词,https://regery.com/en/bulksearch,,,,,,
352,tracemap.si,轨迹与地图,52,仅历史可注册证据（需重查）,,2026-09-30T13:36:04.286Z,轨迹与地图可供科研可视化工具；同类命名竞争多,科研可视化工具,未做逐名净空,False,,自然组合与可读品牌词,https://regery.com/en/bulksearch,,,,,,
353,typeflow.si,文字流；排版流程,52,仅历史可注册证据（需重查）,,2026-09-30T09:07:13.172Z,排版流程可对应产品；同类命名需核,排版工具团队,未做逐名净空,False,,名称用途与买家复筛,https://regery.com/en/bulksearch,,,,,,
354,waveflow.si,波动流,52,仅历史可注册证据（需重查）,,2026-09-30T07:52:22.170Z,波动流流程有独立用途；同名业务须核,科研可视化工具,未做逐名净空,False,,名称用途与买家复筛；自然组合与可读品牌词；跨方法优选100,https://www.inwx.com/en/domain/check?domain=waveflow.si,,,,,,
355,bloomgrid.si,生长与网格,52,仅历史可注册证据（需重查）,,2026-09-30T10:27:05.067Z,生长与网格可供科研可视化工具；同类命名竞争多,科研可视化工具,未做逐名净空,False,,自然组合与可读品牌词,https://regery.com/en/bulksearch,,,,,,
356,bloomline.si,生长与线条,52,仅历史可注册证据（需重查）,,2026-09-30T10:27:05.067Z,生长与线条可供科研可视化工具；同类命名竞争多,科研可视化工具,未做逐名净空,False,,自然组合与可读品牌词,https://regery.com/en/bulksearch,,,,,,
357,cashbrief.si,现金简报,52,仅历史可注册证据（需重查）,,2026-09-30T10:27:05.067Z,现金简报可供经营软件团队；买家预算尚未核,经营软件团队,未做逐名净空,False,,名称用途与买家复筛,https://regery.com/en/bulksearch,,,,,,
358,cipherkit.si,密码工具包,52,仅历史可注册证据（需重查）,,2026-09-30T09:07:13.172Z,密码工具包可对应产品；同类命名需核,安全开发团队,未做逐名净空,False,,名称用途与买家复筛,https://regery.com/en/bulksearch,,,,,,
359,classnote.si,课堂笔记,52,仅历史可注册证据（需重查）,,2026-09-30T10:27:05.067Z,课堂笔记可供教育与知识工具；同类命名竞争多,教育与知识工具,未做逐名净空,False,,名称用途与买家复筛,https://regery.com/en/bulksearch,,,,,,
360,costpilot.si,成本导航,52,仅历史可注册证据（需重查）,,2026-09-30T09:10:44.175Z,成本导航可供经营软件团队；买家预算尚未核,经营软件团队,未做逐名净空,False,,名称用途与买家复筛,https://regery.com/en/bulksearch,,,,,,
361,courselog.si,课程记录,52,仅历史可注册证据（需重查）,,2026-09-30T10:28:20.587Z,课程记录日志可供教育与知识工具；同类命名竞争多,教育与知识工具,未做逐名净空,False,,名称用途与买家复筛,https://regery.com/en/bulksearch,,,,,,
362,dealbrief.si,交易简报,52,仅历史可注册证据（需重查）,,2026-09-30T10:28:20.587Z,交易简报可供经营软件团队；买家预算尚未核,经营软件团队,未做逐名净空,False,,名称用途与买家复筛,https://regery.com/en/bulksearch,,,,,,
363,dealnotes.si,交易笔记,52,仅历史可注册证据（需重查）,,2026-09-30T10:28:20.587Z,交易笔记可供经营软件团队；买家预算尚未核,经营软件团队,未做逐名净空,False,,名称用途与买家复筛,https://regery.com/en/bulksearch,,,,,,
364,factnotes.si,事实笔记,52,仅历史可注册证据（需重查）,,2026-09-30T10:28:20.587Z,事实笔记可供教育与知识工具；同类命名竞争多,教育与知识工具,未做逐名净空,False,,名称用途与买家复筛,https://regery.com/en/bulksearch,,,,,,
365,fieldpath.si,场域与小径,52,仅历史可注册证据（需重查）,,2026-09-30T10:28:20.587Z,场域与小径路径可供科研可视化工具；同类命名竞争多,科研可视化工具,未做逐名净空,False,,自然组合与可读品牌词,https://regery.com/en/bulksearch,,,,,,
366,filmcraft.si,影像技艺,52,仅历史可注册证据（需重查）,,2026-09-30T10:28:20.587Z,影像技艺可供内容创作团队；同类命名竞争多,内容创作团队,未做逐名净空,False,,名称用途与买家复筛,https://regery.com/en/bulksearch,,,,,,
367,formfolio.si,形态作品集,52,仅历史可注册证据（需重查）,,2026-09-30T10:30:50.437Z,形态作品集可供内容创作团队；同类命名竞争多,内容创作团队,未做逐名净空,False,,名称用途与买家复筛,https://regery.com/en/bulksearch,,,,,,
368,fundwatch.si,资金监控,52,仅历史可注册证据（需重查）,,2026-09-30T10:30:50.437Z,资金监测可供经营软件团队；买家预算尚未核,经营软件团队,未做逐名净空,False,,名称用途与买家复筛,https://regery.com/en/bulksearch,,,,,,
369,glintflow.si,闪光与流动,52,仅历史可注册证据（需重查）,,2026-09-30T10:30:50.437Z,闪光与流动流程可供科研可视化工具；同类命名竞争多,科研可视化工具,未做逐名净空,False,,自然组合与可读品牌词,https://regery.com/en/bulksearch,,,,,,
370,glintpath.si,闪光与小径,52,仅历史可注册证据（需重查）,,2026-09-30T10:30:50.437Z,闪光与小径路径可供科研可视化工具；同类命名竞争多,科研可视化工具,未做逐名净空,False,,自然组合与可读品牌词,https://regery.com/en/bulksearch,,,,,,
371,grainflow.si,颗粒与流动,52,仅历史可注册证据（需重查）,,2026-09-30T10:30:50.437Z,颗粒与流动流程可供科研可视化工具；同类命名竞争多,科研可视化工具,未做逐名净空,False,,自然组合与可读品牌词,https://regery.com/en/bulksearch,,,,,,
372,grainline.si,颗粒与线条,52,仅历史可注册证据（需重查）,,2026-09-30T10:30:50.437Z,颗粒与线条可供科研可视化工具；同类命名竞争多,科研可视化工具,未做逐名净空,False,,自然组合与可读品牌词,https://regery.com/en/bulksearch,,,,,,
373,grainpath.si,颗粒与小径,52,仅历史可注册证据（需重查）,,2026-09-30T10:30:50.437Z,颗粒与小径路径可供科研可视化工具；同类命名竞争多,科研可视化工具,未做逐名净空,False,,自然组合与可读品牌词,https://regery.com/en/bulksearch,,,,,,
374,ideaindex.si,想法索引,52,仅历史可注册证据（需重查）,,2026-09-30T10:32:43.695Z,想法索引可供教育与知识工具；同类命名竞争多,教育与知识工具,未做逐名净空,False,,名称用途与买家复筛,https://regery.com/en/bulksearch,,,,,,
375,inkstudio.si,墨艺工作室,52,仅历史可注册证据（需重查）,,2026-09-30T09:10:44.175Z,墨艺工作室可供内容创作团队；同类命名竞争多,内容创作团队,未做逐名净空,False,,名称用途与买家复筛,https://regery.com/en/bulksearch,,,,,,
376,lumenflow.si,流明与流动,52,仅历史可注册证据（需重查）,,2026-09-30T10:32:43.695Z,流明与流动流程可供科研可视化工具；同类命名竞争多,科研可视化工具,未做逐名净空,False,,自然组合与可读品牌词,https://regery.com/en/bulksearch,,,,,,
377,lumengrid.si,流明与网格,52,仅历史可注册证据（需重查）,,2026-09-30T10:32:43.695Z,流明与网格可供科研可视化工具；同类命名竞争多,科研可视化工具,未做逐名净空,False,,自然组合与可读品牌词,https://regery.com/en/bulksearch,,,,,,
378,marginmap.si,利润率地图,52,仅历史可注册证据（需重查）,,2026-09-30T10:32:43.695Z,利润率地图可供经营软件团队；买家预算尚未核,经营软件团队,未做逐名净空,False,,名称用途与买家复筛,https://regery.com/en/bulksearch,,,,,,
379,memorykit.si,记忆工具包,52,仅历史可注册证据（需重查）,,2026-09-30T09:07:13.172Z,记忆工具包可对应产品；同类命名需核,知识与智能体团队,未做逐名净空,False,,名称用途与买家复筛,https://regery.com/en/bulksearch,,,,,,
380,meterbook.si,仪表记录,52,仅历史可注册证据（需重查）,,2026-09-30T10:32:43.695Z,仪表记录手册可供测量与开发工具；买家预算尚未核,测量与开发工具,未做逐名净空,False,,名称用途与买家复筛,https://regery.com/en/bulksearch,,,,,,
381,mindatlas.si,思维图谱,52,仅历史可注册证据（需重查）,,2026-09-30T09:10:44.175Z,思维图谱可供教育与知识工具；同类命名竞争多,教育与知识工具,未做逐名净空,False,,名称用途与买家复筛,https://regery.com/en/bulksearch,,,,,,
382,pageindex.si,页面索引,52,仅历史可注册证据（需重查）,,2026-09-30T13:18:03.705Z,页面索引可供教育与知识工具；同类命名竞争多,教育与知识工具,未做逐名净空,False,,名称用途与买家复筛,https://regery.com/en/bulksearch,,,,,,
383,payledger.si,支付台账,52,仅历史可注册证据（需重查）,,2026-09-30T09:10:44.175Z,支付台账可供经营软件团队；买家预算尚未核,经营软件团队,未做逐名净空,False,,名称用途与买家复筛,https://regery.com/en/bulksearch,,,,,,
384,penstudio.si,笔艺工作室,52,仅历史可注册证据（需重查）,,2026-09-30T13:18:03.705Z,笔艺工作室可供内容创作团队；同类命名竞争多,内容创作团队,未做逐名净空,False,,名称用途与买家复筛,https://regery.com/en/bulksearch,,,,,,
385,pricebook.si,价格簿,52,仅历史可注册证据（需重查）,,2026-09-30T12:24:16.318Z,价格簿可供经营软件团队；买家预算尚未核,经营软件团队,未做逐名净空,False,,名称用途与买家复筛,https://regery.com/en/bulksearch,,,,,,
386,promptmap.si,提示词地图,52,仅历史可注册证据（需重查）,,2026-09-30T09:07:13.172Z,提示词地图可对应产品；同类命名需核,提示词工具团队,未做逐名净空,False,,名称用途与买家复筛,https://regery.com/en/bulksearch,,,,,,
387,pulsegrid.si,脉冲与网格,52,仅历史可注册证据（需重查）,,2026-09-30T13:22:43.452Z,脉冲与网格可供科研可视化工具；同类命名竞争多,科研可视化工具,未做逐名净空,False,,自然组合与可读品牌词,https://regery.com/en/bulksearch,,,,,,
388,readscope.si,阅读视野,52,仅历史可注册证据（需重查）,,2026-09-30T13:22:43.452Z,阅读视图可供教育与知识工具；同类命名竞争多,教育与知识工具,未做逐名净空,False,,名称用途与买家复筛,https://regery.com/en/bulksearch,,,,,,
389,samplekit.si,样本工具包,52,仅历史可注册证据（需重查）,,2026-09-30T13:24:53.872Z,样本工具包可供测量与开发工具；买家预算尚未核,测量与开发工具,未做逐名净空,False,,名称用途与买家复筛,https://regery.com/en/bulksearch,,,,,,
390,samplelog.si,样本日志,52,仅历史可注册证据（需重查）,,2026-09-30T13:24:53.872Z,样本日志可供测量与开发工具；买家预算尚未核,测量与开发工具,未做逐名净空,False,,名称用途与买家复筛,https://regery.com/en/bulksearch,,,,,,
391,scalebook.si,标尺手册,52,仅历史可注册证据（需重查）,,2026-09-30T13:24:53.872Z,标尺手册可供测量与开发工具；买家预算尚未核,测量与开发工具,未做逐名净空,False,,名称用途与买家复筛,https://regery.com/en/bulksearch,,,,,,
392,sensormap.si,传感器地图,52,仅历史可注册证据（需重查）,,2026-09-30T13:26:18.691Z,传感器地图可供测量与开发工具；买家预算尚未核,测量与开发工具,未做逐名净空,False,,名称用途与买家复筛,https://regery.com/en/bulksearch,,,,,,
393,stocknote.si,库存笔记,52,仅历史可注册证据（需重查）,,2026-09-30T13:29:57.470Z,库存笔记可供经营软件团队；买家预算尚未核,经营软件团队,未做逐名净空,False,,名称用途与买家复筛,https://regery.com/en/bulksearch,,,,,,
394,taxledger.si,税务台账,52,仅历史可注册证据（需重查）,,2026-09-30T13:32:34.526Z,税务台账可供经营软件团队；买家预算尚未核,经营软件团队,未做逐名净空,False,,名称用途与买家复筛,https://regery.com/en/bulksearch,,,,,,
395,terragrid.si,大地与网格,52,仅历史可注册证据（需重查）,,2026-09-30T13:34:03.580Z,大地与网格可供科研可视化工具；同类命名竞争多,科研可视化工具,未做逐名净空,False,,自然组合与可读品牌词,https://regery.com/en/bulksearch,,,,,,
396,testscope.si,测试视野,52,仅历史可注册证据（需重查）,,2026-09-30T13:34:03.580Z,测试视图可供测量与开发工具；买家预算尚未核,测量与开发工具,未做逐名净空,False,,名称用途与买家复筛,https://regery.com/en/bulksearch,,,,,,
397,topicwise.si,学习与教学,52,仅历史可注册证据（需重查）,,2026-09-30T13:36:04.286Z,学习与教学可供课程与学习工具；同类命名竞争多,课程与学习工具,未做逐名净空,False,,自然组合与可读品牌词,https://regery.com/en/bulksearch,,,,,,
398,traceflow.si,轨迹与流动,52,仅历史可注册证据（需重查）,,2026-09-30T13:36:04.286Z,轨迹与流动流程可供科研可视化工具；同类命名竞争多,科研可视化工具,未做逐名净空,False,,自然组合与可读品牌词,https://regery.com/en/bulksearch,,,,,,
399,traceview.si,追踪视图,52,仅历史可注册证据（需重查）,,2026-09-30T09:10:44.175Z,追踪视图可供测量与开发工具；买家预算尚未核,测量与开发工具,未做逐名净空,False,,名称用途与买家复筛,https://regery.com/en/bulksearch,,,,,,
400,trialwise.si,研究与验证,52,仅历史可注册证据（需重查）,,2026-09-30T13:36:04.286Z,研究与验证可供研究记录团队；买家预算尚未核,研究记录团队,未做逐名净空,False,,自然组合与可读品牌词,https://regery.com/en/bulksearch,,,,,,
401,unitcheck.si,单位核验,52,仅历史可注册证据（需重查）,,2026-09-30T13:37:55.251Z,单位核验可供测量与开发工具；买家预算尚未核,测量与开发工具,未做逐名净空,False,,名称用途与买家复筛,https://regery.com/en/bulksearch,,,,,,
402,unitscale.si,单位刻度,52,仅历史可注册证据（需重查）,,2026-09-30T13:37:55.251Z,单位刻度可供测量与开发工具；买家预算尚未核,测量与开发工具,未做逐名净空,False,,名称用途与买家复筛,https://regery.com/en/bulksearch,,,,,,
403,unittrace.si,单位溯源,52,仅历史可注册证据（需重查）,,2026-09-30T13:37:55.251Z,单位溯源可供测量与开发工具；买家预算尚未核,测量与开发工具,未做逐名净空,False,,名称用途与买家复筛,https://regery.com/en/bulksearch,,,,,,
404,vectormap.si,向量地图,52,仅历史可注册证据（需重查）,,2026-09-30T09:07:13.172Z,向量地图可对应产品；同类命名需核,GIS与向量工具,未做逐名净空,False,,名称用途与买家复筛,https://regery.com/en/bulksearch,,,,,,
405,wordatlas.si,词语图谱,52,仅历史可注册证据（需重查）,,2026-09-30T09:10:44.175Z,词语图谱可供教育与知识工具；同类命名竞争多,教育与知识工具,未做逐名净空,False,,名称用途与买家复筛,https://regery.com/en/bulksearch,,,,,,
406,wordscope.si,词语视野,52,仅历史可注册证据（需重查）,,2026-09-30T13:40:12.722Z,词语视图可供教育与知识工具；同类命名竞争多,教育与知识工具,未做逐名净空,False,,名称用途与买家复筛,https://regery.com/en/bulksearch,,,,,,
407,atomflow.si,原子与流动,52,仅历史可注册证据（需重查）,,2026-09-30T10:21:33.679Z,原子与流动流程可供科研可视化工具；同类命名竞争多,科研可视化工具,未做逐名净空,False,,自然组合与可读品牌词,https://regery.com/en/bulksearch,,,,,,
408,beamgrid.si,光束与网格,52,仅历史可注册证据（需重查）,,2026-09-30T10:21:33.679Z,光束与网格可供科研可视化工具；同类命名竞争多,科研可视化工具,未做逐名净空,False,,自然组合与可读品牌词,https://regery.com/en/bulksearch,,,,,,
409,cellpath.si,细胞与小径,52,仅历史可注册证据（需重查）,,2026-09-30T10:21:33.679Z,细胞与小径路径可供科研可视化工具；同类命名竞争多,科研可视化工具,未做逐名净空,False,,自然组合与可读品牌词,https://regery.com/en/bulksearch,,,,,,
410,colorlab.si,创作与设计,52,仅历史可注册证据（需重查）,,2026-09-30T10:21:33.679Z,创作与设计实验工具可供创意设计工具；同类命名竞争多,创意设计工具,未做逐名净空,False,,自然组合与可读品牌词,https://regery.com/en/bulksearch,,,,,,
411,factline.si,事实脉络,52,仅历史可注册证据（需重查）,,2026-09-30T07:41:46.266Z,事实脉络线条可供个人知识工具；同类命名竞争多,个人知识工具,未做逐名净空,False,,名称用途与买家复筛；自然组合与可读品牌词,https://www.inwx.com/en/domain/check?domain=factline.si,,,,,,
412,fieldmap.si,场域与地图,52,仅历史可注册证据（需重查）,,2026-09-30T10:21:33.679Z,场域与地图可供科研可视化工具；同类命名竞争多,科研可视化工具,未做逐名净空,False,,自然组合与可读品牌词,https://regery.com/en/bulksearch,,,,,,
413,flowpath.si,工作流与协作,52,仅历史可注册证据（需重查）,,2026-09-30T10:28:20.587Z,工作流与协作路径可供团队协作工具；买家预算尚未核,团队协作工具,未做逐名净空,False,,自然组合与可读品牌词,https://regery.com/en/bulksearch,,,,,,
414,fluxline.si,流动与线条,52,仅历史可注册证据（需重查）,,2026-09-30T10:21:33.679Z,流动与线条可供科研可视化工具；同类命名竞争多,科研可视化工具,未做逐名净空,False,,自然组合与可读品牌词,https://regery.com/en/bulksearch,,,,,,
415,formflow.si,形态与流动,52,仅历史可注册证据（需重查）,,2026-09-30T10:21:33.679Z,形态与流动流程可供科研可视化工具；同类命名竞争多,科研可视化工具,未做逐名净空,False,,自然组合与可读品牌词,https://regery.com/en/bulksearch,,,,,,
416,formpath.si,创作与设计,52,仅历史可注册证据（需重查）,,2026-09-30T10:30:50.437Z,创作与设计路径可供创意设计工具；同类命名竞争多,创意设计工具,未做逐名净空,False,,自然组合与可读品牌词,https://regery.com/en/bulksearch,,,,,,
417,formwise.si,创作与设计,52,仅历史可注册证据（需重查）,,2026-09-30T10:30:50.437Z,创作与设计可供创意设计工具；同类命名竞争多,创意设计工具,未做逐名净空,False,,自然组合与可读品牌词,https://regery.com/en/bulksearch,,,,,,
418,framekit.si,创作与设计,52,仅历史可注册证据（需重查）,,2026-09-30T10:21:33.679Z,创作与设计工具包可供创意设计工具；同类命名竞争多,创意设计工具,未做逐名净空,False,,自然组合与可读品牌词,https://regery.com/en/bulksearch,,,,,,
419,gaugelog.si,测量日志,52,仅历史可注册证据（需重查）,,2026-09-30T07:40:51.432Z,测量日志可供科学观测工具；买家预算尚未核,科学观测工具,未做逐名净空,False,,名称用途与买家复筛；自然组合与可读品牌词,https://www.inwx.com/en/domain/check?domain=gaugelog.si,,,,,,
420,ideapath.si,创作与设计,52,仅历史可注册证据（需重查）,,2026-09-30T10:32:43.695Z,创作与设计路径可供创意设计工具；同类命名竞争多,创意设计工具,未做逐名净空,False,,自然组合与可读品牌词,https://regery.com/en/bulksearch,,,,,,
421,inktrail.si,写作与编辑,52,仅历史可注册证据（需重查）,,2026-09-30T10:32:43.695Z,写作与编辑可供写作编辑团队；同类命名竞争多,写作编辑团队,未做逐名净空,False,,自然组合与可读品牌词,https://regery.com/en/bulksearch,,,,,,
422,knowpath.si,知识整理,52,仅历史可注册证据（需重查）,,2026-09-30T10:32:43.695Z,知识整理路径可供个人知识工具；同类命名竞争多,个人知识工具,未做逐名净空,False,,自然组合与可读品牌词,https://regery.com/en/bulksearch,,,,,,
423,labbench.si,研究与验证,52,仅历史可注册证据（需重查）,,2026-09-30T10:21:47.376Z,研究与验证可供研究记录团队；买家预算尚未核,研究记录团队,未做逐名净空,False,,自然组合与可读品牌词,https://regery.com/en/bulksearch,,,,,,
424,labtrail.si,研究轨迹,52,仅历史可注册证据（需重查）,,2026-09-30T07:40:15.219Z,研究轨迹可供研究记录团队；买家预算尚未核,研究记录团队,未做逐名净空,False,,名称用途与买家复筛；自然组合与可读品牌词,https://www.inwx.com/en/domain/check?domain=labtrail.si,,,,,,
425,learnmap.si,学习与教学,52,仅历史可注册证据（需重查）,,2026-09-30T10:21:47.376Z,学习与教学地图可供课程与学习工具；同类命名竞争多,课程与学习工具,未做逐名净空,False,,自然组合与可读品牌词,https://regery.com/en/bulksearch,,,,,,
426,lenspath.si,测量与科学,52,仅历史可注册证据（需重查）,,2026-09-30T10:32:43.695Z,测量与科学路径可供科学观测工具；买家预算尚未核,科学观测工具,未做逐名净空,False,,自然组合与可读品牌词,https://regery.com/en/bulksearch,,,,,,
427,lorepath.si,知识整理,52,仅历史可注册证据（需重查）,,2026-09-30T10:32:43.695Z,知识整理路径可供个人知识工具；同类命名竞争多,个人知识工具,未做逐名净空,False,,自然组合与可读品牌词,https://regery.com/en/bulksearch,,,,,,
428,lumenmap.si,流明与地图,52,仅历史可注册证据（需重查）,,2026-09-30T10:21:47.376Z,流明与地图可供科研可视化工具；同类命名竞争多,科研可视化工具,未做逐名净空,False,,自然组合与可读品牌词,https://regery.com/en/bulksearch,,,,,,
429,memoflow.si,知识整理,52,仅历史可注册证据（需重查）,,2026-09-30T10:21:47.376Z,知识整理流程可供个人知识工具；同类命名竞争多,个人知识工具,未做逐名净空,False,,自然组合与可读品牌词,https://regery.com/en/bulksearch,,,,,,
430,memopath.si,备忘录路径,52,仅历史可注册证据（需重查）,,2026-09-30T07:42:08.645Z,备忘录路径可供个人知识工具；同类命名竞争多,个人知识工具,未做逐名净空,False,,名称用途与买家复筛；自然组合与可读品牌词,https://www.inwx.com/en/domain/check?domain=memopath.si,,,,,,
431,minddock.si,心智停靠站,52,仅历史可注册证据（需重查）,,2026-09-30T09:00:55.687Z,心智停靠站可供对应类别产品团队；同类命名竞争多,对应类别产品团队,未做逐名净空,False,,AI英文词与组合,https://www.inwx.com/en/domain/check?domain=minddock.si,,,,,,
432,mindline.si,知识整理,52,仅历史可注册证据（需重查）,,2026-09-30T10:32:43.695Z,知识整理线条可供个人知识工具；同类命名竞争多,个人知识工具,未做逐名净空,False,,自然组合与可读品牌词,https://regery.com/en/bulksearch,,,,,,
433,orbitmap.si,轨道与地图,52,仅历史可注册证据（需重查）,,2026-09-30T10:21:47.376Z,轨道与地图可供科研可视化工具；同类命名竞争多,科研可视化工具,未做逐名净空,False,,自然组合与可读品牌词,https://regery.com/en/bulksearch,,,,,,
434,pagewise.si,聪明地处理页面,52,仅历史可注册证据（需重查）,,2026-09-30T07:41:22.150Z,聪明地处理页面可供写作编辑团队；同类命名竞争多,写作编辑团队,未做逐名净空,False,,名称用途与买家复筛；自然组合与可读品牌词,https://www.inwx.com/en/domain/check?domain=pagewise.si,,,,,,
435,planpath.si,工作流与协作,52,仅历史可注册证据（需重查）,,2026-09-30T13:20:14.296Z,工作流与协作路径可供团队协作工具；买家预算尚未核,团队协作工具,未做逐名净空,False,,自然组合与可读品牌词,https://regery.com/en/bulksearch,,,,,,
436,planwell.si,计划得当,52,仅历史可注册证据（需重查）,,2026-09-30T07:42:42.846Z,计划得当可供团队协作工具；买家预算尚未核,团队协作工具,未做逐名净空,False,,名称用途与买家复筛；自然组合与可读品牌词,https://www.inwx.com/en/domain/check?domain=planwell.si,,,,,,
437,pulsekit.si,测量与科学,52,仅历史可注册证据（需重查）,,2026-09-30T10:21:47.376Z,测量与科学工具包可供科学观测工具；买家预算尚未核,科学观测工具,未做逐名净空,False,,自然组合与可读品牌词,https://regery.com/en/bulksearch,,,,,,
438,pulselab.si,测量与科学,52,仅历史可注册证据（需重查）,,2026-09-30T10:21:47.376Z,测量与科学实验工具可供科学观测工具；买家预算尚未核,科学观测工具,未做逐名净空,False,,自然组合与可读品牌词,https://regery.com/en/bulksearch,,,,,,
439,storymap.si,写作与编辑,52,仅历史可注册证据（需重查）,,2026-09-30T10:21:47.376Z,写作与编辑地图可供写作编辑团队；同类命名竞争多,写作编辑团队,未做逐名净空,False,,自然组合与可读品牌词,https://regery.com/en/bulksearch,,,,,,
440,tasklane.si,任务车道,52,仅历史可注册证据（需重查）,,2026-09-30T07:40:21.196Z,任务车道可供团队协作工具；买家预算尚未核,团队协作工具,未做逐名净空,False,,名称用途与买家复筛；自然组合与可读品牌词,https://www.inwx.com/en/domain/check?domain=tasklane.si,,,,,,
441,taskpath.si,工作流与协作,52,仅历史可注册证据（需重查）,,2026-09-30T13:32:34.526Z,工作流与协作路径可供团队协作工具；买家预算尚未核,团队协作工具,未做逐名净空,False,,自然组合与可读品牌词,https://regery.com/en/bulksearch,,,,,,
442,taskwise.si,工作流与协作,52,仅历史可注册证据（需重查）,,2026-09-30T13:32:34.526Z,工作流与协作可供团队协作工具；买家预算尚未核,团队协作工具,未做逐名净空,False,,自然组合与可读品牌词,https://regery.com/en/bulksearch,,,,,,
443,terramap.si,大地与地图,52,仅历史可注册证据（需重查）,,2026-09-30T10:21:47.376Z,大地与地图可供科研可视化工具；同类命名竞争多,科研可视化工具,未做逐名净空,False,,自然组合与可读品牌词,https://regery.com/en/bulksearch,,,,,,
444,testpath.si,研究与验证,52,仅历史可注册证据（需重查）,,2026-09-30T13:34:03.580Z,研究与验证路径可供研究记录团队；买家预算尚未核,研究记录团队,未做逐名净空,False,,自然组合与可读品牌词,https://regery.com/en/bulksearch,,,,,,
445,topicmap.si,学习与教学,52,仅历史可注册证据（需重查）,,2026-09-30T10:21:47.376Z,学习与教学地图可供课程与学习工具；同类命名竞争多,课程与学习工具,未做逐名净空,False,,自然组合与可读品牌词,https://regery.com/en/bulksearch,,,,,,
446,tracehub.si,测量与科学,52,仅历史可注册证据（需重查）,,2026-09-30T10:21:47.376Z,测量与科学可供科学观测工具；买家预算尚未核,科学观测工具,未做逐名净空,False,,自然组合与可读品牌词,https://regery.com/en/bulksearch,,,,,,
447,tracekit.si,测量与科学,52,仅历史可注册证据（需重查）,,2026-09-30T10:21:47.376Z,测量与科学工具包可供科学观测工具；买家预算尚未核,科学观测工具,未做逐名净空,False,,自然组合与可读品牌词,https://regery.com/en/bulksearch,,,,,,
448,traceway.si,测量与科学,52,仅历史可注册证据（需重查）,,2026-09-30T13:36:04.286Z,测量与科学可供科学观测工具；买家预算尚未核,科学观测工具,未做逐名净空,False,,自然组合与可读品牌词,https://regery.com/en/bulksearch,,,,,,
449,trialmap.si,试验地图,52,仅历史可注册证据（需重查）,,2026-09-30T07:41:53.373Z,试验地图可供研究记录团队；买家预算尚未核,研究记录团队,未做逐名净空,False,,名称用途与买家复筛；自然组合与可读品牌词,https://www.inwx.com/en/domain/check?domain=trialmap.si,,,,,,
450,wavepath.si,波与小径,52,仅历史可注册证据（需重查）,,2026-09-30T10:21:47.376Z,波与小径路径可供科研可视化工具；同类命名竞争多,科研可视化工具,未做逐名净空,False,,自然组合与可读品牌词,https://regery.com/en/bulksearch,,,,,,
451,worklane.si,工作流与协作,52,仅历史可注册证据（需重查）,,2026-09-30T13:40:12.722Z,工作流与协作可供团队协作工具；买家预算尚未核,团队协作工具,未做逐名净空,False,,自然组合与可读品牌词,https://regery.com/en/bulksearch,,,,,,
452,workpath.si,工作流与协作,52,仅历史可注册证据（需重查）,,2026-09-30T13:40:12.722Z,工作流与协作路径可供团队协作工具；买家预算尚未核,团队协作工具,未做逐名净空,False,,自然组合与可读品牌词,https://regery.com/en/bulksearch,,,,,,
453,workwell.si,工作流与协作,52,仅历史可注册证据（需重查）,,2026-09-30T12:37:24.345Z,工作流与协作可供团队协作工具；买家预算尚未核,团队协作工具,未做逐名净空,False,,自然组合与可读品牌词,https://regery.com/en/bulksearch,,,,,,
454,agentpath.si,智能体路径,52,仅历史可注册证据（需重查）,,2026-09-30T08:57:35.614Z,智能体路径可供对应类别产品团队；同类命名竞争多,对应类别产品团队,未做逐名净空,False,,AI英文词与组合,https://www.inwx.com/en/domain/check?domain=agentpath.si,,,,,,
455,buildmind.si,构建心智,52,仅历史可注册证据（需重查）,,2026-09-30T09:06:21.975Z,构建心智可供对应类别产品团队；同类命名竞争多,对应类别产品团队,未做逐名净空,False,,AI英文词与组合,https://www.inwx.com/en/domain/check?domain=buildmind.si,,,,,,
456,codehaven.si,代码港湾,52,仅历史可注册证据（需重查）,,2026-09-30T09:05:49.172Z,代码港湾可供对应类别产品团队；同类命名竞争多,对应类别产品团队,未做逐名净空,False,,AI英文词与组合,https://www.inwx.com/en/domain/check?domain=codehaven.si,,,,,,
457,codeweave.si,代码编织,52,仅历史可注册证据（需重查）,,2026-09-30T09:05:30.325Z,代码编织可供对应类别产品团队；同类命名竞争多,对应类别产品团队,未做逐名净空,False,,AI英文词与组合,https://www.inwx.com/en/domain/check?domain=codeweave.si,,,,,,
458,colorpath.si,创作与设计,52,仅历史可注册证据（需重查）,,2026-09-30T10:21:47.376Z,创作与设计路径可供创意设计工具；同类命名竞争多,创意设计工具,未做逐名净空,False,,自然组合与可读品牌词,https://regery.com/en/bulksearch,,,,,,
459,draftline.si,写作与编辑,52,仅历史可注册证据（需重查）,,2026-09-30T10:21:47.376Z,写作与编辑线条可供写作编辑团队；同类命名竞争多,写作编辑团队,未做逐名净空,False,,自然组合与可读品牌词,https://regery.com/en/bulksearch,,,,,,
460,draftpath.si,写作与编辑,52,仅历史可注册证据（需重查）,,2026-09-30T10:28:20.587Z,写作与编辑路径可供写作编辑团队；同类命名竞争多,写作编辑团队,未做逐名净空,False,,自然组合与可读品牌词,https://regery.com/en/bulksearch,,,,,,
461,draftroom.si,写作与编辑,52,仅历史可注册证据（需重查）,,2026-09-30T10:28:20.587Z,写作与编辑工作室可供写作编辑团队；同类命名竞争多,写作编辑团队,未做逐名净空,False,,自然组合与可读品牌词,https://regery.com/en/bulksearch,,,,,,
462,evalsuite.si,词义/用途尚待补充,52,仅历史可注册证据（需重查）,,2026-09-30T10:21:47.376Z,评测套件有明确工具场景；同类名拥挤,模型评估工具,未做逐名净空,False,,初始商业与技术词,https://regery.com/en/bulksearch,,,,,,
463,flowtrail.si,工作流与协作,52,仅历史可注册证据（需重查）,,2026-09-30T10:21:47.376Z,工作流与协作可供团队协作工具；买家预算尚未核,团队协作工具,未做逐名净空,False,,自然组合与可读品牌词,https://regery.com/en/bulksearch,,,,,,
464,formcraft.si,创作与设计,52,仅历史可注册证据（需重查）,,2026-09-30T10:21:47.376Z,创作与设计可供创意设计工具；同类命名竞争多,创意设计工具,未做逐名净空,False,,自然组合与可读品牌词,https://regery.com/en/bulksearch,,,,,,
465,framepath.si,创作与设计,52,仅历史可注册证据（需重查）,,2026-09-30T10:30:50.437Z,创作与设计路径可供创意设计工具；同类命名竞争多,创意设计工具,未做逐名净空,False,,自然组合与可读品牌词,https://regery.com/en/bulksearch,,,,,,
466,gaugepath.si,测量与科学,52,仅历史可注册证据（需重查）,,2026-09-30T10:30:50.437Z,测量与科学路径可供科学观测工具；买家预算尚未核,科学观测工具,未做逐名净空,False,,自然组合与可读品牌词,https://regery.com/en/bulksearch,,,,,,
467,ideacraft.si,创作与设计,52,仅历史可注册证据（需重查）,,2026-09-30T10:32:43.695Z,创作与设计可供创意设计工具；同类命名竞争多,创意设计工具,未做逐名净空,False,,自然组合与可读品牌词,https://regery.com/en/bulksearch,,,,,,
468,learnlane.si,学习与教学,52,仅历史可注册证据（需重查）,,2026-09-30T10:22:01.478Z,学习与教学可供课程与学习工具；同类命名竞争多,课程与学习工具,未做逐名净空,False,,自然组合与可读品牌词,https://regery.com/en/bulksearch,,,,,,
469,learnloop.si,学习与教学,52,仅历史可注册证据（需重查）,,2026-09-30T10:22:01.478Z,学习与教学可供课程与学习工具；同类命名竞争多,课程与学习工具,未做逐名净空,False,,自然组合与可读品牌词,https://regery.com/en/bulksearch,,,,,,
470,learnmark.si,学习与教学,52,仅历史可注册证据（需重查）,,2026-09-30T10:22:01.478Z,学习与教学可供课程与学习工具；同类命名竞争多,课程与学习工具,未做逐名净空,False,,自然组合与可读品牌词,https://regery.com/en/bulksearch,,,,,,
471,lenscraft.si,测量与科学,52,仅历史可注册证据（需重查）,,2026-09-30T10:32:43.695Z,测量与科学可供科学观测工具；买家预算尚未核,科学观测工具,未做逐名净空,False,,自然组合与可读品牌词,https://regery.com/en/bulksearch,,,,,,
472,lessonlab.si,学习与教学,52,仅历史可注册证据（需重查）,,2026-09-30T10:22:01.478Z,学习与教学实验工具可供课程与学习工具；同类命名竞争多,课程与学习工具,未做逐名净空,False,,自然组合与可读品牌词,https://regery.com/en/bulksearch,,,,,,
473,mindtrail.si,知识整理,52,仅历史可注册证据（需重查）,,2026-09-30T10:22:01.478Z,知识整理可供个人知识工具；同类命名竞争多,个人知识工具,未做逐名净空,False,,自然组合与可读品牌词,https://regery.com/en/bulksearch,,,,,,
474,mindweave.si,思维编织,52,仅历史可注册证据（需重查）,,2026-09-30T08:09:08.911Z,思维编织可供对应类别产品团队；同类命名竞争多,对应类别产品团队,未做逐名净空,False,,AI英文词与组合,https://www.inwx.com/en/domain/check?domain=mindweave.si,,,,,,
475,modeldock.si,模型停靠站,52,仅历史可注册证据（需重查）,,2026-09-30T08:09:17.210Z,模型停靠站可供对应类别产品团队；同类命名竞争多,对应类别产品团队,未做逐名净空,False,,AI英文词与组合,https://www.inwx.com/en/domain/check?domain=modeldock.si,,,,,,
476,modelpath.si,模型路径,52,仅历史可注册证据（需重查）,,2026-09-30T09:05:14.188Z,模型路径可供对应类别产品团队；同类命名竞争多,对应类别产品团队,未做逐名净空,False,,AI英文词与组合,https://www.inwx.com/en/domain/check?domain=modelpath.si,,,,,,
477,musecraft.si,灵感工艺,52,仅历史可注册证据（需重查）,,2026-09-30T09:08:23.243Z,灵感工艺可供对应类别产品团队；同类命名竞争多,对应类别产品团队,未做逐名净空,False,,AI英文词与组合,https://www.inwx.com/en/domain/check?domain=musecraft.si,,,,,,
478,notehaven.si,知识整理,52,仅历史可注册证据（需重查）,,2026-09-30T10:22:01.478Z,知识整理可供个人知识工具；同类命名竞争多,个人知识工具,未做逐名净空,False,,自然组合与可读品牌词,https://regery.com/en/bulksearch,,,,,,
479,notetrail.si,知识整理,52,仅历史可注册证据（需重查）,,2026-09-30T10:22:01.478Z,知识整理可供个人知识工具；同类命名竞争多,个人知识工具,未做逐名净空,False,,自然组合与可读品牌词,https://regery.com/en/bulksearch,,,,,,
480,opencraft.si,开放创作,52,仅历史可注册证据（需重查）,,2026-09-30T09:02:50.943Z,开放创作可供对应类别产品团队；同类命名竞争多,对应类别产品团队,未做逐名净空,False,,AI英文词与组合,https://www.inwx.com/en/domain/check?domain=opencraft.si,,,,,,
481,openthink.si,开放思考,52,仅历史可注册证据（需重查）,,2026-09-30T09:03:02.618Z,开放思考可供对应类别产品团队；同类命名竞争多,对应类别产品团队,未做逐名净空,False,,AI英文词与组合,https://www.inwx.com/en/domain/check?domain=openthink.si,,,,,,
482,orbitpath.si,轨道与小径,52,仅历史可注册证据（需重查）,,2026-09-30T10:22:01.478Z,轨道与小径路径可供科研可视化工具；同类命名竞争多,科研可视化工具,未做逐名净空,False,,自然组合与可读品牌词,https://regery.com/en/bulksearch,,,,,,
483,pagecraft.si,写作与编辑,52,仅历史可注册证据（需重查）,,2026-09-30T10:22:01.478Z,写作与编辑可供写作编辑团队；同类命名竞争多,写作编辑团队,未做逐名净空,False,,自然组合与可读品牌词,https://regery.com/en/bulksearch,,,,,,
484,prismflow.si,棱镜与流动,52,仅历史可注册证据（需重查）,,2026-09-30T10:22:01.478Z,棱镜与流动流程可供科研可视化工具；同类命名竞争多,科研可视化工具,未做逐名净空,False,,自然组合与可读品牌词,https://regery.com/en/bulksearch,,,,,,
485,prismgrid.si,棱镜与网格,52,仅历史可注册证据（需重查）,,2026-09-30T10:22:01.478Z,棱镜与网格可供科研可视化工具；同类命名竞争多,科研可视化工具,未做逐名净空,False,,自然组合与可读品牌词,https://regery.com/en/bulksearch,,,,,,
486,proofline.si,研究与验证,52,仅历史可注册证据（需重查）,,2026-09-30T10:22:01.478Z,研究与验证线条可供研究记录团队；买家预算尚未核,研究记录团队,未做逐名净空,False,,自然组合与可读品牌词,https://regery.com/en/bulksearch,,,,,,
487,proofpath.si,研究与验证,52,仅历史可注册证据（需重查）,,2026-09-30T13:21:40.731Z,研究与验证路径可供研究记录团队；买家预算尚未核,研究记录团队,未做逐名净空,False,,自然组合与可读品牌词,https://regery.com/en/bulksearch,,,,,,
488,quizcraft.si,学习与教学,52,仅历史可注册证据（需重查）,,2026-09-30T10:22:01.478Z,学习与教学可供课程与学习工具；同类命名竞争多,课程与学习工具,未做逐名净空,False,,自然组合与可读品牌词,https://regery.com/en/bulksearch,,,,,,
489,reasonkit.si,推理工具包,52,仅历史可注册证据（需重查）,,2026-09-30T08:09:00.425Z,推理工具包可供对应类别产品团队；同类命名竞争多,对应类别产品团队,未做逐名净空,False,,AI英文词与组合,https://www.inwx.com/en/domain/check?domain=reasonkit.si,,,,,,
490,recallkit.si,记忆工具包,52,仅历史可注册证据（需重查）,,2026-09-30T08:59:47.457Z,记忆工具包可供对应类别产品团队；同类命名竞争多,对应类别产品团队,未做逐名净空,False,,AI英文词与组合,https://www.inwx.com/en/domain/check?domain=recallkit.si,,,,,,
491,sensorlab.si,测量与科学,52,仅历史可注册证据（需重查）,,2026-09-30T10:22:01.478Z,测量与科学实验工具可供科学观测工具；买家预算尚未核,科学观测工具,未做逐名净空,False,,自然组合与可读品牌词,https://regery.com/en/bulksearch,,,,,,
492,signalmap.si,信号与地图,52,仅历史可注册证据（需重查）,,2026-09-30T10:22:01.478Z,信号与地图可供科研可视化工具；同类命名竞争多,科研可视化工具,未做逐名净空,False,,自然组合与可读品牌词,https://regery.com/en/bulksearch,,,,,,
493,sketchbay.si,草图海湾,52,仅历史可注册证据（需重查）,,2026-09-30T07:52:32.653Z,草图海湾可供创意设计工具；同类命名竞争多,创意设计工具,未做逐名净空,False,,名称用途与买家复筛；自然组合与可读品牌词,https://www.inwx.com/en/domain/check?domain=sketchbay.si,,,,,,
494,sketchkit.si,创作与设计,52,仅历史可注册证据（需重查）,,2026-09-30T10:22:01.478Z,创作与设计工具包可供创意设计工具；同类命名竞争多,创意设计工具,未做逐名净空,False,,自然组合与可读品牌词,https://regery.com/en/bulksearch,,,,,,
495,sketchway.si,创作与设计,52,仅历史可注册证据（需重查）,,2026-09-30T13:27:13.820Z,创作与设计可供创意设计工具；同类命名竞争多,创意设计工具,未做逐名净空,False,,自然组合与可读品牌词,https://regery.com/en/bulksearch,,,,,,
496,skillpath.si,学习与教学,52,仅历史可注册证据（需重查）,,2026-09-30T10:22:01.478Z,学习与教学路径可供课程与学习工具；同类命名竞争多,课程与学习工具,未做逐名净空,False,,自然组合与可读品牌词,https://regery.com/en/bulksearch,,,,,,
497,sourcelab.si,研究与验证,52,仅历史可注册证据（需重查）,,2026-09-30T10:22:01.478Z,研究与验证实验工具可供研究记录团队；买家预算尚未核,研究记录团队,未做逐名净空,False,,自然组合与可读品牌词,https://regery.com/en/bulksearch,,,,,,
498,storygrid.si,写作与编辑,52,仅历史可注册证据（需重查）,,2026-09-30T10:22:01.478Z,写作与编辑网格可供写作编辑团队；同类命名竞争多,写作编辑团队,未做逐名净空,False,,自然组合与可读品牌词,https://regery.com/en/bulksearch,,,,,,
499,studylane.si,学习与教学,52,仅历史可注册证据（需重查）,,2026-09-30T07:17:44.862Z,学习与教学可供课程与学习工具；同类命名竞争多,课程与学习工具,未做逐名净空,False,,自然组合与可读品牌词,https://www.inwx.com/en/domain/check?domain=studylane.si,,,,,,
500,studypath.si,学习与教学,52,仅历史可注册证据（需重查）,,2026-09-30T13:29:57.470Z,学习与教学路径可供课程与学习工具；同类命名竞争多,课程与学习工具,未做逐名净空,False,,自然组合与可读品牌词,https://regery.com/en/bulksearch,,,,,,
501,studyroom.si,学习与教学,52,仅历史可注册证据（需重查）,,2026-09-30T10:22:01.478Z,学习与教学工作室可供课程与学习工具；同类命名竞争多,课程与学习工具,未做逐名净空,False,,自然组合与可读品牌词,https://regery.com/en/bulksearch,,,,,,
502,studywise.si,学习与教学,52,仅历史可注册证据（需重查）,,2026-09-30T10:22:01.478Z,学习与教学可供课程与学习工具；同类命名竞争多,课程与学习工具,未做逐名净空,False,,自然组合与可读品牌词,https://regery.com/en/bulksearch,,,,,,
503,xiaozhi.si,小智,52,仅历史可注册证据（需重查）,,2026-09-30T16:07:01.192Z,小智有助手角色联想，同音多且实际买家未验证,助手、陪伴、团队协作或工作辅助产品团队,未做逐名净空,False,,AI中文词与Agent场景,https://regery.com/en/bulksearch,,,,,,
504,xiaozhu.si,小助,52,仅历史可注册证据（需重查）,,2026-09-30T16:07:01.192Z,小助有助手角色联想，同音多且实际买家未验证,助手、陪伴、团队协作或工作辅助产品团队,未做逐名净空,False,,AI中文词与Agent场景,https://regery.com/en/bulksearch,,,,,,
505,zhigong.si,智工,52,仅历史可注册证据（需重查）,,2026-09-30T16:07:01.192Z,智工有助手角色联想，同音多且实际买家未验证,助手、陪伴、团队协作或工作辅助产品团队,未做逐名净空,False,,AI中文词与Agent场景,https://regery.com/en/bulksearch,,,,,,
506,geared.si,词义/用途尚待补充,52,仅历史可注册证据（需重查）,,2026-09-30T13:02:34.962Z,齿轮意象可做机械工具；需工业语境,工业工具团队,未做逐名净空,False,,英语普通词大池,https://regery.com/en/bulksearch,,,,,,
507,yieldfarming.si,收益耕作,52,仅历史可注册证据（需重查）,,2026-09-30T15:41:19.769Z,技术词义稳定而较长，垂直用途清楚但受众集中,链上收益工具与研究团队,未做逐名净空,False,,币圈术语与本土叙事,https://regery.com/en/bulksearch,,,,,,
508,bitsy.si,Bitsy,52,近期有普通注册报价（需再确认）,2026-10-01T02:47:31.949Z,2026-09-30T04:54:27.936Z,小巧词感适合婴童，独立需求偏品牌联想,婴童用品、小物件与亲子品牌团队,未做逐名净空,False,,名称用途与买家复筛；已有品牌与产品名；中外公司及品牌扩扫,https://porkbun.com/checkout/search,,https://regery.com/en/bulksearch,,,,
509,flooding.si,词义/用途尚待补充,52,仅历史可注册证据（需重查）,,2026-09-30T13:01:11.924Z,洪水可对应预警监测；负面语义,防灾监测团队,未做逐名净空,False,,英语普通词大池,https://regery.com/en/bulksearch,,,,,,
510,wayland.si,地名或姓氏式词形,52,仅历史可注册证据（需重查）,,2026-09-30T06:07:34.331Z,地名姓氏有独立文化用途，具体采购需求偏弱,地域旅游、历史内容与生活品牌团队,未做逐名净空,False,,名称用途与买家复筛；已有品牌与产品名；中外公司及品牌扩扫,https://porkbun.com/checkout/search,,,,,,
511,cornflakes.si,,52,仅历史可注册证据（需重查）,,2026-09-30T17:53:17.970Z,普通食品类别且同业已有强品牌,早餐麦片零售与配方内容,未做逐名权利净空；有普通词义不表示无同名权利,False,,中外公司及品牌扩扫,https://regery.com/en/bulksearch,,,,,,
512,aframe.si,,52,仅历史可注册证据（需重查）,,2026-09-30T17:26:11.946Z,A型支架或建筑；去连字符略损规范拼写,A型建筑与支架,未做逐名权利净空；普通词义不表示无同名权利,False,,中外公司及品牌扩扫,https://regery.com/en/bulksearch,,,,,,
513,conventionalcommits.si,,52,仅历史可注册证据（需重查）,,2026-09-30T17:29:22.732Z,公开规范允许独立工具；标签很长,提交校验与版本发布工具,未做逐名权利净空；有普通词义不表示无同名权利,False,,中外公司及品牌扩扫,https://regery.com/en/bulksearch,,,,,,
514,folium.si,叶状结构,52,仅历史可注册证据（需重查）,,2026-09-30T07:53:41.407Z,叶状结构可用于科研教育，词偏专业且买家窄,植物结构、科研教学与材料服务团队,未做逐名净空,False,,名称用途与买家复筛；已有品牌与产品名；已有品牌采用优选50；英语普通词大池；跨方法优选100；中外公司及品牌扩扫,https://www.inwx.com/en/domain/check?domain=folium.si,,,,,,
515,huaxi.si,花溪,52,仅历史可注册证据（需重查）,,2026-09-30T10:19:15.628Z,花溪意象适合旅宿花艺，商业指向偏宽,旅宿、花艺及生活方式经营者,未做逐名净空,False,,中文短拼音,https://regery.com/en/bulksearch,,,,,,
516,nuan.si,暖,52,仅历史可注册证据（需重查）,,2026-09-30T07:26:51.411Z,暖可用于家居陪伴，商业类别需要聚焦,家居采暖、情绪陪伴及生活品牌团队,未做逐名净空,False,,中文短拼音,https://www.inwx.com/en/domain/check?domain=nuan.si,,,,,,
517,yulu.si,雨露,52,仅历史可注册证据（需重查）,,2026-09-30T10:19:15.628Z,雨露意象积极，独立商品定位仍较宽泛,园艺、美妆及生活方式品牌团队,未做逐名净空,False,,中文短拼音,https://regery.com/en/bulksearch,,,,,,
518,haxe.si,Haxe,52,仅历史可注册证据（需重查）,,2026-09-30T04:49:10.185Z,德语肉类词义独立，餐饮买家局限目标语言,德语餐饮与肉类食品经营者,未做逐名净空,False,,名称用途与买家复筛；已有品牌与产品名；中外公司及品牌扩扫,https://porkbun.com/checkout/search,,,,,,
519,microblog.si,,52,仅历史可注册证据（需重查）,,2026-09-30T17:37:10.063Z,词典收录通用品类；与Micro.blog同业撞名,独立写作、短日志工具与教学,未做逐名权利净空；公开规范不表示品牌名称可任意使用,False,,中外公司及品牌扩扫,https://regery.com/en/bulksearch,,,,,,
520,exacto.si,没错，是,52,仅历史可注册证据（需重查）,,2026-09-30T10:20:06.976Z,没错，是可读跨点短语；语法须母语复核,西语消费者品牌,未做逐名净空,False,,西语跨点组合,https://regery.com/en/bulksearch,,,,,,
521,creoque.si,我认为是,52,仅历史可注册证据（需重查）,,2026-09-30T10:20:06.976Z,我认为是可读跨点短语；语法须母语复核,西语消费者品牌,未做逐名净空,False,,西语跨点组合,https://regery.com/en/bulksearch,,,,,,
522,dehecho.si,事实上，是,52,仅历史可注册证据（需重查）,,2026-09-30T10:20:06.976Z,事实上，是可读跨点短语；语法须母语复核,西语消费者品牌,未做逐名净空,False,,西语跨点组合,https://regery.com/en/bulksearch,,,,,,
523,sinduda.si,毫无疑问，是,52,仅历史可注册证据（需重查）,,2026-09-30T07:30:57.685Z,毫无疑问，是可读跨点短语；语法须母语复核,西语消费者品牌,未做逐名净空,False,,西语跨点组合,https://www.inwx.com/en/domain/check?domain=sinduda.si,,,,,,
524,diriaque.si,我会说是,52,仅历史可注册证据（需重查）,,2026-09-30T10:21:33.679Z,我会说是可读跨点短语；语法须母语复核,西语消费者品牌,未做逐名净空,False,,西语跨点组合,https://regery.com/en/bulksearch,,,,,,
525,obvioque.si,显然是,52,仅历史可注册证据（需重查）,,2026-09-30T10:21:47.376Z,显然是可读跨点短语；语法须母语复核,西语消费者品牌,未做逐名净空,False,,西语跨点组合,https://regery.com/en/bulksearch,,,,,,
526,piensoque.si,我想是,52,仅历史可注册证据（需重查）,,2026-09-30T10:22:01.478Z,我想是可读跨点短语；语法须母语复核,西语消费者品牌,未做逐名净空,False,,西语跨点组合,https://regery.com/en/bulksearch,,,,,,
527,seguroque.si,肯定是,52,仅历史可注册证据（需重查）,,2026-09-30T10:22:01.478Z,肯定是可读跨点短语；语法须母语复核,西语消费者品牌,未做逐名净空,False,,西语跨点组合,https://regery.com/en/bulksearch,,,,,,
528,storykit.si,故事工具包,51,仅历史可注册证据（需重查）,,2026-09-30T09:07:13.172Z,故事工具包可供教育创作团队；同类命名竞争多,教育创作团队,未做逐名净空,False,,名称用途与买家复筛,https://regery.com/en/bulksearch,,,,,,
529,penbox.si,笔与收纳盒,51,仅历史可注册证据（需重查）,,2026-09-30T10:19:19.573Z,笔与收纳盒收纳工具可供出版与创作工具；同类命名竞争多,出版与创作工具,未做逐名净空,False,,自然组合与可读品牌词,https://porkbun.com/checkout/search,,,,,,
530,bookbox.si,书与收纳盒,51,仅历史可注册证据（需重查）,,2026-09-30T10:19:19.573Z,书与收纳盒收纳工具可供出版与创作工具；同类命名竞争多,出版与创作工具,未做逐名净空,False,,自然组合与可读品牌词,https://porkbun.com/checkout/search,,,,,,
531,castbox.si,播出／投送盒子,51,仅历史可注册证据（需重查）,,2026-09-30T05:36:10.542Z,投抛盒可作渔具品牌联想，需独立于音频平台,渔具收纳、钓鱼配件与户外商品团队,未做逐名净空,False,,名称用途与买家复筛；已有品牌与产品名；已有品牌采用优选50；跨方法优选100；中外公司及品牌扩扫,https://porkbun.com/checkout/search,,,,,,
532,notebox.si,笔记盒子,51,仅历史可注册证据（需重查）,,2026-09-30T09:07:13.172Z,笔记盒子收纳工具可供出版与创作工具；同类命名竞争多,出版与创作工具,未做逐名净空,False,,名称用途与买家复筛；自然组合与可读品牌词,https://regery.com/en/bulksearch,,,,,,
533,notekit.si,笔记工具包,51,仅历史可注册证据（需重查）,,2026-09-30T09:07:13.172Z,笔记工具包可对应产品；同类命名需核,笔记产品团队,未做逐名净空,False,,名称用途与买家复筛,https://regery.com/en/bulksearch,,,,,,
534,pagebox.si,书页与收纳盒,51,仅历史可注册证据（需重查）,,2026-09-30T10:20:05.448Z,书页与收纳盒收纳工具可供出版与创作工具；同类命名竞争多,出版与创作工具,未做逐名净空,False,,自然组合与可读品牌词,https://porkbun.com/checkout/search,,,,,,
535,penflow.si,笔与流动,51,近期有普通注册报价（需再确认）,2026-10-01T02:47:31.949Z,2026-09-30T10:20:05.448Z,笔与流动流程可供出版与创作工具；同类命名竞争多,出版与创作工具,未做逐名净空,False,,自然组合与可读品牌词,https://porkbun.com/checkout/search,,https://regery.com/en/bulksearch,,,,
536,wordbox.si,词语与收纳盒,51,仅历史可注册证据（需重查）,,2026-09-30T10:25:10.084Z,词语与收纳盒收纳工具可供出版与创作工具；同类命名竞争多,出版与创作工具,未做逐名净空,False,,自然组合与可读品牌词,https://porkbun.com/checkout/search,,,,,,
537,bookflow.si,书与流动,51,仅历史可注册证据（需重查）,,2026-09-30T10:22:38.016Z,书与流动流程可供出版与创作工具；同类命名竞争多,出版与创作工具,未做逐名净空,False,,自然组合与可读品牌词,https://porkbun.com/checkout/search,,,,,,
538,carebook.si,照护手册,51,仅历史可注册证据（需重查）,,2026-09-30T10:22:38.016Z,照护手册可供健康与家居服务；同类命名竞争多,健康与家居服务,未做逐名净空,False,,名称用途与买家复筛,https://porkbun.com/checkout/search,,,,,,
539,draftpad.si,草稿便笺,51,仅历史可注册证据（需重查）,,2026-09-30T09:07:13.172Z,草稿便笺可对应产品；同类命名需核,写作工具团队,未做逐名净空,False,,名称用途与买家复筛,https://regery.com/en/bulksearch,,,,,,
540,echofold.si,回声与折叠,51,仅历史可注册证据（需重查）,,2026-09-30T10:22:38.016Z,回声与折叠可供出版与创作工具；同类命名竞争多,出版与创作工具,未做逐名净空,False,,自然组合与可读品牌词,https://porkbun.com/checkout/search,,,,,,
541,echopath.si,回声路径,51,仅历史可注册证据（需重查）,,2026-09-30T07:45:28.328Z,回声路径可供出版与创作工具；同类命名竞争多,出版与创作工具,未做逐名净空,False,,AI英文词与组合；名称用途与买家复筛；自然组合与可读品牌词,https://www.inwx.com/en/domain/check?domain=echopath.si,,,,,,
542,homecalm.si,宁静家居,51,仅历史可注册证据（需重查）,,2026-09-30T10:30:50.437Z,宁静家居可供健康与家居服务；同类命名竞争多,健康与家居服务,未做逐名净空,False,,名称用途与买家复筛,https://regery.com/en/bulksearch,,,,,,
543,lifeplan.si,生活计划,51,仅历史可注册证据（需重查）,,2026-09-30T10:32:43.695Z,生活计划可供健康与家居服务；同类命名竞争多,健康与家居服务,未做逐名净空,False,,名称用途与买家复筛,https://regery.com/en/bulksearch,,,,,,
544,mindrest.si,心智休息,51,仅历史可注册证据（需重查）,,2026-09-30T10:32:43.695Z,心智休息可供健康与家居服务；同类命名竞争多,健康与家居服务,未做逐名净空,False,,名称用途与买家复筛,https://regery.com/en/bulksearch,,,,,,
545,notefold.si,折叠笔记,51,仅历史可注册证据（需重查）,,2026-09-30T07:45:57.026Z,折叠笔记可供出版与创作工具；同类命名竞争多,出版与创作工具,未做逐名净空,False,,AI英文词与组合；名称用途与买家复筛；自然组合与可读品牌词,https://www.inwx.com/en/domain/check?domain=notefold.si,,,,,,
546,notepath.si,笔记路径,51,仅历史可注册证据（需重查）,,2026-09-30T09:07:13.172Z,笔记路径可供出版与创作工具；同类命名竞争多,出版与创作工具,未做逐名净空,False,,名称用途与买家复筛；自然组合与可读品牌词,https://regery.com/en/bulksearch,,,,,,
547,pageflow.si,书页与流动,51,仅历史可注册证据（需重查）,,2026-09-30T12:23:02.905Z,书页与流动流程可供出版与创作工具；同类命名竞争多,出版与创作工具,未做逐名净空,False,,自然组合与可读品牌词,https://regery.com/en/bulksearch,,,,,,
548,pagefold.si,书页与折叠,51,仅历史可注册证据（需重查）,,2026-09-30T13:16:37.968Z,书页与折叠可供出版与创作工具；同类命名竞争多,出版与创作工具,未做逐名净空,False,,自然组合与可读品牌词,https://regery.com/en/bulksearch,,,,,,
549,pageline.si,书页与线条,51,仅历史可注册证据（需重查）,,2026-09-30T13:18:03.705Z,书页与线条可供出版与创作工具；同类命名竞争多,出版与创作工具,未做逐名净空,False,,自然组合与可读品牌词,https://regery.com/en/bulksearch,,,,,,
550,paperbox.si,纸张与收纳盒,51,仅历史可注册证据（需重查）,,2026-09-30T12:23:02.905Z,纸张与收纳盒收纳工具可供出版与创作工具；同类命名竞争多,出版与创作工具,未做逐名净空,False,,自然组合与可读品牌词,https://regery.com/en/bulksearch,,,,,,
551,poemflow.si,诗与流动,51,仅历史可注册证据（需重查）,,2026-09-30T13:20:14.296Z,诗与流动流程可供出版与创作工具；同类命名竞争多,出版与创作工具,未做逐名净空,False,,自然组合与可读品牌词,https://regery.com/en/bulksearch,,,,,,
552,poemline.si,诗与线条,51,仅历史可注册证据（需重查）,,2026-09-30T13:20:14.296Z,诗与线条可供出版与创作工具；同类命名竞争多,出版与创作工具,未做逐名净空,False,,自然组合与可读品牌词,https://regery.com/en/bulksearch,,,,,,
553,wellrest.si,充分休息,51,仅历史可注册证据（需重查）,,2026-09-30T13:40:12.722Z,充分休息可供健康与家居服务；同类命名竞争多,健康与家居服务,未做逐名净空,False,,名称用途与买家复筛,https://regery.com/en/bulksearch,,,,,,
554,wordflow.si,词语与流动,51,仅历史可注册证据（需重查）,,2026-09-30T12:37:24.345Z,词语与流动流程可供出版与创作工具；同类命名竞争多,出版与创作工具,未做逐名净空,False,,自然组合与可读品牌词,https://regery.com/en/bulksearch,,,,,,
555,wordline.si,词语与线条,51,仅历史可注册证据（需重查）,,2026-09-30T13:40:12.722Z,词语与线条可供出版与创作工具；同类命名竞争多,出版与创作工具,未做逐名净空,False,,自然组合与可读品牌词,https://regery.com/en/bulksearch,,,,,,
556,atlasflow.si,地图集与流动,51,仅历史可注册证据（需重查）,,2026-09-30T10:27:05.067Z,地图集与流动流程可供出版与创作工具；同类命名竞争多,出版与创作工具,未做逐名净空,False,,自然组合与可读品牌词,https://regery.com/en/bulksearch,,,,,,
557,atlasfold.si,地图集与折叠,51,仅历史可注册证据（需重查）,,2026-09-30T10:27:05.067Z,地图集与折叠可供出版与创作工具；同类命名竞争多,出版与创作工具,未做逐名净空,False,,自然组合与可读品牌词,https://regery.com/en/bulksearch,,,,,,
558,calmguide.si,平静指南,51,仅历史可注册证据（需重查）,,2026-09-30T10:27:05.067Z,平静指南可供健康与家居服务；同类命名竞争多,健康与家居服务,未做逐名净空,False,,名称用途与买家复筛,https://regery.com/en/bulksearch,,,,,,
559,careguide.si,照护指南,51,仅历史可注册证据（需重查）,,2026-09-30T09:10:44.175Z,照护指南可供健康与家居服务；同类命名竞争多,健康与家居服务,未做逐名净空,False,,名称用途与买家复筛,https://regery.com/en/bulksearch,,,,,,
560,craftfold.si,手作与折叠,51,仅历史可注册证据（需重查）,,2026-09-30T10:28:20.587Z,手作与折叠可供出版与创作工具；同类命名竞争多,出版与创作工具,未做逐名净空,False,,自然组合与可读品牌词,https://regery.com/en/bulksearch,,,,,,
561,craftline.si,手作与线条,51,仅历史可注册证据（需重查）,,2026-09-30T10:28:20.587Z,手作与线条可供出版与创作工具；同类命名竞争多,出版与创作工具,未做逐名净空,False,,自然组合与可读品牌词,https://regery.com/en/bulksearch,,,,,,
562,dailycare.si,日常照护,51,仅历史可注册证据（需重查）,,2026-09-30T10:28:20.587Z,日常照护可供健康与家居服务；同类命名竞争多,健康与家居服务,未做逐名净空,False,,名称用途与买家复筛,https://regery.com/en/bulksearch,,,,,,
563,habitbook.si,习惯手册,51,仅历史可注册证据（需重查）,,2026-09-30T09:10:44.175Z,习惯手册可供健康与家居服务；同类命名竞争多,健康与家居服务,未做逐名净空,False,,名称用途与买家复筛,https://regery.com/en/bulksearch,,,,,,
564,learnflow.si,学习与流动,51,仅历史可注册证据（需重查）,,2026-09-30T10:32:43.695Z,学习与流动流程可供出版与创作工具；同类命名竞争多,出版与创作工具,未做逐名净空,False,,自然组合与可读品牌词,https://regery.com/en/bulksearch,,,,,,
565,learnfold.si,学习与折叠,51,仅历史可注册证据（需重查）,,2026-09-30T10:32:43.695Z,学习与折叠可供出版与创作工具；同类命名竞争多,出版与创作工具,未做逐名净空,False,,自然组合与可读品牌词,https://regery.com/en/bulksearch,,,,,,
566,learnline.si,学习与线条,51,仅历史可注册证据（需重查）,,2026-09-30T10:32:43.695Z,学习与线条可供出版与创作工具；同类命名竞争多,出版与创作工具,未做逐名净空,False,,自然组合与可读品牌词,https://regery.com/en/bulksearch,,,,,,
567,lifecraft.si,生活技艺,51,仅历史可注册证据（需重查）,,2026-09-30T09:10:44.175Z,生活技艺可供健康与家居服务；同类命名竞争多,健康与家居服务,未做逐名净空,False,,名称用途与买家复筛,https://regery.com/en/bulksearch,,,,,,
568,lifehabit.si,生活习惯,51,仅历史可注册证据（需重查）,,2026-09-30T10:32:43.695Z,生活习惯可供健康与家居服务；同类命名竞争多,健康与家居服务,未做逐名净空,False,,名称用途与买家复筛,https://regery.com/en/bulksearch,,,,,,
569,paperflow.si,纸张与流动,51,仅历史可注册证据（需重查）,,2026-09-30T13:18:03.705Z,纸张与流动流程可供出版与创作工具；同类命名竞争多,出版与创作工具,未做逐名净空,False,,自然组合与可读品牌词,https://regery.com/en/bulksearch,,,,,,
570,paperfold.si,纸张与折叠,51,仅历史可注册证据（需重查）,,2026-09-30T12:23:02.905Z,纸张与折叠可供出版与创作工具；同类命名竞争多,出版与创作工具,未做逐名净空,False,,自然组合与可读品牌词,https://regery.com/en/bulksearch,,,,,,
571,restguide.si,休息指南,51,仅历史可注册证据（需重查）,,2026-09-30T13:24:37.510Z,休息指南可供健康与家居服务；同类命名竞争多,健康与家居服务,未做逐名净空,False,,名称用途与买家复筛,https://regery.com/en/bulksearch,,,,,,
572,slowhours.si,慢时光,51,仅历史可注册证据（需重查）,,2026-09-30T13:27:13.820Z,慢时光可供健康与家居服务；同类命名竞争多,健康与家居服务,未做逐名净空,False,,名称用途与买家复筛,https://regery.com/en/bulksearch,,,,,,
573,thinkline.si,思考与线条,51,仅历史可注册证据（需重查）,,2026-09-30T13:34:03.580Z,思考与线条可供出版与创作工具；同类命名竞争多,出版与创作工具,未做逐名净空,False,,自然组合与可读品牌词,https://regery.com/en/bulksearch,,,,,,
574,thinkpath.si,思考与小径,51,仅历史可注册证据（需重查）,,2026-09-30T13:34:03.580Z,思考与小径路径可供出版与创作工具；同类命名竞争多,出版与创作工具,未做逐名净空,False,,自然组合与可读品牌词,https://regery.com/en/bulksearch,,,,,,
575,verseflow.si,诗句与流动,51,仅历史可注册证据（需重查）,,2026-09-30T13:39:05.967Z,诗句与流动流程可供出版与创作工具；同类命名竞争多,出版与创作工具,未做逐名净空,False,,自然组合与可读品牌词,https://regery.com/en/bulksearch,,,,,,
576,verseline.si,诗句与线条,51,仅历史可注册证据（需重查）,,2026-09-30T13:39:05.967Z,诗句与线条可供出版与创作工具；同类命名竞争多,出版与创作工具,未做逐名净空,False,,自然组合与可读品牌词,https://regery.com/en/bulksearch,,,,,,
577,versepath.si,诗句与小径,51,仅历史可注册证据（需重查）,,2026-09-30T13:39:05.967Z,诗句与小径路径可供出版与创作工具；同类命名竞争多,出版与创作工具,未做逐名净空,False,,自然组合与可读品牌词,https://regery.com/en/bulksearch,,,,,,
578,wellhabit.si,健康习惯,51,仅历史可注册证据（需重查）,,2026-09-30T13:40:12.722Z,健康习惯可供健康与家居服务；同类命名竞争多,健康与家居服务,未做逐名净空,False,,名称用途与买家复筛,https://regery.com/en/bulksearch,,,,,,
579,bookpath.si,书籍路径,51,仅历史可注册证据（需重查）,,2026-09-30T07:45:38.485Z,书籍路径可供出版与创作工具；同类命名竞争多,出版与创作工具,未做逐名净空,False,,名称用途与买家复筛；自然组合与可读品牌词,https://www.inwx.com/en/domain/check?domain=bookpath.si,,,,,,
580,echoflow.si,回声与流动,51,仅历史可注册证据（需重查）,,2026-09-30T10:21:33.679Z,回声与流动流程可供出版与创作工具；同类命名竞争多,出版与创作工具,未做逐名净空,False,,自然组合与可读品牌词,https://regery.com/en/bulksearch,,,,,,
581,musepath.si,灵感小径,51,仅历史可注册证据（需重查）,,2026-09-30T08:04:39.071Z,灵感小径路径可供出版与创作工具；同类命名竞争多,出版与创作工具,未做逐名净空,False,,AI英文词与组合；名称用途与买家复筛；自然组合与可读品牌词,https://www.inwx.com/en/domain/check?domain=musepath.si,,,,,,
582,pagepath.si,书页与小径,51,仅历史可注册证据（需重查）,,2026-09-30T10:21:47.376Z,书页与小径路径可供出版与创作工具；同类命名竞争多,出版与创作工具,未做逐名净空,False,,自然组合与可读品牌词,https://regery.com/en/bulksearch,,,,,,
583,poempath.si,诗的小径,51,仅历史可注册证据（需重查）,,2026-09-30T07:45:07.412Z,诗的小径路径可供出版与创作工具；同类命名竞争多,出版与创作工具,未做逐名净空,False,,名称用途与买家复筛；自然组合与可读品牌词,https://www.inwx.com/en/domain/check?domain=poempath.si,,,,,,
584,wordpath.si,词语与小径,51,仅历史可注册证据（需重查）,,2026-09-30T10:21:47.376Z,词语与小径路径可供出版与创作工具；同类命名竞争多,出版与创作工具,未做逐名净空,False,,自然组合与可读品牌词,https://regery.com/en/bulksearch,,,,,,
585,atlaspath.si,地图集与小径,51,仅历史可注册证据（需重查）,,2026-09-30T10:21:47.376Z,地图集与小径路径可供出版与创作工具；同类命名竞争多,出版与创作工具,未做逐名净空,False,,自然组合与可读品牌词,https://regery.com/en/bulksearch,,,,,,
586,craftflow.si,手作与流动,51,仅历史可注册证据（需重查）,,2026-09-30T10:21:47.376Z,手作与流动流程可供出版与创作工具；同类命名竞争多,出版与创作工具,未做逐名净空,False,,自然组合与可读品牌词,https://regery.com/en/bulksearch,,,,,,
587,craftpath.si,手作与小径,51,仅历史可注册证据（需重查）,,2026-09-30T10:21:47.376Z,手作与小径路径可供出版与创作工具；同类命名竞争多,出版与创作工具,未做逐名净空,False,,自然组合与可读品牌词,https://regery.com/en/bulksearch,,,,,,
588,learnpath.si,学习与小径,51,仅历史可注册证据（需重查）,,2026-09-30T10:22:01.478Z,学习与小径路径可供出版与创作工具；同类命名竞争多,出版与创作工具,未做逐名净空,False,,自然组合与可读品牌词,https://regery.com/en/bulksearch,,,,,,
589,paperline.si,纸张与线条,51,仅历史可注册证据（需重查）,,2026-09-30T10:22:01.478Z,纸张与线条可供出版与创作工具；同类命名竞争多,出版与创作工具,未做逐名净空,False,,自然组合与可读品牌词,https://regery.com/en/bulksearch,,,,,,
590,evalmodel.si,词义/用途尚待补充,51,仅历史可注册证据（需重查）,,2026-09-30T10:21:47.376Z,模型评估直指测试软件；缩写需解释,模型评估工具,未做逐名净空,False,,初始商业与技术词,https://regery.com/en/bulksearch,,,,,,
591,gaugelab.si,测量实验室,51,仅历史可注册证据（需重查）,,2026-09-30T07:36:47.315Z,测量实验室可做校准；同名工作区需核,仪器校准团队,未做逐名净空,False,,名称用途与买家复筛；自然组合与可读品牌词；跨方法优选100,https://www.inwx.com/en/domain/check?domain=gaugelab.si,,,,,,
592,draftloom.si,写作与编辑,51,仅历史可注册证据（需重查）,,2026-09-30T10:21:47.376Z,写作与编辑可供写作编辑团队；组合意象较抽象,写作编辑团队,未做逐名净空,False,,自然组合与可读品牌词,https://regery.com/en/bulksearch,,,,,,
593,draftwell.si,写作与编辑,51,仅历史可注册证据（需重查）,,2026-09-30T10:28:20.587Z,写作与编辑可供写作编辑团队；同类命名竞争多,写作编辑团队,未做逐名净空,False,,自然组合与可读品牌词,https://regery.com/en/bulksearch,,,,,,
594,seaward.si,向海的,51,仅历史可注册证据（需重查）,,2026-09-30T09:13:01.677Z,向海方向词适合航旅；仪表同名需核,海洋旅游团队,未做逐名净空,False,,名称用途与买家复筛；自然意象与真实词；跨方法优选100,https://regery.com/en/bulksearch,,,,,,
595,redundant.si,词义/用途尚待补充,51,仅历史可注册证据（需重查）,,2026-09-30T13:23:58.981Z,冗余可做去重工具；词义偏负面,数据清理团队,未做逐名净空,False,,英语普通词大池,https://regery.com/en/bulksearch,,,,,,
596,privacycoins.si,隐私币,51,仅历史可注册证据（需重查）,,2026-09-30T15:41:19.769Z,技术词义稳定而较长，垂直用途清楚但受众集中,隐私币项目和研究团队,未做逐名净空,False,,币圈术语与本土叙事,https://regery.com/en/bulksearch,,,,,,
597,cookiecutter.si,,51,仅历史可注册证据（需重查）,,2026-09-30T17:29:22.732Z,厨房器具是真实品类；软件项目不垄断词义,烘焙器具与手作教材,未做逐名权利净空；有普通词义不表示无同名权利,False,,中外公司及品牌扩扫,https://regery.com/en/bulksearch,,,,,,
598,rollbar.si,,51,仅历史可注册证据（需重查）,,2026-09-30T17:41:46.229Z,汽车防滚杆为固定组合；与源软件分行业,汽车防滚杆器材,未做逐名权利净空；普通词义不表示无同名权利,False,,中外公司及品牌扩扫,https://regery.com/en/bulksearch,,,,,,
599,threadless.si,,51,仅历史可注册证据（需重查）,,2026-09-30T17:44:57.014Z,无螺纹连接是真实含义；与源服装分行业,无螺纹管件和连接设备,未做逐名权利净空；普通词义不表示无同名权利,False,,中外公司及品牌扩扫,https://regery.com/en/bulksearch,,,,,,
600,fandango.si,,51,仅历史可注册证据（需重查）,,2026-09-30T17:30:35.858Z,西班牙舞蹈为真义；与电影票务分用途,舞蹈教学与音乐内容,未做逐名权利净空；普通词义不表示无同名权利,False,,中外公司及品牌扩扫,https://regery.com/en/bulksearch,,,,,,
601,peppers.si,,51,近期有普通注册报价（需再确认）,2026-10-01T02:47:31.949Z,2026-09-30T17:54:12.258Z,七字母常见食材词；消费者好理解,香辛料与园艺种子商品,未做逐名权利净空；有普通词义不表示无同名权利,False,,中外公司及品牌扩扫,https://regery.com/en/bulksearch,,https://regery.com/en/bulksearch,,,,
602,kuan.si,宽／款,51,仅历史可注册证据（需重查）,,2026-09-30T07:26:51.419Z,宽款两字多义，短而易读但定位不直接,服装版型、宽带服务及家居品牌团队,未做逐名净空,False,,中文短拼音,https://www.inwx.com/en/domain/check?domain=kuan.si,,,,,,
603,liyi.si,利益,51,仅历史可注册证据（需重查）,,2026-09-30T06:32:10.201Z,利益是自然词，直接收费类别仍需说明,商业分析、法律教育及财经内容团队,未做逐名净空,False,,中文短拼音,https://www.inwx.com/en/domain/check?domain=liyi.si,,,,,,
604,teng.si,词义/用途尚待补充,51,仅历史可注册证据（需重查）,,2026-09-30T07:29:16.051Z,腾字有积极动势，仍偏抽象品牌联想,运动、成长服务及地域品牌团队,未做逐名净空,False,,中文短拼音,https://www.inwx.com/en/domain/check?domain=teng.si,,,,,,
605,influenza.si,词义/用途尚待补充,51,仅历史可注册证据（需重查）,,2026-09-30T13:07:27.316Z,流感词明确但医疗用途受限；买家窄,公共卫生团队,未做逐名净空,False,,英语普通词大池,https://regery.com/en/bulksearch,,,,,,
606,unlicense.si,Unlicense,51,仅历史可注册证据（需重查）,,2026-09-30T05:49:56.050Z,公开许可名称可作教育资料，直接收费用途较弱,开放许可教育、软件审计与资料服务团队,未做逐名净空,False,,名称用途与买家复筛；已有品牌与产品名；中外公司及品牌扩扫,https://porkbun.com/checkout/search,,,,,,
607,wordcraft.si,写作与编辑,50,仅历史可注册证据（需重查）,,2026-09-30T10:22:01.478Z,文字创作联想自然，但不是专属付费软件名称,写作与编辑工具团队,未做逐名净空,False,,自然组合与可读品牌词,https://regery.com/en/bulksearch,,,,,,
608,toolaudit.si,词义/用途尚待补充,50,仅历史可注册证据（需重查）,,2026-09-30T10:22:01.478Z,工具审计功能明确，组合词非固定且可用多种替名,企业工具治理与审计团队,未做逐名净空,False,,初始商业与技术词,https://regery.com/en/bulksearch,,,,,,
609,storyarc.si,故事弧线,50,仅历史可注册证据（需重查）,,2026-09-30T07:45:16.602Z,故事弧线可供出版与创作工具；组合意象较抽象,出版与创作工具,未做逐名净空,False,,AI英文词与组合；名称用途与买家复筛；自然组合与可读品牌词,https://www.inwx.com/en/domain/check?domain=storyarc.si,,,,,,
610,booknest.si,书与巢,50,仅历史可注册证据（需重查）,,2026-09-30T10:22:38.016Z,书与巢可供出版与创作工具；同类命名竞争多,出版与创作工具,未做逐名净空,False,,自然组合与可读品牌词,https://porkbun.com/checkout/search,,,,,,
611,storynest.si,故事与巢,50,仅历史可注册证据（需重查）,,2026-09-30T13:29:57.470Z,故事与巢可供出版与创作工具；同类命名竞争多,出版与创作工具,未做逐名净空,False,,自然组合与可读品牌词,https://regery.com/en/bulksearch,,,,,,
612,mealwise.si,日常与生活,50,仅历史可注册证据（需重查）,,2026-09-30T10:32:43.695Z,日常与生活可供生活习惯服务；同类命名竞争多,生活习惯服务,未做逐名净空,False,,自然组合与可读品牌词,https://regery.com/en/bulksearch,,,,,,
613,linkloom.si,知识整理,50,仅历史可注册证据（需重查）,,2026-09-30T10:32:43.695Z,知识整理可供个人知识工具；组合意象较抽象,个人知识工具,未做逐名净空,False,,自然组合与可读品牌词,https://regery.com/en/bulksearch,,,,,,
614,memoloom.si,知识整理,50,仅历史可注册证据（需重查）,,2026-09-30T10:32:43.695Z,知识整理可供个人知识工具；组合意象较抽象,个人知识工具,未做逐名净空,False,,自然组合与可读品牌词,https://regery.com/en/bulksearch,,,,,,
615,promptbox.si,提示词盒子,50,仅历史可注册证据（需重查）,,2026-09-30T09:07:13.172Z,提示词盒子可对应产品；同类命名需核,提示词工具团队,未做逐名净空,False,,名称用途与买家复筛,https://regery.com/en/bulksearch,,,,,,
616,knowloom.si,知识整理,50,仅历史可注册证据（需重查）,,2026-09-30T10:32:43.695Z,知识整理可供个人知识工具；组合意象较抽象,个人知识工具,未做逐名净空,False,,自然组合与可读品牌词,https://regery.com/en/bulksearch,,,,,,
617,lorewell.si,知识整理,50,仅历史可注册证据（需重查）,,2026-09-30T10:32:43.695Z,知识整理可供个人知识工具；同类命名竞争多,个人知识工具,未做逐名净空,False,,自然组合与可读品牌词,https://regery.com/en/bulksearch,,,,,,
618,mindloom.si,知识整理,50,仅历史可注册证据（需重查）,,2026-09-30T10:32:43.695Z,知识整理可供个人知识工具；组合意象较抽象,个人知识工具,未做逐名净空,False,,自然组合与可读品牌词,https://regery.com/en/bulksearch,,,,,,
619,nestling.si,雏鸟；偎依着的,50,仅历史可注册证据（需重查）,,2026-09-30T09:13:01.677Z,雏鸟意象适合育儿；同类品牌需核,育儿家居团队,未做逐名净空,False,,名称用途与买家复筛；自然意象与真实词；跨方法优选100,https://regery.com/en/bulksearch,,,,,,
620,gplv3.si,GPLv3,50,仅历史可注册证据（需重查）,,2026-09-30T04:59:43.649Z,许可版本可用于合规教育，专业缩写与数字较难记,许可合规教育、软件审计与法律信息团队,未做逐名净空,False,,名称用途与买家复筛；已有品牌与产品名；中外公司及品牌扩扫,https://porkbun.com/checkout/search,,,,,,
621,jekyll.si,杰基尔；文学人物姓氏,50,仅历史可注册证据（需重查）,,2026-09-30T05:17:51.467Z,文学姓氏有内容方向，商业需求窄且拼写偏专门,文学教育、戏剧与文化内容团队,未做逐名净空,False,,名称用途与买家复筛；已有品牌与产品名；已有品牌采用优选50；跨方法优选100；中外公司及品牌扩扫,https://porkbun.com/checkout/search,,,,,,
622,traps.si,词义/用途尚待补充,50,仅历史可注册证据（需重查）,,2026-09-30T15:50:57.379Z,复数名词可指捕捉装置，亦有负面陷阱联想,害虫防治与安全器材团队,未做逐名净空,False,,英语普通词大池,https://regery.com/en/bulksearch,,,,,,
623,raffles.si,,50,仅历史可注册证据（需重查）,,2026-09-30T17:54:12.258Z,raffle复数或动词词形；不借酒店名增值,活动抽奖内容,未做逐名权利净空；普通词义不表示无同名权利,False,,中外公司及品牌扩扫,https://regery.com/en/bulksearch,,,,,,
624,pence.si,词义/用途尚待补充,50,仅历史可注册证据（需重查）,,2026-09-30T15:46:41.446Z,货币单位简短自然，地域受众局限于英镑市场,英国支付与理财产品团队,未做逐名净空,False,,英语普通词大池,https://regery.com/en/bulksearch,,,,,,
625,heng.si,恒,50,仅历史可注册证据（需重查）,,2026-09-30T07:26:36.532Z,恒字有稳定联想，具体收费任务较弱,长期服务与生活方式品牌经营者,未做逐名净空,False,,中文短拼音,https://www.inwx.com/en/domain/check?domain=heng.si,,,,,,
626,zhuo.si,卓,50,仅历史可注册证据（需重查）,,2026-09-30T07:29:16.039Z,卓字积极且易记，缺少直接产品类别,咨询、教育及生活品牌经营者,未做逐名净空,False,,中文短拼音,https://www.inwx.com/en/domain/check?domain=zhuo.si,,,,,,
627,opensourcehardware.si,,50,仅历史可注册证据（需重查）,,2026-09-30T17:38:53.972Z,通用硬件理念；长词折损质量,硬件设计与许可教育,未做逐名权利净空；有普通词义不表示无同名权利,False,,中外公司及品牌扩扫,https://regery.com/en/bulksearch,,,,,,
628,progressivewebapplication.si,,50,仅历史可注册证据（需重查）,,2026-09-30T17:40:41.689Z,通用Web应用概念；英文标签很长,PWA实现与教育工具,未做逐名权利净空；有普通词义不表示无同名权利,False,,中外公司及品牌扩扫,https://regery.com/en/bulksearch,,,,,,
629,coursebook.si,课程手册,49,仅历史可注册证据（需重查）,,2026-09-30T09:10:44.175Z,课程手册可供教育与知识工具；同类命名竞争多,教育与知识工具,未做逐名净空,False,,名称用途与买家复筛,https://regery.com/en/bulksearch,,,,,,
630,lessonplan.si,课程计划,49,仅历史可注册证据（需重查）,,2026-09-30T09:10:44.175Z,课程计划可供教育与知识工具；同类命名竞争多,教育与知识工具,未做逐名净空,False,,名称用途与买家复筛,https://regery.com/en/bulksearch,,,,,,
631,sourcebook.si,资料手册,49,仅历史可注册证据（需重查）,,2026-09-30T09:10:44.175Z,资料手册可供教育与知识工具；同类命名竞争多,教育与知识工具,未做逐名净空,False,,名称用途与买家复筛,https://regery.com/en/bulksearch,,,,,,
632,oakleaf.si,橡树叶,49,近期有普通注册报价（需再确认）,2026-10-01T03:13:35.533Z,2026-09-30T03:46:52.447Z,橡树叶可用于户外与家居；后缀联系弱,户外家居与植物品牌,未做逐名净空,False,,英语普通词大池,https://porkbun.com/checkout/search,,https://regery.com/en/bulksearch,,,,
633,opencage.si,OpenCage,49,仅历史可注册证据（需重查）,,2026-09-30T05:43:16.369Z,开放笼组合可指宠物用品，独立于地理服务品牌,宠物笼具与开放空间商品团队（待核）,未做逐名净空,False,,名称用途与买家复筛；已有品牌与产品名；中外公司及品牌扩扫,https://porkbun.com/checkout/search,,,,,,
634,daywell.si,美好一日,49,近期有普通注册报价（需再确认）,2026-10-01T02:47:31.949Z,2026-09-30T10:19:19.573Z,美好一日可供健康与家居服务；同类命名竞争多,健康与家居服务,未做逐名净空,False,,名称用途与买家复筛,https://porkbun.com/checkout/search,,https://regery.com/en/bulksearch,,,,
635,inkflow.si,墨水流动,49,近期有普通注册报价（需再确认）,2026-10-01T02:47:31.949Z,2026-09-30T09:07:13.172Z,数字书写流程可对应产品；同类命名需核,数字书写团队,未做逐名净空,False,,名称用途与买家复筛,https://regery.com/en/bulksearch,,https://regery.com/en/bulksearch,,,,
636,bucolic.si,田园的；牧歌式的,49,仅历史可注册证据（需重查）,,2026-09-30T10:35:10.678Z,田园的可供生活健康服务；同类命名竞争多,生活健康服务,未做逐名净空,False,,自然意象与真实词,https://www.inwx.com/en/domain/check?domain=bucolic.si,,,,,,
637,gosling.si,小鹅,49,仅历史可注册证据（需重查）,,2026-09-30T08:02:13.042Z,小鹅可供生活健康服务；同类命名竞争多,生活健康服务,未做逐名净空,False,,名称用途与买家复筛；自然意象与真实词；跨方法优选100,https://regery.com/en/domains/search/gosling.si,,,,,,
638,refrain.si,副歌,49,仅历史可注册证据（需重查）,,2026-09-30T12:33:03.967Z,副歌可供教育创作团队；同类命名竞争多,教育创作团队,未做逐名净空,False,,英语普通词大池,https://regery.com/en/bulksearch,,,,,,
639,calmness.si,平静,49,仅历史可注册证据（需重查）,,2026-09-30T12:46:49.617Z,平静可供生活健康服务；同类命名竞争多,生活健康服务,未做逐名净空,False,,英语普通词大池,https://regery.com/en/bulksearch,,,,,,
640,engraved.si,词义/用途尚待补充,49,仅历史可注册证据（需重查）,,2026-09-30T12:58:35.632Z,雕刻完成态可做定制服务；词形弱,定制雕刻团队,未做逐名净空,False,,英语普通词大池,https://regery.com/en/bulksearch,,,,,,
641,silvering.si,镀银；变成银色,49,仅历史可注册证据（需重查）,,2026-09-30T08:03:11.099Z,镀银工艺可对应产品；同类命名需核,饰品工艺团队,未做逐名净空,False,,名称用途与买家复筛；自然意象与真实词；跨方法优选100,https://regery.com/en/domains/search/silvering.si,,,,,,
642,corebeam.si,核心与光束,49,仅历史可注册证据（需重查）,,2026-09-30T10:22:38.016Z,核心与光束可供科研可视化工具；同类命名竞争多,科研可视化工具,未做逐名净空,False,,自然组合与可读品牌词,https://porkbun.com/checkout/search,,,,,,
643,formbeam.si,形态与光束,49,仅历史可注册证据（需重查）,,2026-09-30T10:30:50.437Z,形态与光束可供科研可视化工具；同类命名竞争多,科研可视化工具,未做逐名净空,False,,自然组合与可读品牌词,https://regery.com/en/bulksearch,,,,,,
644,promptpad.si,提示词便笺,49,仅历史可注册证据（需重查）,,2026-09-30T09:07:13.172Z,提示词便笺可对应产品；同类命名需核,提示词工具团队,未做逐名净空,False,,名称用途与买家复筛,https://regery.com/en/bulksearch,,,,,,
645,noteloom.si,笔记与织机,49,仅历史可注册证据（需重查）,,2026-09-30T16:12:37.465Z,组合有一定画面或业务联想，尚未成为自然固定表达,内容创作或工作流产品团队,未做逐名净空,False,,自然组合与可读品牌词,https://regery.com/en/bulksearch,,,,,,
646,noteseed.si,笔记与种子,49,仅历史可注册证据（需重查）,,2026-09-30T16:12:37.465Z,组合有一定画面或业务联想，尚未成为自然固定表达,内容创作或工作流产品团队,未做逐名净空,False,,自然组合与可读品牌词,https://regery.com/en/bulksearch,,,,,,
647,pageseed.si,书页与种子,49,仅历史可注册证据（需重查）,,2026-09-30T16:12:37.465Z,组合有一定画面或业务联想，尚未成为自然固定表达,内容创作或工作流产品团队,未做逐名净空,False,,自然组合与可读品牌词,https://regery.com/en/bulksearch,,,,,,
648,taskloom.si,工作流与协作,49,仅历史可注册证据（需重查）,,2026-09-30T16:15:59.848Z,组合有一定画面或业务联想，尚未成为自然固定表达,内容创作或工作流产品团队,未做逐名净空,False,,自然组合与可读品牌词,https://regery.com/en/bulksearch,,,,,,
649,tracearc.si,轨迹与弧线,49,仅历史可注册证据（需重查）,,2026-09-30T16:17:03.320Z,组合有一定画面或业务联想，尚未成为自然固定表达,内容创作或工作流产品团队,未做逐名净空,False,,自然组合与可读品牌词,https://regery.com/en/bulksearch,,,,,,
650,wordfold.si,词语与折叠,49,仅历史可注册证据（需重查）,,2026-09-30T16:17:03.320Z,组合有一定画面或业务联想，尚未成为自然固定表达,内容创作或工作流产品团队,未做逐名净空,False,,自然组合与可读品牌词,https://regery.com/en/bulksearch,,,,,,
651,wordloom.si,写作与编辑,49,仅历史可注册证据（需重查）,,2026-09-30T16:17:03.320Z,组合有一定画面或业务联想，尚未成为自然固定表达,内容创作或工作流产品团队,未做逐名净空,False,,自然组合与可读品牌词,https://regery.com/en/bulksearch,,,,,,
652,wordseed.si,词语与种子,49,仅历史可注册证据（需重查）,,2026-09-30T16:17:03.320Z,组合有一定画面或业务联想，尚未成为自然固定表达,内容创作或工作流产品团队,未做逐名净空,False,,自然组合与可读品牌词,https://regery.com/en/bulksearch,,,,,,
653,workloom.si,工作流与协作,49,仅历史可注册证据（需重查）,,2026-09-30T16:17:03.320Z,组合有一定画面或业务联想，尚未成为自然固定表达,内容创作或工作流产品团队,未做逐名净空,False,,自然组合与可读品牌词,https://regery.com/en/bulksearch,,,,,,
654,paperloom.si,纸张与织机,49,仅历史可注册证据（需重查）,,2026-09-30T16:19:17.899Z,组合有一定画面或业务联想，尚未成为自然固定表达,内容创作或工作流产品团队,未做逐名净空,False,,自然组合与可读品牌词,https://regery.com/en/bulksearch,,,,,,
655,signalarc.si,信号与弧线,49,仅历史可注册证据（需重查）,,2026-09-30T16:20:14.857Z,组合有一定画面或业务联想，尚未成为自然固定表达,内容创作或工作流产品团队,未做逐名净空,False,,自然组合与可读品牌词,https://regery.com/en/bulksearch,,,,,,
656,storyrise.si,故事与升起,49,仅历史可注册证据（需重查）,,2026-09-30T16:20:14.857Z,组合有一定画面或业务联想，尚未成为自然固定表达,内容创作或工作流产品团队,未做逐名净空,False,,自然组合与可读品牌词,https://regery.com/en/bulksearch,,,,,,
657,thinkfold.si,思考与折叠,49,仅历史可注册证据（需重查）,,2026-09-30T16:20:14.857Z,组合有一定画面或业务联想，尚未成为自然固定表达,内容创作或工作流产品团队,未做逐名净空,False,,自然组合与可读品牌词,https://regery.com/en/bulksearch,,,,,,
658,thinkloom.si,思考与织机,49,仅历史可注册证据（需重查）,,2026-09-30T16:20:14.857Z,组合有一定画面或业务联想，尚未成为自然固定表达,内容创作或工作流产品团队,未做逐名净空,False,,自然组合与可读品牌词,https://regery.com/en/bulksearch,,,,,,
659,tracerise.si,轨迹与升起,49,仅历史可注册证据（需重查）,,2026-09-30T16:20:51.261Z,组合有一定画面或业务联想，尚未成为自然固定表达,内容创作或工作流产品团队,未做逐名净空,False,,自然组合与可读品牌词,https://regery.com/en/bulksearch,,,,,,
660,joust.si,马上长矛比武,49,仅历史可注册证据（需重查）,,2026-09-30T07:15:13.921Z,比武意象鲜明；游戏同名风险需核,竞技游戏与活动品牌,未做逐名净空,False,,名称用途与买家复筛；英语普通词大池,https://www.inwx.com/en/domain/check?domain=joust.si,,,,,,
661,guai.si,词义/用途尚待补充,49,仅历史可注册证据（需重查）,,2026-09-30T10:19:15.628Z,乖字适合亲子宠物，商业品类入口价值一般,亲子陪伴、宠物与生活品牌团队,未做逐名净空,False,,中文短拼音,https://regery.com/en/bulksearch,,,,,,
662,shei.si,词义/用途尚待补充,49,仅历史可注册证据（需重查）,,2026-09-30T10:19:15.628Z,谁字适合问答互动，但收费任务并不直接,身份问答、社交互动及内容团队,未做逐名净空,False,,中文短拼音,https://regery.com/en/bulksearch,,,,,,
663,chunyu.si,春雨,49,仅历史可注册证据（需重查）,,2026-09-30T10:20:06.976Z,春雨适合生活旅宿品牌，具体收费品类指向较弱,旅宿、家居、户外或文化内容经营者（需选主方向）,未做逐名净空,False,,中文短拼音,https://regery.com/en/bulksearch,,,,,,
664,feiyun.si,飞云,49,仅历史可注册证据（需重查）,,2026-09-30T10:20:06.976Z,飞云适合生活旅宿品牌，具体收费品类指向较弱,旅宿、家居、户外或文化内容经营者（需选主方向）,未做逐名净空,False,,中文短拼音,https://regery.com/en/bulksearch,,,,,,
665,haibin.si,海滨,49,仅历史可注册证据（需重查）,,2026-09-30T10:20:06.976Z,海滨适合生活旅宿品牌，具体收费品类指向较弱,旅宿、家居、户外或文化内容经营者（需选主方向）,未做逐名净空,False,,中文短拼音,https://regery.com/en/bulksearch,,,,,,
666,huahai.si,花海,49,仅历史可注册证据（需重查）,,2026-09-30T10:20:06.976Z,花海适合生活旅宿品牌，具体收费品类指向较弱,旅宿、家居、户外或文化内容经营者（需选主方向）,未做逐名净空,False,,中文短拼音,https://regery.com/en/bulksearch,,,,,,
667,senlin.si,森林,49,仅历史可注册证据（需重查）,,2026-09-30T10:20:06.976Z,森林适合生活旅宿品牌，具体收费品类指向较弱,旅宿、家居、户外或文化内容经营者（需选主方向）,未做逐名净空,False,,中文短拼音,https://regery.com/en/bulksearch,,,,,,
668,shatan.si,沙滩,49,仅历史可注册证据（需重查）,,2026-09-30T10:20:06.976Z,沙滩适合生活旅宿品牌，具体收费品类指向较弱,旅宿、家居、户外或文化内容经营者（需选主方向）,未做逐名净空,False,,中文短拼音,https://regery.com/en/bulksearch,,,,,,
669,yunhai.si,云海,49,仅历史可注册证据（需重查）,,2026-09-30T10:20:06.976Z,云海适合生活旅宿品牌，具体收费品类指向较弱,旅宿、家居、户外或文化内容经营者（需选主方向）,未做逐名净空,False,,中文短拼音,https://regery.com/en/bulksearch,,,,,,
670,guanghe.si,光合,49,仅历史可注册证据（需重查）,,2026-09-30T10:21:33.679Z,光合适合生活旅宿品牌，具体收费品类指向较弱,旅宿、家居、户外或文化内容经营者（需选主方向）,未做逐名净空,False,,中文短拼音,https://regery.com/en/bulksearch,,,,,,
671,haifeng.si,海风,49,仅历史可注册证据（需重查）,,2026-09-30T10:21:33.679Z,海风适合生活旅宿品牌，具体收费品类指向较弱,旅宿、家居、户外或文化内容经营者（需选主方向）,未做逐名净空,False,,中文短拼音,https://regery.com/en/bulksearch,,,,,,
672,hailang.si,海浪,49,仅历史可注册证据（需重查）,,2026-09-30T10:21:33.679Z,海浪适合生活旅宿品牌，具体收费品类指向较弱,旅宿、家居、户外或文化内容经营者（需选主方向）,未做逐名净空,False,,中文短拼音,https://regery.com/en/bulksearch,,,,,,
673,mingyue.si,明月,49,仅历史可注册证据（需重查）,,2026-09-30T10:21:33.679Z,明月适合生活旅宿品牌，具体收费品类指向较弱,旅宿、家居、户外或文化内容经营者（需选主方向）,未做逐名净空,False,,中文短拼音,https://regery.com/en/bulksearch,,,,,,
674,qingyun.si,青云,49,仅历史可注册证据（需重查）,,2026-09-30T10:21:33.679Z,青云适合生活旅宿品牌，具体收费品类指向较弱,旅宿、家居、户外或文化内容经营者（需选主方向）,未做逐名净空,False,,中文短拼音,https://regery.com/en/bulksearch,,,,,,
675,qiutian.si,秋天,49,仅历史可注册证据（需重查）,,2026-09-30T10:21:33.679Z,秋天适合生活旅宿品牌，具体收费品类指向较弱,旅宿、家居、户外或文化内容经营者（需选主方向）,未做逐名净空,False,,中文短拼音,https://regery.com/en/bulksearch,,,,,,
676,shanhai.si,山海,49,仅历史可注册证据（需重查）,,2026-09-30T10:21:33.679Z,山海适合生活旅宿品牌，具体收费品类指向较弱,旅宿、家居、户外或文化内容经营者（需选主方向）,未做逐名净空,False,,中文短拼音,https://regery.com/en/bulksearch,,,,,,
677,yunshan.si,云山,49,仅历史可注册证据（需重查）,,2026-09-30T10:21:33.679Z,云山适合生活旅宿品牌，具体收费品类指向较弱,旅宿、家居、户外或文化内容经营者（需选主方向）,未做逐名净空,False,,中文短拼音,https://regery.com/en/bulksearch,,,,,,
678,chunfeng.si,春风,49,仅历史可注册证据（需重查）,,2026-09-30T10:21:33.679Z,春风适合生活旅宿品牌，具体收费品类指向较弱,旅宿、家居、户外或文化内容经营者（需选主方向）,未做逐名净空,False,,中文短拼音,https://regery.com/en/bulksearch,,,,,,
679,dongtian.si,冬天,49,仅历史可注册证据（需重查）,,2026-09-30T10:21:33.679Z,冬天适合生活旅宿品牌，具体收费品类指向较弱,旅宿、家居、户外或文化内容经营者（需选主方向）,未做逐名净空,False,,中文短拼音,https://regery.com/en/bulksearch,,,,,,
680,huaxiang.si,花香,49,仅历史可注册证据（需重查）,,2026-09-30T10:21:33.679Z,花香适合生活旅宿品牌，具体收费品类指向较弱,旅宿、家居、户外或文化内容经营者（需选主方向）,未做逐名净空,False,,中文短拼音,https://regery.com/en/bulksearch,,,,,,
681,qingfeng.si,清风,49,仅历史可注册证据（需重查）,,2026-09-30T10:21:47.376Z,清风适合生活旅宿品牌，具体收费品类指向较弱,旅宿、家居、户外或文化内容经营者（需选主方向）,未做逐名净空,False,,中文短拼音,https://regery.com/en/bulksearch,,,,,,
682,qingshan.si,青山,49,仅历史可注册证据（需重查）,,2026-09-30T10:21:47.376Z,青山适合生活旅宿品牌，具体收费品类指向较弱,旅宿、家居、户外或文化内容经营者（需选主方向）,未做逐名净空,False,,中文短拼音,https://regery.com/en/bulksearch,,,,,,
683,shanshui.si,山水,49,仅历史可注册证据（需重查）,,2026-09-30T10:21:47.376Z,山水适合生活旅宿品牌，具体收费品类指向较弱,旅宿、家居、户外或文化内容经营者（需选主方向）,未做逐名净空,False,,中文短拼音,https://regery.com/en/bulksearch,,,,,,
684,yueguang.si,月光,49,仅历史可注册证据（需重查）,,2026-09-30T10:21:47.376Z,月光适合生活旅宿品牌，具体收费品类指向较弱,旅宿、家居、户外或文化内容经营者（需选主方向）,未做逐名净空,False,,中文短拼音,https://regery.com/en/bulksearch,,,,,,
685,chunguang.si,春光,49,仅历史可注册证据（需重查）,,2026-09-30T10:21:47.376Z,春光适合生活旅宿品牌，具体收费品类指向较弱,旅宿、家居、户外或文化内容经营者（需选主方向）,未做逐名净空,False,,中文短拼音,https://regery.com/en/bulksearch,,,,,,
686,guangnian.si,光年,49,仅历史可注册证据（需重查）,,2026-09-30T10:22:01.478Z,光年适合生活旅宿品牌，具体收费品类指向较弱,旅宿、家居、户外或文化内容经营者（需选主方向）,未做逐名净空,False,,中文短拼音,https://regery.com/en/bulksearch,,,,,,
687,craftwork.si,手工艺；手工制作,49,仅历史可注册证据（需重查）,,2026-09-30T07:50:17.972Z,手作有独立用途；设计与家装同名强,线下工艺教育团队,未做逐名净空,False,,名称用途与买家复筛；英语普通词大池,https://www.inwx.com/en/domain/check?domain=craftwork.si,,,,,,
688,tiao.si,词义/用途尚待补充,49,仅历史可注册证据（需重查）,,2026-09-30T10:19:15.628Z,条跳同音多义，短但产品类别需补充,运动、条码与条目管理工具团队,未做逐名净空,False,,中文短拼音,https://regery.com/en/bulksearch,,,,,,
689,zong.si,词义/用途尚待补充,49,仅历史可注册证据（需重查）,,2026-09-30T10:19:15.628Z,总宗同音用途较宽，名称缺少行业指向,综合资讯、组织服务及品牌团队,未做逐名净空,False,,中文短拼音,https://regery.com/en/bulksearch,,,,,,
690,decrease.si,词义/用途尚待补充,49,仅历史可注册证据（需重查）,,2026-09-30T12:51:50.367Z,降低可做成本工具；负向动词泛化,成本优化工具,未做逐名净空,False,,英语普通词大池,https://regery.com/en/bulksearch,,,,,,
691,remainder.si,词义/用途尚待补充,49,仅历史可注册证据（需重查）,,2026-09-30T13:23:58.981Z,余数可用于教学计算；买家较窄,数学教育团队,未做逐名净空,False,,英语普通词大池,https://regery.com/en/bulksearch,,,,,,
692,plausible.si,词义/用途尚待补充,49,仅历史可注册证据（需重查）,,2026-09-30T13:20:14.296Z,可信合理适合推理工具；抽象,推理产品团队,未做逐名净空,False,,英语普通词大池,https://regery.com/en/bulksearch,,,,,,
693,lunacy.si,疯狂；荒唐,49,仅历史可注册证据（需重查）,,2026-09-30T07:56:54.326Z,疯狂词义适合反差品牌，负面观感使买家面有限,幽默评论、创意娱乐与内容团队,未做逐名净空,False,,名称用途与买家复筛；已有品牌与产品名；英语普通词大池；中外公司及品牌扩扫,https://www.inwx.com/en/domain/check?domain=lunacy.si,,,,,,
694,unifiedmodellinglanguage.si,,49,仅历史可注册证据（需重查）,,2026-09-30T17:45:31.230Z,标准术语有独立用途；全称过长,建模教学与转换工具,未做逐名权利净空；有普通词义不表示无同名权利,False,,中外公司及品牌扩扫,https://regery.com/en/bulksearch,,,,,,
695,crises.si,词义/用途尚待补充,49,仅历史可注册证据（需重查）,,2026-09-30T15:53:56.043Z,危机管理用途存在，负面复数不利大众品牌,危机管理与公益信息团队,未做逐名净空,False,,英语普通词大池,https://regery.com/en/bulksearch,,,,,,
696,purism.si,,49,仅历史可注册证据（需重查）,,2026-09-30T17:40:41.689Z,艺术与语言纯粹主义；抽象买家预算弱,艺术、设计和语言出版,未做逐名权利净空；普通词义不表示无同名权利,False,,中外公司及品牌扩扫,https://regery.com/en/bulksearch,,,,,,
697,dongfang.si,,49,仅历史可注册证据（需重查）,,2026-09-30T17:34:09.683Z,东方普通方位词；限定文化用途独立于电气,东方文化与地域内容,未做逐名权利净空；普通词义不表示无同名权利,False,,中外公司及品牌扩扫,https://my.eurodns.com/das/search,,,,,,
698,pingan.si,,49,仅历史可注册证据（需重查）,,2026-09-30T17:47:08.694Z,平安是普通祝愿；强同名金融品牌另核,祝福礼品与文化内容,未做逐名权利净空；普通词义不表示无同名权利,False,,中外公司及品牌扩扫,https://regery.com/en/bulksearch,,,,,,
699,pian.si,偏私,49,仅历史可注册证据（需重查）,,2026-09-30T10:19:15.628Z,偏私跨点自然但语义负面，商业买家较少,法律伦理及评论内容团队,未做逐名净空,False,,中文短拼音；中文跨点组合,https://regery.com/en/bulksearch,,,,,,
700,cross-chain.si,跨链通信,48,仅历史可注册证据（需重查）,,2026-09-30T15:41:19.769Z,跨链方向真实，但连字符与较窄受众降低转售效率,区块链与密码技术工具团队,未做逐名净空,False,,币圈术语与本土叙事,https://regery.com/en/bulksearch,,,,,,
701,fiat-backed.si,法币储备支持的稳定币,48,仅历史可注册证据（需重查）,,2026-09-30T15:41:19.769Z,法币支持方向真实，但连字符与较窄受众降低转售效率,区块链与密码技术工具团队,未做逐名净空,False,,币圈术语与本土叙事,https://regery.com/en/bulksearch,,,,,,
702,crypto-backed.si,加密资产抵押稳定币,48,仅历史可注册证据（需重查）,,2026-09-30T15:41:19.769Z,加密资产支持方向真实，但连字符与较窄受众降低转售效率,区块链与密码技术工具团队,未做逐名净空,False,,币圈术语与本土叙事,https://regery.com/en/bulksearch,,,,,,
703,quantum-resistant.si,抗量子,48,仅历史可注册证据（需重查）,,2026-09-30T15:41:41.826Z,抗量子方向真实，但连字符与较窄受众降低转售效率,区块链与密码技术工具团队,未做逐名净空,False,,币圈术语与本土叙事,https://regery.com/en/bulksearch,,,,,,
704,inknest.si,墨水与巢,48,仅历史可注册证据（需重查）,,2026-09-30T10:20:05.448Z,墨水与巢可供出版与创作工具；同类命名竞争多,出版与创作工具,未做逐名净空,False,,自然组合与可读品牌词,https://porkbun.com/checkout/search,,,,,,
705,notelab.si,笔记实验室,48,仅历史可注册证据（需重查）,,2026-09-30T09:07:13.172Z,笔记实验室可对应产品；同类命名需核,知识工具团队,未做逐名净空,False,,名称用途与买家复筛,https://regery.com/en/bulksearch,,,,,,
706,carewell.si,日常与生活,48,仅历史可注册证据（需重查）,,2026-09-30T10:22:38.016Z,日常与生活可供生活习惯服务；同类命名竞争多,生活习惯服务,未做逐名净空,False,,自然组合与可读品牌词,https://porkbun.com/checkout/search,,,,,,
707,inkhaven.si,墨水港湾,48,仅历史可注册证据（需重查）,,2026-09-30T07:44:59.761Z,墨水港湾可供出版与创作工具；同类命名竞争多,出版与创作工具,未做逐名净空,False,,AI英文词与组合；名称用途与买家复筛；自然组合与可读品牌词,https://www.inwx.com/en/domain/check?domain=inkhaven.si,,,,,,
708,penhaven.si,笔与港湾,48,仅历史可注册证据（需重查）,,2026-09-30T13:18:03.705Z,笔与港湾可供出版与创作工具；同类命名竞争多,出版与创作工具,未做逐名净空,False,,自然组合与可读品牌词,https://regery.com/en/bulksearch,,,,,,
709,papernest.si,纸张与巢,48,仅历史可注册证据（需重查）,,2026-09-30T13:18:03.705Z,纸张与巢可供出版与创作工具；同类命名竞争多,出版与创作工具,未做逐名净空,False,,自然组合与可读品牌词,https://regery.com/en/bulksearch,,,,,,
710,calmroom.si,日常与生活,48,仅历史可注册证据（需重查）,,2026-09-30T10:27:05.067Z,日常与生活工作室可供生活习惯服务；同类命名竞争多,生活习惯服务,未做逐名净空,False,,自然组合与可读品牌词,https://regery.com/en/bulksearch,,,,,,
711,carepath.si,照护路径,48,仅历史可注册证据（需重查）,,2026-09-30T07:42:25.027Z,照护路径可供生活习惯服务；同类命名竞争多,生活习惯服务,未做逐名净空,False,,名称用途与买家复筛；自然组合与可读品牌词,https://www.inwx.com/en/domain/check?domain=carepath.si,,,,,,
712,homeleaf.si,日常与生活,48,仅历史可注册证据（需重查）,,2026-09-30T10:30:50.437Z,日常与生活可供生活习惯服务；同类命名竞争多,生活习惯服务,未做逐名净空,False,,自然组合与可读品牌词,https://regery.com/en/bulksearch,,,,,,
713,inkfield.si,墨水与田野,48,仅历史可注册证据（需重查）,,2026-09-30T10:21:47.376Z,墨水与田野可供出版与创作工具；同类命名竞争多,出版与创作工具,未做逐名净空,False,,自然组合与可读品牌词,https://regery.com/en/bulksearch,,,,,,
714,inkgrove.si,墨水与树林,48,仅历史可注册证据（需重查）,,2026-09-30T10:21:47.376Z,墨水与树林可供出版与创作工具；同类命名竞争多,出版与创作工具,未做逐名净空,False,,自然组合与可读品牌词,https://regery.com/en/bulksearch,,,,,,
715,mealpath.si,日常与生活,48,仅历史可注册证据（需重查）,,2026-09-30T10:32:43.695Z,日常与生活路径可供生活习惯服务；同类命名竞争多,生活习惯服务,未做逐名净空,False,,自然组合与可读品牌词,https://regery.com/en/bulksearch,,,,,,
716,indoors.si,词义/用途尚待补充,48,仅历史可注册证据（需重查）,,2026-09-30T13:07:27.316Z,室内主题适合空间服务；行业竞争多,室内空间服务,未做逐名净空,False,,英语普通词大池,https://regery.com/en/bulksearch,,,,,,
717,lustrous.si,有光泽的；光亮的,48,仅历史可注册证据（需重查）,,2026-09-30T09:13:01.677Z,有光泽适合珠宝；美妆同名需核,珠宝材料团队,未做逐名净空,False,,名称用途与买家复筛；自然意象与真实词；跨方法优选100,https://regery.com/en/bulksearch,,,,,,
718,watering.si,词义/用途尚待补充,48,仅历史可注册证据（需重查）,,2026-09-30T13:40:12.722Z,浇水动作可做园艺工具；词形泛,园艺用品团队,未做逐名净空,False,,英语普通词大池,https://regery.com/en/bulksearch,,,,,,
719,prismkit.si,棱镜工具包,48,仅历史可注册证据（需重查）,,2026-09-30T07:42:16.985Z,棱镜工具包偏设计；已有同业产品,光学教学团队,未做逐名净空,False,,名称用途与买家复筛；自然组合与可读品牌词；跨方法优选100,https://www.inwx.com/en/domain/check?domain=prismkit.si,,,,,,
720,artloom.si,艺术织机,48,仅历史可注册证据（需重查）,,2026-09-30T07:39:20.722Z,艺术织机可供创意设计工具；组合意象较抽象,创意设计工具,未做逐名净空,False,,名称用途与买家复筛；自然组合与可读品牌词,https://www.inwx.com/en/domain/check?domain=artloom.si,,,,,,
721,makeloom.si,创作与设计,48,仅历史可注册证据（需重查）,,2026-09-30T10:32:43.695Z,创作与设计可供创意设计工具；组合意象较抽象,创意设计工具,未做逐名净空,False,,自然组合与可读品牌词,https://regery.com/en/bulksearch,,,,,,
722,idealoom.si,创作与设计,48,仅历史可注册证据（需重查）,,2026-09-30T10:32:43.695Z,创作与设计可供创意设计工具；组合意象较抽象,创意设计工具,未做逐名净空,False,,自然组合与可读品牌词,https://regery.com/en/bulksearch,,,,,,
723,shua.si,词义/用途尚待补充,48,仅历史可注册证据（需重查）,,2026-09-30T10:19:15.628Z,刷字应用广但含义分散，缺少主产品方向,清洁工具、支付教学或生活内容团队,未做逐名净空,False,,中文短拼音,https://regery.com/en/bulksearch,,,,,,
724,zhua.si,词义/用途尚待补充,48,仅历史可注册证据（需重查）,,2026-09-30T10:19:15.628Z,抓字有动作工具联想，单字品牌需求偏泛,抓取工具、亲子互动及内容团队,未做逐名净空,False,,中文短拼音,https://regery.com/en/bulksearch,,,,,,
725,tighten.si,词义/用途尚待补充,48,仅历史可注册证据（需重查）,,2026-09-30T13:34:03.580Z,收紧动作可做紧固工具；单词较泛,工业紧固团队,未做逐名净空,False,,英语普通词大池,https://regery.com/en/bulksearch,,,,,,
726,wails.si,Wails,48,仅历史可注册证据（需重查）,,2026-09-30T06:07:34.331Z,哀声普通含义适合音效，负面观感限制品牌需求,音效素材、声音教育与创作内容团队,未做逐名净空,False,,名称用途与买家复筛；已有品牌与产品名；中外公司及品牌扩扫,https://porkbun.com/checkout/search,,,,,,
727,snort.si,喷鼻息；哼声,48,仅历史可注册证据（需重查）,,2026-09-30T07:56:54.309Z,喷鼻息普通词适合音效，商业用途较窄,动物音效、幽默内容与声音素材团队,未做逐名净空,False,,名称用途与买家复筛；已有品牌与产品名；英语普通词大池；中外公司及品牌扩扫,https://www.inwx.com/en/domain/check?domain=snort.si,,,,,,
728,anki.si,日语暗记；背诵,48,近期有普通注册报价（需再确认）,2026-10-01T04:11:22.036Z,2026-09-30T04:49:10.185Z,日语背诵词义成立，学习行业强同名仍需核,日语学习与记忆服务团队,未做逐名净空,False,,名称用途与买家复筛；已有品牌与产品名；已有品牌采用优选50；跨方法优选100；中外公司及品牌扩扫,https://porkbun.com/checkout/search,,https://regery.com/en/bulksearch,,,,13.99
729,floatplane.si,,48,仅历史可注册证据（需重查）,,2026-09-30T17:30:50.617Z,浮筒水上飞机；不同于源视频平台,水上航空知识与旅游,未做逐名权利净空；普通词义不表示无同名权利,False,,中外公司及品牌扩扫,https://regery.com/en/bulksearch,,,,,,
730,jinja.si,Jinja,48,仅历史可注册证据（需重查）,,2026-09-30T04:59:43.649Z,神社罗马字适合旅行文化，技术品牌用途另核,日本神社旅行与文化内容团队,未做逐名净空,False,,名称用途与买家复筛；已有品牌与产品名；中外公司及品牌扩扫,https://porkbun.com/checkout/search,,,,,,
731,prettier.si,,48,仅历史可注册证据（需重查）,,2026-09-30T17:40:02.310Z,完整普通词；与代码格式化用途可分,美容造型与视觉内容,未做逐名权利净空；有普通词义不表示无同名权利,False,,中外公司及品牌扩扫,https://regery.com/en/bulksearch,,,,,,
732,overleaf.si,,48,仅历史可注册证据（需重查）,,2026-09-30T17:38:53.972Z,翻页背面为真词；出版方向与源产品相邻,纸质出版和阅读内容,未做逐名权利净空；普通词义不表示无同名权利,False,,中外公司及品牌扩扫,https://regery.com/en/bulksearch,,,,,,
733,zhigongwu.si,至公无私,48,仅历史可注册证据（需重查）,,2026-09-30T10:22:01.478Z,至公无私较生僻，跨点成立但品牌传播偏弱,伦理内容、文化教育及组织团队,未做逐名净空,False,,中文跨点组合,https://regery.com/en/bulksearch,,,,,,
734,hengli.si,,48,仅历史可注册证据（需重查）,,2026-09-30T17:46:58.164Z,恒力可解释恒定力；机械教育名称受众窄,恒定力物理教育,未做逐名权利净空；普通词义不表示无同名权利,False,,中外公司及品牌扩扫,https://my.eurodns.com/das/search,,,,,,
735,moodcraft.si,情绪创作,47,仅历史可注册证据（需重查）,,2026-09-30T13:11:54.871Z,情绪创作可供内容创作团队；同类命名竞争多,内容创作团队,未做逐名净空,False,,名称用途与买家复筛,https://regery.com/en/bulksearch,,,,,,
736,mewe.si,我与我们,47,仅历史可注册证据（需重查）,,2026-09-30T04:49:10.185Z,我与我们易读，需避开同名社交方向并聚焦用途,家庭共同学习与生活品牌团队,未做逐名净空,False,,名称用途与买家复筛；已有品牌与产品名；中外公司及品牌扩扫,https://porkbun.com/checkout/search,,,,,,
737,playtoearn.si,边玩边赚,47,仅历史可注册证据（需重查）,,2026-09-30T15:41:19.769Z,技术词义稳定而较长，垂直用途清楚但受众集中,区块链游戏内容与工具团队,未做逐名净空,False,,币圈术语与本土叙事,https://regery.com/en/bulksearch,,,,,,
738,bookrise.si,书与升起,47,仅历史可注册证据（需重查）,,2026-09-30T10:22:38.016Z,书与升起可供出版与创作工具；组合意象较抽象,出版与创作工具,未做逐名净空,False,,自然组合与可读品牌词,https://porkbun.com/checkout/search,,,,,,
739,bookseed.si,书与种子,47,仅历史可注册证据（需重查）,,2026-09-30T10:22:38.016Z,书与种子可供出版与创作工具；同类命名竞争多,出版与创作工具,未做逐名净空,False,,自然组合与可读品牌词,https://porkbun.com/checkout/search,,,,,,
740,learnrise.si,学习与升起,47,仅历史可注册证据（需重查）,,2026-09-30T10:32:43.695Z,学习与升起可供出版与创作工具；组合意象较抽象,出版与创作工具,未做逐名净空,False,,自然组合与可读品牌词,https://regery.com/en/bulksearch,,,,,,
741,storyloom.si,故事与织机,47,仅历史可注册证据（需重查）,,2026-09-30T13:29:57.470Z,故事与织机可供出版与创作工具；组合意象较抽象,出版与创作工具,未做逐名净空,False,,自然组合与可读品牌词,https://regery.com/en/bulksearch,,,,,,
742,storyseed.si,故事与种子,47,仅历史可注册证据（需重查）,,2026-09-30T10:22:01.478Z,故事与种子可供出版与创作工具；同类命名竞争多,出版与创作工具,未做逐名净空,False,,自然组合与可读品牌词,https://regery.com/en/bulksearch,,,,,,
743,atlasline.si,地图集与线条,47,仅历史可注册证据（需重查）,,2026-09-30T10:22:36.648Z,地图线用途可说明，但仍需验证独立采用与后缀匹配,地图与旅行设计团队,未做逐名净空,False,,自然组合与可读品牌词,https://regery.com/en/bulksearch,,,,,,
744,debris.si,词义/用途尚待补充,47,仅历史可注册证据（需重查）,,2026-09-30T12:51:50.367Z,碎屑可用于清理监测；行业较窄,环境清理团队,未做逐名净空,False,,英语普通词大池,https://regery.com/en/bulksearch,,,,,,
745,evenly.si,词义/用途尚待补充,47,仅历史可注册证据（需重查）,,2026-09-30T12:58:35.632Z,均匀分配可做工具；单独副词抽象,分配与计算工具,未做逐名净空,False,,英语普通词大池,https://regery.com/en/bulksearch,,,,,,
746,electoral.si,词义/用途尚待补充,47,仅历史可注册证据（需重查）,,2026-09-30T12:56:16.769Z,选举用途明确；合规与周期限制,选举数据团队,未做逐名净空,False,,英语普通词大池,https://regery.com/en/bulksearch,,,,,,
747,lemmy.si,莱米；人名昵称,47,仅历史可注册证据（需重查）,,2026-09-30T04:59:43.649Z,人名昵称可作文化品牌，独立买家范围较窄,音乐、个人内容与文化商品经营者,未做逐名净空,False,,名称用途与买家复筛；已有品牌与产品名；已有品牌采用优选50；跨方法优选100；中外公司及品牌扩扫,https://porkbun.com/checkout/search,,,,,,
748,bentobox.si,,47,仅历史可注册证据（需重查）,,2026-09-30T17:27:42.109Z,食品品类词可独立使用；同业经营已撞名,餐盒与日式餐饮商品,未做逐名权利净空；有普通词义不表示无同名权利,False,,中外公司及品牌扩扫,https://regery.com/en/bulksearch,,,,,,
749,breakfree.si,,47,仅历史可注册证据（需重查）,,2026-09-30T17:54:12.258Z,九字母自然短语；独立于酒店,健身或习惯训练服务,未做逐名权利净空；有普通词义不表示无同名权利,False,,中外公司及品牌扩扫,https://regery.com/en/bulksearch,,,,,,
750,lobsters.si,,47,仅历史可注册证据（需重查）,,2026-09-30T17:36:31.187Z,常见动物/食材词；复数仍自然,海鲜餐饮与海洋教育,未做逐名权利净空；有普通词义不表示无同名权利,False,,中外公司及品牌扩扫,https://regery.com/en/bulksearch,,,,,,
751,dovecot.si,,47,仅历史可注册证据（需重查）,,2026-09-30T17:30:21.419Z,七字母自然物名；园艺行业独立,花园鸟舍与观鸟产品,未做逐名权利净空；有普通词义不表示无同名权利,False,,中外公司及品牌扩扫,https://regery.com/en/bulksearch,,,,,,
752,catamount.si,,47,仅历史可注册证据（需重查）,,2026-09-30T17:55:47.847Z,九字母真词；动物意象鲜明,野生动物教育与户外品牌,未做逐名权利净空；有普通词义不表示无同名权利,False,,中外公司及品牌扩扫,https://regery.com/en/bulksearch,,,,,,
753,tokendock.si,词元停靠站,47,仅历史可注册证据（需重查）,,2026-09-30T09:04:26.868Z,现有同业同名线索待核，独立用途与名称替代仍不清,词元工作台软件或服务团队,未做逐名净空,False,,AI英文词与组合,https://www.inwx.com/en/domain/check?domain=tokendock.si,,,,,,
754,frigate.si,,47,仅历史可注册证据（需重查）,,2026-09-30T17:30:50.617Z,军舰种类是真实词；模型与海事独立,海事教育与舰船模型,未做逐名权利净空；有普通词义不表示无同名权利,False,,中外公司及品牌扩扫,https://regery.com/en/bulksearch,,,,,,
755,alla.si,那边可以,47,仅历史可注册证据（需重查）,,2026-09-30T10:19:15.628Z,那边可以可读跨点短语；语法须母语复核,西语消费者品牌,未做逐名净空,False,,西语跨点组合,https://regery.com/en/bulksearch,,,,,,
756,antes.si,以前可以,47,仅历史可注册证据（需重查）,,2026-09-30T10:19:15.628Z,以前可以可读跨点短语；语法须母语复核,西语消费者品牌,未做逐名净空,False,,西语跨点组合,https://regery.com/en/bulksearch,,,,,,
757,aquel.si,远处那个可以,47,仅历史可注册证据（需重查）,,2026-09-30T10:19:15.628Z,远处那个可以可读跨点短语；语法须母语复核,西语消费者品牌,未做逐名净空,False,,西语跨点组合,https://regery.com/en/bulksearch,,,,,,
758,conel.si,和他一起可以,47,仅历史可注册证据（需重查）,,2026-09-30T10:19:15.628Z,和他一起可以可读跨点短语；语法须母语复核,西语消费者品牌,未做逐名净空,False,,西语跨点组合,https://regery.com/en/bulksearch,,,,,,
759,pormi.si,我这边可以,47,仅历史可注册证据（需重查）,,2026-09-30T10:20:06.976Z,我这边可以可读跨点短语；语法须母语复核,西语消费者品牌,未做逐名净空,False,,西语跨点组合,https://regery.com/en/bulksearch,,,,,,
760,aveces.si,有时可以,47,仅历史可注册证据（需重查）,,2026-09-30T10:20:06.976Z,有时可以可读跨点短语；语法须母语复核,西语消费者品牌,未做逐名净空,False,,西语跨点组合,https://regery.com/en/bulksearch,,,,,,
761,parami.si,对我来说是,47,仅历史可注册证据（需重查）,,2026-09-30T10:20:06.976Z,对我来说是可读跨点短语；语法须母语复核,西语消费者品牌,未做逐名净空,False,,西语跨点组合,https://regery.com/en/bulksearch,,,,,,
762,parati.si,对你来说是,47,仅历史可注册证据（需重查）,,2026-09-30T10:20:06.976Z,对你来说是可读跨点短语；语法须母语复核,西语消费者品牌,未做逐名净空,False,,西语跨点组合,https://regery.com/en/bulksearch,,,,,,
763,quizas.si,也许是,47,仅历史可注册证据（需重查）,,2026-09-30T10:20:06.976Z,也许是可读跨点短语；语法须母语复核,西语消费者品牌,未做逐名净空,False,,西语跨点组合,https://regery.com/en/bulksearch,,,,,,
764,conella.si,和她一起可以,47,仅历史可注册证据（需重查）,,2026-09-30T10:20:06.976Z,和她一起可以可读跨点短语；语法须母语复核,西语消费者品牌,未做逐名净空,False,,西语跨点组合,https://regery.com/en/bulksearch,,,,,,
765,conmigo.si,和我一起可以,47,仅历史可注册证据（需重查）,,2026-09-30T10:20:06.976Z,和我一起可以可读跨点短语；语法须母语复核,西语消费者品牌,未做逐名净空,False,,西语跨点组合,https://regery.com/en/bulksearch,,,,,,
766,despues.si,之后可以,47,仅历史可注册证据（需重查）,,2026-09-30T10:20:06.976Z,之后可以可读跨点短语；语法须母语复核,西语消费者品牌,未做逐名净空,False,,西语跨点组合,https://regery.com/en/bulksearch,,,,,,
767,nuestro.si,我们的赞成,47,仅历史可注册证据（需重查）,,2026-09-30T10:21:33.679Z,我们的赞成可读跨点短语；语法须母语复核,西语消费者品牌,未做逐名净空,False,,西语跨点组合,https://regery.com/en/bulksearch,,,,,,
768,krita.si,Krita,47,仅历史可注册证据（需重查）,,2026-09-30T04:59:43.649Z,瑞典语粉笔词义成立，目标语言受众偏窄,瑞典语文具材料与教育经营者,未做逐名净空,False,,名称用途与买家复筛；已有品牌与产品名；中外公司及品牌扩扫,https://porkbun.com/checkout/search,,,,,,
769,tauri.si,公牛／Taurus 词根联想,47,仅历史可注册证据（需重查）,,2026-09-30T05:17:51.467Z,金牛座拉丁语属格有星名用途，受众专业且窄,天文教育、观测与星名内容团队,未做逐名净空,False,,名称用途与买家复筛；已有品牌与产品名；中外公司及品牌扩扫,https://porkbun.com/checkout/search,,,,,,
770,marketlens.si,市场透镜,46,仅历史可注册证据（需重查）,,2026-09-30T09:10:44.175Z,市场分析有商业预算；词较常见,市场研究团队,未做逐名净空,False,,名称用途与买家复筛,https://regery.com/en/bulksearch,,,,,,
771,tracepoint.si,追踪点,46,仅历史可注册证据（需重查）,,2026-09-30T09:10:44.175Z,追踪点适合供应链观测；含义略泛,供应链工具团队,未做逐名净空,False,,名称用途与买家复筛,https://regery.com/en/bulksearch,,,,,,
772,invoicehub.si,发票中心,46,仅历史可注册证据（需重查）,,2026-09-30T09:10:44.175Z,发票中心有明确企业需求；同类拥挤,企业财务团队,未做逐名净空,False,,名称用途与买家复筛,https://regery.com/en/bulksearch,,,,,,
773,archivekit.si,档案工具包,46,仅历史可注册证据（需重查）,,2026-09-30T09:10:44.175Z,档案工具包可供教育与知识工具；同类命名竞争多,教育与知识工具,未做逐名净空,False,,名称用途与买家复筛,https://regery.com/en/bulksearch,,,,,,
774,classguide.si,课堂指南,46,仅历史可注册证据（需重查）,,2026-09-30T10:27:05.067Z,课堂指南可供教育与知识工具；同类命名竞争多,教育与知识工具,未做逐名净空,False,,名称用途与买家复筛,https://regery.com/en/bulksearch,,,,,,
775,codeledger.si,代码台账,46,仅历史可注册证据（需重查）,,2026-09-30T10:27:05.067Z,代码台账可供测量与开发工具；买家预算尚未核,测量与开发工具,未做逐名净空,False,,名称用途与买家复筛,https://regery.com/en/bulksearch,,,,,,
776,colorcraft.si,色彩技艺,46,仅历史可注册证据（需重查）,,2026-09-30T09:10:44.175Z,色彩技艺可供内容创作团队；同类命名竞争多,内容创作团队,未做逐名净空,False,,名称用途与买家复筛,https://regery.com/en/bulksearch,,,,,,
777,dealledger.si,交易总账,46,仅历史可注册证据（需重查）,,2026-09-30T10:28:20.587Z,交易总账可供经营软件团队；买家预算尚未核,经营软件团队,未做逐名净空,False,,名称用途与买家复筛,https://regery.com/en/bulksearch,,,,,,
778,factledger.si,事实台账,46,仅历史可注册证据（需重查）,,2026-09-30T10:28:20.587Z,事实台账可供教育与知识工具；同类命名竞争多,教育与知识工具,未做逐名净空,False,,名称用途与买家复筛,https://regery.com/en/bulksearch,,,,,,
779,framepress.si,画面出版,46,仅历史可注册证据（需重查）,,2026-09-30T10:30:50.437Z,画面出版可供内容创作团队；同类命名竞争多,内容创作团队,未做逐名净空,False,,名称用途与买家复筛,https://regery.com/en/bulksearch,,,,,,
780,measurekit.si,测量工具包,46,仅历史可注册证据（需重查）,,2026-09-30T10:32:43.695Z,测量工具包可供测量与开发工具；买家预算尚未核,测量与开发工具,未做逐名净空,False,,名称用途与买家复筛,https://regery.com/en/bulksearch,,,,,,
781,measuremap.si,测量地图,46,仅历史可注册证据（需重查）,,2026-09-30T10:32:43.695Z,测量地图可供测量与开发工具；买家预算尚未核,测量与开发工具,未做逐名净空,False,,名称用途与买家复筛,https://regery.com/en/bulksearch,,,,,,
782,metercheck.si,仪表校验,46,仅历史可注册证据（需重查）,,2026-09-30T10:32:43.695Z,仪表校验可供测量与开发工具；买家预算尚未核,测量与开发工具,未做逐名净空,False,,名称用途与买家复筛,https://regery.com/en/bulksearch,,,,,,
783,modelscope.si,模型视野,46,仅历史可注册证据（需重查）,,2026-09-30T09:10:44.175Z,模型视图可供测量与开发工具；买家预算尚未核,测量与开发工具,未做逐名净空,False,,名称用途与买家复筛；中外公司及品牌扩扫,https://regery.com/en/bulksearch,,,,,,
784,orderpulse.si,订单脉搏,46,仅历史可注册证据（需重查）,,2026-09-30T13:16:37.968Z,订单脉搏可供经营软件团队；买家预算尚未核,经营软件团队,未做逐名净空,False,,名称用途与买家复筛,https://regery.com/en/bulksearch,,,,,,
785,photofolio.si,摄影作品集,46,仅历史可注册证据（需重查）,,2026-09-30T12:23:02.905Z,摄影作品集可供内容创作团队；同类命名竞争多,内容创作团队,未做逐名净空,False,,名称用途与买家复筛,https://regery.com/en/bulksearch,,,,,,
786,profitnote.si,利润笔记,46,仅历史可注册证据（需重查）,,2026-09-30T13:21:40.731Z,利润笔记可供经营软件团队；买家预算尚未核,经营软件团队,未做逐名净空,False,,名称用途与买家复筛,https://regery.com/en/bulksearch,,,,,,
787,promptflow.si,提示词流程,46,仅历史可注册证据（需重查）,,2026-09-30T09:07:13.172Z,提示词流程可对应产品；同类命名需核,模型工作流团队,未做逐名净空,False,,名称用途与买家复筛,https://regery.com/en/bulksearch,,,,,,
788,readledger.si,阅读记录,46,仅历史可注册证据（需重查）,,2026-09-30T13:22:43.452Z,阅读记录台账可供教育与知识工具；同类命名竞争多,教育与知识工具,未做逐名净空,False,,名称用途与买家复筛,https://regery.com/en/bulksearch,,,,,,
789,scriptroom.si,剧本工作室,46,仅历史可注册证据（需重查）,,2026-09-30T13:24:53.872Z,剧本工作室可供内容创作团队；同类命名竞争多,内容创作团队,未做逐名净空,False,,名称用途与买家复筛,https://regery.com/en/bulksearch,,,,,,
790,sensorbook.si,传感器记录,46,仅历史可注册证据（需重查）,,2026-09-30T13:26:18.691Z,传感器记录手册可供测量与开发工具；买家预算尚未核,测量与开发工具,未做逐名净空,False,,名称用途与买家复筛,https://regery.com/en/bulksearch,,,,,,
791,soundcraft.si,声音创作,46,仅历史可注册证据（需重查）,,2026-09-30T09:10:44.175Z,声音创作可供内容创作团队；同类命名竞争多,内容创作团队,未做逐名净空,False,,名称用途与买家复筛,https://regery.com/en/bulksearch,,,,,,
792,soundprint.si,声纹作品,46,仅历史可注册证据（需重查）,,2026-09-30T12:29:34.753Z,声纹作品可供内容创作团队；同类命名竞争多,内容创作团队,未做逐名净空,False,,名称用途与买家复筛,https://regery.com/en/bulksearch,,,,,,
793,storyframe.si,故事框架,46,仅历史可注册证据（需重查）,,2026-09-30T12:34:18.296Z,故事框架可供内容创作团队；同类命名竞争多,内容创作团队,未做逐名净空,False,,名称用途与买家复筛,https://regery.com/en/bulksearch,,,,,,
794,studycraft.si,学习技艺,46,仅历史可注册证据（需重查）,,2026-09-30T13:29:57.470Z,学习技艺可供教育与知识工具；同类命名竞争多,教育与知识工具,未做逐名净空,False,,名称用途与买家复筛,https://regery.com/en/bulksearch,,,,,,
795,supplylane.si,供应通道,46,仅历史可注册证据（需重查）,,2026-09-30T13:29:57.470Z,供应通道可供经营软件团队；买家预算尚未核,经营软件团队,未做逐名净空,False,,名称用途与买家复筛,https://regery.com/en/bulksearch,,,,,,
796,testledger.si,测试台账,46,仅历史可注册证据（需重查）,,2026-09-30T13:34:03.580Z,测试台账可供测量与开发工具；买家预算尚未核,测量与开发工具,未做逐名净空,False,,名称用途与买家复筛,https://regery.com/en/bulksearch,,,,,,
797,thinkguide.si,思考指南,46,仅历史可注册证据（需重查）,,2026-09-30T13:34:03.580Z,思考指南可供教育与知识工具；同类命名竞争多,教育与知识工具,未做逐名净空,False,,名称用途与买家复筛,https://regery.com/en/bulksearch,,,,,,
798,topicguide.si,主题指南,46,仅历史可注册证据（需重查）,,2026-09-30T13:36:04.286Z,主题指南可供教育与知识工具；同类命名竞争多,教育与知识工具,未做逐名净空,False,,名称用途与买家复筛,https://regery.com/en/bulksearch,,,,,,
799,unitledger.si,单位台账,46,仅历史可注册证据（需重查）,,2026-09-30T13:37:55.251Z,单位台账可供测量与开发工具；买家预算尚未核,测量与开发工具,未做逐名净空,False,,名称用途与买家复筛,https://regery.com/en/bulksearch,,,,,,
800,vectorpath.si,向量路径,46,仅历史可注册证据（需重查）,,2026-09-30T09:10:44.175Z,向量路径可供测量与开发工具；买家预算尚未核,测量与开发工具,未做逐名净空,False,,名称用途与买家复筛,https://regery.com/en/bulksearch,,,,,,
801,voiceatlas.si,声音图谱,46,仅历史可注册证据（需重查）,,2026-09-30T13:39:05.967Z,声音图谱可供内容创作团队；同类命名竞争多,内容创作团队,未做逐名净空,False,,名称用途与买家复筛,https://regery.com/en/bulksearch,,,,,,
802,wordstudio.si,文字工作室,46,仅历史可注册证据（需重查）,,2026-09-30T13:40:12.722Z,文字工作室可供内容创作团队；同类命名竞争多,内容创作团队,未做逐名净空,False,,名称用途与买家复筛,https://regery.com/en/bulksearch,,,,,,
803,yieldwatch.si,收益监测,46,仅历史可注册证据（需重查）,,2026-09-30T13:41:28.760Z,收益监测可供经营软件团队；买家预算尚未核,经营软件团队,未做逐名净空,False,,名称用途与买家复筛,https://regery.com/en/bulksearch,,,,,,
804,agentrelay.si,词义/用途尚待补充,46,仅历史可注册证据（需重查）,,2026-09-30T10:22:01.478Z,词根能拼出技术任务，但未见固定名称或采用该域名的理由,智能体转发软件或服务团队,未做逐名净空,False,,初始商业与技术词,https://regery.com/en/bulksearch,,,,,,
805,agenttrace.si,词义/用途尚待补充,46,仅历史可注册证据（需重查）,,2026-09-30T10:22:01.478Z,追踪智能体是具体任务，组合长且同义替代多,智能体可观测性工具团队,未做逐名净空,False,,初始商业与技术词,https://regery.com/en/bulksearch,,,,,,
806,evalreport.si,词义/用途尚待补充,46,仅历史可注册证据（需重查）,,2026-09-30T10:22:01.478Z,词根能拼出技术任务，但未见固定名称或采用该域名的理由,评测报告软件或服务团队,未做逐名净空,False,,初始商业与技术词,https://regery.com/en/bulksearch,,,,,,
807,modelproof.si,词义/用途尚待补充,46,仅历史可注册证据（需重查）,,2026-09-30T10:22:01.478Z,词根能拼出技术任务，但未见固定名称或采用该域名的理由,模型验证软件或服务团队,未做逐名净空,False,,初始商业与技术词,https://regery.com/en/bulksearch,,,,,,
808,proofagent.si,词义/用途尚待补充,46,仅历史可注册证据（需重查）,,2026-09-30T10:22:01.478Z,智能体验证方向可解释，但英语词序偏生硬,AI验证与审计工具团队,未做逐名净空,False,,初始商业与技术词,https://regery.com/en/bulksearch,,,,,,
809,proofmodel.si,词义/用途尚待补充,46,仅历史可注册证据（需重查）,,2026-09-30T10:22:01.478Z,词根能拼出技术任务，但未见固定名称或采用该域名的理由,验证模型软件或服务团队,未做逐名净空,False,,初始商业与技术词,https://regery.com/en/bulksearch,,,,,,
810,robotguard.si,词义/用途尚待补充,46,仅历史可注册证据（需重查）,,2026-09-30T10:22:01.478Z,词根能拼出技术任务，但未见固定名称或采用该域名的理由,机器人防护软件或服务团队,未做逐名净空,False,,初始商业与技术词,https://regery.com/en/bulksearch,,,,,,
811,toolpermit.si,词义/用途尚待补充,46,仅历史可注册证据（需重查）,,2026-09-30T10:22:36.648Z,词根能拼出技术任务，但未见固定名称或采用该域名的理由,工具授权许可软件或服务团队,未做逐名净空,False,,初始商业与技术词,https://regery.com/en/bulksearch,,,,,,
812,trustmodel.si,词义/用途尚待补充,46,仅历史可注册证据（需重查）,,2026-09-30T10:22:36.648Z,词根能拼出技术任务，但未见固定名称或采用该域名的理由,信任模型软件或服务团队,未做逐名净空,False,,初始商业与技术词,https://regery.com/en/bulksearch,,,,,,
813,weightsafe.si,词义/用途尚待补充,46,仅历史可注册证据（需重查）,,2026-09-30T10:22:36.648Z,词根能拼出技术任务，但未见固定名称或采用该域名的理由,权重安全软件或服务团队,未做逐名净空,False,,初始商业与技术词,https://regery.com/en/bulksearch,,,,,,
814,researchlog.si,研究日志,46,仅历史可注册证据（需重查）,,2026-09-30T13:23:58.981Z,研究日志可理解，但拼接未证为固定术语或独立品牌,研究日志软件或服务团队,未做逐名净空,False,,名称用途与买家复筛,https://regery.com/en/bulksearch,,,,,,
815,tradeledger.si,贸易台账,46,仅历史可注册证据（需重查）,,2026-09-30T13:36:04.286Z,交易台账可理解，但拼接未证为固定术语或独立品牌,交易台账软件或服务团队,未做逐名净空,False,,名称用途与买家复筛,https://regery.com/en/bulksearch,,,,,,
816,agentbroker.si,词义/用途尚待补充,46,仅历史可注册证据（需重查）,,2026-09-30T10:22:36.648Z,词根能拼出技术任务，但未见固定名称或采用该域名的理由,智能体撮合软件或服务团队,未做逐名净空,False,,初始商业与技术词,https://regery.com/en/bulksearch,,,,,,
817,agentescrow.si,词义/用途尚待补充,46,仅历史可注册证据（需重查）,,2026-09-30T10:22:36.648Z,词根能拼出技术任务，但未见固定名称或采用该域名的理由,智能体托管软件或服务团队,未做逐名净空,False,,初始商业与技术词,https://regery.com/en/bulksearch,,,,,,
818,agentledger.si,词义/用途尚待补充,46,仅历史可注册证据（需重查）,,2026-09-30T10:22:36.648Z,词根能拼出技术任务，但未见固定名称或采用该域名的理由,智能体台账软件或服务团队,未做逐名净空,False,,初始商业与技术词,https://regery.com/en/bulksearch,,,,,,
819,agentpermit.si,词义/用途尚待补充,46,仅历史可注册证据（需重查）,,2026-09-30T10:22:36.648Z,词根能拼出技术任务，但未见固定名称或采用该域名的理由,智能体授权许可软件或服务团队,未做逐名净空,False,,初始商业与技术词,https://regery.com/en/bulksearch,,,,,,
820,latentaudit.si,词义/用途尚待补充,46,仅历史可注册证据（需重查）,,2026-09-30T10:22:36.648Z,词根能拼出技术任务，但未见固定名称或采用该域名的理由,潜变量审计软件或服务团队,未做逐名净空,False,,初始商业与技术词,https://regery.com/en/bulksearch,,,,,,
821,latentcache.si,词义/用途尚待补充,46,仅历史可注册证据（需重查）,,2026-09-30T10:22:36.648Z,词根能拼出技术任务，但未见固定名称或采用该域名的理由,潜变量缓存软件或服务团队,未做逐名净空,False,,初始商业与技术词,https://regery.com/en/bulksearch,,,,,,
822,memoryaudit.si,词义/用途尚待补充,46,仅历史可注册证据（需重查）,,2026-09-30T10:22:36.648Z,词根能拼出技术任务，但未见固定名称或采用该域名的理由,记忆审计软件或服务团队,未做逐名净空,False,,初始商业与技术词,https://regery.com/en/bulksearch,,,,,,
823,memoryguard.si,词义/用途尚待补充,46,仅历史可注册证据（需重查）,,2026-09-30T10:22:36.648Z,词根能拼出技术任务，但未见固定名称或采用该域名的理由,记忆防护软件或服务团队,未做逐名净空,False,,初始商业与技术词,https://regery.com/en/bulksearch,,,,,,
824,modelbroker.si,词义/用途尚待补充,46,仅历史可注册证据（需重查）,,2026-09-30T10:22:36.648Z,词根能拼出技术任务，但未见固定名称或采用该域名的理由,模型撮合软件或服务团队,未做逐名净空,False,,初始商业与技术词,https://regery.com/en/bulksearch,,,,,,
825,modelescrow.si,词义/用途尚待补充,46,仅历史可注册证据（需重查）,,2026-09-30T10:22:36.648Z,词根能拼出技术任务，但未见固定名称或采用该域名的理由,模型托管软件或服务团队,未做逐名净空,False,,初始商业与技术词,https://regery.com/en/bulksearch,,,,,,
826,modelpermit.si,词义/用途尚待补充,46,仅历史可注册证据（需重查）,,2026-09-30T10:22:36.648Z,词根能拼出技术任务，但未见固定名称或采用该域名的理由,模型授权许可软件或服务团队,未做逐名净空,False,,初始商业与技术词,https://regery.com/en/bulksearch,,,,,,
827,modelpolicy.si,词义/用途尚待补充,46,仅历史可注册证据（需重查）,,2026-09-30T13:11:54.871Z,词根能拼出技术任务，但未见固定名称或采用该域名的理由,模型策略软件或服务团队,未做逐名净空,False,,初始商业与技术词,https://regery.com/en/bulksearch,,,,,,
828,robotpermit.si,词义/用途尚待补充,46,仅历史可注册证据（需重查）,,2026-09-30T10:22:36.648Z,词根能拼出技术任务，但未见固定名称或采用该域名的理由,机器人授权许可软件或服务团队,未做逐名净空,False,,初始商业与技术词,https://regery.com/en/bulksearch,,,,,,
829,robotpolicy.si,词义/用途尚待补充,46,仅历史可注册证据（需重查）,,2026-09-30T10:22:36.648Z,词根能拼出技术任务，但未见固定名称或采用该域名的理由,机器人策略软件或服务团队,未做逐名净空,False,,初始商业与技术词,https://regery.com/en/bulksearch,,,,,,
830,securemodel.si,词义/用途尚待补充,46,仅历史可注册证据（需重查）,,2026-09-30T10:22:36.648Z,模型安全任务明确，但名称形容词组合较泛,模型安全工具团队,未做逐名净空,False,,初始商业与技术词,https://regery.com/en/bulksearch,,,,,,
831,tensorlease.si,词义/用途尚待补充,46,仅历史可注册证据（需重查）,,2026-09-30T10:22:36.648Z,词根能拼出技术任务，但未见固定名称或采用该域名的理由,张量租赁软件或服务团队,未做逐名净空,False,,初始商业与技术词,https://regery.com/en/bulksearch,,,,,,
832,vectoraudit.si,词义/用途尚待补充,46,仅历史可注册证据（需重查）,,2026-09-30T10:22:36.648Z,词根能拼出技术任务，但未见固定名称或采用该域名的理由,向量审计软件或服务团队,未做逐名净空,False,,初始商业与技术词,https://regery.com/en/bulksearch,,,,,,
833,vectorlease.si,词义/用途尚待补充,46,仅历史可注册证据（需重查）,,2026-09-30T10:22:36.648Z,词根能拼出技术任务，但未见固定名称或采用该域名的理由,向量租赁软件或服务团队,未做逐名净空,False,,初始商业与技术词,https://regery.com/en/bulksearch,,,,,,
834,weightaudit.si,词义/用途尚待补充,46,仅历史可注册证据（需重查）,,2026-09-30T10:22:36.648Z,词根能拼出技术任务，但未见固定名称或采用该域名的理由,权重审计软件或服务团队,未做逐名净空,False,,初始商业与技术词,https://regery.com/en/bulksearch,,,,,,
835,agentconsent.si,词义/用途尚待补充,46,仅历史可注册证据（需重查）,,2026-09-30T10:22:36.648Z,词根能拼出技术任务，但未见固定名称或采用该域名的理由,智能体授权软件或服务团队,未做逐名净空,False,,初始商业与技术词,https://regery.com/en/bulksearch,,,,,,
836,agentinvoice.si,词义/用途尚待补充,46,仅历史可注册证据（需重查）,,2026-09-30T10:22:36.648Z,词根能拼出技术任务，但未见固定名称或采用该域名的理由,智能体账单软件或服务团队,未做逐名净空,False,,初始商业与技术词,https://regery.com/en/bulksearch,,,,,,
837,agentroyalty.si,词义/用途尚待补充,46,仅历史可注册证据（需重查）,,2026-09-30T10:22:36.648Z,词根能拼出技术任务，但未见固定名称或采用该域名的理由,智能体分润软件或服务团队,未做逐名净空,False,,初始商业与技术词,https://regery.com/en/bulksearch,,,,,,
838,computelease.si,词义/用途尚待补充,46,仅历史可注册证据（需重查）,,2026-09-30T10:22:36.648Z,词根能拼出技术任务，但未见固定名称或采用该域名的理由,算力租赁软件或服务团队,未做逐名净空,False,,初始商业与技术词,https://regery.com/en/bulksearch,,,,,,
839,consentlayer.si,词义/用途尚待补充,46,仅历史可注册证据（需重查）,,2026-09-30T10:22:36.648Z,词根能拼出技术任务，但未见固定名称或采用该域名的理由,授权层软件或服务团队,未做逐名净空,False,,初始商业与技术词,https://regery.com/en/bulksearch,,,,,,
840,contextguard.si,词义/用途尚待补充,46,仅历史可注册证据（需重查）,,2026-09-30T10:22:36.648Z,词根能拼出技术任务，但未见固定名称或采用该域名的理由,上下文防护软件或服务团队,未做逐名净空,False,,初始商业与技术词,https://regery.com/en/bulksearch,,,,,,
841,contextvault.si,词义/用途尚待补充,46,仅历史可注册证据（需重查）,,2026-09-30T10:22:36.648Z,词根能拼出技术任务，但未见固定名称或采用该域名的理由,上下文保管库软件或服务团队,未做逐名净空,False,,初始商业与技术词,https://regery.com/en/bulksearch,,,,,,
842,modelroyalty.si,词义/用途尚待补充,46,仅历史可注册证据（需重查）,,2026-09-30T10:22:36.648Z,词根能拼出技术任务，但未见固定名称或采用该域名的理由,模型分润软件或服务团队,未做逐名净空,False,,初始商业与技术词,https://regery.com/en/bulksearch,,,,,,
843,reasoningapi.si,词义/用途尚待补充,46,仅历史可注册证据（需重查）,,2026-09-30T10:22:36.648Z,词根能拼出技术任务，但未见固定名称或采用该域名的理由,推理接口软件或服务团队,未做逐名净空,False,,初始商业与技术词,https://regery.com/en/bulksearch,,,,,,
844,sandboxagent.si,词义/用途尚待补充,46,仅历史可注册证据（需重查）,,2026-09-30T10:22:36.648Z,智能体沙箱用途明确，组合词序需解释,智能体测试环境团队,未做逐名净空,False,,初始商业与技术词,https://regery.com/en/bulksearch,,,,,,
845,sandboxmodel.si,词义/用途尚待补充,46,仅历史可注册证据（需重查）,,2026-09-30T10:22:36.648Z,词根能拼出技术任务，但未见固定名称或采用该域名的理由,沙箱模型软件或服务团队,未做逐名净空,False,,初始商业与技术词,https://regery.com/en/bulksearch,,,,,,
846,aiframework.si,AI框架,46,仅历史可注册证据（需重查）,,2026-09-30T15:41:19.769Z,开发框架用途直接，但组合较长且竞争拥挤,人工智能框架开发团队,未做逐名净空,False,,币圈术语与本土叙事,https://regery.com/en/bulksearch,,,,,,
847,rwaprotocol.si,现实资产协议,46,仅历史可注册证据（需重查）,,2026-09-30T15:41:19.769Z,现实资产协议品类清楚，合规与行业集中限制接触,现实资产协议开发团队,未做逐名净空,False,,币圈术语与本土叙事,https://regery.com/en/bulksearch,,,,,,
848,yieldstable.si,生息稳定币,46,仅历史可注册证据（需重查）,,2026-09-30T15:41:19.769Z,生息稳定币方向明确，但监管与品类周期约束明显,稳定币与链上收益团队,未做逐名净空,False,,币圈术语与本土叙事,https://regery.com/en/bulksearch,,,,,,
849,yieldtokens.si,生息代币,46,仅历史可注册证据（需重查）,,2026-09-30T15:41:19.769Z,生息代币用途明确，复数形式与行业周期降分,链上收益产品团队,未做逐名净空,False,,币圈术语与本土叙事,https://regery.com/en/bulksearch,,,,,,
850,privacychain.si,隐私区块链,46,仅历史可注册证据（需重查）,,2026-09-30T15:41:19.769Z,隐私链品类明确，经营者范围窄于普通软件,隐私区块链开发团队,未做逐名净空,False,,币圈术语与本土叙事,https://regery.com/en/bulksearch,,,,,,
851,privacyinfra.si,隐私基础设施,46,仅历史可注册证据（需重查）,,2026-09-30T15:41:19.769Z,隐私基础设施可理解，但拼接未证为固定术语或独立品牌,隐私计算和安全基础设施团队,未做逐名净空,False,,币圈术语与本土叙事,https://regery.com/en/bulksearch,,,,,,
852,sunshower.si,太阳雨,46,仅历史可注册证据（需重查）,,2026-09-30T09:13:01.677Z,太阳雨有强画面；消费同名众多,儿童户外品牌,未做逐名净空,False,,名称用途与买家复筛；自然意象与真实词；跨方法优选100,https://regery.com/en/bulksearch,,,,,,
853,freshway.si,日常与生活,46,仅历史可注册证据（需重查）,,2026-09-30T10:30:50.437Z,日常与生活可供生活习惯服务；同类命名竞争多,生活习惯服务,未做逐名净空,False,,自然组合与可读品牌词,https://regery.com/en/bulksearch,,,,,,
854,freshpath.si,日常与生活,46,仅历史可注册证据（需重查）,,2026-09-30T10:30:50.437Z,日常与生活路径可供生活习惯服务；同类命名竞争多,生活习惯服务,未做逐名净空,False,,自然组合与可读品牌词,https://regery.com/en/bulksearch,,,,,,
855,calmpath.si,宁静小径,46,仅历史可注册证据（需重查）,,2026-09-30T07:41:38.825Z,宁静小径路径可供生活习惯服务；同类命名竞争多,生活习惯服务,未做逐名净空,False,,名称用途与买家复筛；自然组合与可读品牌词,https://www.inwx.com/en/domain/check?domain=calmpath.si,,,,,,
856,homepath.si,家之路径,46,仅历史可注册证据（需重查）,,2026-09-30T07:40:27.675Z,家之路径可供生活习惯服务；同类命名竞争多,生活习惯服务,未做逐名净空,False,,名称用途与买家复筛；自然组合与可读品牌词,https://www.inwx.com/en/domain/check?domain=homepath.si,,,,,,
857,homewell.si,美好居家,46,仅历史可注册证据（需重查）,,2026-09-30T07:40:40.845Z,美好居家可供生活习惯服务；同类命名竞争多,生活习惯服务,未做逐名净空,False,,名称用途与买家复筛；自然组合与可读品牌词,https://www.inwx.com/en/domain/check?domain=homewell.si,,,,,,
858,tableway.si,餐桌之路,46,仅历史可注册证据（需重查）,,2026-09-30T07:41:16.094Z,餐桌之路可供生活习惯服务；同类命名竞争多,生活习惯服务,未做逐名净空,False,,名称用途与买家复筛；自然组合与可读品牌词,https://www.inwx.com/en/domain/check?domain=tableway.si,,,,,,
859,dailypath.si,日常与生活,46,仅历史可注册证据（需重查）,,2026-09-30T10:28:20.587Z,日常与生活路径可供生活习惯服务；同类命名竞争多,生活习惯服务,未做逐名净空,False,,自然组合与可读品牌词,https://regery.com/en/bulksearch,,,,,,
860,dailywell.si,日常与生活,46,仅历史可注册证据（需重查）,,2026-09-30T10:21:47.376Z,日常与生活可供生活习惯服务；同类命名竞争多,生活习惯服务,未做逐名净空,False,,自然组合与可读品牌词,https://regery.com/en/bulksearch,,,,,,
861,factloom.si,学习与教学,46,仅历史可注册证据（需重查）,,2026-09-30T10:28:20.587Z,学习与教学可供课程与学习工具；组合意象较抽象,课程与学习工具,未做逐名净空,False,,自然组合与可读品牌词,https://regery.com/en/bulksearch,,,,,,
862,contactlesspayment.si,,46,仅历史可注册证据（需重查）,,2026-09-30T17:29:22.732Z,支付通用类别有独立用途；名称太长,支付科普与受理设备服务,未做逐名权利净空；有普通词义不表示无同名权利,False,,中外公司及品牌扩扫,https://regery.com/en/bulksearch,,,,,,
863,chuo.si,词义/用途尚待补充,46,仅历史可注册证据（需重查）,,2026-09-30T10:19:15.628Z,戳字可用于盖章文具，短音仍需中文解释,印章、打孔或创意文具经营者,未做逐名净空,False,,中文短拼音,https://regery.com/en/bulksearch,,,,,,
864,inkcraft.si,文字工艺,46,仅历史可注册证据（需重查）,,2026-09-30T07:36:27.139Z,文字工艺有出版用途；纹身同名需核,出版教育团队,未做逐名净空,False,,名称用途与买家复筛；自然组合与可读品牌词；跨方法优选100,https://www.inwx.com/en/domain/check?domain=inkcraft.si,,,,,,
865,bloomrise.si,生长与升起,46,仅历史可注册证据（需重查）,,2026-09-30T10:22:36.648Z,花开上升用途可说明，但仍需验证独立采用与后缀匹配,花艺与生活方式品牌团队,未做逐名净空,False,,自然组合与可读品牌词,https://regery.com/en/bulksearch,,,,,,
866,zang.si,词义/用途尚待补充,46,仅历史可注册证据（需重查）,,2026-09-30T10:19:15.628Z,藏脏同音易误读，收藏方向需要强调汉字,收藏、储藏及文化产品经营者,未做逐名净空,False,,中文短拼音,https://regery.com/en/bulksearch,,,,,,
867,flowering.si,词义/用途尚待补充,46,仅历史可注册证据（需重查）,,2026-09-30T13:01:11.924Z,开花过程适合园艺；动名词泛化,园艺品牌,未做逐名净空,False,,英语普通词大池,https://regery.com/en/bulksearch,,,,,,
868,preseason.si,词义/用途尚待补充,46,仅历史可注册证据（需重查）,,2026-09-30T13:21:40.731Z,赛季前可做训练产品；季节性明显,体育训练团队,未做逐名净空,False,,英语普通词大池,https://regery.com/en/bulksearch,,,,,,
869,turnout.si,词义/用途尚待补充,46,仅历史可注册证据（需重查）,,2026-09-30T13:37:55.251Z,出席率可用于活动分析；含义多重,活动数据团队,未做逐名净空,False,,英语普通词大池,https://regery.com/en/bulksearch,,,,,,
870,alby.si,人名式短词,46,仅历史可注册证据（需重查）,,2026-09-30T04:49:10.185Z,人名式短词可作生活品牌，支付同名方向应另核,生活方式、亲子或人名式消费品牌经营者,未做逐名净空,False,,名称用途与买家复筛；已有品牌与产品名；已有品牌采用优选50；跨方法优选100；中外公司及品牌扩扫,https://porkbun.com/checkout/search,,,,,,
871,atomarc.si,原子与弧线,46,仅历史可注册证据（需重查）,,2026-09-30T10:19:19.573Z,原子与弧线可供科研可视化工具；组合意象较抽象,科研可视化工具,未做逐名净空,False,,自然组合与可读品牌词,https://porkbun.com/checkout/search,,,,,,
872,beamarc.si,光束与弧线,46,仅历史可注册证据（需重查）,,2026-09-30T10:19:19.573Z,光束与弧线可供科研可视化工具；组合意象较抽象,科研可视化工具,未做逐名净空,False,,自然组合与可读品牌词,https://porkbun.com/checkout/search,,,,,,
873,cellarc.si,细胞与弧线,46,仅历史可注册证据（需重查）,,2026-09-30T10:19:19.573Z,细胞与弧线可供科研可视化工具；组合意象较抽象,科研可视化工具,未做逐名净空,False,,自然组合与可读品牌词,https://porkbun.com/checkout/search,,,,,,
874,atomglow.si,原子与微光,46,仅历史可注册证据（需重查）,,2026-09-30T10:22:38.016Z,原子与微光可供科研可视化工具；同类命名竞争多,科研可视化工具,未做逐名净空,False,,自然组合与可读品牌词,https://porkbun.com/checkout/search,,,,,,
875,cellglow.si,细胞与微光,46,仅历史可注册证据（需重查）,,2026-09-30T10:22:38.016Z,细胞与微光可供科研可视化工具；同类命名竞争多,科研可视化工具,未做逐名净空,False,,自然组合与可读品牌词,https://porkbun.com/checkout/search,,,,,,
876,cellrise.si,细胞与升起,46,仅历史可注册证据（需重查）,,2026-09-30T10:22:38.016Z,细胞与升起可供科研可视化工具；组合意象较抽象,科研可视化工具,未做逐名净空,False,,自然组合与可读品牌词,https://porkbun.com/checkout/search,,,,,,
877,grainarc.si,颗粒与弧线,46,仅历史可注册证据（需重查）,,2026-09-30T10:30:50.437Z,颗粒与弧线可供科研可视化工具；组合意象较抽象,科研可视化工具,未做逐名净空,False,,自然组合与可读品牌词,https://regery.com/en/bulksearch,,,,,,
878,lumenarc.si,流明与弧线,46,仅历史可注册证据（需重查）,,2026-09-30T10:32:43.695Z,流明与弧线可供科研可视化工具；组合意象较抽象,科研可视化工具,未做逐名净空,False,,自然组合与可读品牌词,https://regery.com/en/bulksearch,,,,,,
879,lumenrise.si,流明与升起,46,仅历史可注册证据（需重查）,,2026-09-30T10:32:43.695Z,流明与升起可供科研可视化工具；组合意象较抽象,科研可视化工具,未做逐名净空,False,,自然组合与可读品牌词,https://regery.com/en/bulksearch,,,,,,
880,thrilling.si,词义/用途尚待补充,46,仅历史可注册证据（需重查）,,2026-09-30T13:34:03.580Z,正向意象较鲜明，可作品牌但缺特定采购理由,内容与生活方式品牌团队,未做逐名净空,False,,英语普通词大池,https://regery.com/en/bulksearch,,,,,,
881,wandering.si,词义/用途尚待补充,46,仅历史可注册证据（需重查）,,2026-09-30T13:39:05.967Z,正向意象较鲜明，可作品牌但缺特定采购理由,内容与生活方式品牌团队,未做逐名净空,False,,英语普通词大池,https://regery.com/en/bulksearch,,,,,,
882,withstand.si,词义/用途尚待补充,46,仅历史可注册证据（需重查）,,2026-09-30T13:40:12.722Z,正向意象较鲜明，可作品牌但缺特定采购理由,内容与生活方式品牌团队,未做逐名净空,False,,英语普通词大池,https://regery.com/en/bulksearch,,,,,,
883,pneumonia.si,词义/用途尚待补充,46,仅历史可注册证据（需重查）,,2026-09-30T13:20:14.296Z,肺炎词明确但医疗服务受限,医学教育团队,未做逐名净空,False,,英语普通词大池,https://regery.com/en/bulksearch,,,,,,
884,tangled.si,,46,仅历史可注册证据（需重查）,,2026-09-30T17:44:29.838Z,七字母常词；可表达打结痛点,毛发护理与织物整理,未做逐名权利净空；有普通词义不表示无同名权利,False,,中外公司及品牌扩扫,https://regery.com/en/bulksearch,,,,,,
885,comfortkit.si,舒适工具包,45,仅历史可注册证据（需重查）,,2026-09-30T10:28:20.587Z,舒适工具包可供健康与家居服务；同类命名竞争多,健康与家居服务,未做逐名净空,False,,名称用途与买家复筛,https://regery.com/en/bulksearch,,,,,,
886,dayroutine.si,日常规律,45,仅历史可注册证据（需重查）,,2026-09-30T10:28:20.587Z,日常规律可供健康与家居服务；同类命名竞争多,健康与家居服务,未做逐名净空,False,,名称用途与买家复筛,https://regery.com/en/bulksearch,,,,,,
887,sleepguide.si,睡眠指南,45,仅历史可注册证据（需重查）,,2026-09-30T09:10:44.175Z,睡眠指南可供健康与家居服务；同类命名竞争多,健康与家居服务,未做逐名净空,False,,名称用途与买家复筛,https://regery.com/en/bulksearch,,,,,,
888,dreamweaver.si,Dreamweaver,45,仅历史可注册证据（需重查）,,2026-09-30T05:49:56.050Z,织梦有创作家居方向，避开同名网页软件用途,织物工艺、睡眠故事与文学品牌团队,未做逐名净空,False,,名称用途与买家复筛；已有品牌与产品名；中外公司及品牌扩扫,https://porkbun.com/checkout/search,,,,,,
889,aftereffects.si,After Effects,45,仅历史可注册证据（需重查）,,2026-09-30T05:49:56.050Z,后续影响是普通含义，独立数据用途偏窄,环境后续影响、科学教学与数据团队,未做逐名净空,False,,名称用途与买家复筛；已有品牌与产品名；中外公司及品牌扩扫,https://porkbun.com/checkout/search,,,,,,
890,tidepool.si,潮池,45,仅历史可注册证据（需重查）,,2026-09-30T09:10:44.175Z,潮池适合海岸教育；现有同名用途待核,海岸教育团队,未做逐名净空,False,,名称用途与买家复筛,https://regery.com/en/bulksearch,,,,,,
891,moonsong.si,月光与歌声,45,仅历史可注册证据（需重查）,,2026-09-30T16:12:37.465Z,月亮与歌声组合顺口，品牌意象优于具体品类,音乐与生活方式品牌团队,未做逐名净空,False,,自然组合与可读品牌词,https://regery.com/en/bulksearch,,,,,,
892,novacove.si,新星与海湾,45,仅历史可注册证据（需重查）,,2026-09-30T16:12:37.465Z,新星与海湾组合有画面，是否自然仍需受众验证,旅行与生活方式品牌团队,未做逐名净空,False,,自然组合与可读品牌词,https://regery.com/en/bulksearch,,,,,,
893,testcraft.si,研究与验证,45,仅历史可注册证据（需重查）,,2026-09-30T13:34:03.580Z,研究与验证可解释，仍缺自然固定表达与特定买家证据,与现有用途相符的产品团队,未做逐名净空,False,,自然组合与可读品牌词,https://regery.com/en/bulksearch,,,,,,
894,adjourn.si,延期,45,仅历史可注册证据（需重查）,,2026-09-30T15:59:13.820Z,延期可解释，仍缺自然固定表达与特定买家证据,与现有用途相符的产品团队,未做逐名净空,False,,英语普通词大池,https://regery.com/en/bulksearch,,,,,,
895,misthill.si,薄雾与山丘,45,仅历史可注册证据（需重查）,,2026-09-30T16:11:07.884Z,薄雾与山丘可解释，仍缺自然固定表达与特定买家证据,与现有用途相符的产品团队,未做逐名净空,False,,自然组合与可读品牌词,https://regery.com/en/bulksearch,,,,,,
896,mistleaf.si,薄雾与树叶,45,仅历史可注册证据（需重查）,,2026-09-30T16:11:07.884Z,薄雾与树叶可解释，仍缺自然固定表达与特定买家证据,与现有用途相符的产品团队,未做逐名净空,False,,自然组合与可读品牌词,https://regery.com/en/bulksearch,,,,,,
897,mistpond.si,薄雾与池塘,45,仅历史可注册证据（需重查）,,2026-09-30T16:11:07.884Z,薄雾与池塘可解释，仍缺自然固定表达与特定买家证据,与现有用途相符的产品团队,未做逐名净空,False,,自然组合与可读品牌词,https://regery.com/en/bulksearch,,,,,,
898,novadawn.si,新星与黎明,45,仅历史可注册证据（需重查）,,2026-09-30T16:12:37.465Z,新星与黎明可解释，仍缺自然固定表达与特定买家证据,与现有用途相符的产品团队,未做逐名净空,False,,自然组合与可读品牌词,https://regery.com/en/bulksearch,,,,,,
899,pengrove.si,笔与树林,45,仅历史可注册证据（需重查）,,2026-09-30T16:13:37.753Z,笔与树林可解释，仍缺自然固定表达与特定买家证据,与现有用途相符的产品团队,未做逐名净空,False,,自然组合与可读品牌词,https://regery.com/en/bulksearch,,,,,,
900,warmdawn.si,温暖与黎明,45,仅历史可注册证据（需重查）,,2026-09-30T16:17:03.320Z,温暖与黎明可解释，仍缺自然固定表达与特定买家证据,与现有用途相符的产品团队,未做逐名净空,False,,自然组合与可读品牌词,https://regery.com/en/bulksearch,,,,,,
901,pearldawn.si,珍珠与黎明,45,仅历史可注册证据（需重查）,,2026-09-30T16:19:39.066Z,珍珠与黎明可解释，仍缺自然固定表达与特定买家证据,与现有用途相符的产品团队,未做逐名净空,False,,自然组合与可读品牌词,https://regery.com/en/bulksearch,,,,,,
902,salebrief.si,销售简报,45,仅历史可注册证据（需重查）,,2026-09-30T16:19:39.066Z,销售简报可解释，仍缺自然固定表达与特定买家证据,与现有用途相符的产品团队,未做逐名净空,False,,名称用途与买家复筛,https://regery.com/en/bulksearch,,,,,,
903,huai.si,词义/用途尚待补充,45,仅历史可注册证据（需重查）,,2026-09-30T10:19:15.628Z,怀与坏同音，积极联想容易被负面读音干扰,情感内容、地域旅游及生活品牌团队,未做逐名净空,False,,中文短拼音,https://regery.com/en/bulksearch,,,,,,
904,swept.si,词义/用途尚待补充,45,仅历史可注册证据（需重查）,,2026-09-30T13:32:34.526Z,清扫完成态可做清洁服务；词形偏过去式,清洁服务团队,未做逐名净空,False,,英语普通词大池,https://regery.com/en/bulksearch,,,,,,
905,bodily.si,词义/用途尚待补充,45,仅历史可注册证据（需重查）,,2026-09-30T12:45:14.499Z,身体相关词可用于健康；语感略生硬,健康生活团队,未做逐名净空,False,,英语普通词大池,https://regery.com/en/bulksearch,,,,,,
906,unstop.si,Unstop,45,仅历史可注册证据（需重查）,,2026-09-30T05:31:39.940Z,不停构词有激励联想，英文自然度较弱,运动激励与目标管理产品团队,未做逐名净空,False,,名称用途与买家复筛；已有品牌与产品名；中外公司及品牌扩扫,https://porkbun.com/checkout/search,,,,,,
907,inkrise.si,墨水与升起,45,仅历史可注册证据（需重查）,,2026-09-30T10:20:05.448Z,墨水与升起可供出版与创作工具；组合意象较抽象,出版与创作工具,未做逐名净空,False,,自然组合与可读品牌词,https://porkbun.com/checkout/search,,,,,,
908,penloom.si,笔与织机,45,仅历史可注册证据（需重查）,,2026-09-30T10:20:05.448Z,笔与织机可供出版与创作工具；组合意象较抽象,出版与创作工具,未做逐名净空,False,,自然组合与可读品牌词,https://porkbun.com/checkout/search,,,,,,
909,echorise.si,回声与升起,45,仅历史可注册证据（需重查）,,2026-09-30T10:22:38.016Z,回声与升起可供出版与创作工具；组合意象较抽象,出版与创作工具,未做逐名净空,False,,自然组合与可读品牌词,https://porkbun.com/checkout/search,,,,,,
910,echoseed.si,回声与种子,45,仅历史可注册证据（需重查）,,2026-09-30T10:28:20.587Z,回声与种子可供出版与创作工具；同类命名竞争多,出版与创作工具,未做逐名净空,False,,自然组合与可读品牌词,https://regery.com/en/bulksearch,,,,,,
911,poemseed.si,诗的种子,45,仅历史可注册证据（需重查）,,2026-09-30T07:38:38.831Z,诗的种子可供出版与创作工具；同类命名竞争多,出版与创作工具,未做逐名净空,False,,名称用途与买家复筛；自然组合与可读品牌词,https://www.inwx.com/en/domain/check?domain=poemseed.si,,,,,,
912,atlasrise.si,地图集与升起,45,仅历史可注册证据（需重查）,,2026-09-30T10:27:05.067Z,地图集与升起可供出版与创作工具；组合意象较抽象,出版与创作工具,未做逐名净空,False,,自然组合与可读品牌词,https://regery.com/en/bulksearch,,,,,,
913,craftrise.si,手作与升起,45,仅历史可注册证据（需重查）,,2026-09-30T10:28:20.587Z,手作与升起可供出版与创作工具；组合意象较抽象,出版与创作工具,未做逐名净空,False,,自然组合与可读品牌词,https://regery.com/en/bulksearch,,,,,,
914,craftseed.si,手作与种子,45,仅历史可注册证据（需重查）,,2026-09-30T10:28:20.587Z,手作与种子可供出版与创作工具；同类命名竞争多,出版与创作工具,未做逐名净空,False,,自然组合与可读品牌词,https://regery.com/en/bulksearch,,,,,,
915,thinkseed.si,思考与种子,45,仅历史可注册证据（需重查）,,2026-09-30T13:34:03.580Z,思考与种子可供出版与创作工具；同类命名竞争多,出版与创作工具,未做逐名净空,False,,自然组合与可读品牌词,https://regery.com/en/bulksearch,,,,,,
916,woodbine.si,忍冬等攀缘植物,45,仅历史可注册证据（需重查）,,2026-09-30T08:00:56.166Z,忍冬植物可对应产品；同类命名需核,园艺香氛团队,未做逐名净空,False,,名称用途与买家复筛；自然意象与真实词；跨方法优选100,https://regery.com/en/domains/search/woodbine.si,,,,,,
917,adulthood.si,词义/用途尚待补充,45,仅历史可注册证据（需重查）,,2026-09-30T12:39:24.534Z,成年阶段可做教育服务；品类宽泛,成人教育团队,未做逐名净空,False,,英语普通词大池,https://regery.com/en/bulksearch,,,,,,
918,armored.si,词义/用途尚待补充,45,仅历史可注册证据（需重查）,,2026-09-30T12:40:43.815Z,装甲可做装备品牌；军事联想限制,防护装备团队,未做逐名净空,False,,英语普通词大池,https://regery.com/en/bulksearch,,,,,,
919,minors.si,,45,仅历史可注册证据（需重查）,,2026-09-30T17:53:54.161Z,六字母普通复数；商业定位需谨慎,青少年教育与保护内容,未做逐名权利净空；有普通词义不表示无同名权利,False,,中外公司及品牌扩扫,https://regery.com/en/bulksearch,,,,,,
920,agentmeter.si,词义/用途尚待补充,44,仅历史可注册证据（需重查）,,2026-09-30T10:22:01.478Z,智能体计量可指用量或计费，组合长且可替名,智能体用量与费用工具团队,未做逐名净空,False,,初始商业与技术词,https://regery.com/en/bulksearch,,,,,,
921,photoledger.si,摄影记录,44,仅历史可注册证据（需重查）,,2026-09-30T13:18:03.705Z,照片台账用途可解释，但拼接不是固定英语品类名称,摄影资产管理工具团队,未做逐名净空,False,,名称用途与买家复筛,https://regery.com/en/bulksearch,,,,,,
922,scriptfolio.si,剧本作品集,44,仅历史可注册证据（需重查）,,2026-09-30T13:24:53.872Z,词根能拼出技术任务，但未见固定名称或采用该域名的理由,脚本作品集软件或服务团队,未做逐名净空,False,,名称用途与买家复筛,https://regery.com/en/bulksearch,,,,,,
923,signaltrace.si,信号追踪,44,仅历史可注册证据（需重查）,,2026-09-30T13:26:18.691Z,信号追踪用途可解释，但拼接不是固定英语品类名称,监测与可观测性工具团队,未做逐名净空,False,,名称用途与买家复筛,https://regery.com/en/bulksearch,,,,,,
924,tracepath.si,轨迹与小径,44,仅历史可注册证据（需重查）,,2026-09-30T10:22:01.478Z,轨迹路径有技术联想，但对象与固定用途并不统一,可观测性与地图数据工具团队,未做逐名净空,False,,自然组合与可读品牌词,https://regery.com/en/bulksearch,,,,,,
925,cuan.si,词义/用途尚待补充,44,仅历史可注册证据（需重查）,,2026-09-30T10:19:15.628Z,窜与汆同音，食品方向成立但容易误读,烹饪、饮食及地域内容团队,未做逐名净空,False,,中文短拼音,https://regery.com/en/bulksearch,,,,,,
926,riverbed.si,河床,44,仅历史可注册证据（需重查）,,2026-09-30T03:49:18.755Z,河床短词画面清楚；产品入口偏窄,自然户外品牌,未做逐名净空,False,,英语普通词大池,https://porkbun.com/checkout/search,,,,,,
927,rainshadow.si,雨影,44,仅历史可注册证据（需重查）,,2026-09-30T13:22:43.452Z,雨影可供户外与家居品牌；后缀联系偏弱,户外与家居品牌,未做逐名净空,False,,名称用途与买家复筛,https://regery.com/en/bulksearch,,,,,,
928,stormglass.si,风暴玻璃,44,仅历史可注册证据（需重查）,,2026-09-30T09:10:44.175Z,风暴玻璃可供户外与家居品牌；后缀联系偏弱,户外与家居品牌,未做逐名净空,False,,名称用途与买家复筛,https://regery.com/en/bulksearch,,,,,,
929,aeroline.si,空气与线条,44,仅历史可注册证据（需重查）,,2026-09-30T10:22:36.648Z,航空线条用途可说明，但仍需验证独立采用与后缀匹配,旅行与设计品牌团队,未做逐名净空,False,,自然组合与可读品牌词,https://regery.com/en/bulksearch,,,,,,
930,echinacea.si,紫锥菊,44,仅历史可注册证据（需重查）,,2026-09-30T12:56:16.769Z,紫锥菊可供自然生活品牌；后缀联系偏弱,自然生活品牌,未做逐名净空,False,,英语普通词大池,https://regery.com/en/bulksearch,,,,,,
931,thinklane.si,思考通道,44,仅历史可注册证据（需重查）,,2026-09-30T09:00:35.623Z,现有同业同名线索待核，独立用途与名称替代仍不清,与现有用途相符的产品团队,未做逐名净空,False,,AI英文词与组合,https://www.inwx.com/en/domain/check?domain=thinklane.si,,,,,,
932,voicepath.si,语音路径,44,仅历史可注册证据（需重查）,,2026-09-30T09:06:38.449Z,现有同业同名线索待核，独立用途与名称替代仍不清,与现有用途相符的产品团队,未做逐名净空,False,,AI英文词与组合,https://www.inwx.com/en/domain/check?domain=voicepath.si,,,,,,
933,leeward.si,背风的；下风的,44,仅历史可注册证据（需重查）,,2026-09-30T09:13:01.677Z,背风航海词准确；非航海受众较窄,航海户外团队,未做逐名净空,False,,名称用途与买家复筛；自然意象与真实词；跨方法优选100,https://regery.com/en/bulksearch,,,,,,
934,aeroarc.si,空气与弧线,44,仅历史可注册证据（需重查）,,2026-09-30T10:19:19.573Z,空气与弧线可供科研可视化工具；组合意象较抽象,科研可视化工具,未做逐名净空,False,,自然组合与可读品牌词,https://porkbun.com/checkout/search,,,,,,
935,corearc.si,核心与弧线,44,仅历史可注册证据（需重查）,,2026-09-30T10:19:19.573Z,核心与弧线可供科研可视化工具；组合意象较抽象,科研可视化工具,未做逐名净空,False,,自然组合与可读品牌词,https://porkbun.com/checkout/search,,,,,,
936,fluxarc.si,流动与弧线,44,仅历史可注册证据（需重查）,,2026-09-30T10:20:05.448Z,流动与弧线可供科研可视化工具；组合意象较抽象,科研可视化工具,未做逐名净空,False,,自然组合与可读品牌词,https://porkbun.com/checkout/search,,,,,,
937,wavearc.si,波与弧线,44,仅历史可注册证据（需重查）,,2026-09-30T10:25:10.084Z,波与弧线可供科研可视化工具；组合意象较抽象,科研可视化工具,未做逐名净空,False,,自然组合与可读品牌词,https://porkbun.com/checkout/search,,,,,,
938,aeroglow.si,空气与微光,44,仅历史可注册证据（需重查）,,2026-09-30T10:22:38.016Z,空气与微光可供科研可视化工具；同类命名竞争多,科研可视化工具,未做逐名净空,False,,自然组合与可读品牌词,https://porkbun.com/checkout/search,,,,,,
939,bloomarc.si,生长与弧线,44,仅历史可注册证据（需重查）,,2026-09-30T10:22:38.016Z,生长与弧线可供科研可视化工具；组合意象较抽象,科研可视化工具,未做逐名净空,False,,自然组合与可读品牌词,https://porkbun.com/checkout/search,,,,,,
940,fieldarc.si,场域与弧线,44,仅历史可注册证据（需重查）,,2026-09-30T10:28:20.587Z,场域与弧线可供科研可视化工具；组合意象较抽象,科研可视化工具,未做逐名净空,False,,自然组合与可读品牌词,https://regery.com/en/bulksearch,,,,,,
941,fluxglow.si,流动与微光,44,仅历史可注册证据（需重查）,,2026-09-30T10:30:50.437Z,流动与微光可供科研可视化工具；同类命名竞争多,科研可视化工具,未做逐名净空,False,,自然组合与可读品牌词,https://regery.com/en/bulksearch,,,,,,
942,glintarc.si,闪光与弧线,44,仅历史可注册证据（需重查）,,2026-09-30T10:30:50.437Z,闪光与弧线可供科研可视化工具；组合意象较抽象,科研可视化工具,未做逐名净空,False,,自然组合与可读品牌词,https://regery.com/en/bulksearch,,,,,,
943,bloomglow.si,生长与微光,44,仅历史可注册证据（需重查）,,2026-09-30T10:27:05.067Z,生长与微光可供科研可视化工具；同类命名竞争多,科研可视化工具,未做逐名净空,False,,自然组合与可读品牌词,https://regery.com/en/bulksearch,,,,,,
944,fieldglow.si,场域与微光,44,仅历史可注册证据（需重查）,,2026-09-30T10:28:20.587Z,场域与微光可供科研可视化工具；同类命名竞争多,科研可视化工具,未做逐名净空,False,,自然组合与可读品牌词,https://regery.com/en/bulksearch,,,,,,
945,incumbent.si,词义/用途尚待补充,44,仅历史可注册证据（需重查）,,2026-09-30T13:07:27.316Z,在任者可做政经数据；市场窄,政策数据团队,未做逐名净空,False,,英语普通词大池,https://regery.com/en/bulksearch,,,,,,
946,foursquare.si,,44,仅历史可注册证据（需重查）,,2026-09-30T17:30:50.617Z,方形或四格球词义；不借定位公司渠道,几何与四格球教学,未做逐名权利净空；普通词义不表示无同名权利,False,,中外公司及品牌扩扫,https://regery.com/en/bulksearch,,,,,,
947,autocannon.si,,44,仅历史可注册证据（需重查）,,2026-09-30T17:27:13.533Z,军事器械通用术语；买家窄,军事历史教育与模型,未做逐名权利净空；有普通词义不表示无同名权利,False,,中外公司及品牌扩扫,https://regery.com/en/bulksearch,,,,,,
948,ardour.si,,44,仅历史可注册证据（需重查）,,2026-09-30T17:26:52.907Z,完整英语词但商业品类较泛,文化出版与创意活动,未做逐名权利净空；有普通词义不表示无同名权利,False,,中外公司及品牌扩扫,https://regery.com/en/bulksearch,,,,,,
949,jiagongji.si,假公济私,44,仅历史可注册证据（需重查）,,2026-09-30T10:22:01.478Z,假公济私跨点完整，负面含义限制商业买家,讽刺评论与法律伦理内容团队,未做逐名净空,False,,中文跨点组合,https://regery.com/en/bulksearch,,,,,,
950,modelmeter.si,词义/用途尚待补充,43,仅历史可注册证据（需重查）,,2026-09-30T10:22:01.478Z,模型计量对象不定，可能是用量费用或性能,模型使用分析工具团队,未做逐名净空,False,,初始商业与技术词,https://regery.com/en/bulksearch,,,,,,
951,reasoninghub.si,词义/用途尚待补充,43,仅历史可注册证据（需重查）,,2026-09-30T10:22:36.648Z,词根能拼出技术任务，但未见固定名称或采用该域名的理由,推理中心软件或服务团队,未做逐名净空,False,,初始商业与技术词,https://regery.com/en/bulksearch,,,,,,
952,bayleaf.si,月桂叶,43,仅历史可注册证据（需重查）,,2026-09-30T11:49:25.932Z,月桂叶可供自然生活品牌；后缀联系偏弱,自然生活品牌,未做逐名净空,False,,英语普通词大池,https://regery.com/en/bulksearch,,,,,,
953,beng.si,词义/用途尚待补充,43,仅历史可注册证据（需重查）,,2026-09-30T10:19:15.628Z,蹦与崩同音，运动联想存在但观感易分歧,运动、娱乐及年轻生活品牌团队,未做逐名净空,False,,中文短拼音,https://regery.com/en/bulksearch,,,,,,
954,seastone.si,海石,43,仅历史可注册证据（需重查）,,2026-09-30T13:24:53.872Z,海石可供户外与家居品牌；后缀联系偏弱,户外与家居品牌,未做逐名净空,False,,名称用途与买家复筛,https://regery.com/en/bulksearch,,,,,,
955,sundrift.si,日光漂移,43,仅历史可注册证据（需重查）,,2026-09-30T13:29:57.470Z,日光漂移可供户外与家居品牌；后缀联系偏弱,户外与家居品牌,未做逐名净空,False,,名称用途与买家复筛,https://regery.com/en/bulksearch,,,,,,
956,cloudline.si,云线,43,仅历史可注册证据（需重查）,,2026-09-30T10:27:05.067Z,云线线条可供户外与家居品牌；后缀联系偏弱,户外与家居品牌,未做逐名净空,False,,名称用途与买家复筛,https://regery.com/en/bulksearch,,,,,,
957,wildcoast.si,野性海岸,43,仅历史可注册证据（需重查）,,2026-09-30T12:35:55.632Z,野性海岸可供户外与家居品牌；后缀联系偏弱,户外与家居品牌,未做逐名净空,False,,名称用途与买家复筛,https://regery.com/en/bulksearch,,,,,,
958,windchime.si,风铃,43,仅历史可注册证据（需重查）,,2026-09-30T12:35:55.632Z,风铃可供户外与家居品牌；后缀联系偏弱,户外与家居品牌,未做逐名净空,False,,名称用途与买家复筛,https://regery.com/en/bulksearch,,,,,,
959,beamglow.si,光束与微光,43,仅历史可注册证据（需重查）,,2026-09-30T10:22:36.648Z,光束微光用途可说明，但仍需验证独立采用与后缀匹配,照明与影像品牌团队,未做逐名净空,False,,自然组合与可读品牌词,https://regery.com/en/bulksearch,,,,,,
960,birchpath.si,桦树与小径,43,仅历史可注册证据（需重查）,,2026-09-30T10:22:36.648Z,桦树小径用途可说明，但仍需验证独立采用与后缀匹配,自然旅行与生活品牌团队,未做逐名净空,False,,自然组合与可读品牌词,https://regery.com/en/bulksearch,,,,,,
961,contextkit.si,上下文工具包,43,仅历史可注册证据（需重查）,,2026-09-30T08:08:16.875Z,现有同业同名线索待核，独立用途与名称替代仍不清,上下文工具包软件或服务团队,未做逐名净空,False,,AI英文词与组合,https://www.inwx.com/en/domain/check?domain=contextkit.si,,,,,,
962,reasonflow.si,推理流程,43,仅历史可注册证据（需重查）,,2026-09-30T09:00:05.356Z,现有同业同名线索待核，独立用途与名称替代仍不清,推理工作流软件或服务团队,未做逐名净空,False,,AI英文词与组合,https://www.inwx.com/en/domain/check?domain=reasonflow.si,,,,,,
963,recallflow.si,回忆流程,43,仅历史可注册证据（需重查）,,2026-09-30T08:08:44.114Z,现有同业同名线索待核，独立用途与名称替代仍不清,召回工作流软件或服务团队,未做逐名净空,False,,AI英文词与组合,https://www.inwx.com/en/domain/check?domain=recallflow.si,,,,,,
964,voicecraft.si,语音工艺,43,仅历史可注册证据（需重查）,,2026-09-30T09:06:30.699Z,现有同业同名线索待核，独立用途与名称替代仍不清,语音创作软件或服务团队,未做逐名净空,False,,AI英文词与组合,https://www.inwx.com/en/domain/check?domain=voicecraft.si,,,,,,
965,worldforge.si,世界锻造,43,仅历史可注册证据（需重查）,,2026-09-30T09:07:34.578Z,现有同业同名线索待核，独立用途与名称替代仍不清,世界模型构建软件或服务团队,未做逐名净空,False,,AI英文词与组合,https://www.inwx.com/en/domain/check?domain=worldforge.si,,,,,,
966,vectorforge.si,向量锻造,43,仅历史可注册证据（需重查）,,2026-09-30T09:04:05.917Z,现有同业同名线索待核，独立用途与名称替代仍不清,向量构建软件或服务团队,未做逐名净空,False,,AI英文词与组合,https://www.inwx.com/en/domain/check?domain=vectorforge.si,,,,,,
967,visioncraft.si,视觉工艺,43,仅历史可注册证据（需重查）,,2026-09-30T09:06:49.889Z,现有同业同名线索待核，独立用途与名称替代仍不清,视觉创作软件或服务团队,未做逐名净空,False,,AI英文词与组合,https://www.inwx.com/en/domain/check?domain=visioncraft.si,,,,,,
968,chanting.si,词义/用途尚待补充,43,仅历史可注册证据（需重查）,,2026-09-30T12:47:50.966Z,吟唱可用于音乐冥想；受众偏窄,音乐冥想团队,未做逐名净空,False,,英语普通词大池,https://regery.com/en/bulksearch,,,,,,
969,chilling.si,词义/用途尚待补充,43,仅历史可注册证据（需重查）,,2026-09-30T12:47:50.966Z,放松与寒冷双义；需明确定位,休闲消费品牌,未做逐名净空,False,,英语普通词大池,https://regery.com/en/bulksearch,,,,,,
970,stirring.si,词义/用途尚待补充,43,仅历史可注册证据（需重查）,,2026-09-30T13:29:57.470Z,搅拌与感动双义；需明确品类,餐饮用品品牌,未做逐名净空,False,,英语普通词大池,https://regery.com/en/bulksearch,,,,,,
971,secular.si,词义/用途尚待补充,43,仅历史可注册证据（需重查）,,2026-09-30T13:24:53.872Z,世俗概念可用于教育内容；定位敏感,教育出版团队,未做逐名净空,False,,英语普通词大池,https://regery.com/en/bulksearch,,,,,,
972,humorous.si,词义/用途尚待补充,43,仅历史可注册证据（需重查）,,2026-09-30T13:07:27.316Z,幽默形容词适合内容；产品类别泛,喜剧内容团队,未做逐名净空,False,,英语普通词大池,https://regery.com/en/bulksearch,,,,,,
973,laughing.si,词义/用途尚待补充,43,仅历史可注册证据（需重查）,,2026-09-30T13:10:10.829Z,笑声适合娱乐内容；动名词泛化,喜剧内容团队,未做逐名净空,False,,英语普通词大池,https://regery.com/en/bulksearch,,,,,,
974,robbery.si,词义/用途尚待补充,43,仅历史可注册证据（需重查）,,2026-09-30T16:05:24.957Z,安防教育可以解释用途，但暴力含义限制品牌,安防培训与犯罪题材团队,未做逐名净空,False,,英语普通词大池,https://regery.com/en/bulksearch,,,,,,
975,steelcity.si,,43,仅历史可注册证据（需重查）,,2026-09-30T17:55:47.847Z,九字母清晰组合；地域共用度高,工业城市文旅与文化商品,未做逐名权利净空；有普通词义不表示无同名权利,False,,中外公司及品牌扩扫,https://regery.com/en/bulksearch,,,,,,
976,pullman.si,,43,仅历史可注册证据（需重查）,,2026-09-30T17:54:12.258Z,有铁路通用义但同属旅行产业邻近,铁路史教育与模型,未做逐名权利净空；有普通词义不表示无同名权利,False,,中外公司及品牌扩扫,https://regery.com/en/bulksearch,,,,,,
977,rescript.si,,43,仅历史可注册证据（需重查）,,2026-09-30T17:41:03.512Z,诏令或重写是真词；不借语言项目增值,历史与文字重写内容,未做逐名权利净空；普通词义不表示无同名权利,False,,中外公司及品牌扩扫,https://regery.com/en/bulksearch,,,,,,
978,pusher.si,,43,仅历史可注册证据（需重查）,,2026-09-30T17:40:41.689Z,完整名词但多义；买家定位弱,工业推送设备与运动训练,未做逐名权利净空；有普通词义不表示无同名权利,False,,中外公司及品牌扩扫,https://regery.com/en/bulksearch,,,,,,
979,downy.si,,43,仅历史可注册证据（需重查）,,2026-09-30T17:52:50.451Z,五字母真词；独立自然教育用途窄,植物毛被与鸟类科普,未做逐名权利净空；有普通词义不表示无同名权利,False,,中外公司及品牌扩扫,https://regery.com/en/bulksearch,,,,,,
980,agentreceipts.si,词义/用途尚待补充,42,仅历史可注册证据（需重查）,,2026-09-30T10:27:05.067Z,词根能拼出技术任务，但未见固定名称或采用该域名的理由,智能体收据软件或服务团队,未做逐名净空,False,,初始商业与技术词,https://regery.com/en/bulksearch,,,,,,
981,computepermit.si,词义/用途尚待补充,42,仅历史可注册证据（需重查）,,2026-09-30T10:22:36.648Z,词根能拼出技术任务，但未见固定名称或采用该域名的理由,算力授权许可软件或服务团队,未做逐名净空,False,,初始商业与技术词,https://regery.com/en/bulksearch,,,,,,
982,identityagent.si,词义/用途尚待补充,42,仅历史可注册证据（需重查）,,2026-09-30T10:22:36.648Z,身份代理用途可想象，但产品定义尚不具体,身份认证与代理工具团队,未做逐名净空,False,,初始商业与技术词,https://regery.com/en/bulksearch,,,,,,
983,modelreceipts.si,词义/用途尚待补充,42,仅历史可注册证据（需重查）,,2026-09-30T10:22:55.016Z,词根能拼出技术任务，但未见固定名称或采用该域名的理由,模型收据软件或服务团队,未做逐名净空,False,,初始商业与技术词,https://regery.com/en/bulksearch,,,,,,
984,computeleasing.si,词义/用途尚待补充,42,仅历史可注册证据（需重查）,,2026-09-30T10:22:55.016Z,词根能拼出技术任务，但未见固定名称或采用该域名的理由,算力租赁软件或服务团队,未做逐名净空,False,,初始商业与技术词,https://regery.com/en/bulksearch,,,,,,
985,inferenceaudit.si,词义/用途尚待补充,42,仅历史可注册证据（需重查）,,2026-09-30T10:22:55.016Z,词根能拼出技术任务，但未见固定名称或采用该域名的理由,推理审计软件或服务团队,未做逐名净空,False,,初始商业与技术词,https://regery.com/en/bulksearch,,,,,,
986,inferenceguard.si,词义/用途尚待补充,42,仅历史可注册证据（需重查）,,2026-09-30T10:22:55.016Z,词根能拼出技术任务，但未见固定名称或采用该域名的理由,推理防护软件或服务团队,未做逐名净空,False,,初始商业与技术词,https://regery.com/en/bulksearch,,,,,,
987,reasoningguard.si,词义/用途尚待补充,42,仅历史可注册证据（需重查）,,2026-09-30T10:22:55.016Z,词根能拼出技术任务，但未见固定名称或采用该域名的理由,推理防护软件或服务团队,未做逐名净空,False,,初始商业与技术词,https://regery.com/en/bulksearch,,,,,,
988,reasoningtools.si,词义/用途尚待补充,42,仅历史可注册证据（需重查）,,2026-09-30T10:22:55.016Z,词根能拼出技术任务，但未见固定名称或采用该域名的理由,推理工具集软件或服务团队,未做逐名净空,False,,初始商业与技术词,https://regery.com/en/bulksearch,,,,,,
989,inferencepermit.si,词义/用途尚待补充,42,仅历史可注册证据（需重查）,,2026-09-30T10:22:55.016Z,词根能拼出技术任务，但未见固定名称或采用该域名的理由,推理授权许可软件或服务团队,未做逐名净空,False,,初始商业与技术词,https://regery.com/en/bulksearch,,,,,,
990,aiagentlaunchpad.si,AI代理发行平台,42,仅历史可注册证据（需重查）,,2026-09-30T15:41:19.769Z,智能体发行用途具体，名称太长且概念混合,智能体发行平台团队,未做逐名净空,False,,币圈术语与本土叙事,https://regery.com/en/bulksearch,,,,,,
991,printcraft.si,印刷工艺,42,仅历史可注册证据（需重查）,,2026-09-30T09:10:44.175Z,印刷工艺可供教育创作团队；同类命名竞争多,教育创作团队,未做逐名净空,False,,名称用途与买家复筛,https://regery.com/en/bulksearch,,,,,,
992,historymap.si,历史地图,42,仅历史可注册证据（需重查）,,2026-09-30T09:10:44.175Z,历史地图可供教育创作团队；同类命名竞争多,教育创作团队,未做逐名净空,False,,名称用途与买家复筛,https://regery.com/en/bulksearch,,,,,,
993,probecheck.si,探针检查,42,仅历史可注册证据（需重查）,,2026-09-30T16:20:51.261Z,检查对象有歧义，组合不固定且替代叫法多,检测仪器与开发工具团队,未做逐名净空,False,,名称用途与买家复筛,https://regery.com/en/bulksearch,,,,,,
994,bluesong.si,蓝色与歌声,42,仅历史可注册证据（需重查）,,2026-09-30T10:22:38.016Z,蓝色与歌声可供视觉与生活品牌；后缀联系偏弱,视觉与生活品牌,未做逐名净空,False,,自然组合与可读品牌词,https://porkbun.com/checkout/search,,,,,,
995,glownote.si,微光与音符,42,仅历史可注册证据（需重查）,,2026-09-30T10:30:50.437Z,微光与音符笔记可供视觉与生活品牌；后缀联系偏弱,视觉与生活品牌,未做逐名净空,False,,自然组合与可读品牌词,https://regery.com/en/bulksearch,,,,,,
996,goldbeam.si,金色与光束,42,仅历史可注册证据（需重查）,,2026-09-30T10:30:50.437Z,金色与光束可供视觉与生活品牌；后缀联系偏弱,视觉与生活品牌,未做逐名净空,False,,自然组合与可读品牌词,https://regery.com/en/bulksearch,,,,,,
997,goldline.si,金色与线条,42,仅历史可注册证据（需重查）,,2026-09-30T10:30:50.437Z,金色与线条可供视觉与生活品牌；后缀联系偏弱,视觉与生活品牌,未做逐名净空,False,,自然组合与可读品牌词,https://regery.com/en/bulksearch,,,,,,
998,goldsong.si,金色与歌声,42,仅历史可注册证据（需重查）,,2026-09-30T10:30:50.437Z,金色与歌声可供视觉与生活品牌；后缀联系偏弱,视觉与生活品牌,未做逐名净空,False,,自然组合与可读品牌词,https://regery.com/en/bulksearch,,,,,,
999,hazeline.si,薄霭与线条,42,仅历史可注册证据（需重查）,,2026-09-30T10:30:50.437Z,薄霭与线条可供视觉与生活品牌；后缀联系偏弱,视觉与生活品牌,未做逐名净空,False,,自然组合与可读品牌词,https://regery.com/en/bulksearch,,,,,,
1000,hazenote.si,薄霭与音符,42,仅历史可注册证据（需重查）,,2026-09-30T10:30:50.437Z,薄霭与音符笔记可供视觉与生活品牌；后缀联系偏弱,视觉与生活品牌,未做逐名净空,False,,自然组合与可读品牌词,https://regery.com/en/bulksearch,,,,,,
1001,hazesong.si,薄霭与歌声,42,仅历史可注册证据（需重查）,,2026-09-30T10:30:50.437Z,薄霭与歌声可供视觉与生活品牌；后缀联系偏弱,视觉与生活品牌,未做逐名净空,False,,自然组合与可读品牌词,https://regery.com/en/bulksearch,,,,,,
1002,lumaline.si,柔光与线条,42,仅历史可注册证据（需重查）,,2026-09-30T10:32:43.695Z,柔光与线条可供视觉与生活品牌；后缀联系偏弱,视觉与生活品牌,未做逐名净空,False,,自然组合与可读品牌词,https://regery.com/en/bulksearch,,,,,,
1003,lumanote.si,柔光与音符,42,仅历史可注册证据（需重查）,,2026-09-30T10:32:43.695Z,柔光与音符笔记可供视觉与生活品牌；后缀联系偏弱,视觉与生活品牌,未做逐名净空,False,,自然组合与可读品牌词,https://regery.com/en/bulksearch,,,,,,
1004,starnote.si,星与音符,42,仅历史可注册证据（需重查）,,2026-09-30T13:28:44.850Z,星与音符笔记可供视觉与生活品牌；后缀联系偏弱,视觉与生活品牌,未做逐名净空,False,,自然组合与可读品牌词,https://regery.com/en/bulksearch,,,,,,
1005,amberbeam.si,琥珀与光束,42,仅历史可注册证据（需重查）,,2026-09-30T10:27:05.067Z,琥珀与光束可供视觉与生活品牌；后缀联系偏弱,视觉与生活品牌,未做逐名净空,False,,自然组合与可读品牌词,https://regery.com/en/bulksearch,,,,,,
1006,ambernote.si,琥珀与音符,42,仅历史可注册证据（需重查）,,2026-09-30T10:27:05.067Z,琥珀与音符笔记可供视觉与生活品牌；后缀联系偏弱,视觉与生活品牌,未做逐名净空,False,,自然组合与可读品牌词,https://regery.com/en/bulksearch,,,,,,
1007,ambersong.si,琥珀与歌声,42,仅历史可注册证据（需重查）,,2026-09-30T10:27:05.067Z,琥珀与歌声可供视觉与生活品牌；后缀联系偏弱,视觉与生活品牌,未做逐名净空,False,,自然组合与可读品牌词,https://regery.com/en/bulksearch,,,,,,
1008,clearline.si,澄澈与线条,42,仅历史可注册证据（需重查）,,2026-09-30T10:27:05.067Z,澄澈与线条可供视觉与生活品牌；后缀联系偏弱,视觉与生活品牌,未做逐名净空,False,,自然组合与可读品牌词,https://regery.com/en/bulksearch,,,,,,
1009,solarline.si,太阳与线条,42,仅历史可注册证据（需重查）,,2026-09-30T13:27:13.820Z,太阳与线条可供视觉与生活品牌；后缀联系偏弱,视觉与生活品牌,未做逐名净空,False,,自然组合与可读品牌词,https://regery.com/en/bulksearch,,,,,,
1010,novasong.si,新星之歌,42,仅历史可注册证据（需重查）,,2026-09-30T07:44:06.295Z,新星之歌可供视觉与生活品牌；后缀联系偏弱,视觉与生活品牌,未做逐名净空,False,,名称用途与买家复筛；自然组合与可读品牌词,https://www.inwx.com/en/domain/check?domain=novasong.si,,,,,,
1011,starbeam.si,星光束,42,仅历史可注册证据（需重查）,,2026-09-30T07:44:25.206Z,星光束可供视觉与生活品牌；后缀联系偏弱,视觉与生活品牌,未做逐名净空,False,,名称用途与买家复筛；自然组合与可读品牌词,https://www.inwx.com/en/domain/check?domain=starbeam.si,,,,,,
1012,starsong.si,星与歌声,42,仅历史可注册证据（需重查）,,2026-09-30T10:21:47.376Z,星与歌声可供视觉与生活品牌；后缀联系偏弱,视觉与生活品牌,未做逐名净空,False,,自然组合与可读品牌词,https://regery.com/en/bulksearch,,,,,,
1013,solarbeam.si,太阳与光束,42,仅历史可注册证据（需重查）,,2026-09-30T10:22:01.478Z,太阳与光束可供视觉与生活品牌；后缀联系偏弱,视觉与生活品牌,未做逐名净空,False,,自然组合与可读品牌词,https://regery.com/en/bulksearch,,,,,,
1014,curlew.si,杓鹬；长嘴涉禽,42,仅历史可注册证据（需重查）,,2026-09-30T10:32:51.647Z,杓鹬可供自然生活品牌；后缀联系偏弱,自然生活品牌,未做逐名净空,False,,自然意象与真实词,https://www.inwx.com/en/domain/check?domain=curlew.si,,,,,,
1015,coppice.si,萌生林；伐后再生的小树林,42,仅历史可注册证据（需重查）,,2026-09-30T08:00:10.455Z,萌生林可供自然生活品牌；后缀联系偏弱,自然生活品牌,未做逐名净空,False,,名称用途与买家复筛；自然意象与真实词；跨方法优选100,https://regery.com/en/domains/search/coppice.si,,,,,,
1016,earthen.si,泥土制的；土色的,42,仅历史可注册证据（需重查）,,2026-09-30T10:35:28.518Z,泥土制的可供自然生活品牌；后缀联系偏弱,自然生活品牌,未做逐名净空,False,,自然意象与真实词,https://www.inwx.com/en/domain/check?domain=earthen.si,,,,,,
1017,silvery.si,银色的；银光闪闪的,42,仅历史可注册证据（需重查）,,2026-09-30T08:03:00.608Z,银色的有独立用途；同名业务须核,自然生活品牌,未做逐名净空,False,,名称用途与买家复筛；自然意象与真实词；跨方法优选100,https://regery.com/en/domains/search/silvery.si,,,,,,
1018,warbler.si,莺；鸣禽,42,仅历史可注册证据（需重查）,,2026-09-30T11:29:36.995Z,莺可供自然生活品牌；后缀联系偏弱,自然生活品牌,未做逐名净空,False,,自然意象与真实词,https://www.inwx.com/en/domain/check?domain=warbler.si,,,,,,
1019,waxwing.si,太平鸟,42,仅历史可注册证据（需重查）,,2026-09-30T11:29:43.109Z,太平鸟可供自然生活品牌；后缀联系偏弱,自然生活品牌,未做逐名净空,False,,自然意象与真实词,https://www.inwx.com/en/domain/check?domain=waxwing.si,,,,,,
1020,willowy.si,柳树般纤细优雅的,42,仅历史可注册证据（需重查）,,2026-09-30T11:29:57.621Z,柳树般纤细优雅的可供自然生活品牌；后缀联系偏弱,自然生活品牌,未做逐名净空,False,,自然意象与真实词,https://www.inwx.com/en/domain/check?domain=willowy.si,,,,,,
1021,harebell.si,圆叶风铃草；蓝铃花,42,仅历史可注册证据（需重查）,,2026-09-30T08:01:24.906Z,圆叶风铃草有独立用途；同名业务须核,自然生活品牌,未做逐名净空,False,,名称用途与买家复筛；自然意象与真实词；跨方法优选100,https://regery.com/en/domains/search/harebell.si,,,,,,
1022,larkspur.si,飞燕草,42,仅历史可注册证据（需重查）,,2026-09-30T08:01:51.751Z,飞燕草有独立用途；同名业务须核,自然生活品牌,未做逐名净空,False,,名称用途与买家复筛；自然意象与真实词；跨方法优选100,https://regery.com/en/domains/search/larkspur.si,,,,,,
1023,stonecrop.si,景天属植物,42,仅历史可注册证据（需重查）,,2026-09-30T08:00:16.144Z,景天属植物可供自然生活品牌；后缀联系偏弱,自然生活品牌,未做逐名净空,False,,名称用途与买家复筛；自然意象与真实词；跨方法优选100,https://regery.com/en/domains/search/stonecrop.si,,,,,,
1024,asphodel.si,阿福花属植物,42,仅历史可注册证据（需重查）,,2026-09-30T08:01:07.632Z,阿福花属植物有独立用途；同名业务须核,自然生活品牌,未做逐名净空,False,,名称用途与买家复筛；自然意象与真实词；跨方法优选100,https://regery.com/en/domains/search/asphodel.si,,,,,,
1025,woodruff.si,车叶草；香车叶草类植物,42,仅历史可注册证据（需重查）,,2026-09-30T08:00:40.253Z,车叶草可供自然生活品牌；后缀联系偏弱,自然生活品牌,未做逐名净空,False,,名称用途与买家复筛；自然意象与真实词；跨方法优选100,https://regery.com/en/domains/search/woodruff.si,,,,,,
1026,hellebore.si,铁筷子属花卉；嚏根草,42,仅历史可注册证据（需重查）,,2026-09-30T08:01:17.224Z,铁筷子属花卉有独立用途；同名业务须核,自然生活品牌,未做逐名净空,False,,名称用途与买家复筛；自然意象与真实词；跨方法优选100,https://regery.com/en/domains/search/hellebore.si,,,,,,
1027,shuan.si,词义/用途尚待补充,42,仅历史可注册证据（需重查）,,2026-09-30T10:20:06.976Z,拴字有工具商品联想，拼音较生僻,五金固定、户外绳具及生活品牌团队,未做逐名净空,False,,中文短拼音,https://regery.com/en/bulksearch,,,,,,
1028,burden.si,词义/用途尚待补充,42,仅历史可注册证据（需重查）,,2026-09-30T12:45:14.499Z,负担可用于减负工具；词义偏负面,效率工具团队,未做逐名净空,False,,英语普通词大池,https://regery.com/en/bulksearch,,,,,,
1029,marital.si,词义/用途尚待补充,42,仅历史可注册证据（需重查）,,2026-09-30T13:10:57.897Z,婚姻形容词用途明确；隐私服务较窄,婚姻咨询团队,未做逐名净空,False,,英语普通词大池,https://regery.com/en/bulksearch,,,,,,
1030,drifting.si,词义/用途尚待补充,42,仅历史可注册证据（需重查）,,2026-09-30T12:54:57.560Z,漂流可做户外内容；动名词泛化,户外旅行品牌,未做逐名净空,False,,英语普通词大池,https://regery.com/en/bulksearch,,,,,,
1031,portrayal.si,词义/用途尚待补充,42,仅历史可注册证据（需重查）,,2026-09-30T13:20:14.296Z,描绘适合影像表达；缺具体任务,影像创作团队,未做逐名净空,False,,英语普通词大池,https://regery.com/en/bulksearch,,,,,,
1032,mounted.si,词义/用途尚待补充,42,仅历史可注册证据（需重查）,,2026-09-30T12:22:16.923Z,安装固定可做硬件工具；用途需具体,硬件安装团队,未做逐名净空,False,,英语普通词大池,https://regery.com/en/bulksearch,,,,,,
1033,joyfully.si,快乐地,42,仅历史可注册证据（需重查）,,2026-09-30T08:06:37.383Z,快乐地语感积极；缺单一可收费品类,生活方式品牌,未做逐名净空,False,,名称用途与买家复筛；英语普通词大池,https://www.inwx.com/en/domain/check?domain=joyfully.si,旧汇总称有Porkbun报价但未保留其报价URL；此INWX链接仅为另行查询页面，不能当报价证明。,,,,,
1034,gimp.si,饰带；跛行,42,仅历史可注册证据（需重查）,,2026-09-30T07:57:51.455Z,饰带有独立工艺含义，但负面词义和认知较弱,工艺饰带、裁缝与手作内容团队,未做逐名净空,False,,名称用途与买家复筛；已有品牌与产品名；英语普通词大池；中外公司及品牌扩扫,https://www.inwx.com/en/domain/check?domain=gimp.si,,,,,,
1035,spidermonkey.si,,42,仅历史可注册证据（需重查）,,2026-09-30T17:43:09.329Z,动物名称完整；长词降低转售面,野生动物教育与自然品牌,未做逐名权利净空；有普通词义不表示无同名权利,False,,中外公司及品牌扩扫,https://regery.com/en/bulksearch,,,,,,
1036,perforce.si,,42,仅历史可注册证据（需重查）,,2026-09-30T17:39:16.743Z,真词意为必然；命名用途弱于词形质量,文学语言内容,未做逐名权利净空；普通词义不表示无同名权利,False,,中外公司及品牌扩扫,https://regery.com/en/bulksearch,,,,,,
1037,wore.si,词义/用途尚待补充,42,仅历史可注册证据（需重查）,,2026-09-30T15:47:56.716Z,wear的完整过去式，短而可辨但不如原形直接,服饰与生活方式品牌,未做逐名净空,False,,英语普通词大池,https://regery.com/en/bulksearch,,,,,,
1038,ashleaf.si,白蜡木与树叶,41,仅历史可注册证据（需重查）,,2026-09-30T10:19:19.573Z,白蜡木与树叶可供户外与生活品牌；后缀联系偏弱,户外与生活品牌,未做逐名净空,False,,自然组合与可读品牌词,https://porkbun.com/checkout/search,,,,,,
1039,dewhill.si,露珠山丘,41,仅历史可注册证据（需重查）,,2026-09-30T07:39:53.110Z,露珠山丘可供户外与生活品牌；后缀联系偏弱,户外与生活品牌,未做逐名净空,False,,名称用途与买家复筛；自然组合与可读品牌词,https://www.inwx.com/en/domain/check?domain=dewhill.si,,,,,,
1040,dewleaf.si,露珠与树叶,41,仅历史可注册证据（需重查）,,2026-09-30T10:20:05.448Z,露珠与树叶可供户外与生活品牌；后缀联系偏弱,户外与生活品牌,未做逐名净空,False,,自然组合与可读品牌词,https://porkbun.com/checkout/search,,,,,,
1041,sunhill.si,阳光与山丘,41,仅历史可注册证据（需重查）,,2026-09-30T10:25:10.084Z,阳光与山丘可供户外与生活品牌；后缀联系偏弱,户外与生活品牌,未做逐名净空,False,,自然组合与可读品牌词,https://porkbun.com/checkout/search,,,,,,
1042,sunpath.si,阳光小径,41,仅历史可注册证据（需重查）,,2026-09-30T07:39:32.460Z,阳光小径路径可供户外与生活品牌；后缀联系偏弱,户外与生活品牌,未做逐名净空,False,,名称用途与买家复筛；自然组合与可读品牌词,https://www.inwx.com/en/domain/check?domain=sunpath.si,,,,,,
1043,birchleaf.si,桦树叶,41,仅历史可注册证据（需重查）,,2026-09-30T07:38:47.990Z,桦树叶可供户外与生活品牌；后缀联系偏弱,户外与生活品牌,未做逐名净空,False,,名称用途与买家复筛；自然组合与可读品牌词,https://www.inwx.com/en/domain/check?domain=birchleaf.si,,,,,,
1044,cedarpath.si,雪松小径,41,仅历史可注册证据（需重查）,,2026-09-30T07:52:39.174Z,雪松小径路径可供户外与生活品牌；后缀联系偏弱,户外与生活品牌,未做逐名净空,False,,名称用途与买家复筛；自然组合与可读品牌词,https://www.inwx.com/en/domain/check?domain=cedarpath.si,,,,,,
1045,ashpath.si,白蜡树小径,41,仅历史可注册证据（需重查）,,2026-09-30T07:39:46.273Z,白蜡树小径路径可供户外与生活品牌；后缀联系偏弱,户外与生活品牌,未做逐名净空,False,,名称用途与买家复筛；自然组合与可读品牌词,https://www.inwx.com/en/domain/check?domain=ashpath.si,,,,,,
1046,ashridge.si,白蜡木与山脊,41,仅历史可注册证据（需重查）,,2026-09-30T10:27:05.067Z,白蜡木与山脊可供户外与生活品牌；后缀联系偏弱,户外与生活品牌,未做逐名净空,False,,自然组合与可读品牌词,https://regery.com/en/bulksearch,,,,,,
1047,dawnpath.si,黎明与小径,41,仅历史可注册证据（需重查）,,2026-09-30T10:28:20.587Z,黎明与小径路径可供户外与生活品牌；后缀联系偏弱,户外与生活品牌,未做逐名净空,False,,自然组合与可读品牌词,https://regery.com/en/bulksearch,,,,,,
1048,duskleaf.si,薄暮与树叶,41,仅历史可注册证据（需重查）,,2026-09-30T10:28:20.587Z,薄暮与树叶可供户外与生活品牌；后缀联系偏弱,户外与生活品牌,未做逐名净空,False,,自然组合与可读品牌词,https://regery.com/en/bulksearch,,,,,,
1049,fernhill.si,蕨叶与山丘,41,仅历史可注册证据（需重查）,,2026-09-30T10:28:20.587Z,蕨叶与山丘可供户外与生活品牌；后缀联系偏弱,户外与生活品牌,未做逐名净空,False,,自然组合与可读品牌词,https://regery.com/en/bulksearch,,,,,,
1050,fernpath.si,蕨叶小径,41,仅历史可注册证据（需重查）,,2026-09-30T07:43:23.051Z,蕨叶小径路径可供户外与生活品牌；后缀联系偏弱,户外与生活品牌,未做逐名净空,False,,名称用途与买家复筛；自然组合与可读品牌词,https://www.inwx.com/en/domain/check?domain=fernpath.si,,,,,,
1051,mossleaf.si,苔藓叶片,41,仅历史可注册证据（需重查）,,2026-09-30T07:43:29.528Z,苔藓叶片可供户外与生活品牌；后缀联系偏弱,户外与生活品牌,未做逐名净空,False,,名称用途与买家复筛；自然组合与可读品牌词,https://www.inwx.com/en/domain/check?domain=mossleaf.si,,,,,,
1052,pinepath.si,松林小径,41,仅历史可注册证据（需重查）,,2026-09-30T07:43:08.114Z,松林小径路径可供户外与生活品牌；后缀联系偏弱,户外与生活品牌,未做逐名净空,False,,名称用途与买家复筛；自然组合与可读品牌词,https://www.inwx.com/en/domain/check?domain=pinepath.si,,,,,,
1053,sagepath.si,鼠尾草小径,41,仅历史可注册证据（需重查）,,2026-09-30T07:42:48.573Z,鼠尾草小径路径可供户外与生活品牌；后缀联系偏弱,户外与生活品牌,未做逐名净空,False,,名称用途与买家复筛；自然组合与可读品牌词,https://www.inwx.com/en/domain/check?domain=sagepath.si,,,,,,
1054,sunridge.si,阳光与山脊,41,仅历史可注册证据（需重查）,,2026-09-30T13:29:57.470Z,阳光与山脊可供户外与生活品牌；后缀联系偏弱,户外与生活品牌,未做逐名净空,False,,自然组合与可读品牌词,https://regery.com/en/bulksearch,,,,,,
1055,wildpath.si,野外小径,41,仅历史可注册证据（需重查）,,2026-09-30T07:43:14.783Z,野外小径路径可供户外与生活品牌；后缀联系偏弱,户外与生活品牌,未做逐名净空,False,,名称用途与买家复筛；自然组合与可读品牌词,https://www.inwx.com/en/domain/check?domain=wildpath.si,,,,,,
1056,windpath.si,风之小径,41,仅历史可注册证据（需重查）,,2026-09-30T07:42:59.755Z,风之小径路径可供户外与生活品牌；后缀联系偏弱,户外与生活品牌,未做逐名净空,False,,名称用途与买家复筛；自然组合与可读品牌词,https://www.inwx.com/en/domain/check?domain=windpath.si,,,,,,
1057,cedarhill.si,雪松与山丘,41,仅历史可注册证据（需重查）,,2026-09-30T10:27:05.067Z,雪松与山丘可供户外与生活品牌；后缀联系偏弱,户外与生活品牌,未做逐名净空,False,,自然组合与可读品牌词,https://regery.com/en/bulksearch,,,,,,
1058,cedarleaf.si,雪松与树叶,41,仅历史可注册证据（需重查）,,2026-09-30T10:27:05.067Z,雪松与树叶可供户外与生活品牌；后缀联系偏弱,户外与生活品牌,未做逐名净空,False,,自然组合与可读品牌词,https://regery.com/en/bulksearch,,,,,,
1059,vanillaextract.si,,41,仅历史可注册证据（需重查）,,2026-09-30T17:45:54.684Z,固定食材名称；14字母影响传播,烘焙原料与配方教育,未做逐名权利净空；有普通词义不表示无同名权利,False,,中外公司及品牌扩扫,https://regery.com/en/bulksearch,,,,,,
1060,newchapter.si,,41,仅历史可注册证据（需重查）,,2026-09-30T17:52:50.451Z,新篇章是自然组合；十字母且替代多,出版与阅读内容,未做逐名权利净空；普通词义不表示无同名权利,False,,中外公司及品牌扩扫,https://regery.com/en/bulksearch,,,,,,
1061,agentbudget.si,词义/用途尚待补充,41,仅历史可注册证据（需重查）,,2026-09-30T10:22:36.648Z,预算可指费用或资源限额，词组用途不够集中,智能体成本管控工具团队,未做逐名净空,False,,初始商业与技术词,https://regery.com/en/bulksearch,,,,,,
1062,modelbudget.si,词义/用途尚待补充,41,仅历史可注册证据（需重查）,,2026-09-30T10:22:36.648Z,模型预算方向可解释，但术语与产品边界不清,模型成本管控工具团队,未做逐名净空,False,,初始商业与技术词,https://regery.com/en/bulksearch,,,,,,
1063,woodlark.si,林百灵,41,仅历史可注册证据（需重查）,,2026-09-30T08:00:33.548Z,林百灵有独立用途；同名业务须核,自然生活品牌,未做逐名净空,False,,名称用途与买家复筛；自然意象与真实词；跨方法优选100,https://regery.com/en/domains/search/woodlark.si,,,,,,
1064,daylily.si,萱草；日百合,41,仅历史可注册证据（需重查）,,2026-09-30T10:35:19.297Z,萱草可供自然生活品牌；后缀联系偏弱,自然生活品牌,未做逐名净空,False,,自然意象与真实词,https://www.inwx.com/en/domain/check?domain=daylily.si,,,,,,
1065,sunleaf.si,词义/用途尚待补充,41,仅历史可注册证据（需重查）,,2026-09-30T10:25:10.084Z,阳光树叶适合园艺；组合常见,园艺品牌,未做逐名净空,False,,英语普通词大池,https://porkbun.com/checkout/search,,,,,,
1066,sunfield.si,词义/用途尚待补充,41,仅历史可注册证据（需重查）,,2026-09-30T13:29:57.470Z,阳光田野适合户外生活；品牌常见,户外生活品牌,未做逐名净空,False,,英语普通词大池,https://regery.com/en/bulksearch,,,,,,
1067,pearlpath.si,珍珠与小径,41,仅历史可注册证据（需重查）,,2026-09-30T10:22:36.648Z,珍珠小径用途可说明，但仍需验证独立采用与后缀匹配,珠宝与生活方式品牌团队,未做逐名净空,False,,自然组合与可读品牌词,https://regery.com/en/bulksearch,,,,,,
1068,extensiblemarkuplanguage.si,,41,仅历史可注册证据（需重查）,,2026-09-30T17:46:23.933Z,XML正式全称；拼写过长削弱品牌用途,XML格式教学与互操作内容,未做逐名权利净空；普通词义不表示无同名权利,False,,中外公司及品牌扩扫,https://regery.com/en/bulksearch,,,,,,
1069,contextdock.si,上下文停靠站,41,仅历史可注册证据（需重查）,,2026-09-30T08:59:19.117Z,现有同业同名线索待核，独立用途与名称替代仍不清,上下文工作台软件或服务团队,未做逐名净空,False,,AI英文词与组合,https://www.inwx.com/en/domain/check?domain=contextdock.si,,,,,,
1070,thymeleaf.si,,41,仅历史可注册证据（需重查）,,2026-09-30T17:44:57.014Z,植物组合可读；自然度弱于thyme leaves,香草种植与调味商品,未做逐名权利净空；有普通词义不表示无同名权利,False,,中外公司及品牌扩扫,https://regery.com/en/bulksearch,,,,,,
1071,ceng.si,词义/用途尚待补充,41,仅历史可注册证据（需重查）,,2026-09-30T10:19:15.628Z,层字可读但单音多义，具体命名需求较弱,材料层级、空间或住宅服务团队,未做逐名净空,False,,中文短拼音,https://regery.com/en/bulksearch,,,,,,
1072,qiong.si,词义/用途尚待补充,41,仅历史可注册证据（需重查）,,2026-09-30T10:20:06.976Z,穷琼同音观感分歧，独立商业用途较窄,海南文化、生活内容及公益团队,未做逐名净空,False,,中文短拼音,https://regery.com/en/bulksearch,,,,,,
1073,summery.si,夏日般的,41,仅历史可注册证据（需重查）,,2026-09-30T03:55:37.126Z,夏日气息易记；季节性较强,夏季消费品牌,未做逐名净空,False,,三至七字母短名,https://porkbun.com/checkout/search,,,,,,
1074,broadly.si,词义/用途尚待补充,41,仅历史可注册证据（需重查）,,2026-09-30T12:45:14.499Z,广泛地可用传播产品；副词太抽象,传播工具团队,未做逐名净空,False,,英语普通词大池,https://regery.com/en/bulksearch,,,,,,
1075,winding.si,词义/用途尚待补充,41,仅历史可注册证据（需重查）,,2026-09-30T13:40:12.722Z,蜿蜒可做户外意象；动名词偏泛,户外品牌,未做逐名净空,False,,英语普通词大池,https://regery.com/en/bulksearch,,,,,,
1076,striving.si,词义/用途尚待补充,41,仅历史可注册证据（需重查）,,2026-09-30T13:29:57.470Z,努力进取适合教育；仍属抽象词,成长教育团队,未做逐名净空,False,,英语普通词大池,https://regery.com/en/bulksearch,,,,,,
1077,tollhouse.si,,41,仅历史可注册证据（需重查）,,2026-09-30T17:53:54.161Z,收费站小屋为真义；名称采购用途较窄,收费站历史与交通文化,未做逐名权利净空；普通词义不表示无同名权利,False,,中外公司及品牌扩扫,https://regery.com/en/bulksearch,,,,,,
1078,bombardier.si,,41,仅历史可注册证据（需重查）,,2026-09-30T17:27:42.109Z,炮兵或投弹手词义成立；商业用途窄,军事史文化出版,未做逐名权利净空；普通词义不表示无同名权利,False,,中外公司及品牌扩扫,https://regery.com/en/bulksearch,,,,,,
1079,subversion.si,,41,仅历史可注册证据（需重查）,,2026-09-30T17:43:55.237Z,普通词有创作语义；带负面色彩,文学创作与文化活动,未做逐名权利净空；有普通词义不表示无同名权利,False,,中外公司及品牌扩扫,https://regery.com/en/bulksearch,,,,,,
1080,fsharp.si,,41,仅历史可注册证据（需重查）,,2026-09-30T17:30:35.858Z,升F是真实音名；单个音高的买家范围窄,音乐教育、乐理和调音内容,未做逐名权利净空；公开规范不表示品牌名称可任意使用,False,,中外公司及品牌扩扫,https://regery.com/en/bulksearch,,,,,,
1081,oddly.si,词义/用途尚待补充,41,仅历史可注册证据（需重查）,,2026-09-30T15:50:17.426Z,完整副词仅五字母，另类气质鲜明但不适合多数品类,另类审美与创意内容品牌,未做逐名净空,False,,英语普通词大池,https://regery.com/en/bulksearch,,,,,,
1082,produk.si,生产,41,仅历史可注册证据（需重查）,,2026-09-30T07:31:28.168Z,生产有跨语读法；非英语买家需核,跨语言消费品牌,未做逐名净空,False,,其他语言跨点组合,https://www.inwx.com/en/domain/check?domain=produk.si,,,,,,
1083,inklu.si,包容／融合,41,仅历史可注册证据（需重查）,,2026-09-30T10:19:15.628Z,包容／融合有跨语读法；非英语买家需核,跨语言消费品牌,未做逐名净空,False,,其他语言跨点组合,https://regery.com/en/bulksearch,,,,,,
1084,quiza.si,也许是,41,仅历史可注册证据（需重查）,,2026-09-30T07:31:28.179Z,也许是有跨语读法；非英语买家需核,跨语言消费品牌,未做逐名净空,False,,西语跨点组合,https://www.inwx.com/en/domain/check?domain=quiza.si,,,,,,
1085,selek.si,筛选／选拔,41,仅历史可注册证据（需重查）,,2026-09-30T07:33:31.056Z,筛选／选拔有跨语读法；非英语买家需核,跨语言消费品牌,未做逐名净空,False,,其他语言跨点组合,https://www.inwx.com/en/domain/check?domain=selek.si,,,,,,
1086,regula.si,监管规则,41,仅历史可注册证据（需重查）,,2026-09-30T10:20:06.976Z,监管规则有跨语读法；非英语买家需核,跨语言消费品牌,未做逐名净空,False,,其他语言跨点组合,https://regery.com/en/bulksearch,,,,,,
1087,revolu.si,革命／根本变革,41,仅历史可注册证据（需重查）,,2026-09-30T07:30:57.680Z,革命／根本变革有跨语读法；非英语买家需核,跨语言消费品牌,未做逐名净空,False,,其他语言跨点组合,https://www.inwx.com/en/domain/check?domain=revolu.si,,,,,,
1088,serein.si,晴空暮雨,41,仅历史可注册证据（需重查）,,2026-09-30T03:33:35.962Z,晴空暮雨有跨语读法；非英语买家需核,跨语言消费品牌,未做逐名净空,False,,其他历史候选,https://porkbun.com/checkout/search,,,,,,
1089,efisien.si,效率,41,仅历史可注册证据（需重查）,,2026-09-30T10:21:33.679Z,效率有跨语读法；非英语买家需核,跨语言消费品牌,未做逐名净空,False,,其他语言跨点组合,https://regery.com/en/bulksearch,,,,,,
1090,escribe.si,输入“是”,41,仅历史可注册证据（需重查）,,2026-09-30T10:21:33.679Z,输入“是”有跨语读法；非英语买家需核,跨语言消费品牌,未做逐名净空,False,,西语跨点组合,https://regery.com/en/bulksearch,,,,,,
1091,frekuen.si,频率,41,仅历史可注册证据（需重查）,,2026-09-30T07:35:36.762Z,频率有跨语读法；非英语买家需核,跨语言消费品牌,未做逐名净空,False,,其他语言跨点组合,https://www.inwx.com/en/domain/check?domain=frekuen.si,,,,,,
1092,interak.si,互动,41,仅历史可注册证据（需重查）,,2026-09-30T07:32:58.775Z,互动有跨语读法；非英语买家需核,跨语言消费品牌,未做逐名净空,False,,其他语言跨点组合,https://www.inwx.com/en/domain/check?domain=interak.si,,,,,,
1093,kolabora.si,协作,41,仅历史可注册证据（需重查）,,2026-09-30T10:21:47.376Z,协作有跨语读法；非英语买家需核,跨语言消费品牌,未做逐名净空,False,,其他语言跨点组合,https://regery.com/en/bulksearch,,,,,,
1094,organisa.si,组织,41,仅历史可注册证据（需重查）,,2026-09-30T10:21:47.376Z,组织有跨语读法；非英语买家需核,跨语言消费品牌,未做逐名净空,False,,其他语言跨点组合,https://regery.com/en/bulksearch,,,,,,
1095,computemeter.si,词义/用途尚待补充,40,仅历史可注册证据（需重查）,,2026-09-30T10:22:36.648Z,算力计量用途具体，但长组合更像功能模块,云计算资源计量团队,未做逐名净空,False,,初始商业与技术词,https://regery.com/en/bulksearch,,,,,,
1096,echoloom.si,回声与织机,40,仅历史可注册证据（需重查）,,2026-09-30T10:22:38.016Z,回声与织机可供出版与创作工具；组合意象较抽象,出版与创作工具,未做逐名净空,False,,自然组合与可读品牌词,https://porkbun.com/checkout/search,,,,,,
1097,atlasloom.si,地图集与织机,40,仅历史可注册证据（需重查）,,2026-09-30T10:27:05.067Z,地图集与织机可供出版与创作工具；组合意象较抽象,出版与创作工具,未做逐名净空,False,,自然组合与可读品牌词,https://regery.com/en/bulksearch,,,,,,
1098,blueday.si,蓝色与白昼,40,仅历史可注册证据（需重查）,,2026-09-30T10:19:19.573Z,蓝色与白昼可供视觉与生活品牌；后缀联系偏弱,视觉与生活品牌,未做逐名净空,False,,自然组合与可读品牌词,https://porkbun.com/checkout/search,,,,,,
1099,glowday.si,微光与白昼,40,仅历史可注册证据（需重查）,,2026-09-30T10:20:05.448Z,微光与白昼可供视觉与生活品牌；后缀联系偏弱,视觉与生活品牌,未做逐名净空,False,,自然组合与可读品牌词,https://porkbun.com/checkout/search,,,,,,
1100,hazeday.si,薄霭与白昼,40,仅历史可注册证据（需重查）,,2026-09-30T10:20:05.448Z,薄霭与白昼可供视觉与生活品牌；后缀联系偏弱,视觉与生活品牌,未做逐名净空,False,,自然组合与可读品牌词,https://porkbun.com/checkout/search,,,,,,
1101,bluedawn.si,蓝色与黎明,40,仅历史可注册证据（需重查）,,2026-09-30T10:22:38.016Z,蓝色与黎明可供视觉与生活品牌；后缀联系偏弱,视觉与生活品牌,未做逐名净空,False,,自然组合与可读品牌词,https://porkbun.com/checkout/search,,,,,,
1102,glowmuse.si,微光与灵感,40,仅历史可注册证据（需重查）,,2026-09-30T10:30:50.437Z,微光与灵感可供视觉与生活品牌；后缀联系偏弱,视觉与生活品牌,未做逐名净空,False,,自然组合与可读品牌词,https://regery.com/en/bulksearch,,,,,,
1103,glowrise.si,微光与升起,40,仅历史可注册证据（需重查）,,2026-09-30T10:30:50.437Z,微光与升起可供视觉与生活品牌；组合意象较抽象,视觉与生活品牌,未做逐名净空,False,,自然组合与可读品牌词,https://regery.com/en/bulksearch,,,,,,
1104,hazepath.si,薄霭与小径,40,仅历史可注册证据（需重查）,,2026-09-30T10:30:50.437Z,薄霭与小径路径可供视觉与生活品牌；后缀联系偏弱,视觉与生活品牌,未做逐名净空,False,,自然组合与可读品牌词,https://regery.com/en/bulksearch,,,,,,
1105,lumadawn.si,柔光与黎明,40,仅历史可注册证据（需重查）,,2026-09-30T10:32:43.695Z,柔光与黎明可供视觉与生活品牌；后缀联系偏弱,视觉与生活品牌,未做逐名净空,False,,自然组合与可读品牌词,https://regery.com/en/bulksearch,,,,,,
1106,lumamuse.si,柔光与灵感,40,仅历史可注册证据（需重查）,,2026-09-30T10:32:43.695Z,柔光与灵感可供视觉与生活品牌；后缀联系偏弱,视觉与生活品牌,未做逐名净空,False,,自然组合与可读品牌词,https://regery.com/en/bulksearch,,,,,,
1107,lumapath.si,柔光与小径,40,仅历史可注册证据（需重查）,,2026-09-30T10:32:43.695Z,柔光与小径路径可供视觉与生活品牌；后缀联系偏弱,视觉与生活品牌,未做逐名净空,False,,自然组合与可读品牌词,https://regery.com/en/bulksearch,,,,,,
1108,sungrove.si,阳光与树林,40,仅历史可注册证据（需重查）,,2026-09-30T13:29:57.470Z,阳光与树林可供户外与生活品牌；后缀联系偏弱,户外与生活品牌,未做逐名净空,False,,自然组合与可读品牌词,https://regery.com/en/bulksearch,,,,,,
1109,amberbell.si,琥珀与钟声,40,仅历史可注册证据（需重查）,,2026-09-30T10:27:05.067Z,琥珀与钟声可供视觉与生活品牌；后缀联系偏弱,视觉与生活品牌,未做逐名净空,False,,自然组合与可读品牌词,https://regery.com/en/bulksearch,,,,,,
1110,clearbell.si,澄澈与钟声,40,仅历史可注册证据（需重查）,,2026-09-30T10:27:05.067Z,澄澈与钟声可供视觉与生活品牌；后缀联系偏弱,视觉与生活品牌,未做逐名净空,False,,自然组合与可读品牌词,https://regery.com/en/bulksearch,,,,,,
1111,cleardawn.si,澄澈与黎明,40,仅历史可注册证据（需重查）,,2026-09-30T10:27:05.067Z,澄澈与黎明可供视觉与生活品牌；后缀联系偏弱,视觉与生活品牌,未做逐名净空,False,,自然组合与可读品牌词,https://regery.com/en/bulksearch,,,,,,
1112,clearmuse.si,澄澈与灵感,40,仅历史可注册证据（需重查）,,2026-09-30T10:27:05.067Z,澄澈与灵感可供视觉与生活品牌；后缀联系偏弱,视觉与生活品牌,未做逐名净空,False,,自然组合与可读品牌词,https://regery.com/en/bulksearch,,,,,,
1113,solarglow.si,太阳与光辉,40,仅历史可注册证据（需重查）,,2026-09-30T13:27:13.820Z,太阳与光辉可供视觉与生活品牌；后缀联系偏弱,视觉与生活品牌,未做逐名净空,False,,自然组合与可读品牌词,https://regery.com/en/bulksearch,,,,,,
1114,clearday.si,晴朗一天,40,仅历史可注册证据（需重查）,,2026-09-30T07:43:45.167Z,晴朗一天可供视觉与生活品牌；后缀联系偏弱,视觉与生活品牌,未做逐名净空,False,,名称用途与买家复筛；自然组合与可读品牌词,https://www.inwx.com/en/domain/check?domain=clearday.si,,,,,,
1115,dewbrook.si,露珠小溪,40,仅历史可注册证据（需重查）,,2026-09-30T07:37:26.803Z,露珠小溪可供户外与生活品牌；后缀联系偏弱,户外与生活品牌,未做逐名净空,False,,名称用途与买家复筛；自然组合与可读品牌词,https://www.inwx.com/en/domain/check?domain=dewbrook.si,,,,,,
1116,glowpath.si,微光小径,40,仅历史可注册证据（需重查）,,2026-09-30T07:43:50.578Z,微光小径路径可供视觉与生活品牌；后缀联系偏弱,视觉与生活品牌,未做逐名净空,False,,名称用途与买家复筛；自然组合与可读品牌词,https://www.inwx.com/en/domain/check?domain=glowpath.si,,,,,,
1117,moonpath.si,月光与小径,40,仅历史可注册证据（需重查）,,2026-09-30T10:21:47.376Z,月光与小径路径可供视觉与生活品牌；后缀联系偏弱,视觉与生活品牌,未做逐名净空,False,,自然组合与可读品牌词,https://regery.com/en/bulksearch,,,,,,
1118,starglow.si,星与光辉,40,仅历史可注册证据（需重查）,,2026-09-30T10:21:47.376Z,星与光辉可供视觉与生活品牌；后缀联系偏弱,视觉与生活品牌,未做逐名净空,False,,自然组合与可读品牌词,https://regery.com/en/bulksearch,,,,,,
1119,warmglow.si,温暖与光辉,40,仅历史可注册证据（需重查）,,2026-09-30T10:21:47.376Z,温暖与光辉可供视觉与生活品牌；后缀联系偏弱,视觉与生活品牌,未做逐名净空,False,,自然组合与可读品牌词,https://regery.com/en/bulksearch,,,,,,
1120,amberdawn.si,琥珀与黎明,40,仅历史可注册证据（需重查）,,2026-09-30T10:21:47.376Z,琥珀与黎明可供视觉与生活品牌；后缀联系偏弱,视觉与生活品牌,未做逐名净空,False,,自然组合与可读品牌词,https://regery.com/en/bulksearch,,,,,,
1121,brightday.si,明亮与白昼,40,仅历史可注册证据（需重查）,,2026-09-30T10:21:47.376Z,明亮与白昼可供视觉与生活品牌；后缀联系偏弱,视觉与生活品牌,未做逐名净空,False,,自然组合与可读品牌词,https://regery.com/en/bulksearch,,,,,,
1122,cedarnest.si,雪松与巢,40,仅历史可注册证据（需重查）,,2026-09-30T10:27:05.067Z,雪松与巢可供户外与生活品牌；后缀联系偏弱,户外与生活品牌,未做逐名净空,False,,自然组合与可读品牌词,https://regery.com/en/bulksearch,,,,,,
1123,glintline.si,闪光与线条,40,仅历史可注册证据（需重查）,,2026-09-30T10:22:36.648Z,闪光线条用途可说明，但仍需验证独立采用与后缀匹配,设计与光学品牌团队,未做逐名净空,False,,自然组合与可读品牌词,https://regery.com/en/bulksearch,,,,,,
1124,memorylane.si,记忆通道,40,仅历史可注册证据（需重查）,,2026-09-30T08:59:38.099Z,现有同业同名线索待核，独立用途与名称替代仍不清,记忆通道软件或服务团队,未做逐名净空,False,,AI英文词与组合,https://www.inwx.com/en/domain/check?domain=memorylane.si,,,,,,
1125,promptlane.si,提示词通道,40,仅历史可注册证据（需重查）,,2026-09-30T08:58:47.393Z,现有同业同名线索待核，独立用途与名称替代仍不清,提示词通道软件或服务团队,未做逐名净空,False,,AI英文词与组合,https://www.inwx.com/en/domain/check?domain=promptlane.si,,,,,,
1126,visionlane.si,视觉通道,40,仅历史可注册证据（需重查）,,2026-09-30T09:06:57.320Z,现有同业同名线索待核，独立用途与名称替代仍不清,视觉通道软件或服务团队,未做逐名净空,False,,AI英文词与组合,https://www.inwx.com/en/domain/check?domain=visionlane.si,,,,,,
1127,reng.si,词义/用途尚待补充,40,仅历史可注册证据（需重查）,,2026-09-30T10:19:15.628Z,扔字关联清理回收，品牌观感和读音较弱,回收整理、清洁与生活服务团队,未做逐名净空,False,,中文短拼音,https://regery.com/en/bulksearch,,,,,,
1128,uplifting.si,鼓舞人的,40,仅历史可注册证据（需重查）,,2026-09-30T08:11:40.000Z,鼓舞人心可做生活品牌；过于抽象,健康生活品牌,未做逐名净空,False,,名称用途与买家复筛；英语新增精选补查；英语普通词大池,https://www.inwx.com/en/domain/check?domain=uplifting.si,,,,,,
1129,pictured.si,词义/用途尚待补充,40,仅历史可注册证据（需重查）,,2026-09-30T13:20:14.296Z,被拍成图像可用影像工具；形态弱,影像工具团队,未做逐名净空,False,,英语普通词大池,https://regery.com/en/bulksearch,,,,,,
1130,ripa.si,Radioimmunoprecipitation assay，常见RIPA buffer生化试剂术语,40,仅历史可注册证据（需重查）,,2026-09-30T04:09:23.640Z,缩写可指生物实验技术；非大众词,生物实验软件,未做逐名净空,False,,三至七字母短名,https://porkbun.com/checkout/search,,,,,,
1131,infantry.si,词义/用途尚待补充,40,仅历史可注册证据（需重查）,,2026-09-30T13:07:27.316Z,步兵词义清楚；用途限军事爱好,军事教育团队,未做逐名净空,False,,英语普通词大池,https://regery.com/en/bulksearch,,,,,,
1132,revealing.si,词义/用途尚待补充,40,仅历史可注册证据（需重查）,,2026-09-30T13:24:37.510Z,揭示可做内容品牌；词形含糊,内容出版团队,未做逐名净空,False,,英语普通词大池,https://regery.com/en/bulksearch,,,,,,
1133,wellfound.si,妥善找到；找到好去处,39,仅历史可注册证据（需重查）,,2026-09-30T06:07:34.331Z,好去处是命名联想，稳定词义与独立收费用途需核,旅行发现、精选商品与生活内容团队,未做逐名净空,False,,名称用途与买家复筛；已有品牌与产品名；已有品牌采用优选50；跨方法优选100；中外公司及品牌扩扫,https://porkbun.com/checkout/search,,,,,,
1134,grav.si,gravity 重力的短形,39,仅历史可注册证据（需重查）,,2026-09-30T04:49:10.185Z,重力仅为截短词根联想，通用词义与独立用途需核,重力实验、工程教育与设备品牌团队,未做逐名净空,False,,名称用途与买家复筛；已有品牌与产品名；中外公司及品牌扩扫,https://porkbun.com/checkout/search,,,,,,
1135,dewbay.si,露珠与海湾,39,仅历史可注册证据（需重查）,,2026-09-30T10:19:19.573Z,露珠与海湾可供户外与生活品牌；后缀联系偏弱,户外与生活品牌,未做逐名净空,False,,自然组合与可读品牌词,https://porkbun.com/checkout/search,,,,,,
1136,sunbay.si,阳光与海湾,39,仅历史可注册证据（需重查）,,2026-09-30T10:19:19.573Z,阳光与海湾可供户外与生活品牌；后缀联系偏弱,户外与生活品牌,未做逐名净空,False,,自然组合与可读品牌词,https://porkbun.com/checkout/search,,,,,,
1137,ashvale.si,白蜡木与山谷,39,仅历史可注册证据（需重查）,,2026-09-30T10:19:19.573Z,白蜡木与山谷可供户外与生活品牌；后缀联系偏弱,户外与生活品牌,未做逐名净空,False,,自然组合与可读品牌词,https://porkbun.com/checkout/search,,,,,,
1138,dawnbay.si,黎明与海湾,39,仅历史可注册证据（需重查）,,2026-09-30T10:19:19.573Z,黎明与海湾可供户外与生活品牌；后缀联系偏弱,户外与生活品牌,未做逐名净空,False,,自然组合与可读品牌词,https://porkbun.com/checkout/search,,,,,,
1139,dewglen.si,露珠与幽谷,39,仅历史可注册证据（需重查）,,2026-09-30T10:20:05.448Z,露珠与幽谷可供户外与生活品牌；后缀联系偏弱,户外与生活品牌,未做逐名净空,False,,自然组合与可读品牌词,https://porkbun.com/checkout/search,,,,,,
1140,dewvale.si,露珠与山谷,39,仅历史可注册证据（需重查）,,2026-09-30T10:20:05.448Z,露珠与山谷可供户外与生活品牌；后缀联系偏弱,户外与生活品牌,未做逐名净空,False,,自然组合与可读品牌词,https://porkbun.com/checkout/search,,,,,,
1141,duskbay.si,薄暮海湾,39,仅历史可注册证据（需重查）,,2026-09-30T07:39:25.715Z,薄暮海湾有独立用途；同名业务须核,户外与生活品牌,未做逐名净空,False,,名称用途与买家复筛；自然组合与可读品牌词；跨方法优选100,https://www.inwx.com/en/domain/check?domain=duskbay.si,,,,,,
1142,mistbay.si,薄雾与海湾,39,仅历史可注册证据（需重查）,,2026-09-30T10:20:05.448Z,薄雾与海湾可供户外与生活品牌；后缀联系偏弱,户外与生活品牌,未做逐名净空,False,,自然组合与可读品牌词,https://porkbun.com/checkout/search,,,,,,
1143,mossbay.si,苔藓与海湾,39,仅历史可注册证据（需重查）,,2026-09-30T10:20:05.448Z,苔藓与海湾可供户外与生活品牌；后缀联系偏弱,户外与生活品牌,未做逐名净空,False,,自然组合与可读品牌词,https://porkbun.com/checkout/search,,,,,,
1144,pinebay.si,松树与海湾,39,仅历史可注册证据（需重查）,,2026-09-30T10:20:05.448Z,松树与海湾可供户外与生活品牌；后缀联系偏弱,户外与生活品牌,未做逐名净空,False,,自然组合与可读品牌词,https://porkbun.com/checkout/search,,,,,,
1145,rainbay.si,雨与海湾,39,仅历史可注册证据（需重查）,,2026-09-30T10:20:05.448Z,雨与海湾可供户外与生活品牌；后缀联系偏弱,户外与生活品牌,未做逐名净空,False,,自然组合与可读品牌词,https://porkbun.com/checkout/search,,,,,,
1146,reedbay.si,芦苇与海湾,39,仅历史可注册证据（需重查）,,2026-09-30T10:20:05.448Z,芦苇与海湾可供户外与生活品牌；后缀联系偏弱,户外与生活品牌,未做逐名净空,False,,自然组合与可读品牌词,https://porkbun.com/checkout/search,,,,,,
1147,snowbay.si,雪与海湾,39,仅历史可注册证据（需重查）,,2026-09-30T10:25:10.084Z,雪与海湾可供户外与生活品牌；后缀联系偏弱,户外与生活品牌,未做逐名净空,False,,自然组合与可读品牌词,https://porkbun.com/checkout/search,,,,,,
1148,windbay.si,风与海湾,39,仅历史可注册证据（需重查）,,2026-09-30T10:25:10.084Z,风与海湾可供户外与生活品牌；后缀联系偏弱,户外与生活品牌,未做逐名净空,False,,自然组合与可读品牌词,https://porkbun.com/checkout/search,,,,,,
1149,bluecove.si,蓝色与海湾,39,仅历史可注册证据（需重查）,,2026-09-30T10:22:38.016Z,蓝色与海湾可供视觉与生活品牌；后缀联系偏弱,视觉与生活品牌,未做逐名净空,False,,自然组合与可读品牌词,https://porkbun.com/checkout/search,,,,,,
1150,bluevale.si,蓝色与山谷,39,仅历史可注册证据（需重查）,,2026-09-30T10:22:38.016Z,蓝色与山谷可供视觉与生活品牌；后缀联系偏弱,视觉与生活品牌,未做逐名净空,False,,自然组合与可读品牌词,https://porkbun.com/checkout/search,,,,,,
1151,dawnglen.si,黎明幽谷,39,仅历史可注册证据（需重查）,,2026-09-30T07:37:34.817Z,黎明幽谷有独立用途；同名业务须核,户外与生活品牌,未做逐名净空,False,,名称用途与买家复筛；自然组合与可读品牌词；跨方法优选100,https://www.inwx.com/en/domain/check?domain=dawnglen.si,,,,,,
1152,duskglen.si,薄暮与幽谷,39,仅历史可注册证据（需重查）,,2026-09-30T10:22:38.016Z,薄暮与幽谷可供户外与生活品牌；后缀联系偏弱,户外与生活品牌,未做逐名净空,False,,自然组合与可读品牌词,https://porkbun.com/checkout/search,,,,,,
1153,fernvale.si,蕨叶山谷,39,仅历史可注册证据（需重查）,,2026-09-30T07:37:50.443Z,蕨叶山谷有独立用途；同名业务须核,户外与生活品牌,未做逐名净空,False,,名称用途与买家复筛；自然组合与可读品牌词；跨方法优选100,https://www.inwx.com/en/domain/check?domain=fernvale.si,,,,,,
1154,glowcove.si,微光与海湾,39,仅历史可注册证据（需重查）,,2026-09-30T10:30:50.437Z,微光与海湾可供视觉与生活品牌；后缀联系偏弱,视觉与生活品牌,未做逐名净空,False,,自然组合与可读品牌词,https://regery.com/en/bulksearch,,,,,,
1155,glowhaze.si,微光与薄霭,39,仅历史可注册证据（需重查）,,2026-09-30T10:30:50.437Z,微光与薄霭可供视觉与生活品牌；后缀联系偏弱,视觉与生活品牌,未做逐名净空,False,,自然组合与可读品牌词,https://regery.com/en/bulksearch,,,,,,
1156,glowvale.si,微光与山谷,39,仅历史可注册证据（需重查）,,2026-09-30T10:30:50.437Z,微光与山谷可供视觉与生活品牌；后缀联系偏弱,视觉与生活品牌,未做逐名净空,False,,自然组合与可读品牌词,https://regery.com/en/bulksearch,,,,,,
1157,goldcove.si,金色与海湾,39,仅历史可注册证据（需重查）,,2026-09-30T10:30:50.437Z,金色与海湾可供视觉与生活品牌；后缀联系偏弱,视觉与生活品牌,未做逐名净空,False,,自然组合与可读品牌词,https://regery.com/en/bulksearch,,,,,,
1158,goldvale.si,金色与山谷,39,仅历史可注册证据（需重查）,,2026-09-30T10:30:50.437Z,金色与山谷可供视觉与生活品牌；后缀联系偏弱,视觉与生活品牌,未做逐名净空,False,,自然组合与可读品牌词,https://regery.com/en/bulksearch,,,,,,
1159,hazecove.si,薄霭与海湾,39,仅历史可注册证据（需重查）,,2026-09-30T10:30:50.437Z,薄霭与海湾可供视觉与生活品牌；后缀联系偏弱,视觉与生活品牌,未做逐名净空,False,,自然组合与可读品牌词,https://regery.com/en/bulksearch,,,,,,
1160,hazevale.si,薄霭与山谷,39,仅历史可注册证据（需重查）,,2026-09-30T10:30:50.437Z,薄霭与山谷可供视觉与生活品牌；后缀联系偏弱,视觉与生活品牌,未做逐名净空,False,,自然组合与可读品牌词,https://regery.com/en/bulksearch,,,,,,
1161,lumacove.si,柔光与海湾,39,仅历史可注册证据（需重查）,,2026-09-30T10:32:43.695Z,柔光与海湾可供视觉与生活品牌；后缀联系偏弱,视觉与生活品牌,未做逐名净空,False,,自然组合与可读品牌词,https://regery.com/en/bulksearch,,,,,,
1162,lumahaze.si,柔光与薄霭,39,仅历史可注册证据（需重查）,,2026-09-30T10:32:43.695Z,柔光与薄霭可供视觉与生活品牌；后缀联系偏弱,视觉与生活品牌,未做逐名净空,False,,自然组合与可读品牌词,https://regery.com/en/bulksearch,,,,,,
1163,lumavale.si,柔光与山谷,39,仅历史可注册证据（需重查）,,2026-09-30T10:32:43.695Z,柔光与山谷可供视觉与生活品牌；后缀联系偏弱,视觉与生活品牌,未做逐名净空,False,,自然组合与可读品牌词,https://regery.com/en/bulksearch,,,,,,
1164,mistcove.si,薄雾海湾,39,仅历史可注册证据（需重查）,,2026-09-30T07:37:44.111Z,薄雾海湾有独立用途；同名业务须核,户外与生活品牌,未做逐名净空,False,,名称用途与买家复筛；自然组合与可读品牌词；跨方法优选100,https://www.inwx.com/en/domain/check?domain=mistcove.si,,,,,,
1165,mossvale.si,苔藓山谷,39,仅历史可注册证据（需重查）,,2026-09-30T07:37:20.683Z,苔藓山谷有独立用途；同名业务须核,户外与生活品牌,未做逐名净空,False,,名称用途与买家复筛；自然组合与可读品牌词；跨方法优选100,https://www.inwx.com/en/domain/check?domain=mossvale.si,,,,,,
1166,pinevale.si,松树山谷,39,仅历史可注册证据（需重查）,,2026-09-30T07:37:02.192Z,松树山谷有独立用途；同名业务须核,户外与生活品牌,未做逐名净空,False,,名称用途与买家复筛；自然组合与可读品牌词；跨方法优选100,https://www.inwx.com/en/domain/check?domain=pinevale.si,,,,,,
1167,raincove.si,雨中海湾,39,仅历史可注册证据（需重查）,,2026-09-30T07:38:20.020Z,雨中海湾有独立用途；同名业务须核,户外与生活品牌,未做逐名净空,False,,名称用途与买家复筛；自然组合与可读品牌词；跨方法优选100,https://www.inwx.com/en/domain/check?domain=raincove.si,,,,,,
1168,wildglen.si,野地幽谷,39,仅历史可注册证据（需重查）,,2026-09-30T07:37:12.900Z,野地幽谷有独立用途；同名业务须核,户外与生活品牌,未做逐名净空,False,,名称用途与买家复筛；自然组合与可读品牌词；跨方法优选100,https://www.inwx.com/en/domain/check?domain=wildglen.si,,,,,,
1169,windcove.si,风中海湾,39,仅历史可注册证据（需重查）,,2026-09-30T07:38:30.231Z,风中海湾有独立用途；同名业务须核,户外与生活品牌,未做逐名净空,False,,名称用途与买家复筛；自然组合与可读品牌词；跨方法优选100,https://www.inwx.com/en/domain/check?domain=windcove.si,,,,,,
1170,ambervale.si,琥珀与山谷,39,仅历史可注册证据（需重查）,,2026-09-30T10:27:05.067Z,琥珀与山谷可供视觉与生活品牌；后缀联系偏弱,视觉与生活品牌,未做逐名净空,False,,自然组合与可读品牌词,https://regery.com/en/bulksearch,,,,,,
1171,birchglen.si,桦树与幽谷,39,仅历史可注册证据（需重查）,,2026-09-30T10:21:33.679Z,桦树与幽谷可供户外与生活品牌；后缀联系偏弱,户外与生活品牌,未做逐名净空,False,,自然组合与可读品牌词,https://regery.com/en/bulksearch,,,,,,
1172,clearhaze.si,澄澈与薄霭,39,仅历史可注册证据（需重查）,,2026-09-30T10:27:05.067Z,澄澈与薄霭可供视觉与生活品牌；后缀联系偏弱,视觉与生活品牌,未做逐名净空,False,,自然组合与可读品牌词,https://regery.com/en/bulksearch,,,,,,
1173,clearvale.si,澄澈与山谷,39,仅历史可注册证据（需重查）,,2026-09-30T10:27:05.067Z,澄澈与山谷可供视觉与生活品牌；后缀联系偏弱,视觉与生活品牌,未做逐名净空,False,,自然组合与可读品牌词,https://regery.com/en/bulksearch,,,,,,
1174,ashcove.si,白蜡树海湾,39,仅历史可注册证据（需重查）,,2026-09-30T07:36:39.375Z,白蜡树海湾可供户外与生活品牌；后缀联系偏弱,户外与生活品牌,未做逐名净空,False,,名称用途与买家复筛；自然组合与可读品牌词,https://www.inwx.com/en/domain/check?domain=ashcove.si,,,,,,
1175,ashglen.si,白蜡树幽谷,39,仅历史可注册证据（需重查）,,2026-09-30T07:39:40.550Z,白蜡树幽谷可供户外与生活品牌；后缀联系偏弱,户外与生活品牌,未做逐名净空,False,,名称用途与买家复筛；自然组合与可读品牌词,https://www.inwx.com/en/domain/check?domain=ashglen.si,,,,,,
1176,birchbay.si,桦树与海湾,39,仅历史可注册证据（需重查）,,2026-09-30T10:27:05.067Z,桦树与海湾可供户外与生活品牌；后缀联系偏弱,户外与生活品牌,未做逐名净空,False,,自然组合与可读品牌词,https://regery.com/en/bulksearch,,,,,,
1177,cedarbay.si,雪松与海湾,39,仅历史可注册证据（需重查）,,2026-09-30T10:27:05.067Z,雪松与海湾可供户外与生活品牌；后缀联系偏弱,户外与生活品牌,未做逐名净空,False,,自然组合与可读品牌词,https://regery.com/en/bulksearch,,,,,,
1178,dawncove.si,黎明与海湾,39,仅历史可注册证据（需重查）,,2026-09-30T10:28:20.587Z,黎明与海湾可供户外与生活品牌；后缀联系偏弱,户外与生活品牌,未做逐名净空,False,,自然组合与可读品牌词,https://regery.com/en/bulksearch,,,,,,
1179,dawnpond.si,黎明与池塘,39,仅历史可注册证据（需重查）,,2026-09-30T10:28:20.587Z,黎明与池塘可供户外与生活品牌；后缀联系偏弱,户外与生活品牌,未做逐名净空,False,,自然组合与可读品牌词,https://regery.com/en/bulksearch,,,,,,
1180,duskcove.si,薄暮与海湾,39,仅历史可注册证据（需重查）,,2026-09-30T10:28:20.587Z,薄暮与海湾可供户外与生活品牌；后缀联系偏弱,户外与生活品牌,未做逐名净空,False,,自然组合与可读品牌词,https://regery.com/en/bulksearch,,,,,,
1181,duskvale.si,薄暮山谷,39,仅历史可注册证据（需重查）,,2026-09-30T07:38:04.415Z,薄暮山谷可供户外与生活品牌；后缀联系偏弱,户外与生活品牌,未做逐名净空,False,,名称用途与买家复筛；自然组合与可读品牌词,https://www.inwx.com/en/domain/check?domain=duskvale.si,,,,,,
1182,ferncove.si,蕨叶与海湾,39,仅历史可注册证据（需重查）,,2026-09-30T10:28:20.587Z,蕨叶与海湾可供户外与生活品牌；后缀联系偏弱,户外与生活品牌,未做逐名净空,False,,自然组合与可读品牌词,https://regery.com/en/bulksearch,,,,,,
1183,fernglen.si,蕨叶与幽谷,39,仅历史可注册证据（需重查）,,2026-09-30T10:28:20.587Z,蕨叶与幽谷可供户外与生活品牌；后缀联系偏弱,户外与生活品牌,未做逐名净空,False,,自然组合与可读品牌词,https://regery.com/en/bulksearch,,,,,,
1184,fernpond.si,蕨叶与池塘,39,仅历史可注册证据（需重查）,,2026-09-30T10:28:20.587Z,蕨叶与池塘可供户外与生活品牌；后缀联系偏弱,户外与生活品牌,未做逐名净空,False,,自然组合与可读品牌词,https://regery.com/en/bulksearch,,,,,,
1185,moonvale.si,月亮山谷,39,仅历史可注册证据（需重查）,,2026-09-30T07:44:31.973Z,月亮山谷可供视觉与生活品牌；后缀联系偏弱,视觉与生活品牌,未做逐名净空,False,,名称用途与买家复筛；自然组合与可读品牌词,https://www.inwx.com/en/domain/check?domain=moonvale.si,,,,,,
1186,mossglen.si,苔藓幽谷,39,仅历史可注册证据（需重查）,,2026-09-30T07:37:56.066Z,苔藓幽谷可供户外与生活品牌；后缀联系偏弱,户外与生活品牌,未做逐名净空,False,,名称用途与买家复筛；自然组合与可读品牌词,https://www.inwx.com/en/domain/check?domain=mossglen.si,,,,,,
1187,rainglen.si,雨中的幽谷,39,仅历史可注册证据（需重查）,,2026-09-30T07:42:55.138Z,雨中的幽谷可供户外与生活品牌；后缀联系偏弱,户外与生活品牌,未做逐名净空,False,,名称用途与买家复筛；自然组合与可读品牌词,https://www.inwx.com/en/domain/check?domain=rainglen.si,,,,,,
1188,sageglen.si,鼠尾草幽谷,39,仅历史可注册证据（需重查）,,2026-09-30T07:38:11.755Z,鼠尾草幽谷可供户外与生活品牌；后缀联系偏弱,户外与生活品牌,未做逐名净空,False,,名称用途与买家复筛；自然组合与可读品牌词,https://www.inwx.com/en/domain/check?domain=sageglen.si,,,,,,
1189,birchpond.si,桦树与池塘,39,仅历史可注册证据（需重查）,,2026-09-30T10:27:05.067Z,桦树与池塘可供户外与生活品牌；后缀联系偏弱,户外与生活品牌,未做逐名净空,False,,自然组合与可读品牌词,https://regery.com/en/bulksearch,,,,,,
1190,birchvale.si,桦树与山谷,39,仅历史可注册证据（需重查）,,2026-09-30T10:27:05.067Z,桦树与山谷可供户外与生活品牌；后缀联系偏弱,户外与生活品牌,未做逐名净空,False,,自然组合与可读品牌词,https://regery.com/en/bulksearch,,,,,,
1191,cedarpond.si,雪松与池塘,39,仅历史可注册证据（需重查）,,2026-09-30T10:27:05.067Z,雪松与池塘可供户外与生活品牌；后缀联系偏弱,户外与生活品牌,未做逐名净空,False,,自然组合与可读品牌词,https://regery.com/en/bulksearch,,,,,,
1192,storyforge.si,故事锻造,39,仅历史可注册证据（需重查）,,2026-09-30T09:07:10.588Z,现有同业同名线索待核，独立用途与名称替代仍不清,与现有用途相符的产品团队,未做逐名净空,False,,AI英文词与组合；名称用途与买家复筛,https://www.inwx.com/en/domain/check?domain=storyforge.si,,,,,,
1193,hono.si,火焰音感与日语词根联想,39,仅历史可注册证据（需重查）,,2026-09-30T04:49:10.185Z,外语词根仅为联想，完整词义与独立方向需核,外语或生活品牌画像待定义（不依赖当前软件品牌）,未做逐名净空,False,,名称用途与买家复筛；已有品牌与产品名；中外公司及品牌扩扫,https://porkbun.com/checkout/search,,,,,,
1194,kitsu.si,狐狸／日语短词联想,39,仅历史可注册证据（需重查）,,2026-09-30T04:59:43.649Z,外语词根仅为联想，完整词义与独立方向需核,外语或生活品牌画像待定义（不依赖当前软件品牌）,未做逐名净空,False,,名称用途与买家复筛；已有品牌与产品名；已有品牌采用优选50；跨方法优选100；中外公司及品牌扩扫,https://porkbun.com/checkout/search,,,,,,
1195,pinia.si,松树的拉丁／罗曼语词根联想,39,仅历史可注册证据（需重查）,,2026-09-30T05:02:23.379Z,外语词根仅为联想，完整词义与独立方向需核,外语或生活品牌画像待定义（不依赖当前软件品牌）,未做逐名净空,False,,名称用途与买家复筛；已有品牌与产品名；中外公司及品牌扩扫,https://porkbun.com/checkout/search,,,,,,
1196,vikunja.si,Vikunja,39,仅历史可注册证据（需重查）,,2026-09-30T06:07:34.331Z,词形可读但独立动物词义需核，不能只靠软件同名,自然或生活品牌画像待词义核验,未做逐名净空,False,,名称用途与买家复筛；已有品牌与产品名；中外公司及品牌扩扫,https://porkbun.com/checkout/search,,,,,,
1197,wattpad.si,功率／瓦与写字板,39,仅历史可注册证据（需重查）,,2026-09-30T06:07:34.331Z,瓦与板仅为字面联想，真实设备命名用途尚未成立,能耗显示与设备面板工具团队（待核）,未做逐名净空,False,,名称用途与买家复筛；已有品牌与产品名；已有品牌采用优选50；跨方法优选100；中外公司及品牌扩扫,https://porkbun.com/checkout/search,,,,,,
1198,niang.si,词义/用途尚待补充,39,仅历史可注册证据（需重查）,,2026-09-30T10:20:06.976Z,娘字文化联想强，跨受众品牌接受度有限,亲子文化、地域餐饮及内容团队,未做逐名净空,False,,中文短拼音,https://regery.com/en/bulksearch,,,,,,
1199,seminary.si,词义/用途尚待补充,39,仅历史可注册证据（需重查）,,2026-09-30T13:24:53.872Z,神学院用途明确；机构买家很窄,神学教育机构,未做逐名净空,False,,英语普通词大池,https://regery.com/en/bulksearch,,,,,,
1200,customary.si,词义/用途尚待补充,39,仅历史可注册证据（需重查）,,2026-09-30T12:51:50.367Z,惯常形容词适合习惯内容；抽象,习惯教育团队,未做逐名净空,False,,英语普通词大池,https://regery.com/en/bulksearch,,,,,,
1201,existent.si,词义/用途尚待补充,39,仅历史可注册证据（需重查）,,2026-09-30T12:58:35.632Z,存在形容词适合哲学内容；太抽象,哲学内容团队,未做逐名净空,False,,英语普通词大池,https://regery.com/en/bulksearch,,,,,,
1202,distract.si,词义/用途尚待补充,39,仅历史可注册证据（需重查）,,2026-09-30T12:54:57.560Z,分心可做专注反向叙事；负面词,专注训练团队,未做逐名净空,False,,英语普通词大池,https://regery.com/en/bulksearch,,,,,,
1203,vaadin.si,Vaadin,39,仅历史可注册证据（需重查）,,2026-09-30T05:31:39.940Z,芬兰语雌性驯鹿含义成立，命名用途较窄,驯鹿文化与自然旅游内容团队,未做逐名净空,False,,名称用途与买家复筛；已有品牌与产品名；中外公司及品牌扩扫,https://porkbun.com/checkout/search,,,,,,
1204,nette.si,Nette,39,仅历史可注册证据（需重查）,,2026-09-30T05:02:23.379Z,德语友好形容词屈折成立，命名与买家较泛,德语生活内容与个人品牌经营者,未做逐名净空,False,,名称用途与买家复筛；已有品牌与产品名；中外公司及品牌扩扫,https://porkbun.com/checkout/search,,,,,,
1205,invidious.si,,39,仅历史可注册证据（需重查）,,2026-09-30T17:34:47.071Z,词义负面；真词仍不适合大多商业命名,文学语言内容,未做逐名权利净空；普通词义不表示无同名权利,False,,中外公司及品牌扩扫,https://regery.com/en/bulksearch,,,,,,
1206,computeaudit.si,词义/用途尚待补充,38,仅历史可注册证据（需重查）,,2026-09-30T10:22:36.648Z,算力审计有治理用途，十二字母组合较难传播,算力治理与云审计团队,未做逐名净空,False,,初始商业与技术词,https://regery.com/en/bulksearch,,,,,,
1207,fluxflow.si,流动与流动,38,仅历史可注册证据（需重查）,,2026-09-30T10:30:50.437Z,流动与流动流程可供科研可视化工具；同类命名竞争多,科研可视化工具,未做逐名净空,False,,自然组合与可读品牌词,https://regery.com/en/bulksearch,,,,,,
1208,trialpath.si,研究与验证,38,仅历史可注册证据（需重查）,,2026-09-30T13:36:04.286Z,试验路径较像功能描述，缺独立品类名称需求,实验管理与临床流程工具团队,未做逐名净空,False,,自然组合与可读品牌词,https://regery.com/en/bulksearch,,,,,,
1209,acquit.si,清偿,38,仅历史可注册证据（需重查）,,2026-09-30T15:51:47.559Z,普通词意义完整，品牌联想可行但具体买家领域分散,内容与生活方式品牌团队,未做逐名净空,False,,英语普通词大池,https://regery.com/en/bulksearch,,,,,,
1210,airing.si,词义/用途尚待补充,38,仅历史可注册证据（需重查）,,2026-09-30T15:51:47.559Z,普通词意义完整，品牌联想可行但具体买家领域分散,内容与生活方式品牌团队,未做逐名净空,False,,英语普通词大池,https://regery.com/en/bulksearch,,,,,,
1211,annals.si,编年史,38,仅历史可注册证据（需重查）,,2026-09-30T15:51:47.559Z,普通词意义完整，品牌联想可行但具体买家领域分散,内容与生活方式品牌团队,未做逐名净空,False,,英语普通词大池,https://regery.com/en/bulksearch,,,,,,
1212,awhile.si,词义/用途尚待补充,38,仅历史可注册证据（需重查）,,2026-09-30T15:51:47.559Z,普通词意义完整，品牌联想可行但具体买家领域分散,内容与生活方式品牌团队,未做逐名净空,False,,英语普通词大池,https://regery.com/en/bulksearch,,,,,,
1213,beaten.si,词义/用途尚待补充,38,仅历史可注册证据（需重查）,,2026-09-30T15:53:03.676Z,普通词意义完整，品牌联想可行但具体买家领域分散,内容与生活方式品牌团队,未做逐名净空,False,,英语普通词大池,https://regery.com/en/bulksearch,,,,,,
1214,billed.si,词义/用途尚待补充,38,仅历史可注册证据（需重查）,,2026-09-30T15:53:03.676Z,普通词意义完整，品牌联想可行但具体买家领域分散,内容与生活方式品牌团队,未做逐名净空,False,,英语普通词大池,https://regery.com/en/bulksearch,,,,,,
1215,bonded.si,词义/用途尚待补充,38,仅历史可注册证据（需重查）,,2026-09-30T15:53:03.676Z,普通词意义完整，品牌联想可行但具体买家领域分散,内容与生活方式品牌团队,未做逐名净空,False,,英语普通词大池,https://regery.com/en/bulksearch,,,,,,
1216,costly.si,词义/用途尚待补充,38,仅历史可注册证据（需重查）,,2026-09-30T15:53:56.043Z,普通词意义完整，品牌联想可行但具体买家领域分散,内容与生活方式品牌团队,未做逐名净空,False,,英语普通词大池,https://regery.com/en/bulksearch,,,,,,
1217,drying.si,词义/用途尚待补充,38,仅历史可注册证据（需重查）,,2026-09-30T15:53:56.043Z,普通词意义完整，品牌联想可行但具体买家领域分散,内容与生活方式品牌团队,未做逐名净空,False,,英语普通词大池,https://regery.com/en/bulksearch,,,,,,
1218,faulty.si,词义/用途尚待补充,38,仅历史可注册证据（需重查）,,2026-09-30T15:53:56.043Z,普通词意义完整，品牌联想可行但具体买家领域分散,内容与生活方式品牌团队,未做逐名净空,False,,英语普通词大池,https://regery.com/en/bulksearch,,,,,,
1219,lesser.si,词义/用途尚待补充,38,仅历史可注册证据（需重查）,,2026-09-30T15:54:35.957Z,普通词意义完整，品牌联想可行但具体买家领域分散,内容与生活方式品牌团队,未做逐名净空,False,,英语普通词大池,https://regery.com/en/bulksearch,,,,,,
1220,liking.si,词义/用途尚待补充,38,仅历史可注册证据（需重查）,,2026-09-30T15:54:35.957Z,普通词意义完整，品牌联想可行但具体买家领域分散,内容与生活方式品牌团队,未做逐名净空,False,,英语普通词大池,https://regery.com/en/bulksearch,,,,,,
1221,solely.si,词义/用途尚待补充,38,仅历史可注册证据（需重查）,,2026-09-30T15:57:51.823Z,普通词意义完整，品牌联想可行但具体买家领域分散,内容与生活方式品牌团队,未做逐名净空,False,,英语普通词大池,https://regery.com/en/bulksearch,,,,,,
1222,uneven.si,词义/用途尚待补充,38,仅历史可注册证据（需重查）,,2026-09-30T15:58:15.265Z,普通词意义完整，品牌联想可行但具体买家领域分散,内容与生活方式品牌团队,未做逐名净空,False,,英语普通词大池,https://regery.com/en/bulksearch,,,,,,
1223,unrest.si,词义/用途尚待补充,38,仅历史可注册证据（需重查）,,2026-09-30T15:58:15.265Z,普通词意义完整，品牌联想可行但具体买家领域分散,内容与生活方式品牌团队,未做逐名净空,False,,英语普通词大池,https://regery.com/en/bulksearch,,,,,,
1224,unsure.si,词义/用途尚待补充,38,仅历史可注册证据（需重查）,,2026-09-30T15:58:15.265Z,普通词意义完整，品牌联想可行但具体买家领域分散,内容与生活方式品牌团队,未做逐名净空,False,,英语普通词大池,https://regery.com/en/bulksearch,,,,,,
1225,varied.si,词义/用途尚待补充,38,仅历史可注册证据（需重查）,,2026-09-30T15:58:15.265Z,普通词意义完整，品牌联想可行但具体买家领域分散,内容与生活方式品牌团队,未做逐名净空,False,,英语普通词大池,https://regery.com/en/bulksearch,,,,,,
1226,admired.si,词义/用途尚待补充,38,仅历史可注册证据（需重查）,,2026-09-30T15:59:13.820Z,普通词意义完整，品牌联想可行但具体买家领域分散,内容与生活方式品牌团队,未做逐名净空,False,,英语普通词大池,https://regery.com/en/bulksearch,,,,,,
1227,advised.si,词义/用途尚待补充,38,仅历史可注册证据（需重查）,,2026-09-30T15:59:13.820Z,普通词意义完整，品牌联想可行但具体买家领域分散,内容与生活方式品牌团队,未做逐名净空,False,,英语普通词大池,https://regery.com/en/bulksearch,,,,,,
1228,barking.si,词义/用途尚待补充,38,仅历史可注册证据（需重查）,,2026-09-30T15:59:13.820Z,普通词意义完整，品牌联想可行但具体买家领域分散,内容与生活方式品牌团队,未做逐名净空,False,,英语普通词大池,https://regery.com/en/bulksearch,,,,,,
1229,bathing.si,词义/用途尚待补充,38,仅历史可注册证据（需重查）,,2026-09-30T15:59:13.820Z,普通词意义完整，品牌联想可行但具体买家领域分散,内容与生活方式品牌团队,未做逐名净空,False,,英语普通词大池,https://regery.com/en/bulksearch,,,,,,
1230,bending.si,词义/用途尚待补充,38,仅历史可注册证据（需重查）,,2026-09-30T15:59:13.820Z,普通词意义完整，品牌联想可行但具体买家领域分散,内容与生活方式品牌团队,未做逐名净空,False,,英语普通词大池,https://regery.com/en/bulksearch,,,,,,
1231,besides.si,词义/用途尚待补充,38,仅历史可注册证据（需重查）,,2026-09-30T15:59:13.820Z,普通词意义完整，品牌联想可行但具体买家领域分散,内容与生活方式品牌团队,未做逐名净空,False,,英语普通词大池,https://regery.com/en/bulksearch,,,,,,
1232,buzzing.si,词义/用途尚待补充,38,仅历史可注册证据（需重查）,,2026-09-30T15:59:41.625Z,普通词意义完整，品牌联想可行但具体买家领域分散,内容与生活方式品牌团队,未做逐名净空,False,,英语普通词大池,https://regery.com/en/bulksearch,,,,,,
1233,colored.si,词义/用途尚待补充,38,仅历史可注册证据（需重查）,,2026-09-30T15:59:41.625Z,普通词意义完整，品牌联想可行但具体买家领域分散,内容与生活方式品牌团队,未做逐名净空,False,,英语普通词大池,https://regery.com/en/bulksearch,,,,,,
1234,coupled.si,词义/用途尚待补充,38,仅历史可注册证据（需重查）,,2026-09-30T15:59:41.625Z,普通词意义完整，品牌联想可行但具体买家领域分散,内容与生活方式品牌团队,未做逐名净空,False,,英语普通词大池,https://regery.com/en/bulksearch,,,,,,
1235,crooked.si,词义/用途尚待补充,38,仅历史可注册证据（需重查）,,2026-09-30T16:01:17.807Z,普通词意义完整，品牌联想可行但具体买家领域分散,内容与生活方式品牌团队,未做逐名净空,False,,英语普通词大池,https://regery.com/en/bulksearch,,,,,,
1236,crowded.si,词义/用途尚待补充,38,仅历史可注册证据（需重查）,,2026-09-30T16:01:17.807Z,普通词意义完整，品牌联想可行但具体买家领域分散,内容与生活方式品牌团队,未做逐名净空,False,,英语普通词大池,https://regery.com/en/bulksearch,,,,,,
1237,doubled.si,词义/用途尚待补充,38,仅历史可注册证据（需重查）,,2026-09-30T16:01:17.807Z,普通词意义完整，品牌联想可行但具体买家领域分散,内容与生活方式品牌团队,未做逐名净空,False,,英语普通词大池,https://regery.com/en/bulksearch,,,,,,
1238,favored.si,词义/用途尚待补充,38,仅历史可注册证据（需重查）,,2026-09-30T16:01:38.453Z,普通词意义完整，品牌联想可行但具体买家领域分散,内容与生活方式品牌团队,未做逐名净空,False,,英语普通词大池,https://regery.com/en/bulksearch,,,,,,
1239,figured.si,词义/用途尚待补充,38,仅历史可注册证据（需重查）,,2026-09-30T16:01:38.453Z,普通词意义完整，品牌联想可行但具体买家领域分散,内容与生活方式品牌团队,未做逐名净空,False,,英语普通词大池,https://regery.com/en/bulksearch,,,,,,
1240,firstly.si,词义/用途尚待补充,38,仅历史可注册证据（需重查）,,2026-09-30T16:01:38.453Z,普通词意义完整，品牌联想可行但具体买家领域分散,内容与生活方式品牌团队,未做逐名净空,False,,英语普通词大池,https://regery.com/en/bulksearch,,,,,,
1241,jointly.si,词义/用途尚待补充,38,仅历史可注册证据（需重查）,,2026-09-30T16:02:52.198Z,普通词意义完整，品牌联想可行但具体买家领域分散,内容与生活方式品牌团队,未做逐名净空,False,,英语普通词大池,https://regery.com/en/bulksearch,,,,,,
1242,lengthy.si,词义/用途尚待补充,38,仅历史可注册证据（需重查）,,2026-09-30T16:02:52.198Z,普通词意义完整，品牌联想可行但具体买家领域分散,内容与生活方式品牌团队,未做逐名净空,False,,英语普通词大池,https://regery.com/en/bulksearch,,,,,,
1243,morally.si,词义/用途尚待补充,38,仅历史可注册证据（需重查）,,2026-09-30T16:04:33.666Z,普通词意义完整，品牌联想可行但具体买家领域分散,内容与生活方式品牌团队,未做逐名净空,False,,英语普通词大池,https://regery.com/en/bulksearch,,,,,,
1244,obliged.si,词义/用途尚待补充,38,仅历史可注册证据（需重查）,,2026-09-30T16:04:33.666Z,普通词意义完整，品牌联想可行但具体买家领域分散,内容与生活方式品牌团队,未做逐名净空,False,,英语普通词大池,https://regery.com/en/bulksearch,,,,,,
1245,readily.si,词义/用途尚待补充,38,仅历史可注册证据（需重查）,,2026-09-30T16:05:24.957Z,普通词意义完整，品牌联想可行但具体买家领域分散,内容与生活方式品牌团队,未做逐名净空,False,,英语普通词大池,https://regery.com/en/bulksearch,,,,,,
1246,refusal.si,词义/用途尚待补充,38,仅历史可注册证据（需重查）,,2026-09-30T16:05:24.957Z,普通词意义完整，品牌联想可行但具体买家领域分散,内容与生活方式品牌团队,未做逐名净空,False,,英语普通词大池,https://regery.com/en/bulksearch,,,,,,
1247,rightly.si,词义/用途尚待补充,38,仅历史可注册证据（需重查）,,2026-09-30T16:05:24.957Z,普通词意义完整，品牌联想可行但具体买家领域分散,内容与生活方式品牌团队,未做逐名净空,False,,英语普通词大池,https://regery.com/en/bulksearch,,,,,,
1248,roaring.si,词义/用途尚待补充,38,仅历史可注册证据（需重查）,,2026-09-30T16:05:24.957Z,普通词意义完整，品牌联想可行但具体买家领域分散,内容与生活方式品牌团队,未做逐名净空,False,,英语普通词大池,https://regery.com/en/bulksearch,,,,,,
1249,rubbing.si,词义/用途尚待补充,38,仅历史可注册证据（需重查）,,2026-09-30T16:05:24.957Z,普通词意义完整，品牌联想可行但具体买家领域分散,内容与生活方式品牌团队,未做逐名净空,False,,英语普通词大池,https://regery.com/en/bulksearch,,,,,,
1250,shaking.si,词义/用途尚待补充,38,仅历史可注册证据（需重查）,,2026-09-30T16:06:01.537Z,普通词意义完整，品牌联想可行但具体买家领域分散,内容与生活方式品牌团队,未做逐名净空,False,,英语普通词大池,https://regery.com/en/bulksearch,,,,,,
1251,sighted.si,词义/用途尚待补充,38,仅历史可注册证据（需重查）,,2026-09-30T16:06:01.537Z,普通词意义完整，品牌联想可行但具体买家领域分散,内容与生活方式品牌团队,未做逐名净空,False,,英语普通词大池,https://regery.com/en/bulksearch,,,,,,
1252,skinner.si,词义/用途尚待补充,38,仅历史可注册证据（需重查）,,2026-09-30T16:06:01.537Z,普通词意义完整，品牌联想可行但具体买家领域分散,内容与生活方式品牌团队,未做逐名净空,False,,英语普通词大池,https://regery.com/en/bulksearch,,,,,,
1253,sliding.si,词义/用途尚待补充,38,仅历史可注册证据（需重查）,,2026-09-30T16:06:01.537Z,普通词意义完整，品牌联想可行但具体买家领域分散,内容与生活方式品牌团队,未做逐名净空,False,,英语普通词大池,https://regery.com/en/bulksearch,,,,,,
1254,snapped.si,词义/用途尚待补充,38,仅历史可注册证据（需重查）,,2026-09-30T16:06:01.537Z,普通词意义完整，品牌联想可行但具体买家领域分散,内容与生活方式品牌团队,未做逐名净空,False,,英语普通词大池,https://regery.com/en/bulksearch,,,,,,
1255,striped.si,词义/用途尚待补充,38,仅历史可注册证据（需重查）,,2026-09-30T16:06:37.958Z,普通词意义完整，品牌联想可行但具体买家领域分散,内容与生活方式品牌团队,未做逐名净空,False,,英语普通词大池,https://regery.com/en/bulksearch,,,,,,
1256,swollen.si,词义/用途尚待补充,38,仅历史可注册证据（需重查）,,2026-09-30T16:06:37.958Z,普通词意义完整，品牌联想可行但具体买家领域分散,内容与生活方式品牌团队,未做逐名净空,False,,英语普通词大池,https://regery.com/en/bulksearch,,,,,,
1257,tearing.si,词义/用途尚待补充,38,仅历史可注册证据（需重查）,,2026-09-30T16:06:37.958Z,普通词意义完整，品牌联想可行但具体买家领域分散,内容与生活方式品牌团队,未做逐名净空,False,,英语普通词大池,https://regery.com/en/bulksearch,,,,,,
1258,telling.si,词义/用途尚待补充,38,仅历史可注册证据（需重查）,,2026-09-30T16:06:37.958Z,普通词意义完整，品牌联想可行但具体买家领域分散,内容与生活方式品牌团队,未做逐名净空,False,,英语普通词大池,https://regery.com/en/bulksearch,,,,,,
1259,thinner.si,词义/用途尚待补充,38,仅历史可注册证据（需重查）,,2026-09-30T16:06:37.958Z,普通词意义完整，品牌联想可行但具体买家领域分散,内容与生活方式品牌团队,未做逐名净空,False,,英语普通词大池,https://regery.com/en/bulksearch,,,,,,
1260,unaware.si,词义/用途尚待补充,38,仅历史可注册证据（需重查）,,2026-09-30T16:06:37.958Z,普通词意义完整，品牌联想可行但具体买家领域分散,内容与生活方式品牌团队,未做逐名净空,False,,英语普通词大池,https://regery.com/en/bulksearch,,,,,,
1261,unclear.si,词义/用途尚待补充,38,仅历史可注册证据（需重查）,,2026-09-30T16:06:37.958Z,普通词意义完整，品牌联想可行但具体买家领域分散,内容与生活方式品牌团队,未做逐名净空,False,,英语普通词大池,https://regery.com/en/bulksearch,,,,,,
1262,undergo.si,词义/用途尚待补充,38,仅历史可注册证据（需重查）,,2026-09-30T16:06:37.958Z,普通词意义完整，品牌联想可行但具体买家领域分散,内容与生活方式品牌团队,未做逐名净空,False,,英语普通词大池,https://regery.com/en/bulksearch,,,,,,
1263,unhappy.si,词义/用途尚待补充,38,仅历史可注册证据（需重查）,,2026-09-30T16:07:01.192Z,普通词意义完整，品牌联想可行但具体买家领域分散,内容与生活方式品牌团队,未做逐名净空,False,,英语普通词大池,https://regery.com/en/bulksearch,,,,,,
1264,wanting.si,词义/用途尚待补充,38,仅历史可注册证据（需重查）,,2026-09-30T16:07:01.192Z,普通词意义完整，品牌联想可行但具体买家领域分散,内容与生活方式品牌团队,未做逐名净空,False,,英语普通词大池,https://regery.com/en/bulksearch,,,,,,
1265,abridged.si,节本,38,仅历史可注册证据（需重查）,,2026-09-30T16:07:01.192Z,普通词意义完整，品牌联想可行但具体买家领域分散,内容与生活方式品牌团队,未做逐名净空,False,,英语普通词大池,https://regery.com/en/bulksearch,,,,,,
1266,absorbed.si,词义/用途尚待补充,38,仅历史可注册证据（需重查）,,2026-09-30T16:07:01.192Z,普通词意义完整，品牌联想可行但具体买家领域分散,内容与生活方式品牌团队,未做逐名净空,False,,英语普通词大池,https://regery.com/en/bulksearch,,,,,,
1267,admitted.si,词义/用途尚待补充,38,仅历史可注册证据（需重查）,,2026-09-30T16:07:40.849Z,普通词意义完整，品牌联想可行但具体买家领域分散,内容与生活方式品牌团队,未做逐名净空,False,,英语普通词大池,https://regery.com/en/bulksearch,,,,,,
1268,affected.si,词义/用途尚待补充,38,仅历史可注册证据（需重查）,,2026-09-30T16:07:40.849Z,普通词意义完整，品牌联想可行但具体买家领域分散,内容与生活方式品牌团队,未做逐名净空,False,,英语普通词大池,https://regery.com/en/bulksearch,,,,,,
1269,agreeing.si,词义/用途尚待补充,38,仅历史可注册证据（需重查）,,2026-09-30T16:07:40.849Z,普通词意义完整，品牌联想可行但具体买家领域分散,内容与生活方式品牌团队,未做逐名净空,False,,英语普通词大池,https://regery.com/en/bulksearch,,,,,,
1270,annually.si,词义/用途尚待补充,38,仅历史可注册证据（需重查）,,2026-09-30T16:07:40.849Z,普通词意义完整，品牌联想可行但具体买家领域分散,内容与生活方式品牌团队,未做逐名净空,False,,英语普通词大池,https://regery.com/en/bulksearch,,,,,,
1271,assessed.si,词义/用途尚待补充,38,仅历史可注册证据（需重查）,,2026-09-30T16:07:40.849Z,普通词意义完整，品牌联想可行但具体买家领域分散,内容与生活方式品牌团队,未做逐名净空,False,,英语普通词大池,https://regery.com/en/bulksearch,,,,,,
1272,assigned.si,词义/用途尚待补充,38,仅历史可注册证据（需重查）,,2026-09-30T16:07:40.849Z,普通词意义完整，品牌联想可行但具体买家领域分散,内容与生活方式品牌团队,未做逐名净空,False,,英语普通词大池,https://regery.com/en/bulksearch,,,,,,
1273,assuming.si,词义/用途尚待补充,38,仅历史可注册证据（需重查）,,2026-09-30T16:07:40.849Z,普通词意义完整，品牌联想可行但具体买家领域分散,内容与生活方式品牌团队,未做逐名净空,False,,英语普通词大池,https://regery.com/en/bulksearch,,,,,,
1274,backward.si,词义/用途尚待补充,38,仅历史可注册证据（需重查）,,2026-09-30T16:07:40.849Z,普通词意义完整，品牌联想可行但具体买家领域分散,内容与生活方式品牌团队,未做逐名净空,False,,英语普通词大池,https://regery.com/en/bulksearch,,,,,,
1275,bouncing.si,词义/用途尚待补充,38,仅历史可注册证据（需重查）,,2026-09-30T16:07:40.849Z,普通词意义完整，品牌联想可行但具体买家领域分散,内容与生活方式品牌团队,未做逐名净空,False,,英语普通词大池,https://regery.com/en/bulksearch,,,,,,
1276,brethren.si,词义/用途尚待补充,38,仅历史可注册证据（需重查）,,2026-09-30T16:07:40.849Z,普通词意义完整，品牌联想可行但具体买家领域分散,内容与生活方式品牌团队,未做逐名净空,False,,英语普通词大池,https://regery.com/en/bulksearch,,,,,,
1277,brushing.si,词义/用途尚待补充,38,仅历史可注册证据（需重查）,,2026-09-30T16:07:40.849Z,普通词意义完整，品牌联想可行但具体买家领域分散,内容与生活方式品牌团队,未做逐名净空,False,,英语普通词大池,https://regery.com/en/bulksearch,,,,,,
1278,casually.si,词义/用途尚待补充,38,仅历史可注册证据（需重查）,,2026-09-30T16:07:40.849Z,普通词意义完整，品牌联想可行但具体买家领域分散,内容与生活方式品牌团队,未做逐名净空,False,,英语普通词大池,https://regery.com/en/bulksearch,,,,,,
1279,cheering.si,词义/用途尚待补充,38,仅历史可注册证据（需重查）,,2026-09-30T16:07:40.849Z,普通词意义完整，品牌联想可行但具体买家领域分散,内容与生活方式品牌团队,未做逐名净空,False,,英语普通词大池,https://regery.com/en/bulksearch,,,,,,
1280,childish.si,词义/用途尚待补充,38,仅历史可注册证据（需重查）,,2026-09-30T16:07:40.849Z,普通词意义完整，品牌联想可行但具体买家领域分散,内容与生活方式品牌团队,未做逐名净空,False,,英语普通词大池,https://regery.com/en/bulksearch,,,,,,
1281,commonly.si,词义/用途尚待补充,38,仅历史可注册证据（需重查）,,2026-09-30T16:09:01.339Z,普通词意义完整，品牌联想可行但具体买家领域分散,内容与生活方式品牌团队,未做逐名净空,False,,英语普通词大池,https://regery.com/en/bulksearch,,,,,,
1282,composed.si,词义/用途尚待补充,38,仅历史可注册证据（需重查）,,2026-09-30T16:09:01.339Z,普通词意义完整，品牌联想可行但具体买家领域分散,内容与生活方式品牌团队,未做逐名净空,False,,英语普通词大池,https://regery.com/en/bulksearch,,,,,,
1283,conceded.si,词义/用途尚待补充,38,仅历史可注册证据（需重查）,,2026-09-30T16:09:01.339Z,普通词意义完整，品牌联想可行但具体买家领域分散,内容与生活方式品牌团队,未做逐名净空,False,,英语普通词大池,https://regery.com/en/bulksearch,,,,,,
1284,confined.si,词义/用途尚待补充,38,仅历史可注册证据（需重查）,,2026-09-30T16:09:01.339Z,普通词意义完整，品牌联想可行但具体买家领域分散,内容与生活方式品牌团队,未做逐名净空,False,,英语普通词大池,https://regery.com/en/bulksearch,,,,,,
1285,debating.si,词义/用途尚待补充,38,仅历史可注册证据（需重查）,,2026-09-30T16:09:01.339Z,普通词意义完整，品牌联想可行但具体买家领域分散,内容与生活方式品牌团队,未做逐名净空,False,,英语普通词大池,https://regery.com/en/bulksearch,,,,,,
1286,declared.si,词义/用途尚待补充,38,仅历史可注册证据（需重查）,,2026-09-30T16:09:01.339Z,普通词意义完整，品牌联想可行但具体买家领域分散,内容与生活方式品牌团队,未做逐名净空,False,,英语普通词大池,https://regery.com/en/bulksearch,,,,,,
1287,declined.si,词义/用途尚待补充,38,仅历史可注册证据（需重查）,,2026-09-30T16:09:01.339Z,普通词意义完整，品牌联想可行但具体买家领域分散,内容与生活方式品牌团队,未做逐名净空,False,,英语普通词大池,https://regery.com/en/bulksearch,,,,,,
1288,deferred.si,词义/用途尚待补充,38,仅历史可注册证据（需重查）,,2026-09-30T16:09:01.339Z,普通词意义完整，品牌联想可行但具体买家领域分散,内容与生活方式品牌团队,未做逐名净空,False,,英语普通词大池,https://regery.com/en/bulksearch,,,,,,
1289,departed.si,词义/用途尚待补充,38,仅历史可注册证据（需重查）,,2026-09-30T16:09:01.339Z,普通词意义完整，品牌联想可行但具体买家领域分散,内容与生活方式品牌团队,未做逐名净空,False,,英语普通词大池,https://regery.com/en/bulksearch,,,,,,
1290,deserved.si,词义/用途尚待补充,38,仅历史可注册证据（需重查）,,2026-09-30T16:09:01.339Z,普通词意义完整，品牌联想可行但具体买家领域分散,内容与生活方式品牌团队,未做逐名净空,False,,英语普通词大池,https://regery.com/en/bulksearch,,,,,,
1291,detached.si,词义/用途尚待补充,38,仅历史可注册证据（需重查）,,2026-09-30T16:09:01.339Z,普通词意义完整，品牌联想可行但具体买家领域分散,内容与生活方式品牌团队,未做逐名净空,False,,英语普通词大池,https://regery.com/en/bulksearch,,,,,,
1292,disposed.si,词义/用途尚待补充,38,仅历史可注册证据（需重查）,,2026-09-30T16:09:54.847Z,普通词意义完整，品牌联想可行但具体买家领域分散,内容与生活方式品牌团队,未做逐名净空,False,,英语普通词大池,https://regery.com/en/bulksearch,,,,,,
1293,dividing.si,词义/用途尚待补充,38,仅历史可注册证据（需重查）,,2026-09-30T16:09:54.847Z,普通词意义完整，品牌联想可行但具体买家领域分散,内容与生活方式品牌团队,未做逐名净空,False,,英语普通词大池,https://regery.com/en/bulksearch,,,,,,
1294,doubtful.si,词义/用途尚待补充,38,仅历史可注册证据（需重查）,,2026-09-30T16:09:54.847Z,普通词意义完整，品牌联想可行但具体买家领域分散,内容与生活方式品牌团队,未做逐名净空,False,,英语普通词大池,https://regery.com/en/bulksearch,,,,,,
1295,downfall.si,词义/用途尚待补充,38,仅历史可注册证据（需重查）,,2026-09-30T16:09:54.847Z,普通词意义完整，品牌联想可行但具体买家领域分散,内容与生活方式品牌团队,未做逐名净空,False,,英语普通词大池,https://regery.com/en/bulksearch,,,,,,
1296,downward.si,词义/用途尚待补充,38,仅历史可注册证据（需重查）,,2026-09-30T16:09:54.847Z,普通词意义完整，品牌联想可行但具体买家领域分散,内容与生活方式品牌团队,未做逐名净空,False,,英语普通词大池,https://regery.com/en/bulksearch,,,,,,
1297,drinking.si,词义/用途尚待补充,38,仅历史可注册证据（需重查）,,2026-09-30T16:09:54.847Z,普通词意义完整，品牌联想可行但具体买家领域分散,内容与生活方式品牌团队,未做逐名净空,False,,英语普通词大池,https://regery.com/en/bulksearch,,,,,,
1298,endorsed.si,词义/用途尚待补充,38,仅历史可注册证据（需重查）,,2026-09-30T16:09:54.847Z,普通词意义完整，品牌联想可行但具体买家领域分散,内容与生活方式品牌团队,未做逐名净空,False,,英语普通词大池,https://regery.com/en/bulksearch,,,,,,
1299,enforced.si,词义/用途尚待补充,38,仅历史可注册证据（需重查）,,2026-09-30T16:09:54.847Z,普通词意义完整，品牌联想可行但具体买家领域分散,内容与生活方式品牌团队,未做逐名净空,False,,英语普通词大池,https://regery.com/en/bulksearch,,,,,,
1300,enjoying.si,词义/用途尚待补充,38,仅历史可注册证据（需重查）,,2026-09-30T16:09:54.847Z,普通词意义完整，品牌联想可行但具体买家领域分散,内容与生活方式品牌团队,未做逐名净空,False,,英语普通词大池,https://regery.com/en/bulksearch,,,,,,
1301,enlarged.si,词义/用途尚待补充,38,仅历史可注册证据（需重查）,,2026-09-30T16:09:54.847Z,普通词意义完整，品牌联想可行但具体买家领域分散,内容与生活方式品牌团队,未做逐名净空,False,,英语普通词大池,https://regery.com/en/bulksearch,,,,,,
1302,enlisted.si,词义/用途尚待补充,38,仅历史可注册证据（需重查）,,2026-09-30T16:09:54.847Z,普通词意义完整，品牌联想可行但具体买家领域分散,内容与生活方式品牌团队,未做逐名净空,False,,英语普通词大池,https://regery.com/en/bulksearch,,,,,,
1303,enrolled.si,词义/用途尚待补充,38,仅历史可注册证据（需重查）,,2026-09-30T16:09:54.847Z,普通词意义完整，品牌联想可行但具体买家领域分散,内容与生活方式品牌团队,未做逐名净空,False,,英语普通词大池,https://regery.com/en/bulksearch,,,,,,
1304,evacuate.si,词义/用途尚待补充,38,仅历史可注册证据（需重查）,,2026-09-30T16:09:54.847Z,普通词意义完整，品牌联想可行但具体买家领域分散,内容与生活方式品牌团队,未做逐名净空,False,,英语普通词大池,https://regery.com/en/bulksearch,,,,,,
1305,executed.si,词义/用途尚待补充,38,仅历史可注册证据（需重查）,,2026-09-30T16:09:54.847Z,普通词意义完整，品牌联想可行但具体买家领域分散,内容与生活方式品牌团队,未做逐名净空,False,,英语普通词大池,https://regery.com/en/bulksearch,,,,,,
1306,expanded.si,词义/用途尚待补充,38,仅历史可注册证据（需重查）,,2026-09-30T16:09:54.847Z,普通词意义完整，品牌联想可行但具体买家领域分散,内容与生活方式品牌团队,未做逐名净空,False,,英语普通词大池,https://regery.com/en/bulksearch,,,,,,
1307,exploded.si,词义/用途尚待补充,38,仅历史可注册证据（需重查）,,2026-09-30T16:09:54.847Z,普通词意义完整，品牌联想可行但具体买家领域分散,内容与生活方式品牌团队,未做逐名净空,False,,英语普通词大池,https://regery.com/en/bulksearch,,,,,,
1308,flashing.si,词义/用途尚待补充,38,仅历史可注册证据（需重查）,,2026-09-30T16:09:54.847Z,普通词意义完整，品牌联想可行但具体买家领域分散,内容与生活方式品牌团队,未做逐名净空,False,,英语普通词大池,https://regery.com/en/bulksearch,,,,,,
1309,formally.si,词义/用途尚待补充,38,仅历史可注册证据（需重查）,,2026-09-30T16:09:54.847Z,普通词意义完整，品牌联想可行但具体买家领域分散,内容与生活方式品牌团队,未做逐名净空,False,,英语普通词大池,https://regery.com/en/bulksearch,,,,,,
1310,formerly.si,词义/用途尚待补充,38,仅历史可注册证据（需重查）,,2026-09-30T16:09:54.847Z,普通词意义完整，品牌联想可行但具体买家领域分散,内容与生活方式品牌团队,未做逐名净空,False,,英语普通词大池,https://regery.com/en/bulksearch,,,,,,
1311,mounting.si,词义/用途尚待补充,38,仅历史可注册证据（需重查）,,2026-09-30T16:12:37.465Z,普通词意义完整，品牌联想可行但具体买家领域分散,内容与生活方式品牌团队,未做逐名净空,False,,英语普通词大池,https://regery.com/en/bulksearch,,,,,,
1312,mourning.si,词义/用途尚待补充,38,仅历史可注册证据（需重查）,,2026-09-30T16:12:37.465Z,普通词意义完整，品牌联想可行但具体买家领域分散,内容与生活方式品牌团队,未做逐名净空,False,,英语普通词大池,https://regery.com/en/bulksearch,,,,,,
1313,mutually.si,词义/用途尚待补充,38,仅历史可注册证据（需重查）,,2026-09-30T16:12:37.465Z,普通词意义完整，品牌联想可行但具体买家领域分散,内容与生活方式品牌团队,未做逐名净空,False,,英语普通词大池,https://regery.com/en/bulksearch,,,,,,
1314,narrowly.si,词义/用途尚待补充,38,仅历史可注册证据（需重查）,,2026-09-30T16:12:37.465Z,普通词意义完整，品牌联想可行但具体买家领域分散,内容与生活方式品牌团队,未做逐名净空,False,,英语普通词大池,https://regery.com/en/bulksearch,,,,,,
1315,needless.si,词义/用途尚待补充,38,仅历史可注册证据（需重查）,,2026-09-30T16:12:37.465Z,普通词意义完整，品牌联想可行但具体买家领域分散,内容与生活方式品牌团队,未做逐名净空,False,,英语普通词大池,https://regery.com/en/bulksearch,,,,,,
1316,normally.si,词义/用途尚待补充,38,仅历史可注册证据（需重查）,,2026-09-30T16:12:37.465Z,普通词意义完整，品牌联想可行但具体买家领域分散,内容与生活方式品牌团队,未做逐名净空,False,,英语普通词大池,https://regery.com/en/bulksearch,,,,,,
1317,outdated.si,词义/用途尚待补充,38,仅历史可注册证据（需重查）,,2026-09-30T16:12:37.465Z,普通词意义完整，品牌联想可行但具体买家领域分散,内容与生活方式品牌团队,未做逐名净空,False,,英语普通词大池,https://regery.com/en/bulksearch,,,,,,
1318,outlined.si,词义/用途尚待补充,38,仅历史可注册证据（需重查）,,2026-09-30T16:12:37.465Z,普通词意义完整，品牌联想可行但具体买家领域分散,内容与生活方式品牌团队,未做逐名净空,False,,英语普通词大池,https://regery.com/en/bulksearch,,,,,,
1319,plotting.si,词义/用途尚待补充,38,仅历史可注册证据（需重查）,,2026-09-30T16:13:37.753Z,普通词意义完整，品牌联想可行但具体买家领域分散,内容与生活方式品牌团队,未做逐名净空,False,,英语普通词大池,https://regery.com/en/bulksearch,,,,,,
1320,possibly.si,词义/用途尚待补充,38,仅历史可注册证据（需重查）,,2026-09-30T16:13:37.753Z,普通词意义完整，品牌联想可行但具体买家领域分散,内容与生活方式品牌团队,未做逐名净空,False,,英语普通词大池,https://regery.com/en/bulksearch,,,,,,
1321,praising.si,词义/用途尚待补充,38,仅历史可注册证据（需重查）,,2026-09-30T16:13:37.753Z,普通词意义完整，品牌联想可行但具体买家领域分散,内容与生活方式品牌团队,未做逐名净空,False,,英语普通词大池,https://regery.com/en/bulksearch,,,,,,
1322,produced.si,词义/用途尚待补充,38,仅历史可注册证据（需重查）,,2026-09-30T16:13:37.753Z,普通词意义完整，品牌联想可行但具体买家领域分散,内容与生活方式品牌团队,未做逐名净空,False,,英语普通词大池,https://regery.com/en/bulksearch,,,,,,
1323,provided.si,词义/用途尚待补充,38,仅历史可注册证据（需重查）,,2026-09-30T16:13:37.753Z,普通词意义完整，品牌联想可行但具体买家领域分散,内容与生活方式品牌团队,未做逐名净空,False,,英语普通词大池,https://regery.com/en/bulksearch,,,,,,
1324,pursuant.si,词义/用途尚待补充,38,仅历史可注册证据（需重查）,,2026-09-30T16:13:37.753Z,普通词意义完整，品牌联想可行但具体买家领域分散,内容与生活方式品牌团队,未做逐名净空,False,,英语普通词大池,https://regery.com/en/bulksearch,,,,,,
1325,randomly.si,词义/用途尚待补充,38,仅历史可注册证据（需重查）,,2026-09-30T16:13:37.753Z,普通词意义完整，品牌联想可行但具体买家领域分散,内容与生活方式品牌团队,未做逐名净空,False,,英语普通词大池,https://regery.com/en/bulksearch,,,,,,
1326,reformed.si,词义/用途尚待补充,38,仅历史可注册证据（需重查）,,2026-09-30T16:13:37.753Z,普通词意义完整，品牌联想可行但具体买家领域分散,内容与生活方式品牌团队,未做逐名净空,False,,英语普通词大池,https://regery.com/en/bulksearch,,,,,,
1327,refusing.si,词义/用途尚待补充,38,仅历史可注册证据（需重查）,,2026-09-30T16:13:37.753Z,普通词意义完整，品牌联想可行但具体买家领域分散,内容与生活方式品牌团队,未做逐名净空,False,,英语普通词大池,https://regery.com/en/bulksearch,,,,,,
1328,relieved.si,词义/用途尚待补充,38,仅历史可注册证据（需重查）,,2026-09-30T16:13:37.753Z,普通词意义完整，品牌联想可行但具体买家领域分散,内容与生活方式品牌团队,未做逐名净空,False,,英语普通词大池,https://regery.com/en/bulksearch,,,,,,
1329,removing.si,词义/用途尚待补充,38,仅历史可注册证据（需重查）,,2026-09-30T16:14:44.873Z,普通词意义完整，品牌联想可行但具体买家领域分散,内容与生活方式品牌团队,未做逐名净空,False,,英语普通词大池,https://regery.com/en/bulksearch,,,,,,
1330,renowned.si,词义/用途尚待补充,38,仅历史可注册证据（需重查）,,2026-09-30T16:14:44.873Z,普通词意义完整，品牌联想可行但具体买家领域分散,内容与生活方式品牌团队,未做逐名净空,False,,英语普通词大池,https://regery.com/en/bulksearch,,,,,,
1331,resigned.si,词义/用途尚待补充,38,仅历史可注册证据（需重查）,,2026-09-30T16:14:44.873Z,普通词意义完整，品牌联想可行但具体买家领域分散,内容与生活方式品牌团队,未做逐名净空,False,,英语普通词大池,https://regery.com/en/bulksearch,,,,,,
1332,returned.si,词义/用途尚待补充,38,仅历史可注册证据（需重查）,,2026-09-30T16:14:44.873Z,普通词意义完整，品牌联想可行但具体买家领域分散,内容与生活方式品牌团队,未做逐名净空,False,,英语普通词大池,https://regery.com/en/bulksearch,,,,,,
1333,reverend.si,词义/用途尚待补充,38,仅历史可注册证据（需重查）,,2026-09-30T16:14:44.873Z,普通词意义完整，品牌联想可行但具体买家领域分散,内容与生活方式品牌团队,未做逐名净空,False,,英语普通词大池,https://regery.com/en/bulksearch,,,,,,
1334,reversed.si,词义/用途尚待补充,38,仅历史可注册证据（需重查）,,2026-09-30T16:14:44.873Z,普通词意义完整，品牌联想可行但具体买家领域分散,内容与生活方式品牌团队,未做逐名净空,False,,英语普通词大池,https://regery.com/en/bulksearch,,,,,,
1335,rotating.si,词义/用途尚待补充,38,仅历史可注册证据（需重查）,,2026-09-30T16:14:44.873Z,普通词意义完整，品牌联想可行但具体买家领域分散,内容与生活方式品牌团队,未做逐名净空,False,,英语普通词大池,https://regery.com/en/bulksearch,,,,,,
1336,scrapped.si,词义/用途尚待补充,38,仅历史可注册证据（需重查）,,2026-09-30T16:14:44.873Z,普通词意义完整，品牌联想可行但具体买家领域分散,内容与生活方式品牌团队,未做逐名净空,False,,英语普通词大池,https://regery.com/en/bulksearch,,,,,,
1337,screened.si,词义/用途尚待补充,38,仅历史可注册证据（需重查）,,2026-09-30T16:14:44.873Z,普通词意义完整，品牌联想可行但具体买家领域分散,内容与生活方式品牌团队,未做逐名净空,False,,英语普通词大池,https://regery.com/en/bulksearch,,,,,,
1338,secondly.si,词义/用途尚待补充,38,仅历史可注册证据（需重查）,,2026-09-30T16:14:44.873Z,普通词意义完整，品牌联想可行但具体买家领域分散,内容与生活方式品牌团队,未做逐名净空,False,,英语普通词大池,https://regery.com/en/bulksearch,,,,,,
1339,secretly.si,词义/用途尚待补充,38,仅历史可注册证据（需重查）,,2026-09-30T16:14:44.873Z,普通词意义完整，品牌联想可行但具体买家领域分散,内容与生活方式品牌团队,未做逐名净空,False,,英语普通词大池,https://regery.com/en/bulksearch,,,,,,
1340,severely.si,词义/用途尚待补充,38,仅历史可注册证据（需重查）,,2026-09-30T16:14:44.873Z,普通词意义完整，品牌联想可行但具体买家领域分散,内容与生活方式品牌团队,未做逐名净空,False,,英语普通词大池,https://regery.com/en/bulksearch,,,,,,
1341,silently.si,词义/用途尚待补充,38,仅历史可注册证据（需重查）,,2026-09-30T16:14:44.873Z,普通词意义完整，品牌联想可行但具体买家领域分散,内容与生活方式品牌团队,未做逐名净空,False,,英语普通词大池,https://regery.com/en/bulksearch,,,,,,
1342,skipping.si,词义/用途尚待补充,38,仅历史可注册证据（需重查）,,2026-09-30T16:14:44.873Z,普通词意义完整，品牌联想可行但具体买家领域分散,内容与生活方式品牌团队,未做逐名净空,False,,英语普通词大池,https://regery.com/en/bulksearch,,,,,,
1343,slightly.si,词义/用途尚待补充,38,仅历史可注册证据（需重查）,,2026-09-30T16:14:44.873Z,普通词意义完整，品牌联想可行但具体买家领域分散,内容与生活方式品牌团队,未做逐名净空,False,,英语普通词大池,https://regery.com/en/bulksearch,,,,,,
1344,slippery.si,词义/用途尚待补充,38,仅历史可注册证据（需重查）,,2026-09-30T16:14:44.873Z,普通词意义完整，品牌联想可行但具体买家领域分散,内容与生活方式品牌团队,未做逐名净空,False,,英语普通词大池,https://regery.com/en/bulksearch,,,,,,
1345,sounding.si,词义/用途尚待补充,38,仅历史可注册证据（需重查）,,2026-09-30T16:15:59.848Z,普通词意义完整，品牌联想可行但具体买家领域分散,内容与生活方式品牌团队,未做逐名净空,False,,英语普通词大池,https://regery.com/en/bulksearch,,,,,,
1346,stepping.si,词义/用途尚待补充,38,仅历史可注册证据（需重查）,,2026-09-30T16:15:59.848Z,普通词意义完整，品牌联想可行但具体买家领域分散,内容与生活方式品牌团队,未做逐名净空,False,,英语普通词大池,https://regery.com/en/bulksearch,,,,,,
1347,supposed.si,词义/用途尚待补充,38,仅历史可注册证据（需重查）,,2026-09-30T16:15:59.848Z,普通词意义完整，品牌联想可行但具体买家领域分散,内容与生活方式品牌团队,未做逐名净空,False,,英语普通词大池,https://regery.com/en/bulksearch,,,,,,
1348,sweeping.si,词义/用途尚待补充,38,仅历史可注册证据（需重查）,,2026-09-30T16:15:59.848Z,普通词意义完整，品牌联想可行但具体买家领域分散,内容与生活方式品牌团队,未做逐名净空,False,,英语普通词大池,https://regery.com/en/bulksearch,,,,,,
1349,swelling.si,词义/用途尚待补充,38,仅历史可注册证据（需重查）,,2026-09-30T16:15:59.848Z,普通词意义完整，品牌联想可行但具体买家领域分散,内容与生活方式品牌团队,未做逐名净空,False,,英语普通词大池,https://regery.com/en/bulksearch,,,,,,
1350,swinging.si,词义/用途尚待补充,38,仅历史可注册证据（需重查）,,2026-09-30T16:15:59.848Z,普通词意义完整，品牌联想可行但具体买家领域分散,内容与生活方式品牌团队,未做逐名净空,False,,英语普通词大池,https://regery.com/en/bulksearch,,,,,,
1351,switched.si,词义/用途尚待补充,38,仅历史可注册证据（需重查）,,2026-09-30T16:15:59.848Z,普通词意义完整，品牌联想可行但具体买家领域分散,内容与生活方式品牌团队,未做逐名净空,False,,英语普通词大池,https://regery.com/en/bulksearch,,,,,,
1352,tackling.si,词义/用途尚待补充,38,仅历史可注册证据（需重查）,,2026-09-30T16:15:59.848Z,普通词意义完整，品牌联想可行但具体买家领域分散,内容与生活方式品牌团队,未做逐名净空,False,,英语普通词大池,https://regery.com/en/bulksearch,,,,,,
1353,tempered.si,词义/用途尚待补充,38,仅历史可注册证据（需重查）,,2026-09-30T16:15:59.848Z,普通词意义完整，品牌联想可行但具体买家领域分散,内容与生活方式品牌团队,未做逐名净空,False,,英语普通词大池,https://regery.com/en/bulksearch,,,,,,
1354,unveiled.si,词义/用途尚待补充,38,仅历史可注册证据（需重查）,,2026-09-30T16:17:03.320Z,普通词意义完整，品牌联想可行但具体买家领域分散,内容与生活方式品牌团队,未做逐名净空,False,,英语普通词大池,https://regery.com/en/bulksearch,,,,,,
1355,unwanted.si,词义/用途尚待补充,38,仅历史可注册证据（需重查）,,2026-09-30T16:17:03.320Z,普通词意义完整，品牌联想可行但具体买家领域分散,内容与生活方式品牌团队,未做逐名净空,False,,英语普通词大池,https://regery.com/en/bulksearch,,,,,,
1356,worrying.si,词义/用途尚待补充,38,仅历史可注册证据（需重查）,,2026-09-30T16:17:03.320Z,普通词意义完整，品牌联想可行但具体买家领域分散,内容与生活方式品牌团队,未做逐名净空,False,,英语普通词大池,https://regery.com/en/bulksearch,,,,,,
1357,abandoned.si,词义/用途尚待补充,38,仅历史可注册证据（需重查）,,2026-09-30T16:17:48.596Z,普通词意义完整，品牌联想可行但具体买家领域分散,内容与生活方式品牌团队,未做逐名净空,False,,英语普通词大池,https://regery.com/en/bulksearch,,,,,,
1358,abdominal.si,词义/用途尚待补充,38,仅历史可注册证据（需重查）,,2026-09-30T16:17:48.596Z,普通词意义完整，品牌联想可行但具体买家领域分散,内容与生活方式品牌团队,未做逐名净空,False,,英语普通词大池,https://regery.com/en/bulksearch,,,,,,
1359,absorbing.si,词义/用途尚待补充,38,仅历史可注册证据（需重查）,,2026-09-30T16:17:48.596Z,普通词意义完整，品牌联想可行但具体买家领域分散,内容与生活方式品牌团队,未做逐名净空,False,,英语普通词大池,https://regery.com/en/bulksearch,,,,,,
1360,adjoining.si,词义/用途尚待补充,38,仅历史可注册证据（需重查）,,2026-09-30T16:17:48.596Z,普通词意义完整，品牌联想可行但具体买家领域分散,内容与生活方式品牌团队,未做逐名净空,False,,英语普通词大池,https://regery.com/en/bulksearch,,,,,,
1361,affecting.si,词义/用途尚待补充,38,仅历史可注册证据（需重查）,,2026-09-30T16:17:48.596Z,普通词意义完整，品牌联想可行但具体买家领域分散,内容与生活方式品牌团队,未做逐名净空,False,,英语普通词大池,https://regery.com/en/bulksearch,,,,,,
1362,allegedly.si,词义/用途尚待补充,38,仅历史可注册证据（需重查）,,2026-09-30T16:17:48.596Z,普通词意义完整，品牌联想可行但具体买家领域分散,内容与生活方式品牌团队,未做逐名净空,False,,英语普通词大池,https://regery.com/en/bulksearch,,,,,,
1363,appealing.si,词义/用途尚待补充,38,仅历史可注册证据（需重查）,,2026-09-30T16:17:48.596Z,普通词意义完整，品牌联想可行但具体买家领域分散,内容与生活方式品牌团队,未做逐名净空,False,,英语普通词大池,https://regery.com/en/bulksearch,,,,,,
1364,backwards.si,词义/用途尚待补充,38,仅历史可注册证据（需重查）,,2026-09-30T16:17:48.596Z,普通词意义完整，品牌联想可行但具体买家领域分散,内容与生活方式品牌团队,未做逐名净空,False,,英语普通词大池,https://regery.com/en/bulksearch,,,,,,
1365,borrowing.si,词义/用途尚待补充,38,仅历史可注册证据（需重查）,,2026-09-30T16:17:48.596Z,普通词意义完整，品牌联想可行但具体买家领域分散,内容与生活方式品牌团队,未做逐名净空,False,,英语普通词大池,https://regery.com/en/bulksearch,,,,,,
1366,chartered.si,词义/用途尚待补充,38,仅历史可注册证据（需重查）,,2026-09-30T16:17:48.596Z,普通词意义完整，品牌联想可行但具体买家领域分散,内容与生活方式品牌团队,未做逐名净空,False,,英语普通词大池,https://regery.com/en/bulksearch,,,,,,
1367,combining.si,词义/用途尚待补充,38,仅历史可注册证据（需重查）,,2026-09-30T16:17:48.596Z,普通词意义完整，品牌联想可行但具体买家领域分散,内容与生活方式品牌团队,未做逐名净空,False,,英语普通词大池,https://regery.com/en/bulksearch,,,,,,
1368,comprised.si,词义/用途尚待补充,38,仅历史可注册证据（需重查）,,2026-09-30T16:17:48.596Z,普通词意义完整，品牌联想可行但具体买家领域分散,内容与生活方式品牌团队,未做逐名净空,False,,英语普通词大池,https://regery.com/en/bulksearch,,,,,,
1369,concerned.si,词义/用途尚待补充,38,仅历史可注册证据（需重查）,,2026-09-30T16:17:48.596Z,普通词意义完整，品牌联想可行但具体买家领域分散,内容与生活方式品牌团队,未做逐名净空,False,,英语普通词大池,https://regery.com/en/bulksearch,,,,,,
1370,converted.si,词义/用途尚待补充,38,仅历史可注册证据（需重查）,,2026-09-30T16:17:48.596Z,普通词意义完整，品牌联想可行但具体买家领域分散,内容与生活方式品牌团队,未做逐名净空,False,,英语普通词大池,https://regery.com/en/bulksearch,,,,,,
1371,convinced.si,词义/用途尚待补充,38,仅历史可注册证据（需重查）,,2026-09-30T16:17:48.596Z,普通词意义完整，品牌联想可行但具体买家领域分散,内容与生活方式品牌团队,未做逐名净空,False,,英语普通词大池,https://regery.com/en/bulksearch,,,,,,
1372,corrected.si,词义/用途尚待补充,38,仅历史可注册证据（需重查）,,2026-09-30T16:17:48.596Z,普通词意义完整，品牌联想可行但具体买家领域分散,内容与生活方式品牌团队,未做逐名净空,False,,英语普通词大池,https://regery.com/en/bulksearch,,,,,,
1373,decorated.si,词义/用途尚待补充,38,仅历史可注册证据（需重查）,,2026-09-30T16:18:10.592Z,普通词意义完整，品牌联想可行但具体买家领域分散,内容与生活方式品牌团队,未做逐名净空,False,,英语普通词大池,https://regery.com/en/bulksearch,,,,,,
1374,delighted.si,词义/用途尚待补充,38,仅历史可注册证据（需重查）,,2026-09-30T16:18:10.592Z,普通词意义完整，品牌联想可行但具体买家领域分散,内容与生活方式品牌团队,未做逐名净空,False,,英语普通词大池,https://regery.com/en/bulksearch,,,,,,
1375,demanding.si,词义/用途尚待补充,38,仅历史可注册证据（需重查）,,2026-09-30T16:18:10.592Z,普通词意义完整，品牌联想可行但具体买家领域分散,内容与生活方式品牌团队,未做逐名净空,False,,英语普通词大池,https://regery.com/en/bulksearch,,,,,,
1376,depending.si,词义/用途尚待补充,38,仅历史可注册证据（需重查）,,2026-09-30T16:18:10.592Z,普通词意义完整，品牌联想可行但具体买家领域分散,内容与生活方式品牌团队,未做逐名净空,False,,英语普通词大池,https://regery.com/en/bulksearch,,,,,,
1377,deserving.si,词义/用途尚待补充,38,仅历史可注册证据（需重查）,,2026-09-30T16:18:10.592Z,普通词意义完整，品牌联想可行但具体买家领域分散,内容与生活方式品牌团队,未做逐名净空,False,,英语普通词大池,https://regery.com/en/bulksearch,,,,,,
1378,disguised.si,词义/用途尚待补充,38,仅历史可注册证据（需重查）,,2026-09-30T16:18:10.592Z,普通词意义完整，品牌联想可行但具体买家领域分散,内容与生活方式品牌团队,未做逐名净空,False,,英语普通词大池,https://regery.com/en/bulksearch,,,,,,
1379,dispersed.si,词义/用途尚待补充,38,仅历史可注册证据（需重查）,,2026-09-30T16:18:10.592Z,普通词意义完整，品牌联想可行但具体买家领域分散,内容与生活方式品牌团队,未做逐名净空,False,,英语普通词大池,https://regery.com/en/bulksearch,,,,,,
1380,displayed.si,词义/用途尚待补充,38,仅历史可注册证据（需重查）,,2026-09-30T16:18:10.592Z,普通词意义完整，品牌联想可行但具体买家领域分散,内容与生活方式品牌团队,未做逐名净空,False,,英语普通词大池,https://regery.com/en/bulksearch,,,,,,
1381,dominated.si,词义/用途尚待补充,38,仅历史可注册证据（需重查）,,2026-09-30T16:18:10.592Z,普通词意义完整，品牌联想可行但具体买家领域分散,内容与生活方式品牌团队,未做逐名净空,False,,英语普通词大池,https://regery.com/en/bulksearch,,,,,,
1382,embracing.si,词义/用途尚待补充,38,仅历史可注册证据（需重查）,,2026-09-30T16:18:10.592Z,普通词意义完整，品牌联想可行但具体买家领域分散,内容与生活方式品牌团队,未做逐名净空,False,,英语普通词大池,https://regery.com/en/bulksearch,,,,,,
1383,excluding.si,词义/用途尚待补充,38,仅历史可注册证据（需重查）,,2026-09-30T16:18:10.592Z,普通词意义完整，品牌联想可行但具体买家领域分散,内容与生活方式品牌团队,未做逐名净空,False,,英语普通词大池,https://regery.com/en/bulksearch,,,,,,
1384,expressed.si,词义/用途尚待补充,38,仅历史可注册证据（需重查）,,2026-09-30T16:18:10.592Z,普通词意义完整，品牌联想可行但具体买家领域分散,内容与生活方式品牌团队,未做逐名净空,False,,英语普通词大池,https://regery.com/en/bulksearch,,,,,,
1385,extracted.si,词义/用途尚待补充,38,仅历史可注册证据（需重查）,,2026-09-30T16:18:10.592Z,普通词意义完整，品牌联想可行但具体买家领域分散,内容与生活方式品牌团队,未做逐名净空,False,,英语普通词大池,https://regery.com/en/bulksearch,,,,,,
1386,fashioned.si,词义/用途尚待补充,38,仅历史可注册证据（需重查）,,2026-09-30T16:18:10.592Z,普通词意义完整，品牌联想可行但具体买家领域分散,内容与生活方式品牌团队,未做逐名净空,False,,英语普通词大池,https://regery.com/en/bulksearch,,,,,,
1387,furnished.si,词义/用途尚待补充,38,仅历史可注册证据（需重查）,,2026-09-30T16:18:10.592Z,普通词意义完整，品牌联想可行但具体买家领域分散,内容与生活方式品牌团队,未做逐名净空,False,,英语普通词大池,https://regery.com/en/bulksearch,,,,,,
1388,genuinely.si,词义/用途尚待补充,38,仅历史可注册证据（需重查）,,2026-09-30T16:18:10.592Z,普通词意义完整，品牌联想可行但具体买家领域分散,内容与生活方式品牌团队,未做逐名净空,False,,英语普通词大池,https://regery.com/en/bulksearch,,,,,,
1389,gradually.si,词义/用途尚待补充,38,仅历史可注册证据（需重查）,,2026-09-30T16:18:10.592Z,普通词意义完整，品牌联想可行但具体买家领域分散,内容与生活方式品牌团队,未做逐名净空,False,,英语普通词大池,https://regery.com/en/bulksearch,,,,,,
1390,graduated.si,词义/用途尚待补充,38,仅历史可注册证据（需重查）,,2026-09-30T16:18:10.592Z,普通词意义完整，品牌联想可行但具体买家领域分散,内容与生活方式品牌团队,未做逐名净空,False,,英语普通词大池,https://regery.com/en/bulksearch,,,,,,
1391,immensely.si,词义/用途尚待补充,38,仅历史可注册证据（需重查）,,2026-09-30T16:19:17.899Z,普通词意义完整，品牌联想可行但具体买家领域分散,内容与生活方式品牌团队,未做逐名净空,False,,英语普通词大池,https://regery.com/en/bulksearch,,,,,,
1392,impending.si,词义/用途尚待补充,38,仅历史可注册证据（需重查）,,2026-09-30T16:19:17.899Z,普通词意义完整，品牌联想可行但具体买家领域分散,内容与生活方式品牌团队,未做逐名净空,False,,英语普通词大池,https://regery.com/en/bulksearch,,,,,,
1393,inability.si,词义/用途尚待补充,38,仅历史可注册证据（需重查）,,2026-09-30T16:19:17.899Z,普通词意义完整，品牌联想可行但具体买家领域分散,内容与生活方式品牌团队,未做逐名净空,False,,英语普通词大池,https://regery.com/en/bulksearch,,,,,,
1394,inhabited.si,词义/用途尚待补充,38,仅历史可注册证据（需重查）,,2026-09-30T16:19:17.899Z,普通词意义完整，品牌联想可行但具体买家领域分散,内容与生活方式品牌团队,未做逐名净空,False,,英语普通词大池,https://regery.com/en/bulksearch,,,,,,
1395,initially.si,词义/用途尚待补充,38,仅历史可注册证据（需重查）,,2026-09-30T16:19:17.899Z,普通词意义完整，品牌联想可行但具体买家领域分散,内容与生活方式品牌团队,未做逐名净空,False,,英语普通词大池,https://regery.com/en/bulksearch,,,,,,
1396,intensely.si,词义/用途尚待补充,38,仅历史可注册证据（需重查）,,2026-09-30T16:19:17.899Z,普通词意义完整，品牌联想可行但具体买家领域分散,内容与生活方式品牌团队,未做逐名净空,False,,英语普通词大池,https://regery.com/en/bulksearch,,,,,,
1397,interfere.si,词义/用途尚待补充,38,仅历史可注册证据（需重查）,,2026-09-30T16:19:17.899Z,普通词意义完整，品牌联想可行但具体买家领域分散,内容与生活方式品牌团队,未做逐名净空,False,,英语普通词大池,https://regery.com/en/bulksearch,,,,,,
1398,massively.si,词义/用途尚待补充,38,仅历史可注册证据（需重查）,,2026-09-30T16:19:17.899Z,普通词意义完整，品牌联想可行但具体买家领域分散,内容与生活方式品牌团队,未做逐名净空,False,,英语普通词大池,https://regery.com/en/bulksearch,,,,,,
1399,nominated.si,词义/用途尚待补充,38,仅历史可注册证据（需重查）,,2026-09-30T16:19:17.899Z,普通词意义完整，品牌联想可行但具体买家领域分散,内容与生活方式品牌团队,未做逐名净空,False,,英语普通词大池,https://regery.com/en/bulksearch,,,,,,
1400,obedience.si,词义/用途尚待补充,38,仅历史可注册证据（需重查）,,2026-09-30T16:19:17.899Z,普通词意义完整，品牌联想可行但具体买家领域分散,内容与生活方式品牌团队,未做逐名净空,False,,英语普通词大池,https://regery.com/en/bulksearch,,,,,,
1401,partially.si,词义/用途尚待补充,38,仅历史可注册证据（需重查）,,2026-09-30T16:19:17.899Z,普通词意义完整，品牌联想可行但具体买家领域分散,内容与生活方式品牌团队,未做逐名净空,False,,英语普通词大池,https://regery.com/en/bulksearch,,,,,,
1402,persuaded.si,词义/用途尚待补充,38,仅历史可注册证据（需重查）,,2026-09-30T16:19:39.066Z,普通词意义完整，品牌联想可行但具体买家领域分散,内容与生活方式品牌团队,未做逐名净空,False,,英语普通词大池,https://regery.com/en/bulksearch,,,,,,
1403,possessed.si,词义/用途尚待补充,38,仅历史可注册证据（需重查）,,2026-09-30T16:19:39.066Z,普通词意义完整，品牌联想可行但具体买家领域分散,内容与生活方式品牌团队,未做逐名净空,False,,英语普通词大池,https://regery.com/en/bulksearch,,,,,,
1404,practiced.si,词义/用途尚待补充,38,仅历史可注册证据（需重查）,,2026-09-30T16:19:39.066Z,普通词意义完整，品牌联想可行但具体买家领域分散,内容与生活方式品牌团队,未做逐名净空,False,,英语普通词大池,https://regery.com/en/bulksearch,,,,,,
1405,preaching.si,词义/用途尚待补充,38,仅历史可注册证据（需重查）,,2026-09-30T16:19:39.066Z,普通词意义完整，品牌联想可行但具体买家领域分散,内容与生活方式品牌团队,未做逐名净空,False,,英语普通词大池,https://regery.com/en/bulksearch,,,,,,
1406,preceding.si,词义/用途尚待补充,38,仅历史可注册证据（需重查）,,2026-09-30T16:19:39.066Z,普通词意义完整，品牌联想可行但具体买家领域分散,内容与生活方式品牌团队,未做逐名净空,False,,英语普通词大池,https://regery.com/en/bulksearch,,,,,,
1407,pretended.si,词义/用途尚待补充,38,仅历史可注册证据（需重查）,,2026-09-30T16:19:39.066Z,普通词意义完整，品牌联想可行但具体买家领域分散,内容与生活方式品牌团队,未做逐名净空,False,,英语普通词大池,https://regery.com/en/bulksearch,,,,,,
1408,primarily.si,词义/用途尚待补充,38,仅历史可注册证据（需重查）,,2026-09-30T16:19:39.066Z,普通词意义完整，品牌联想可行但具体买家领域分散,内容与生活方式品牌团队,未做逐名净空,False,,英语普通词大池,https://regery.com/en/bulksearch,,,,,,
1409,prosecute.si,词义/用途尚待补充,38,仅历史可注册证据（需重查）,,2026-09-30T16:19:39.066Z,普通词意义完整，品牌联想可行但具体买家领域分散,内容与生活方式品牌团队,未做逐名净空,False,,英语普通词大池,https://regery.com/en/bulksearch,,,,,,
1410,radically.si,词义/用途尚待补充,38,仅历史可注册证据（需重查）,,2026-09-30T16:19:39.066Z,普通词意义完整，品牌联想可行但具体买家领域分散,内容与生活方式品牌团队,未做逐名净空,False,,英语普通词大池,https://regery.com/en/bulksearch,,,,,,
1411,realizing.si,词义/用途尚待补充,38,仅历史可注册证据（需重查）,,2026-09-30T16:19:39.066Z,普通词意义完整，品牌联想可行但具体买家领域分散,内容与生活方式品牌团队,未做逐名净空,False,,英语普通词大池,https://regery.com/en/bulksearch,,,,,,
1412,reflected.si,词义/用途尚待补充,38,仅历史可注册证据（需重查）,,2026-09-30T16:19:39.066Z,普通词意义完整，品牌联想可行但具体买家领域分散,内容与生活方式品牌团队,未做逐名净空,False,,英语普通词大池,https://regery.com/en/bulksearch,,,,,,
1413,regarding.si,词义/用途尚待补充,38,仅历史可注册证据（需重查）,,2026-09-30T16:19:39.066Z,普通词意义完整，品牌联想可行但具体买家领域分散,内容与生活方式品牌团队,未做逐名净空,False,,英语普通词大池,https://regery.com/en/bulksearch,,,,,,
1414,regularly.si,词义/用途尚待补充,38,仅历史可注册证据（需重查）,,2026-09-30T16:19:39.066Z,普通词意义完整，品牌联想可行但具体买家领域分散,内容与生活方式品牌团队,未做逐名净空,False,,英语普通词大池,https://regery.com/en/bulksearch,,,,,,
1415,resisting.si,词义/用途尚待补充,38,仅历史可注册证据（需重查）,,2026-09-30T16:19:39.066Z,普通词意义完整，品牌联想可行但具体买家领域分散,内容与生活方式品牌团队,未做逐名净空,False,,英语普通词大池,https://regery.com/en/bulksearch,,,,,,
1416,resulting.si,词义/用途尚待补充,38,仅历史可注册证据（需重查）,,2026-09-30T16:19:39.066Z,普通词意义完整，品牌联想可行但具体买家领域分散,内容与生活方式品牌团队,未做逐名净空,False,,英语普通词大池,https://regery.com/en/bulksearch,,,,,,
1417,retaining.si,词义/用途尚待补充,38,仅历史可注册证据（需重查）,,2026-09-30T16:19:39.066Z,普通词意义完整，品牌联想可行但具体买家领域分散,内容与生活方式品牌团队,未做逐名净空,False,,英语普通词大池,https://regery.com/en/bulksearch,,,,,,
1418,routinely.si,词义/用途尚待补充,38,仅历史可注册证据（需重查）,,2026-09-30T16:19:39.066Z,普通词意义完整，品牌联想可行但具体买家领域分散,内容与生活方式品牌团队,未做逐名净空,False,,英语普通词大池,https://regery.com/en/bulksearch,,,,,,
1419,scattered.si,词义/用途尚待补充,38,仅历史可注册证据（需重查）,,2026-09-30T16:19:39.066Z,普通词意义完整，品牌联想可行但具体买家领域分散,内容与生活方式品牌团队,未做逐名净空,False,,英语普通词大池,https://regery.com/en/bulksearch,,,,,,
1420,seemingly.si,词义/用途尚待补充,38,仅历史可注册证据（需重查）,,2026-09-30T16:20:14.857Z,普通词意义完整，品牌联想可行但具体买家领域分散,内容与生活方式品牌团队,未做逐名净空,False,,英语普通词大池,https://regery.com/en/bulksearch,,,,,,
1421,separates.si,词义/用途尚待补充,38,仅历史可注册证据（需重查）,,2026-09-30T16:20:14.857Z,普通词意义完整，品牌联想可行但具体买家领域分散,内容与生活方式品牌团队,未做逐名净空,False,,英语普通词大池,https://regery.com/en/bulksearch,,,,,,
1422,similarly.si,词义/用途尚待补充,38,仅历史可注册证据（需重查）,,2026-09-30T16:20:14.857Z,普通词意义完整，品牌联想可行但具体买家领域分散,内容与生活方式品牌团队,未做逐名净空,False,,英语普通词大池,https://regery.com/en/bulksearch,,,,,,
1423,sophomore.si,词义/用途尚待补充,38,仅历史可注册证据（需重查）,,2026-09-30T16:20:14.857Z,普通词意义完整，品牌联想可行但具体买家领域分散,内容与生活方式品牌团队,未做逐名净空,False,,英语普通词大池,https://regery.com/en/bulksearch,,,,,,
1424,specially.si,词义/用途尚待补充,38,仅历史可注册证据（需重查）,,2026-09-30T16:20:14.857Z,普通词意义完整，品牌联想可行但具体买家领域分散,内容与生活方式品牌团队,未做逐名净空,False,,英语普通词大池,https://regery.com/en/bulksearch,,,,,,
1425,spreading.si,词义/用途尚待补充,38,仅历史可注册证据（需重查）,,2026-09-30T16:20:14.857Z,普通词意义完整，品牌联想可行但具体买家领域分散,内容与生活方式品牌团队,未做逐名净空,False,,英语普通词大池,https://regery.com/en/bulksearch,,,,,,
1426,strangely.si,词义/用途尚待补充,38,仅历史可注册证据（需重查）,,2026-09-30T16:20:14.857Z,普通词意义完整，品牌联想可行但具体买家领域分散,内容与生活方式品牌团队,未做逐名净空,False,,英语普通词大池,https://regery.com/en/bulksearch,,,,,,
1427,subjected.si,词义/用途尚待补充,38,仅历史可注册证据（需重查）,,2026-09-30T16:20:14.857Z,普通词意义完整，品牌联想可行但具体买家领域分散,内容与生活方式品牌团队,未做逐名净空,False,,英语普通词大池,https://regery.com/en/bulksearch,,,,,,
1428,submerged.si,词义/用途尚待补充,38,仅历史可注册证据（需重查）,,2026-09-30T16:20:14.857Z,普通词意义完整，品牌联想可行但具体买家领域分散,内容与生活方式品牌团队,未做逐名净空,False,,英语普通词大池,https://regery.com/en/bulksearch,,,,,,
1429,surviving.si,词义/用途尚待补充,38,仅历史可注册证据（需重查）,,2026-09-30T16:20:14.857Z,普通词意义完整，品牌联想可行但具体买家领域分散,内容与生活方式品牌团队,未做逐名净空,False,,英语普通词大池,https://regery.com/en/bulksearch,,,,,,
1430,suspected.si,词义/用途尚待补充,38,仅历史可注册证据（需重查）,,2026-09-30T16:20:14.857Z,普通词意义完整，品牌联想可行但具体买家领域分散,内容与生活方式品牌团队,未做逐名净空,False,,英语普通词大池,https://regery.com/en/bulksearch,,,,,,
1431,suspended.si,词义/用途尚待补充,38,仅历史可注册证据（需重查）,,2026-09-30T16:20:14.857Z,普通词意义完整，品牌联想可行但具体买家领域分散,内容与生活方式品牌团队,未做逐名净空,False,,英语普通词大池,https://regery.com/en/bulksearch,,,,,,
1432,sustained.si,词义/用途尚待补充,38,仅历史可注册证据（需重查）,,2026-09-30T16:20:14.857Z,普通词意义完整，品牌联想可行但具体买家领域分散,内容与生活方式品牌团队,未做逐名净空,False,,英语普通词大池,https://regery.com/en/bulksearch,,,,,,
1433,unchanged.si,词义/用途尚待补充,38,仅历史可注册证据（需重查）,,2026-09-30T16:20:51.261Z,普通词意义完整，品牌联想可行但具体买家领域分散,内容与生活方式品牌团队,未做逐名净空,False,,英语普通词大池,https://regery.com/en/bulksearch,,,,,,
1434,underwent.si,词义/用途尚待补充,38,仅历史可注册证据（需重查）,,2026-09-30T16:20:51.261Z,普通词意义完整，品牌联想可行但具体买家领域分散,内容与生活方式品牌团队,未做逐名净空,False,,英语普通词大池,https://regery.com/en/bulksearch,,,,,,
1435,unhealthy.si,词义/用途尚待补充,38,仅历史可注册证据（需重查）,,2026-09-30T16:20:51.261Z,普通词意义完整，品牌联想可行但具体买家领域分散,内容与生活方式品牌团队,未做逐名净空,False,,英语普通词大池,https://regery.com/en/bulksearch,,,,,,
1436,unpopular.si,词义/用途尚待补充,38,仅历史可注册证据（需重查）,,2026-09-30T16:20:51.261Z,普通词意义完整，品牌联想可行但具体买家领域分散,内容与生活方式品牌团队,未做逐名净空,False,,英语普通词大池,https://regery.com/en/bulksearch,,,,,,
1437,unrelated.si,词义/用途尚待补充,38,仅历史可注册证据（需重查）,,2026-09-30T16:20:51.261Z,普通词意义完整，品牌联想可行但具体买家领域分散,内容与生活方式品牌团队,未做逐名净空,False,,英语普通词大池,https://regery.com/en/bulksearch,,,,,,
1438,unusually.si,词义/用途尚待补充,38,仅历史可注册证据（需重查）,,2026-09-30T16:20:51.261Z,普通词意义完整，品牌联想可行但具体买家领域分散,内容与生活方式品牌团队,未做逐名净空,False,,英语普通词大池,https://regery.com/en/bulksearch,,,,,,
1439,unwilling.si,词义/用途尚待补充,38,仅历史可注册证据（需重查）,,2026-09-30T16:20:51.261Z,普通词意义完整，品牌联想可行但具体买家领域分散,内容与生活方式品牌团队,未做逐名净空,False,,英语普通词大池,https://regery.com/en/bulksearch,,,,,,
1440,upsetting.si,词义/用途尚待补充,38,仅历史可注册证据（需重查）,,2026-09-30T16:20:51.261Z,普通词意义完整，品牌联想可行但具体买家领域分散,内容与生活方式品牌团队,未做逐名净空,False,,英语普通词大池,https://regery.com/en/bulksearch,,,,,,
1441,willingly.si,词义/用途尚待补充,38,仅历史可注册证据（需重查）,,2026-09-30T16:20:51.261Z,普通词意义完整，品牌联想可行但具体买家领域分散,内容与生活方式品牌团队,未做逐名净空,False,,英语普通词大池,https://regery.com/en/bulksearch,,,,,,
1442,wondering.si,词义/用途尚待补充,38,仅历史可注册证据（需重查）,,2026-09-30T16:20:51.261Z,普通词意义完整，品牌联想可行但具体买家领域分散,内容与生活方式品牌团队,未做逐名净空,False,,英语普通词大池,https://regery.com/en/bulksearch,,,,,,
1443,dewridge.si,词义/用途尚待补充,38,仅历史可注册证据（需重查）,,2026-09-30T10:28:20.587Z,露珠与山脊画面明确；品类不独特,自然家居品牌,未做逐名净空,False,,英语普通词大池,https://regery.com/en/bulksearch,,,,,,
1444,duskpond.si,词义/用途尚待补充,38,仅历史可注册证据（需重查）,,2026-09-30T10:28:20.587Z,暮色池塘画面明确；买家较窄,自然家居品牌,未做逐名净空,False,,英语普通词大池,https://regery.com/en/bulksearch,,,,,,
1445,chuai.si,词义/用途尚待补充,38,仅历史可注册证据（需重查）,,2026-09-30T10:19:15.628Z,踹揣同音读写复杂，商业品牌适用面窄,运动互动与幽默内容团队,未做逐名净空,False,,中文短拼音,https://regery.com/en/bulksearch,,,,,,
1446,nang.si,词义/用途尚待补充,38,仅历史可注册证据（需重查）,,2026-09-30T10:19:15.628Z,囊字可联想到容器，短音用途偏冷门,包装收纳与地域文化产品团队,未做逐名净空,False,,中文短拼音,https://regery.com/en/bulksearch,,,,,,
1447,jiong.si,词义/用途尚待补充,38,仅历史可注册证据（需重查）,,2026-09-30T10:19:15.628Z,囧字可做幽默品牌，热度与收费需求未核,幽默内容、表情素材及年轻品牌团队,未做逐名净空,False,,中文短拼音,https://regery.com/en/bulksearch,,,,,,
1448,zhuai.si,词义/用途尚待补充,38,仅历史可注册证据（需重查）,,2026-09-30T10:20:06.976Z,拽字风格强但受众窄，拼音易读性一般,潮流、幽默内容与年轻品牌团队,未做逐名净空,False,,中文短拼音,https://regery.com/en/bulksearch,,,,,,
1449,tempting.si,词义/用途尚待补充,38,仅历史可注册证据（需重查）,,2026-09-30T13:34:03.580Z,诱人可用于零售营销；较泛化,消费零售品牌,未做逐名净空,False,,英语普通词大池,https://regery.com/en/bulksearch,,,,,,
1450,corporal.si,词义/用途尚待补充,38,仅历史可注册证据（需重查）,,2026-09-30T12:50:11.066Z,下士与身体义并存；定位不清,军事教育团队,未做逐名净空,False,,英语普通词大池,https://regery.com/en/bulksearch,,,,,,
1451,trailing.si,词义/用途尚待补充,38,仅历史可注册证据（需重查）,,2026-09-30T13:36:04.286Z,尾随与轨迹双义；负面联想需核,户外追踪团队,未做逐名净空,False,,英语普通词大池,https://regery.com/en/bulksearch,,,,,,
1452,weng.si,词义/用途尚待补充,38,仅历史可注册证据（需重查）,,2026-09-30T10:19:15.628Z,翁字适合人名文化，商业用途和受众较窄,地域文化、姓氏服务与内容团队,未做逐名净空,False,,中文短拼音,https://regery.com/en/bulksearch,,,,,,
1453,decency.si,词义/用途尚待补充,38,仅历史可注册证据（需重查）,,2026-09-30T12:08:01.372Z,得体可用于礼仪教育；付费入口模糊,礼仪教育团队,未做逐名净空,False,,英语普通词大池,https://regery.com/en/bulksearch,,,,,,
1454,tolerate.si,词义/用途尚待补充,38,仅历史可注册证据（需重查）,,2026-09-30T13:36:04.286Z,容忍动词适合教育；付费入口弱,教育内容团队,未做逐名净空,False,,英语普通词大池,https://regery.com/en/bulksearch,,,,,,
1455,abolition.si,词义/用途尚待补充,38,仅历史可注册证据（需重查）,,2026-09-30T12:37:24.345Z,废止有公益历史用途；商业面窄,历史教育团队,未做逐名净空,False,,英语普通词大池,https://regery.com/en/bulksearch,,,,,,
1456,favorable.si,词义/用途尚待补充,38,仅历史可注册证据（需重查）,,2026-09-30T12:59:37.942Z,有利形容词泛化；缺独立品类,消费品牌,未做逐名净空,False,,英语普通词大池,https://regery.com/en/bulksearch,,,,,,
1457,howe.si,词义/用途尚待补充,38,仅历史可注册证据（需重查）,,2026-09-30T15:38:16.310Z,四字母姓氏易记，受众窄但并非只对应一家企业,个人品牌与姓氏相关团队,未做逐名净空,False,,英语普通词大池,https://porkbun.com/checkout/search,,,,,,
1458,neuralnest.si,神经网络工作巢,37,仅历史可注册证据（需重查）,,2026-09-30T08:10:06.340Z,现有同业同名线索待核，独立用途与名称替代仍不清,神经网络工作巢软件或服务团队,未做逐名净空,False,,AI英文词与组合,https://www.inwx.com/en/domain/check?domain=neuralnest.si,,,,,,
1459,sourceway.si,研究与验证,37,仅历史可注册证据（需重查）,,2026-09-30T10:22:36.648Z,来源路径抽象，类别入口和品牌自然度都偏弱,研究与数据溯源工具团队,未做逐名净空,False,,自然组合与可读品牌词,https://regery.com/en/bulksearch,,,,,,
1460,thinkdock.si,思考停靠站,37,仅历史可注册证据（需重查）,,2026-09-30T09:00:19.697Z,现有同业同名线索待核，独立用途与名称替代仍不清,自然生活与设计品牌团队,未做逐名净空,False,,AI英文词与组合,https://www.inwx.com/en/domain/check?domain=thinkdock.si,,,,,,
1461,moodline.si,情绪线条,37,仅历史可注册证据（需重查）,,2026-09-30T16:12:37.465Z,组合有一定画面或业务联想，尚未成为自然固定表达,自然生活与设计品牌团队,未做逐名净空,False,,名称用途与买家复筛,https://regery.com/en/bulksearch,,,,,,
1462,moonbell.si,月光与钟声,37,仅历史可注册证据（需重查）,,2026-09-30T16:12:37.465Z,组合有一定画面或业务联想，尚未成为自然固定表达,自然生活与设计品牌团队,未做逐名净空,False,,自然组合与可读品牌词,https://regery.com/en/bulksearch,,,,,,
1463,moonblue.si,月光与蓝色,37,仅历史可注册证据（需重查）,,2026-09-30T16:12:37.465Z,组合有一定画面或业务联想，尚未成为自然固定表达,自然生活与设计品牌团队,未做逐名净空,False,,自然组合与可读品牌词,https://regery.com/en/bulksearch,,,,,,
1464,moonhaze.si,月光与薄霭,37,仅历史可注册证据（需重查）,,2026-09-30T16:12:37.465Z,组合有一定画面或业务联想，尚未成为自然固定表达,自然生活与设计品牌团队,未做逐名净空,False,,自然组合与可读品牌词,https://regery.com/en/bulksearch,,,,,,
1465,moonline.si,月光与线条,37,仅历史可注册证据（需重查）,,2026-09-30T16:12:37.465Z,组合有一定画面或业务联想，尚未成为自然固定表达,自然生活与设计品牌团队,未做逐名净空,False,,自然组合与可读品牌词,https://regery.com/en/bulksearch,,,,,,
1466,museflow.si,灵感与流动,37,仅历史可注册证据（需重查）,,2026-09-30T16:12:37.465Z,组合有一定画面或业务联想，尚未成为自然固定表达,自然生活与设计品牌团队,未做逐名净空,False,,自然组合与可读品牌词,https://regery.com/en/bulksearch,,,,,,
1467,museloom.si,灵感与织机,37,仅历史可注册证据（需重查）,,2026-09-30T16:12:37.465Z,组合有一定画面或业务联想，尚未成为自然固定表达,自然生活与设计品牌团队,未做逐名净空,False,,自然组合与可读品牌词,https://regery.com/en/bulksearch,,,,,,
1468,muserise.si,灵感与升起,37,仅历史可注册证据（需重查）,,2026-09-30T16:12:37.465Z,组合有一定画面或业务联想，尚未成为自然固定表达,自然生活与设计品牌团队,未做逐名净空,False,,自然组合与可读品牌词,https://regery.com/en/bulksearch,,,,,,
1469,museseed.si,灵感与种子,37,仅历史可注册证据（需重查）,,2026-09-30T16:12:37.465Z,组合有一定画面或业务联想，尚未成为自然固定表达,自然生活与设计品牌团队,未做逐名净空,False,,自然组合与可读品牌词,https://regery.com/en/bulksearch,,,,,,
1470,notewell.si,笔记与井,37,仅历史可注册证据（需重查）,,2026-09-30T16:12:37.465Z,组合有一定画面或业务联想，尚未成为自然固定表达,自然生活与设计品牌团队,未做逐名净空,False,,自然组合与可读品牌词,https://regery.com/en/bulksearch,,,,,,
1471,novabell.si,新星与钟声,37,仅历史可注册证据（需重查）,,2026-09-30T16:12:37.465Z,组合有一定画面或业务联想，尚未成为自然固定表达,自然生活与设计品牌团队,未做逐名净空,False,,自然组合与可读品牌词,https://regery.com/en/bulksearch,,,,,,
1472,novahaze.si,新星与薄霭,37,仅历史可注册证据（需重查）,,2026-09-30T16:12:37.465Z,组合有一定画面或业务联想，尚未成为自然固定表达,自然生活与设计品牌团队,未做逐名净空,False,,自然组合与可读品牌词,https://regery.com/en/bulksearch,,,,,,
1473,novanote.si,新星与音符,37,仅历史可注册证据（需重查）,,2026-09-30T16:12:37.465Z,组合有一定画面或业务联想，尚未成为自然固定表达,自然生活与设计品牌团队,未做逐名净空,False,,自然组合与可读品牌词,https://regery.com/en/bulksearch,,,,,,
1474,novarise.si,新星与升起,37,仅历史可注册证据（需重查）,,2026-09-30T16:12:37.465Z,组合有一定画面或业务联想，尚未成为自然固定表达,自然生活与设计品牌团队,未做逐名净空,False,,自然组合与可读品牌词,https://regery.com/en/bulksearch,,,,,,
1475,orbitarc.si,轨道与弧线,37,仅历史可注册证据（需重查）,,2026-09-30T16:12:37.465Z,组合有一定画面或业务联想，尚未成为自然固定表达,自然生活与设计品牌团队,未做逐名净空,False,,自然组合与可读品牌词,https://regery.com/en/bulksearch,,,,,,
1476,pearlday.si,珍珠与白昼,37,仅历史可注册证据（需重查）,,2026-09-30T16:13:37.753Z,组合有一定画面或业务联想，尚未成为自然固定表达,自然生活与设计品牌团队,未做逐名净空,False,,自然组合与可读品牌词,https://regery.com/en/bulksearch,,,,,,
1477,pinecove.si,松树与海湾,37,仅历史可注册证据（需重查）,,2026-09-30T16:13:37.753Z,组合有一定画面或业务联想，尚未成为自然固定表达,自然生活与设计品牌团队,未做逐名净空,False,,自然组合与可读品牌词,https://regery.com/en/bulksearch,,,,,,
1478,pineleaf.si,松树与树叶,37,仅历史可注册证据（需重查）,,2026-09-30T16:13:37.753Z,组合有一定画面或业务联想，尚未成为自然固定表达,自然生活与设计品牌团队,未做逐名净空,False,,自然组合与可读品牌词,https://regery.com/en/bulksearch,,,,,,
1479,pinenest.si,松树与巢,37,仅历史可注册证据（需重查）,,2026-09-30T16:13:37.753Z,组合有一定画面或业务联想，尚未成为自然固定表达,自然生活与设计品牌团队,未做逐名净空,False,,自然组合与可读品牌词,https://regery.com/en/bulksearch,,,,,,
1480,poemrise.si,诗与升起,37,仅历史可注册证据（需重查）,,2026-09-30T16:13:37.753Z,组合有一定画面或业务联想，尚未成为自然固定表达,自然生活与设计品牌团队,未做逐名净空,False,,自然组合与可读品牌词,https://regery.com/en/bulksearch,,,,,,
1481,prismarc.si,棱镜与弧线,37,仅历史可注册证据（需重查）,,2026-09-30T16:13:37.753Z,组合有一定画面或业务联想，尚未成为自然固定表达,自然生活与设计品牌团队,未做逐名净空,False,,自然组合与可读品牌词,https://regery.com/en/bulksearch,,,,,,
1482,pulsearc.si,脉冲与弧线,37,仅历史可注册证据（需重查）,,2026-09-30T16:13:37.753Z,组合有一定画面或业务联想，尚未成为自然固定表达,自然生活与设计品牌团队,未做逐名净空,False,,自然组合与可读品牌词,https://regery.com/en/bulksearch,,,,,,
1483,rainleaf.si,词义/用途尚待补充,37,仅历史可注册证据（需重查）,,2026-09-30T16:13:37.753Z,雨叶有画面感，但组合较随意且缺独立品类入口,自然生活与设计品牌团队,未做逐名净空,False,,英语普通词大池,https://regery.com/en/bulksearch,,,,,,
1484,rainpond.si,雨与池塘,37,仅历史可注册证据（需重查）,,2026-09-30T16:13:37.753Z,组合有一定画面或业务联想，尚未成为自然固定表达,自然生活与设计品牌团队,未做逐名净空,False,,自然组合与可读品牌词,https://regery.com/en/bulksearch,,,,,,
1485,rainvale.si,雨与山谷,37,仅历史可注册证据（需重查）,,2026-09-30T16:13:37.753Z,组合有一定画面或业务联想，尚未成为自然固定表达,自然生活与设计品牌团队,未做逐名净空,False,,自然组合与可读品牌词,https://regery.com/en/bulksearch,,,,,,
1486,reedcove.si,芦苇与海湾,37,仅历史可注册证据（需重查）,,2026-09-30T16:13:37.753Z,组合有一定画面或业务联想，尚未成为自然固定表达,自然生活与设计品牌团队,未做逐名净空,False,,自然组合与可读品牌词,https://regery.com/en/bulksearch,,,,,,
1487,reedglen.si,芦苇与幽谷,37,仅历史可注册证据（需重查）,,2026-09-30T16:13:37.753Z,组合有一定画面或业务联想，尚未成为自然固定表达,自然生活与设计品牌团队,未做逐名净空,False,,自然组合与可读品牌词,https://regery.com/en/bulksearch,,,,,,
1488,reedleaf.si,芦苇与树叶,37,仅历史可注册证据（需重查）,,2026-09-30T16:13:37.753Z,组合有一定画面或业务联想，尚未成为自然固定表达,自然生活与设计品牌团队,未做逐名净空,False,,自然组合与可读品牌词,https://regery.com/en/bulksearch,,,,,,
1489,reedpond.si,芦苇与池塘,37,仅历史可注册证据（需重查）,,2026-09-30T16:13:37.753Z,组合有一定画面或业务联想，尚未成为自然固定表达,自然生活与设计品牌团队,未做逐名净空,False,,自然组合与可读品牌词,https://regery.com/en/bulksearch,,,,,,
1490,reedvale.si,芦苇与山谷,37,仅历史可注册证据（需重查）,,2026-09-30T16:13:37.753Z,组合有一定画面或业务联想，尚未成为自然固定表达,自然生活与设计品牌团队,未做逐名净空,False,,自然组合与可读品牌词,https://regery.com/en/bulksearch,,,,,,
1491,rootglow.si,根系与微光,37,仅历史可注册证据（需重查）,,2026-09-30T16:14:44.873Z,组合有一定画面或业务联想，尚未成为自然固定表达,自然生活与设计品牌团队,未做逐名净空,False,,自然组合与可读品牌词,https://regery.com/en/bulksearch,,,,,,
1492,rootline.si,根系与线条,37,仅历史可注册证据（需重查）,,2026-09-30T16:14:44.873Z,组合有一定画面或业务联想，尚未成为自然固定表达,自然生活与设计品牌团队,未做逐名净空,False,,自然组合与可读品牌词,https://regery.com/en/bulksearch,,,,,,
1493,rootrise.si,根系与升起,37,仅历史可注册证据（需重查）,,2026-09-30T16:14:44.873Z,组合有一定画面或业务联想，尚未成为自然固定表达,自然生活与设计品牌团队,未做逐名净空,False,,自然组合与可读品牌词,https://regery.com/en/bulksearch,,,,,,
1494,sagecove.si,鼠尾草与海湾,37,仅历史可注册证据（需重查）,,2026-09-30T16:14:44.873Z,组合有一定画面或业务联想，尚未成为自然固定表达,自然生活与设计品牌团队,未做逐名净空,False,,自然组合与可读品牌词,https://regery.com/en/bulksearch,,,,,,
1495,sagehill.si,鼠尾草与山丘,37,仅历史可注册证据（需重查）,,2026-09-30T16:14:44.873Z,组合有一定画面或业务联想，尚未成为自然固定表达,自然生活与设计品牌团队,未做逐名净空,False,,自然组合与可读品牌词,https://regery.com/en/bulksearch,,,,,,
1496,sagepond.si,鼠尾草与池塘,37,仅历史可注册证据（需重查）,,2026-09-30T16:14:44.873Z,组合有一定画面或业务联想，尚未成为自然固定表达,自然生活与设计品牌团队,未做逐名净空,False,,自然组合与可读品牌词,https://regery.com/en/bulksearch,,,,,,
1497,sagevale.si,鼠尾草与山谷,37,仅历史可注册证据（需重查）,,2026-09-30T16:14:44.873Z,组合有一定画面或业务联想，尚未成为自然固定表达,自然生活与设计品牌团队,未做逐名净空,False,,自然组合与可读品牌词,https://regery.com/en/bulksearch,,,,,,
1498,snowcove.si,雪与海湾,37,仅历史可注册证据（需重查）,,2026-09-30T16:14:44.873Z,组合有一定画面或业务联想，尚未成为自然固定表达,自然生活与设计品牌团队,未做逐名净空,False,,自然组合与可读品牌词,https://regery.com/en/bulksearch,,,,,,
1499,snowhill.si,雪与山丘,37,仅历史可注册证据（需重查）,,2026-09-30T16:14:44.873Z,组合有一定画面或业务联想，尚未成为自然固定表达,自然生活与设计品牌团队,未做逐名净空,False,,自然组合与可读品牌词,https://regery.com/en/bulksearch,,,,,,
1500,snowleaf.si,词义/用途尚待补充,37,仅历史可注册证据（需重查）,,2026-09-30T16:14:44.873Z,雪叶有画面感，但组合较随意且缺独立品类入口,自然生活与设计品牌团队,未做逐名净空,False,,英语普通词大池,https://regery.com/en/bulksearch,,,,,,
1501,snownest.si,词义/用途尚待补充,37,仅历史可注册证据（需重查）,,2026-09-30T16:15:59.848Z,雪巢有画面感，但组合较随意且缺独立品类入口,自然生活与设计品牌团队,未做逐名净空,False,,英语普通词大池,https://regery.com/en/bulksearch,,,,,,
1502,snowpath.si,雪与小径,37,仅历史可注册证据（需重查）,,2026-09-30T16:15:59.848Z,组合有一定画面或业务联想，尚未成为自然固定表达,自然生活与设计品牌团队,未做逐名净空,False,,自然组合与可读品牌词,https://regery.com/en/bulksearch,,,,,,
1503,snowpond.si,雪与池塘,37,仅历史可注册证据（需重查）,,2026-09-30T16:15:59.848Z,组合有一定画面或业务联想，尚未成为自然固定表达,自然生活与设计品牌团队,未做逐名净空,False,,自然组合与可读品牌词,https://regery.com/en/bulksearch,,,,,,
1504,starbell.si,星与钟声,37,仅历史可注册证据（需重查）,,2026-09-30T16:15:59.848Z,组合有一定画面或业务联想，尚未成为自然固定表达,自然生活与设计品牌团队,未做逐名净空,False,,自然组合与可读品牌词,https://regery.com/en/bulksearch,,,,,,
1505,starvale.si,星与山谷,37,仅历史可注册证据（需重查）,,2026-09-30T16:15:59.848Z,组合有一定画面或业务联想，尚未成为自然固定表达,自然生活与设计品牌团队,未做逐名净空,False,,自然组合与可读品牌词,https://regery.com/en/bulksearch,,,,,,
1506,steploom.si,工作流与协作,37,仅历史可注册证据（需重查）,,2026-09-30T16:15:59.848Z,组合有一定画面或业务联想，尚未成为自然固定表达,自然生活与设计品牌团队,未做逐名净空,False,,自然组合与可读品牌词,https://regery.com/en/bulksearch,,,,,,
1507,steppath.si,工作流与协作,37,仅历史可注册证据（需重查）,,2026-09-30T16:15:59.848Z,组合有一定画面或业务联想，尚未成为自然固定表达,自然生活与设计品牌团队,未做逐名净空,False,,自然组合与可读品牌词,https://regery.com/en/bulksearch,,,,,,
1508,versearc.si,诗句与弧线,37,仅历史可注册证据（需重查）,,2026-09-30T16:17:03.320Z,组合有一定画面或业务联想，尚未成为自然固定表达,自然生活与设计品牌团队,未做逐名净空,False,,自然组合与可读品牌词,https://regery.com/en/bulksearch,,,,,,
1509,warmcove.si,温暖与海湾,37,仅历史可注册证据（需重查）,,2026-09-30T16:17:03.320Z,组合有一定画面或业务联想，尚未成为自然固定表达,自然生活与设计品牌团队,未做逐名净空,False,,自然组合与可读品牌词,https://regery.com/en/bulksearch,,,,,,
1510,warmhaze.si,温暖与薄霭,37,仅历史可注册证据（需重查）,,2026-09-30T16:17:03.320Z,组合有一定画面或业务联想，尚未成为自然固定表达,自然生活与设计品牌团队,未做逐名净空,False,,自然组合与可读品牌词,https://regery.com/en/bulksearch,,,,,,
1511,warmnote.si,温暖与音符,37,仅历史可注册证据（需重查）,,2026-09-30T16:17:03.320Z,组合有一定画面或业务联想，尚未成为自然固定表达,自然生活与设计品牌团队,未做逐名净空,False,,自然组合与可读品牌词,https://regery.com/en/bulksearch,,,,,,
1512,warmpath.si,温暖与小径,37,仅历史可注册证据（需重查）,,2026-09-30T16:17:03.320Z,组合有一定画面或业务联想，尚未成为自然固定表达,自然生活与设计品牌团队,未做逐名净空,False,,自然组合与可读品牌词,https://regery.com/en/bulksearch,,,,,,
1513,wavebeam.si,波与光束,37,仅历史可注册证据（需重查）,,2026-09-30T16:17:03.320Z,组合有一定画面或业务联想，尚未成为自然固定表达,自然生活与设计品牌团队,未做逐名净空,False,,自然组合与可读品牌词,https://regery.com/en/bulksearch,,,,,,
1514,waveglow.si,波与微光,37,仅历史可注册证据（需重查）,,2026-09-30T16:17:03.320Z,组合有一定画面或业务联想，尚未成为自然固定表达,自然生活与设计品牌团队,未做逐名净空,False,,自然组合与可读品牌词,https://regery.com/en/bulksearch,,,,,,
1515,wildcove.si,原野与海湾,37,仅历史可注册证据（需重查）,,2026-09-30T16:17:03.320Z,组合有一定画面或业务联想，尚未成为自然固定表达,自然生活与设计品牌团队,未做逐名净空,False,,自然组合与可读品牌词,https://regery.com/en/bulksearch,,,,,,
1516,wildhill.si,原野与山丘,37,仅历史可注册证据（需重查）,,2026-09-30T16:17:03.320Z,组合有一定画面或业务联想，尚未成为自然固定表达,自然生活与设计品牌团队,未做逐名净空,False,,自然组合与可读品牌词,https://regery.com/en/bulksearch,,,,,,
1517,wildvale.si,原野与山谷,37,仅历史可注册证据（需重查）,,2026-09-30T16:17:03.320Z,组合有一定画面或业务联想，尚未成为自然固定表达,自然生活与设计品牌团队,未做逐名净空,False,,自然组合与可读品牌词,https://regery.com/en/bulksearch,,,,,,
1518,windleaf.si,风与树叶,37,仅历史可注册证据（需重查）,,2026-09-30T16:17:03.320Z,组合有一定画面或业务联想，尚未成为自然固定表达,自然生活与设计品牌团队,未做逐名净空,False,,自然组合与可读品牌词,https://regery.com/en/bulksearch,,,,,,
1519,windvale.si,风与山谷,37,仅历史可注册证据（需重查）,,2026-09-30T16:17:03.320Z,组合有一定画面或业务联想，尚未成为自然固定表达,自然生活与设计品牌团队,未做逐名净空,False,,自然组合与可读品牌词,https://regery.com/en/bulksearch,,,,,,
1520,woodnote.si,朴素自然的言语表达,37,仅历史可注册证据（需重查）,,2026-09-30T16:17:03.320Z,组合有一定画面或业务联想，尚未成为自然固定表达,自然生活与设计品牌团队,未做逐名净空,False,,自然意象与真实词,https://regery.com/en/bulksearch,,,,,,
1521,wrencove.si,词义/用途尚待补充,37,仅历史可注册证据（需重查）,,2026-09-30T16:17:03.320Z,鹪鹩海湾有画面感，但组合较随意且缺独立品类入口,自然生活与设计品牌团队,未做逐名净空,False,,英语普通词大池,https://regery.com/en/bulksearch,,,,,,
1522,wrenhill.si,鹪鹩与山丘,37,仅历史可注册证据（需重查）,,2026-09-30T16:17:03.320Z,组合有一定画面或业务联想，尚未成为自然固定表达,自然生活与设计品牌团队,未做逐名净空,False,,自然组合与可读品牌词,https://regery.com/en/bulksearch,,,,,,
1523,wrenleaf.si,鹪鹩与树叶,37,仅历史可注册证据（需重查）,,2026-09-30T16:17:03.320Z,组合有一定画面或业务联想，尚未成为自然固定表达,自然生活与设计品牌团队,未做逐名净空,False,,自然组合与可读品牌词,https://regery.com/en/bulksearch,,,,,,
1524,wrenpath.si,鹪鹩与小径,37,仅历史可注册证据（需重查）,,2026-09-30T16:17:03.320Z,组合有一定画面或业务联想，尚未成为自然固定表达,自然生活与设计品牌团队,未做逐名净空,False,,自然组合与可读品牌词,https://regery.com/en/bulksearch,,,,,,
1525,wrenpond.si,鹪鹩与池塘,37,仅历史可注册证据（需重查）,,2026-09-30T16:17:03.320Z,组合有一定画面或业务联想，尚未成为自然固定表达,自然生活与设计品牌团队,未做逐名净空,False,,自然组合与可读品牌词,https://regery.com/en/bulksearch,,,,,,
1526,orbitglow.si,轨道与微光,37,仅历史可注册证据（需重查）,,2026-09-30T16:19:17.899Z,组合有一定画面或业务联想，尚未成为自然固定表达,自然生活与设计品牌团队,未做逐名净空,False,,自然组合与可读品牌词,https://regery.com/en/bulksearch,,,,,,
1527,orbitrise.si,轨道与升起,37,仅历史可注册证据（需重查）,,2026-09-30T16:19:17.899Z,组合有一定画面或业务联想，尚未成为自然固定表达,自然生活与设计品牌团队,未做逐名净空,False,,自然组合与可读品牌词,https://regery.com/en/bulksearch,,,,,,
1528,pearlbeam.si,珍珠与光束,37,仅历史可注册证据（需重查）,,2026-09-30T16:19:17.899Z,组合有一定画面或业务联想，尚未成为自然固定表达,自然生活与设计品牌团队,未做逐名净空,False,,自然组合与可读品牌词,https://regery.com/en/bulksearch,,,,,,
1529,pearlbell.si,珍珠与钟声,37,仅历史可注册证据（需重查）,,2026-09-30T16:19:17.899Z,组合有一定画面或业务联想，尚未成为自然固定表达,自然生活与设计品牌团队,未做逐名净空,False,,自然组合与可读品牌词,https://regery.com/en/bulksearch,,,,,,
1530,pearlmuse.si,珍珠与灵感,37,仅历史可注册证据（需重查）,,2026-09-30T16:19:39.066Z,组合有一定画面或业务联想，尚未成为自然固定表达,自然生活与设计品牌团队,未做逐名净空,False,,自然组合与可读品牌词,https://regery.com/en/bulksearch,,,,,,
1531,pearlvale.si,珍珠与山谷,37,仅历史可注册证据（需重查）,,2026-09-30T16:19:39.066Z,组合有一定画面或业务联想，尚未成为自然固定表达,自然生活与设计品牌团队,未做逐名净空,False,,自然组合与可读品牌词,https://regery.com/en/bulksearch,,,,,,
1532,prismpath.si,棱镜与小径,37,仅历史可注册证据（需重查）,,2026-09-30T16:19:39.066Z,组合有一定画面或业务联想，尚未成为自然固定表达,自然生活与设计品牌团队,未做逐名净空,False,,自然组合与可读品牌词,https://regery.com/en/bulksearch,,,,,,
1533,prismrise.si,棱镜与升起,37,仅历史可注册证据（需重查）,,2026-09-30T16:19:39.066Z,组合有一定画面或业务联想，尚未成为自然固定表达,自然生活与设计品牌团队,未做逐名净空,False,,自然组合与可读品牌词,https://regery.com/en/bulksearch,,,,,,
1534,pulseglow.si,脉冲与微光,37,仅历史可注册证据（需重查）,,2026-09-30T16:19:39.066Z,组合有一定画面或业务联想，尚未成为自然固定表达,自然生活与设计品牌团队,未做逐名净空,False,,自然组合与可读品牌词,https://regery.com/en/bulksearch,,,,,,
1535,pulsepath.si,脉冲与小径,37,仅历史可注册证据（需重查）,,2026-09-30T16:19:39.066Z,组合有一定画面或业务联想，尚未成为自然固定表达,自然生活与设计品牌团队,未做逐名净空,False,,自然组合与可读品牌词,https://regery.com/en/bulksearch,,,,,,
1536,pulserise.si,脉冲与升起,37,仅历史可注册证据（需重查）,,2026-09-30T16:19:39.066Z,组合有一定画面或业务联想，尚未成为自然固定表达,自然生活与设计品牌团队,未做逐名净空,False,,自然组合与可读品牌词,https://regery.com/en/bulksearch,,,,,,
1537,solarbell.si,太阳与钟声,37,仅历史可注册证据（需重查）,,2026-09-30T16:20:14.857Z,组合有一定画面或业务联想，尚未成为自然固定表达,自然生活与设计品牌团队,未做逐名净空,False,,自然组合与可读品牌词,https://regery.com/en/bulksearch,,,,,,
1538,solarcove.si,太阳与海湾,37,仅历史可注册证据（需重查）,,2026-09-30T16:20:14.857Z,组合有一定画面或业务联想，尚未成为自然固定表达,自然生活与设计品牌团队,未做逐名净空,False,,自然组合与可读品牌词,https://regery.com/en/bulksearch,,,,,,
1539,solarnote.si,太阳与音符,37,仅历史可注册证据（需重查）,,2026-09-30T16:20:14.857Z,组合有一定画面或业务联想，尚未成为自然固定表达,自然生活与设计品牌团队,未做逐名净空,False,,自然组合与可读品牌词,https://regery.com/en/bulksearch,,,,,,
1540,solarsong.si,太阳与歌声,37,仅历史可注册证据（需重查）,,2026-09-30T16:20:14.857Z,组合有一定画面或业务联想，尚未成为自然固定表达,自然生活与设计品牌团队,未做逐名净空,False,,自然组合与可读品牌词,https://regery.com/en/bulksearch,,,,,,
1541,steptrail.si,工作流与协作,37,仅历史可注册证据（需重查）,,2026-09-30T16:20:14.857Z,组合有一定画面或业务联想，尚未成为自然固定表达,自然生活与设计品牌团队,未做逐名净空,False,,自然组合与可读品牌词,https://regery.com/en/bulksearch,,,,,,
1542,tablepath.si,日常与生活,37,仅历史可注册证据（需重查）,,2026-09-30T16:20:14.857Z,组合有一定画面或业务联想，尚未成为自然固定表达,自然生活与设计品牌团队,未做逐名净空,False,,自然组合与可读品牌词,https://regery.com/en/bulksearch,,,,,,
1543,terraglow.si,大地与微光,37,仅历史可注册证据（需重查）,,2026-09-30T16:20:14.857Z,组合有一定画面或业务联想，尚未成为自然固定表达,自然生活与设计品牌团队,未做逐名净空,False,,自然组合与可读品牌词,https://regery.com/en/bulksearch,,,,,,
1544,verseloom.si,诗句与织机,37,仅历史可注册证据（需重查）,,2026-09-30T16:20:51.261Z,组合有一定画面或业务联想，尚未成为自然固定表达,自然生活与设计品牌团队,未做逐名净空,False,,自然组合与可读品牌词,https://regery.com/en/bulksearch,,,,,,
1545,verserise.si,诗句与升起,37,仅历史可注册证据（需重查）,,2026-09-30T16:20:51.261Z,组合有一定画面或业务联想，尚未成为自然固定表达,自然生活与设计品牌团队,未做逐名净空,False,,自然组合与可读品牌词,https://regery.com/en/bulksearch,,,,,,
1546,siskin.si,黄雀类小鸣禽,37,仅历史可注册证据（需重查）,,2026-09-30T15:57:51.823Z,自然词汇形象具体，但用途窄且后缀没有明显联想,自然教育与生活品牌团队,未做逐名净空,False,,自然意象与真实词,https://regery.com/en/bulksearch,,,,,,
1547,lapwing.si,麦鸡；凤头麦鸡类涉禽,37,仅历史可注册证据（需重查）,,2026-09-30T16:02:52.198Z,自然词汇形象具体，但用途窄且后缀没有明显联想,自然教育与生活品牌团队,未做逐名净空,False,,自然意象与真实词,https://regery.com/en/bulksearch,,,,,,
1548,leafage.si,枝叶；叶簇,37,仅历史可注册证据（需重查）,,2026-09-30T16:02:52.198Z,自然词汇形象具体，但用途窄且后缀没有明显联想,自然教育与生活品牌团队,未做逐名净空,False,,自然意象与真实词,https://regery.com/en/bulksearch,,,,,,
1549,tanager.si,唐纳雀；丽唐纳雀类,37,仅历史可注册证据（需重查）,,2026-09-30T16:06:37.958Z,自然词汇形象具体，但用途窄且后缀没有明显联想,自然教育与生活品牌团队,未做逐名净空,False,,自然意象与真实词,https://regery.com/en/bulksearch,,,,,,
1550,wheatear.si,穗䳭类小鸣禽,37,仅历史可注册证据（需重查）,,2026-09-30T16:17:03.320Z,自然词汇形象具体，但用途窄且后缀没有明显联想,自然教育与生活品牌团队,未做逐名净空,False,,自然意象与真实词,https://regery.com/en/bulksearch,,,,,,
1551,whimbrel.si,中杓鹬,37,仅历史可注册证据（需重查）,,2026-09-30T16:17:03.320Z,自然词汇形象具体，但用途窄且后缀没有明显联想,自然教育与生活品牌团队,未做逐名净空,False,,自然意象与真实词,https://regery.com/en/bulksearch,,,,,,
1552,brambling.si,燕雀,37,仅历史可注册证据（需重查）,,2026-09-30T16:17:48.596Z,自然词汇形象具体，但用途窄且后缀没有明显联想,自然教育与生活品牌团队,未做逐名净空,False,,自然意象与真实词,https://regery.com/en/bulksearch,,,,,,
1553,luan.si,词义/用途尚待补充,37,仅历史可注册证据（需重查）,,2026-09-30T10:19:15.628Z,乱字可形成反差品牌，负面观感限制需求,创意内容或整理服务团队,未做逐名净空,False,,中文短拼音,https://regery.com/en/bulksearch,,,,,,
1554,wildly.si,词义/用途尚待补充,37,仅历史可注册证据（需重查）,,2026-09-30T13:40:12.722Z,狂野副词适合户外表达；产品义弱,户外内容品牌,未做逐名净空,False,,英语普通词大池,https://regery.com/en/bulksearch,,,,,,
1555,flooded.si,词义/用途尚待补充,37,仅历史可注册证据（需重查）,,2026-09-30T12:12:07.357Z,被淹没可用于灾害监测；负面语感,灾害监测团队,未做逐名净空,False,,英语普通词大池,https://regery.com/en/bulksearch,,,,,,
1556,countess.si,词义/用途尚待补充,37,仅历史可注册证据（需重查）,,2026-09-30T12:50:11.066Z,伯爵夫人适合娱乐叙事；受众较窄,娱乐品牌,未做逐名净空,False,,英语普通词大池,https://regery.com/en/bulksearch,,,,,,
1557,manly.si,词义/用途尚待补充,37,仅历史可注册证据（需重查）,,2026-09-30T13:10:57.897Z,男子气概有消费用途；性别定位狭窄,男士消费品牌,未做逐名净空,False,,英语普通词大池,https://regery.com/en/bulksearch,,,,,,
1558,presume.si,词义/用途尚待补充,37,仅历史可注册证据（需重查）,,2026-09-30T16:05:24.957Z,推定动词自然，但可收费独立用途不突出,研究与内容工具团队,未做逐名净空,False,,英语普通词大池,https://regery.com/en/bulksearch,,,,,,
1559,burgess.si,词义/用途尚待补充,37,仅历史可注册证据（需重查）,,2026-09-30T15:59:41.625Z,可作市民称谓兼姓氏，语义真实但商业品类较窄,地方文化与个人品牌团队,未做逐名净空,False,,英语普通词大池,https://regery.com/en/bulksearch,,,,,,
1560,pomerium.si,,37,仅历史可注册证据（需重查）,,2026-09-30T17:39:41.505Z,古罗马城界为真实术语；受众较窄,古罗马历史教育,未做逐名权利净空；普通词义不表示无同名权利,False,,中外公司及品牌扩扫,https://regery.com/en/bulksearch,,,,,,
1561,fieldrise.si,场域与升起,37,仅历史可注册证据（需重查）,,2026-09-30T10:28:20.587Z,场域与升起可供科研可视化工具；组合意象较抽象,科研可视化工具,未做逐名净空,False,,自然组合与可读品牌词,https://regery.com/en/bulksearch,,,,,,
1562,contextaudit.si,词义/用途尚待补充,36,仅历史可注册证据（需重查）,,2026-09-30T10:22:36.648Z,上下文审计场景可想象，十三字母难作主品牌,AI上下文安全工具团队,未做逐名净空,False,,初始商业与技术词,https://regery.com/en/bulksearch,,,,,,
1563,toolproof.si,词义/用途尚待补充,36,仅历史可注册证据（需重查）,,2026-09-30T10:22:01.478Z,工具验证可解释，却非自然固定名称且买家替代多,软件质量与合规工具团队,未做逐名净空,False,,初始商业与技术词,https://regery.com/en/bulksearch,,,,,,
1564,ashnest.si,词义/用途尚待补充,36,仅历史可注册证据（需重查）,,2026-09-30T10:19:19.573Z,白蜡树与巢意象可用家居；组合牵强,自然家居品牌,未做逐名净空,False,,英语普通词大池,https://porkbun.com/checkout/search,,,,,,
1565,piles.si,词义/用途尚待补充,36,仅历史可注册证据（需重查）,,2026-09-30T15:50:17.426Z,复数名词有堆和桩等义，亦有不利歧义,仓储与建筑物料团队,未做逐名净空,False,,英语普通词大池,https://regery.com/en/bulksearch,,,,,,
1566,eleventy.si,Eleventy,36,仅历史可注册证据（需重查）,,2026-09-30T05:43:16.369Z,幽默数字词已收录，生僻且收费品类不明确,幽默数字与创意内容团队,未做逐名净空,False,,名称用途与买家复筛；已有品牌与产品名；中外公司及品牌扩扫,https://porkbun.com/checkout/search,,,,,,
1567,clergy.si,词义/用途尚待补充,36,仅历史可注册证据（需重查）,,2026-09-30T12:47:50.966Z,神职人员指向明确；购买者很窄,宗教教育机构,未做逐名净空,False,,英语普通词大池,https://regery.com/en/bulksearch,,,,,,
1568,argentine.si,词义/用途尚待补充,36,仅历史可注册证据（需重查）,,2026-09-30T16:17:48.596Z,可作阿根廷相关形容词，地域范围限制独立品牌,阿根廷相关旅行与文化内容团队,未做逐名净空,False,,英语普通词大池,https://regery.com/en/bulksearch,,,,,,
1569,heroine.si,词义/用途尚待补充,36,仅历史可注册证据（需重查）,,2026-09-30T13:06:09.925Z,女主角可用于叙事；英文易与药名混,内容创作团队,未做逐名净空,False,,英语普通词大池,https://regery.com/en/bulksearch,,,,,,
1570,sabbath.si,词义/用途尚待补充,36,仅历史可注册证据（需重查）,,2026-09-30T13:24:37.510Z,安息日有清楚受众；购买范围窄,宗教社区,未做逐名净空,False,,英语普通词大池,https://regery.com/en/bulksearch,,,,,,
1571,dependent.si,词义/用途尚待补充,36,仅历史可注册证据（需重查）,,2026-09-30T12:53:05.058Z,依赖性可做护理内容；负面色彩,护理服务团队,未做逐名净空,False,,英语普通词大池,https://regery.com/en/bulksearch,,,,,,
1572,stole.si,词义/用途尚待补充,35,仅历史可注册证据（需重查）,,2026-09-30T13:29:57.470Z,披肩与偷窃同形；语义冲突明显,服饰品牌,未做逐名净空,False,,英语普通词大池,https://regery.com/en/bulksearch,,,,,,
1573,learnloom.si,学习与织机,35,仅历史可注册证据（需重查）,,2026-09-30T10:32:43.695Z,学习与织机可供出版与创作工具；组合意象较抽象,出版与创作工具,未做逐名净空,False,,自然组合与可读品牌词,https://regery.com/en/bulksearch,,,,,,
1574,taller.si,词义/用途尚待补充,35,仅历史可注册证据（需重查）,,2026-09-30T15:57:51.823Z,比较级表达易懂，但卖点固定在身高语境,健身与服装品牌团队,未做逐名净空,False,,英语普通词大池,https://regery.com/en/bulksearch,,,,,,
1575,faint.si,词义/用途尚待补充,35,仅历史可注册证据（需重查）,,2026-09-30T15:49:25.428Z,晕厥或微弱含义清楚，医疗或美学品牌用途有限,健康教育与生活品牌团队,未做逐名净空,False,,英语普通词大池,https://regery.com/en/bulksearch,,,,,,
1576,ambre.si,Ambre，法语人名,35,近期有普通注册报价（需再确认）,2026-10-01T03:44:45.715Z,2026-09-30T08:27:32.467Z,Ambre，法可作个人名站；转售买家难定位,同名个人或独立创作者,未做逐名净空,False,,欧美人名与昵称,https://www.inwx.com/en/domain/check?domain=ambre.si,,https://regery.com/en/bulksearch,,,,
1577,conan.si,Conan，人名,35,近期有普通注册报价（需再确认）,2026-10-01T03:44:45.715Z,2026-09-30T08:47:19.936Z,Conan，人可作个人名站；转售买家难定位,同名个人或独立创作者,未做逐名净空,False,,名称用途与买家复筛；已有品牌与产品名；欧美人名与昵称；中外公司及品牌扩扫,https://www.inwx.com/en/domain/check?domain=conan.si,,https://regery.com/en/bulksearch,,,,
1578,cormac.si,Cormac，人名,35,近期有普通注册报价（需再确认）,2026-10-01T03:44:45.715Z,2026-09-30T08:53:02.884Z,Cormac，可作个人名站；转售买家难定位,同名个人或独立创作者,未做逐名净空,False,,欧美人名与昵称,https://www.inwx.com/en/domain/check?domain=cormac.si,,https://regery.com/en/bulksearch,,,,
1579,fergus.si,Fergus，人名,35,近期有普通注册报价（需再确认）,2026-10-01T03:44:45.715Z,2026-09-30T08:53:28.885Z,Fergus，可作个人名站；转售买家难定位,同名个人或独立创作者,未做逐名净空,False,,欧美人名与昵称,https://www.inwx.com/en/domain/check?domain=fergus.si,,https://regery.com/en/bulksearch,,,,
1580,antoine.si,Antoine，法语人名,35,近期有普通注册报价（需再确认）,2026-10-01T03:44:45.715Z,2026-09-30T08:32:16.364Z,Antoine可作个人名站；转售买家难定位,同名个人或独立创作者,未做逐名净空,False,,欧美人名与昵称,https://www.inwx.com/en/domain/check?domain=antoine.si,,https://regery.com/en/bulksearch,,,,
1581,keng.si,词义/用途尚待补充,35,仅历史可注册证据（需重查）,,2026-09-30T10:19:15.628Z,坑字容易形成负面观感，转售方向较窄,游戏挑战与幽默内容团队,未做逐名净空,False,,中文短拼音,https://regery.com/en/bulksearch,,,,,,
1582,ansel.si,Ansel,35,近期有普通注册报价（需再确认）,2026-10-01T03:44:45.715Z,2026-09-30T08:59:00.378Z,Ansel可作个人名站；转售买家难定位,同名个人或独立创作者,未做逐名净空,False,,欧美人名与昵称,https://www.inwx.com/en/domain/check?domain=ansel.si,,https://regery.com/en/bulksearch,,,,
1583,patsy.si,Patsy,35,近期有普通注册报价（需再确认）,2026-10-01T03:44:45.715Z,2026-09-30T09:07:32.622Z,Patsy可作个人名站；转售买家难定位,同名个人或独立创作者,未做逐名净空,False,,欧美人名与昵称,https://www.inwx.com/en/domain/check?domain=patsy.si,,https://regery.com/en/bulksearch,,,,
1584,bessie.si,Bessie,35,近期有普通注册报价（需再确认）,2026-10-01T03:44:45.715Z,2026-09-30T09:08:49.817Z,Bessie可作个人名站；转售买家难定位,同名个人或独立创作者,未做逐名净空,False,,欧美人名与昵称,https://www.inwx.com/en/domain/check?domain=bessie.si,,https://regery.com/en/bulksearch,,,,
1585,eileen.si,Eileen,35,近期有普通注册报价（需再确认）,2026-10-01T03:44:45.715Z,2026-09-30T09:05:36.049Z,Eileen可作个人名站；转售买家难定位,同名个人或独立创作者,未做逐名净空,False,,欧美人名与昵称,https://www.inwx.com/en/domain/check?domain=eileen.si,,https://regery.com/en/bulksearch,,,,
1586,eloisa.si,Eloisa,35,近期有普通注册报价（需再确认）,2026-10-01T03:44:45.715Z,2026-09-30T08:59:18.571Z,Eloisa可作个人名站；转售买家难定位,同名个人或独立创作者,未做逐名净空,False,,欧美人名与昵称,https://www.inwx.com/en/domain/check?domain=eloisa.si,,https://regery.com/en/bulksearch,,,,
1587,fading.si,词义/用途尚待补充,35,仅历史可注册证据（需重查）,,2026-09-30T12:59:37.942Z,渐褪可用于影像效果；主词偏消极,影像效果工具,未做逐名净空,False,,英语普通词大池,https://regery.com/en/bulksearch,,,,,,
1588,fowler.si,词义/用途尚待补充,35,仅历史可注册证据（需重查）,,2026-09-30T13:01:11.924Z,词义/用途尚待可作个人名站；转售买家难定位,同名个人或独立创作者,未做逐名净空,False,,英语普通词大池,https://regery.com/en/bulksearch,,,,,,
1589,harlan.si,Harlan,35,近期有普通注册报价（需再确认）,2026-10-01T03:44:45.715Z,2026-09-30T09:06:07.999Z,Harlan可作个人名站；转售买家难定位,同名个人或独立创作者,未做逐名净空,False,,欧美人名与昵称,https://www.inwx.com/en/domain/check?domain=harlan.si,,https://regery.com/en/bulksearch,,,,
1590,raquel.si,Raquel,35,近期有普通注册报价（需再确认）,2026-10-01T03:44:45.715Z,2026-09-30T09:02:13.592Z,Raquel可作个人名站；转售买家难定位,同名个人或独立创作者,未做逐名净空,False,,欧美人名与昵称,https://www.inwx.com/en/domain/check?domain=raquel.si,,https://regery.com/en/bulksearch,,,,
1591,sylvie.si,Sylvie,35,近期有普通注册报价（需再确认）,2026-10-01T03:44:45.715Z,2026-09-30T09:04:05.988Z,Sylvie可作个人名站；转售买家难定位,同名个人或独立创作者,未做逐名净空,False,,欧美人名与昵称,https://www.inwx.com/en/domain/check?domain=sylvie.si,,https://regery.com/en/bulksearch,,,,
1592,tanner.si,词义/用途尚待补充,35,仅历史可注册证据（需重查）,,2026-09-30T13:32:34.526Z,词义/用途尚待可作个人名站；转售买家难定位,同名个人或独立创作者,未做逐名净空,False,,英语普通词大池,https://regery.com/en/bulksearch,,,,,,
1593,alessia.si,Alessia,35,近期有普通注册报价（需再确认）,2026-10-01T03:44:45.715Z,2026-09-30T09:02:05.303Z,Alessia可作个人名站；转售买家难定位,同名个人或独立创作者,未做逐名净空,False,,欧美人名与昵称,https://www.inwx.com/en/domain/check?domain=alessia.si,,https://regery.com/en/bulksearch,,,,
1594,aurelie.si,Aurelie,35,近期有普通注册报价（需再确认）,2026-10-01T03:44:45.715Z,2026-09-30T09:08:12.486Z,Aurelie可作个人名站；转售买家难定位,同名个人或独立创作者,未做逐名净空,False,,欧美人名与昵称,https://www.inwx.com/en/domain/check?domain=aurelie.si,,https://regery.com/en/bulksearch,,,,
1595,brennan.si,Brennan,35,近期有普通注册报价（需再确认）,2026-10-01T03:44:45.715Z,2026-09-30T09:05:51.650Z,Brennan可作个人名站；转售买家难定位,同名个人或独立创作者,未做逐名净空,False,,欧美人名与昵称,https://www.inwx.com/en/domain/check?domain=brennan.si,,https://regery.com/en/bulksearch,,,,
1596,colette.si,Colette,35,近期有普通注册报价（需再确认）,2026-10-01T03:44:45.715Z,2026-09-30T09:01:41.496Z,Colette可作个人名站；转售买家难定位,同名个人或独立创作者,未做逐名净空,False,,欧美人名与昵称,https://www.inwx.com/en/domain/check?domain=colette.si,,https://regery.com/en/bulksearch,,,,
1597,frances.si,Frances，英语人名,35,近期有普通注册报价（需再确认）,2026-10-01T03:44:45.715Z,2026-09-30T08:31:07.460Z,Frances可作个人名站；转售买家难定位,同名个人或独立创作者,未做逐名净空,False,,欧美人名与昵称,https://www.inwx.com/en/domain/check?domain=frances.si,,https://regery.com/en/bulksearch,,,,
1598,lachlan.si,Lachlan，人名,35,近期有普通注册报价（需再确认）,2026-10-01T03:44:45.715Z,2026-09-30T08:53:21.785Z,Lachlan可作个人名站；转售买家难定位,同名个人或独立创作者,未做逐名净空,False,,欧美人名与昵称,https://www.inwx.com/en/domain/check?domain=lachlan.si,,https://regery.com/en/bulksearch,,,,
1599,pascale.si,Pascale,35,近期有普通注册报价（需再确认）,2026-10-01T03:44:45.715Z,2026-09-30T09:03:14.473Z,Pascale可作个人名站；转售买家难定位,同名个人或独立创作者,未做逐名净空,False,,欧美人名与昵称,https://www.inwx.com/en/domain/check?domain=pascale.si,,https://regery.com/en/bulksearch,,,,
1600,saoirse.si,Saoirse,35,近期有普通注册报价（需再确认）,2026-10-01T03:44:45.715Z,2026-09-30T09:05:26.692Z,Saoirse可作个人名站；转售买家难定位,同名个人或独立创作者,未做逐名净空,False,,欧美人名与昵称,https://www.inwx.com/en/domain/check?domain=saoirse.si,,https://regery.com/en/bulksearch,,,,
1601,siobhan.si,Siobhan,35,近期有普通注册报价（需再确认）,2026-10-01T03:44:45.715Z,2026-09-30T09:08:29.871Z,Siobhan可作个人名站；转售买家难定位,同名个人或独立创作者,未做逐名净空,False,,欧美人名与昵称,https://www.inwx.com/en/domain/check?domain=siobhan.si,,https://regery.com/en/bulksearch,,,,
1602,alistair.si,Alistair，人名,35,近期有普通注册报价（需再确认）,2026-10-01T03:44:45.715Z,2026-09-30T08:54:39.280Z,Alistai可作个人名站；转售买家难定位,同名个人或独立创作者,未做逐名净空,False,,欧美人名与昵称,https://www.inwx.com/en/domain/check?domain=alistair.si,,https://regery.com/en/bulksearch,,,,
1603,georgina.si,Georgina,35,近期有普通注册报价（需再确认）,2026-10-01T03:44:45.715Z,2026-09-30T09:00:08.043Z,Georgin可作个人名站；转售买家难定位,同名个人或独立创作者,未做逐名净空,False,,欧美人名与昵称,https://www.inwx.com/en/domain/check?domain=georgina.si,,https://regery.com/en/bulksearch,,,,
1604,jonathon.si,Jonathon,35,近期有普通注册报价（需再确认）,2026-10-01T03:44:45.715Z,2026-09-30T09:07:10.544Z,Jonatho可作个人名站；转售买家难定位,同名个人或独立创作者,未做逐名净空,False,,欧美人名与昵称,https://www.inwx.com/en/domain/check?domain=jonathon.si,,https://regery.com/en/bulksearch,,,,
1605,roderick.si,Roderick,35,近期有普通注册报价（需再确认）,2026-10-01T03:44:45.715Z,2026-09-30T09:08:36.904Z,Roderic可作个人名站；转售买家难定位,同名个人或独立创作者,未做逐名净空,False,,欧美人名与昵称,https://www.inwx.com/en/domain/check?domain=roderick.si,,https://regery.com/en/bulksearch,,,,
1606,sandrine.si,Sandrine,35,近期有普通注册报价（需再确认）,2026-10-01T03:44:45.715Z,2026-09-30T09:02:58.362Z,Sandrin可作个人名站；转售买家难定位,同名个人或独立创作者,未做逐名净空,False,,欧美人名与昵称,https://www.inwx.com/en/domain/check?domain=sandrine.si,,https://regery.com/en/bulksearch,,,,
1607,saunders.si,词义/用途尚待补充,35,仅历史可注册证据（需重查）,,2026-09-30T13:24:53.872Z,词义/用途尚待可作个人名站；转售买家难定位,同名个人或独立创作者,未做逐名净空,False,,英语普通词大池,https://regery.com/en/bulksearch,,,,,,
1608,weakness.si,词义/用途尚待补充,35,仅历史可注册证据（需重查）,,2026-09-30T13:40:12.722Z,弱点可做测评内容；负面词义,测评工具团队,未做逐名净空,False,,英语普通词大池,https://regery.com/en/bulksearch,,,,,,
1609,constable.si,词义/用途尚待补充,35,仅历史可注册证据（需重查）,,2026-09-30T12:49:04.954Z,警员称谓清楚；买家范围窄,警务教育团队,未做逐名净空,False,,英语普通词大池,https://regery.com/en/bulksearch,,,,,,
1610,injustice.si,词义/用途尚待补充,35,仅历史可注册证据（需重查）,,2026-09-30T13:07:27.316Z,不公适合公益表达；商业用途弱,公益组织,未做逐名净空,False,,英语普通词大池,https://regery.com/en/bulksearch,,,,,,
1611,goldblue.si,金色与蓝色,34,仅历史可注册证据（需重查）,,2026-09-30T10:30:50.437Z,金色与蓝色可供视觉与生活品牌；后缀联系偏弱,视觉与生活品牌,未做逐名净空,False,,自然组合与可读品牌词,https://regery.com/en/bulksearch,,,,,,
1612,lve.si,略：lüe，v仅输入替代,34,仅历史可注册证据（需重查）,,2026-09-30T10:19:15.628Z,略字有策略联想，字母替代拼法辨识较弱,策略写作与中文内容团队,未做逐名净空,False,,中文短拼音,https://regery.com/en/bulksearch,,,,,,
1613,migra.si,迁移,34,仅历史可注册证据（需重查）,,2026-09-30T10:20:06.976Z,迁移短词有软件用途；非标准英语,迁移工具团队,未做逐名净空,False,,其他语言跨点组合,https://regery.com/en/bulksearch,,,,,,
1614,eighth.si,词义/用途尚待补充,34,仅历史可注册证据（需重查）,,2026-09-30T12:56:16.769Z,序数第八缺具体品类；纯品牌买家窄,活动品牌,未做逐名净空,False,,英语普通词大池,https://regery.com/en/bulksearch,,,,,,
1615,hardship.si,词义/用途尚待补充,34,仅历史可注册证据（需重查）,,2026-09-30T13:06:09.925Z,艰难词义负面；仅援助内容较适合,公益服务团队,未做逐名净空,False,,英语普通词大池,https://regery.com/en/bulksearch,,,,,,
1616,craftloom.si,手作与织机,33,仅历史可注册证据（需重查）,,2026-09-30T10:28:20.587Z,手作与织机可供出版与创作工具；组合意象较抽象,出版与创作工具,未做逐名净空,False,,自然组合与可读品牌词,https://regery.com/en/bulksearch,,,,,,
1617,thangs.si,Thangs,33,仅历史可注册证据（需重查）,,2026-09-30T05:31:39.940Z,口语物件复数已有词典依据，拼法与商业定位弱,口语文化与创意内容团队,未做逐名净空,False,,名称用途与买家复筛；已有品牌与产品名；中外公司及品牌扩扫,https://porkbun.com/checkout/search,,,,,,
1618,bernadette.si,Bernadette,33,近期有普通注册报价（需再确认）,2026-10-01T03:44:45.715Z,2026-09-30T09:03:43.363Z,Bernade可作个人名站；转售买家难定位,同名个人或独立创作者,未做逐名净空,False,,欧美人名与昵称,https://www.inwx.com/en/domain/check?domain=bernadette.si,,https://regery.com/en/bulksearch,,,,
1619,lafayette.si,词义/用途尚待补充,33,仅历史可注册证据（需重查）,,2026-09-30T13:10:10.829Z,词义/用途尚待可作个人名站；转售买家难定位,同名个人或独立创作者,未做逐名净空,False,,英语普通词大池,https://regery.com/en/bulksearch,,,,,,
1620,sarcastic.si,词义/用途尚待补充,33,仅历史可注册证据（需重查）,,2026-09-30T13:24:53.872Z,讽刺性适合喜剧内容；市场较窄,喜剧内容团队,未做逐名净空,False,,英语普通词大池,https://regery.com/en/bulksearch,,,,,,
1621,fled.si,词义/用途尚待补充,33,仅历史可注册证据（需重查）,,2026-09-30T15:37:49.892Z,完整英语词形可辨，但类别与购买该名称的理由未明确,内容工具或英语学习项目团队,未做逐名净空,False,,英语普通词大池,https://regery.com/en/bulksearch,,,,,,
1622,drank.si,词义/用途尚待补充,33,仅历史可注册证据（需重查）,,2026-09-30T15:49:25.428Z,完整英语词形可辨，但类别与购买该名称的理由未明确,内容工具或英语学习项目团队,未做逐名净空,False,,英语普通词大池,https://regery.com/en/bulksearch,,,,,,
1623,dried.si,词义/用途尚待补充,33,仅历史可注册证据（需重查）,,2026-09-30T15:49:25.428Z,完整英语词形可辨，但类别与购买该名称的理由未明确,内容工具或英语学习项目团队,未做逐名净空,False,,英语普通词大池,https://regery.com/en/bulksearch,,,,,,
1624,eaten.si,词义/用途尚待补充,33,仅历史可注册证据（需重查）,,2026-09-30T15:49:25.428Z,完整英语词形可辨，但类别与购买该名称的理由未明确,内容工具或英语学习项目团队,未做逐名净空,False,,英语普通词大池,https://regery.com/en/bulksearch,,,,,,
1625,edged.si,词义/用途尚待补充,33,仅历史可注册证据（需重查）,,2026-09-30T15:49:25.428Z,完整英语词形可辨，但类别与购买该名称的理由未明确,内容工具或英语学习项目团队,未做逐名净空,False,,英语普通词大池,https://regery.com/en/bulksearch,,,,,,
1626,ended.si,词义/用途尚待补充,33,仅历史可注册证据（需重查）,,2026-09-30T15:49:25.428Z,完整英语词形可辨，但类别与购买该名称的理由未明确,内容工具或英语学习项目团队,未做逐名净空,False,,英语普通词大池,https://regery.com/en/bulksearch,,,,,,
1627,flown.si,词义/用途尚待补充,33,仅历史可注册证据（需重查）,,2026-09-30T15:49:25.428Z,完整英语词形可辨，但类别与购买该名称的理由未明确,内容工具或英语学习项目团队,未做逐名净空,False,,英语普通词大池,https://regery.com/en/bulksearch,,,,,,
1628,hoped.si,词义/用途尚待补充,33,仅历史可注册证据（需重查）,,2026-09-30T15:50:17.426Z,完整英语词形可辨，但类别与购买该名称的理由未明确,内容工具或英语学习项目团队,未做逐名净空,False,,英语普通词大池,https://regery.com/en/bulksearch,,,,,,
1629,lined.si,词义/用途尚待补充,33,仅历史可注册证据（需重查）,,2026-09-30T15:50:17.426Z,完整英语词形可辨，但类别与购买该名称的理由未明确,内容工具或英语学习项目团队,未做逐名净空,False,,英语普通词大池,https://regery.com/en/bulksearch,,,,,,
1630,lived.si,词义/用途尚待补充,33,仅历史可注册证据（需重查）,,2026-09-30T15:50:17.426Z,完整英语词形可辨，但类别与购买该名称的理由未明确,内容工具或英语学习项目团队,未做逐名净空,False,,英语普通词大池,https://regery.com/en/bulksearch,,,,,,
1631,lying.si,词义/用途尚待补充,33,仅历史可注册证据（需重查）,,2026-09-30T15:50:17.426Z,完整英语词形可辨，但类别与购买该名称的理由未明确,内容工具或英语学习项目团队,未做逐名净空,False,,英语普通词大池,https://regery.com/en/bulksearch,,,,,,
1632,owing.si,词义/用途尚待补充,33,仅历史可注册证据（需重查）,,2026-09-30T15:50:17.426Z,完整英语词形可辨，但类别与购买该名称的理由未明确,内容工具或英语学习项目团队,未做逐名净空,False,,英语普通词大池,https://regery.com/en/bulksearch,,,,,,
1633,paced.si,词义/用途尚待补充,33,仅历史可注册证据（需重查）,,2026-09-30T15:50:17.426Z,完整英语词形可辨，但类别与购买该名称的理由未明确,内容工具或英语学习项目团队,未做逐名净空,False,,英语普通词大池,https://regery.com/en/bulksearch,,,,,,
1634,sided.si,词义/用途尚待补充,33,仅历史可注册证据（需重查）,,2026-09-30T15:50:57.379Z,完整英语词形可辨，但类别与购买该名称的理由未明确,内容工具或英语学习项目团队,未做逐名净空,False,,英语普通词大池,https://regery.com/en/bulksearch,,,,,,
1635,slept.si,词义/用途尚待补充,33,仅历史可注册证据（需重查）,,2026-09-30T15:50:57.379Z,完整英语词形可辨，但类别与购买该名称的理由未明确,内容工具或英语学习项目团队,未做逐名净空,False,,英语普通词大池,https://regery.com/en/bulksearch,,,,,,
1636,swore.si,词义/用途尚待补充,33,仅历史可注册证据（需重查）,,2026-09-30T15:50:57.379Z,完整英语词形可辨，但类别与购买该名称的理由未明确,内容工具或英语学习项目团队,未做逐名净空,False,,英语普通词大池,https://regery.com/en/bulksearch,,,,,,
1637,threw.si,词义/用途尚待补充,33,仅历史可注册证据（需重查）,,2026-09-30T15:50:57.379Z,完整英语词形可辨，但类别与购买该名称的理由未明确,内容工具或英语学习项目团队,未做逐名净空,False,,英语普通词大池,https://regery.com/en/bulksearch,,,,,,
1638,tying.si,词义/用途尚待补充,33,仅历史可注册证据（需重查）,,2026-09-30T15:50:57.379Z,完整英语词形可辨，但类别与购买该名称的理由未明确,内容工具或英语学习项目团队,未做逐名净空,False,,英语普通词大池,https://regery.com/en/bulksearch,,,,,,
1639,wakes.si,词义/用途尚待补充,33,仅历史可注册证据（需重查）,,2026-09-30T15:51:47.559Z,完整英语词形可辨，但类别与购买该名称的理由未明确,内容工具或英语学习项目团队,未做逐名净空,False,,英语普通词大池,https://regery.com/en/bulksearch,,,,,,
1640,prejudice.si,词义/用途尚待补充,33,仅历史可注册证据（需重查）,,2026-09-30T13:21:40.731Z,偏见词义负面；教育用途较窄,公益教育团队,未做逐名净空,False,,英语普通词大池,https://regery.com/en/bulksearch,,,,,,
1641,reluctant.si,词义/用途尚待补充,33,仅历史可注册证据（需重查）,,2026-09-30T13:23:58.981Z,不情愿词义负面；产品叙事弱,叙事内容团队,未做逐名净空,False,,英语普通词大池,https://regery.com/en/bulksearch,,,,,,
1642,diocese.si,词义/用途尚待补充,33,仅历史可注册证据（需重查）,,2026-09-30T16:01:17.807Z,教区名词准确，买家集中于宗教机构,宗教出版与教区服务团队,未做逐名净空,False,,英语普通词大池,https://regery.com/en/bulksearch,,,,,,
1643,eldest.si,词义/用途尚待补充,32,仅历史可注册证据（需重查）,,2026-09-30T12:56:16.769Z,最长者形容词偏关系词；用途窄,家族内容团队,未做逐名净空,False,,英语普通词大池,https://regery.com/en/bulksearch,,,,,,
1644,feud.si,词义/用途尚待补充,32,仅历史可注册证据（需重查）,,2026-09-30T12:59:37.942Z,争斗含负面语义；付费用途偏游戏,游戏叙事团队,未做逐名净空,False,,英语普通词大池,https://regery.com/en/bulksearch,,,,,,
1645,dismissal.si,词义/用途尚待补充,32,仅历史可注册证据（需重查）,,2026-09-30T12:53:05.058Z,解雇词义负面；人事工具可用,人事服务团队,未做逐名净空,False,,英语普通词大池,https://regery.com/en/bulksearch,,,,,,
1646,overthrow.si,词义/用途尚待补充,32,仅历史可注册证据（需重查）,,2026-09-30T13:16:37.968Z,推翻语义激烈；品牌适配弱,历史内容团队,未做逐名净空,False,,英语普通词大池,https://regery.com/en/bulksearch,,,,,,
1647,reak.si,反应,31,仅历史可注册证据（需重查）,,2026-09-30T10:19:15.628Z,反应词形非标准英语；受众需核,反应数据工具,未做逐名净空,False,,其他语言跨点组合,https://regery.com/en/bulksearch,,,,,,
1648,formrise.si,形态与升起,31,仅历史可注册证据（需重查）,,2026-09-30T10:30:50.437Z,形态与升起可供科研可视化工具；组合意象较抽象,科研可视化工具,未做逐名净空,False,,自然组合与可读品牌词,https://regery.com/en/bulksearch,,,,,,
1649,muo.si,MUO,31,仅历史可注册证据（需重查）,,2026-09-30T04:43:40.939Z,原资料仅示名称，独立词义与商业用途仍待核,未确定独立经营者画像；需要先补词义与用途,未做逐名净空,False,,名称用途与买家复筛；已有品牌与产品名；中外公司及品牌扩扫,https://porkbun.com/checkout/search,,,,,,
1650,pyg.si,PyG,31,仅历史可注册证据（需重查）,,2026-09-30T04:49:10.185Z,原资料仅示名称，独立词义与商业用途仍待核,未确定独立经营者画像；需要先补词义与用途,未做逐名净空,False,,名称用途与买家复筛；已有品牌与产品名；中外公司及品牌扩扫,https://porkbun.com/checkout/search,,,,,,
1651,wxt.si,WXT,31,仅历史可注册证据（需重查）,,2026-09-30T04:49:10.185Z,原资料仅示名称，独立词义与商业用途仍待核,未确定独立经营者画像；需要先补词义与用途,未做逐名净空,False,,名称用途与买家复筛；已有品牌与产品名；中外公司及品牌扩扫,https://porkbun.com/checkout/search,,,,,,
1652,buhl.si,Buhl,31,仅历史可注册证据（需重查）,,2026-09-30T04:49:10.185Z,原资料仅示名称，独立词义与商业用途仍待核,未确定独立经营者画像；需要先补词义与用途,未做逐名净空,False,,名称用途与买家复筛；已有品牌与产品名；中外公司及品牌扩扫,https://porkbun.com/checkout/search,,,,,,
1653,epel.si,EPEL,31,仅历史可注册证据（需重查）,,2026-09-30T04:49:10.185Z,原资料仅示名称，独立词义与商业用途仍待核,未确定独立经营者画像；需要先补词义与用途,未做逐名净空,False,,名称用途与买家复筛；已有品牌与产品名；中外公司及品牌扩扫,https://porkbun.com/checkout/search,,,,,,
1654,esea.si,ESEA,31,仅历史可注册证据（需重查）,,2026-09-30T04:49:10.185Z,原资料仅示名称，独立词义与商业用途仍待核,未确定独立经营者画像；需要先补词义与用途,未做逐名净空,False,,名称用途与买家复筛；已有品牌与产品名；中外公司及品牌扩扫,https://porkbun.com/checkout/search,,,,,,
1655,kred.si,Kred,31,仅历史可注册证据（需重查）,,2026-09-30T04:49:10.185Z,原资料仅示名称，独立词义与商业用途仍待核,未确定独立经营者画像；需要先补词义与用途,未做逐名净空,False,,名称用途与买家复筛；已有品牌与产品名；中外公司及品牌扩扫,https://porkbun.com/checkout/search,,,,,,
1656,niri.si,niri,31,仅历史可注册证据（需重查）,,2026-09-30T04:49:10.185Z,原资料仅示名称，独立词义与商业用途仍待核,未确定独立经营者画像；需要先补词义与用途,未做逐名净空,False,,名称用途与买家复筛；已有品牌与产品名；中外公司及品牌扩扫,https://porkbun.com/checkout/search,,,,,,
1657,nrwl.si,Nrwl,31,仅历史可注册证据（需重查）,,2026-09-30T04:49:10.185Z,原资料仅示名称，独立词义与商业用途仍待核,未确定独立经营者画像；需要先补词义与用途,未做逐名净空,False,,名称用途与买家复筛；已有品牌与产品名；中外公司及品牌扩扫,https://porkbun.com/checkout/search,,,,,,
1658,qase.si,Qase,31,仅历史可注册证据（需重查）,,2026-09-30T04:49:10.185Z,原资料仅示名称，独立词义与商业用途仍待核,未确定独立经营者画像；需要先补词义与用途,未做逐名净空,False,,名称用途与买家复筛；已有品牌与产品名；中外公司及品牌扩扫,https://porkbun.com/checkout/search,,,,,,
1659,qiwi.si,QIWI,31,仅历史可注册证据（需重查）,,2026-09-30T04:49:10.185Z,原资料仅示名称，独立词义与商业用途仍待核,未确定独立经营者画像；需要先补词义与用途,未做逐名净空,False,,名称用途与买家复筛；已有品牌与产品名；中外公司及品牌扩扫,https://porkbun.com/checkout/search,,,,,,
1660,qlty.si,Qlty,31,仅历史可注册证据（需重查）,,2026-09-30T04:49:10.185Z,原资料仅示名称，独立词义与商业用途仍待核,未确定独立经营者画像；需要先补词义与用途,未做逐名净空,False,,名称用途与买家复筛；已有品牌与产品名；中外公司及品牌扩扫,https://porkbun.com/checkout/search,,,,,,
1661,zaim.si,Zaim,31,仅历史可注册证据（需重查）,,2026-09-30T04:54:27.936Z,原资料仅示名称，独立词义与商业用途仍待核,未确定独立经营者画像；需要先补词义与用途,未做逐名净空,False,,名称用途与买家复筛；已有品牌与产品名；中外公司及品牌扩扫,https://porkbun.com/checkout/search,,,,,,
1662,zyte.si,Zyte,31,仅历史可注册证据（需重查）,,2026-09-30T04:54:27.936Z,原资料仅示名称，独立词义与商业用途仍待核,未确定独立经营者画像；需要先补词义与用途,未做逐名净空,False,,名称用途与买家复筛；已有品牌与产品名；中外公司及品牌扩扫,https://porkbun.com/checkout/search,,,,,,
1663,cinny.si,Cinny,31,仅历史可注册证据（需重查）,,2026-09-30T04:54:27.936Z,原资料仅示名称，独立词义与商业用途仍待核,未确定独立经营者画像；需要先补词义与用途,未做逐名净空,False,,名称用途与买家复筛；已有品牌与产品名；中外公司及品牌扩扫,https://porkbun.com/checkout/search,,,,,,
1664,dunzo.si,Dunzo,31,仅历史可注册证据（需重查）,,2026-09-30T04:54:27.936Z,原资料仅示名称，独立词义与商业用途仍待核,未确定独立经营者画像；需要先补词义与用途,未做逐名净空,False,,名称用途与买家复筛；已有品牌与产品名；中外公司及品牌扩扫,https://porkbun.com/checkout/search,,,,,,
1665,fawry.si,Fawry,31,仅历史可注册证据（需重查）,,2026-09-30T04:54:27.936Z,原资料仅示名称，独立词义与商业用途仍待核,未确定独立经营者画像；需要先补词义与用途,未做逐名净空,False,,名称用途与买家复筛；已有品牌与产品名；中外公司及品牌扩扫,https://porkbun.com/checkout/search,,,,,,
1666,fozzy.si,Fozzy,31,仅历史可注册证据（需重查）,,2026-09-30T04:59:43.649Z,原资料仅示名称，独立词义与商业用途仍待核,未确定独立经营者画像；需要先补词义与用途,未做逐名净空,False,,名称用途与买家复筛；已有品牌与产品名；中外公司及品牌扩扫,https://porkbun.com/checkout/search,,,,,,
1667,jouav.si,JOUAV,31,仅历史可注册证据（需重查）,,2026-09-30T04:59:43.649Z,原资料仅示名称，独立词义与商业用途仍待核,未确定独立经营者画像；需要先补词义与用途,未做逐名净空,False,,名称用途与买家复筛；已有品牌与产品名；中外公司及品牌扩扫,https://porkbun.com/checkout/search,,,,,,
1668,kando.si,Kando,31,仅历史可注册证据（需重查）,,2026-09-30T04:59:43.649Z,原资料仅示名称，独立词义与商业用途仍待核,未确定独立经营者画像；需要先补词义与用途,未做逐名净空,False,,名称用途与买家复筛；已有品牌与产品名；中外公司及品牌扩扫,https://porkbun.com/checkout/search,,,,,,
1669,koyeb.si,Koyeb,31,仅历史可注册证据（需重查）,,2026-09-30T04:59:43.649Z,原资料仅示名称，独立词义与商业用途仍待核,未确定独立经营者画像；需要先补词义与用途,未做逐名净空,False,,名称用途与买家复筛；已有品牌与产品名；中外公司及品牌扩扫,https://porkbun.com/checkout/search,,,,,,
1670,kuula.si,Kuula,31,仅历史可注册证据（需重查）,,2026-09-30T04:59:43.649Z,原资料仅示名称，独立词义与商业用途仍待核,未确定独立经营者画像；需要先补词义与用途,未做逐名净空,False,,名称用途与买家复筛；已有品牌与产品名；中外公司及品牌扩扫,https://porkbun.com/checkout/search,,,,,,
1671,mezmo.si,Mezmo,31,仅历史可注册证据（需重查）,,2026-09-30T04:59:43.649Z,原资料仅示名称，独立词义与商业用途仍待核,未确定独立经营者画像；需要先补词义与用途,未做逐名净空,False,,名称用途与买家复筛；已有品牌与产品名；中外公司及品牌扩扫,https://porkbun.com/checkout/search,,,,,,
1672,mihon.si,Mihon,31,仅历史可注册证据（需重查）,,2026-09-30T04:59:43.649Z,原资料仅示名称，独立词义与商业用途仍待核,未确定独立经营者画像；需要先补词义与用途,未做逐名净空,False,,名称用途与买家复筛；已有品牌与产品名；中外公司及品牌扩扫,https://porkbun.com/checkout/search,,,,,,
1673,norco.si,Norco,31,仅历史可注册证据（需重查）,,2026-09-30T05:02:23.379Z,原资料仅示名称，独立词义与商业用途仍待核,未确定独立经营者画像；需要先补词义与用途,未做逐名净空,False,,名称用途与买家复筛；已有品牌与产品名；中外公司及品牌扩扫,https://porkbun.com/checkout/search,,,,,,
1674,odido.si,Odido,31,仅历史可注册证据（需重查）,,2026-09-30T05:02:23.379Z,原资料仅示名称，独立词义与商业用途仍待核,未确定独立经营者画像；需要先补词义与用途,未做逐名净空,False,,名称用途与买家复筛；已有品牌与产品名；中外公司及品牌扩扫,https://porkbun.com/checkout/search,,,,,,
1675,oomol.si,OOMOL,31,仅历史可注册证据（需重查）,,2026-09-30T05:02:23.379Z,原资料仅示名称，独立词义与商业用途仍待核,未确定独立经营者画像；需要先补词义与用途,未做逐名净空,False,,名称用途与买家复筛；已有品牌与产品名；中外公司及品牌扩扫,https://porkbun.com/checkout/search,,,,,,
1676,osano.si,Osano,31,仅历史可注册证据（需重查）,,2026-09-30T05:02:23.379Z,原资料仅示名称，独立词义与商业用途仍待核,未确定独立经营者画像；需要先补词义与用途,未做逐名净空,False,,名称用途与买家复筛；已有品牌与产品名；中外公司及品牌扩扫,https://porkbun.com/checkout/search,,,,,,
1677,picxy.si,Picxy,31,仅历史可注册证据（需重查）,,2026-09-30T05:02:23.379Z,原资料仅示名称，独立词义与商业用途仍待核,未确定独立经营者画像；需要先补词义与用途,未做逐名净空,False,,名称用途与买家复筛；已有品牌与产品名；中外公司及品牌扩扫,https://porkbun.com/checkout/search,,,,,,
1678,rezgo.si,Rezgo,31,仅历史可注册证据（需重查）,,2026-09-30T05:02:23.379Z,原资料仅示名称，独立词义与商业用途仍待核,未确定独立经营者画像；需要先补词义与用途,未做逐名净空,False,,名称用途与买家复筛；已有品牌与产品名；中外公司及品牌扩扫,https://porkbun.com/checkout/search,,,,,,
1679,salla.si,Salla,31,仅历史可注册证据（需重查）,,2026-09-30T05:02:23.379Z,原资料仅示名称，独立词义与商业用途仍待核,未确定独立经营者画像；需要先补词义与用途,未做逐名净空,False,,名称用途与买家复筛；已有品牌与产品名；中外公司及品牌扩扫,https://porkbun.com/checkout/search,,,,,,
1680,simkl.si,Simkl,31,仅历史可注册证据（需重查）,,2026-09-30T05:02:23.379Z,原资料仅示名称，独立词义与商业用途仍待核,未确定独立经营者画像；需要先补词义与用途,未做逐名净空,False,,名称用途与买家复筛；已有品牌与产品名；中外公司及品牌扩扫,https://porkbun.com/checkout/search,,,,,,
1681,spond.si,Spond,31,仅历史可注册证据（需重查）,,2026-09-30T05:17:51.467Z,原资料仅示名称，独立词义与商业用途仍待核,未确定独立经营者画像；需要先补词义与用途,未做逐名净空,False,,名称用途与买家复筛；已有品牌与产品名；中外公司及品牌扩扫,https://porkbun.com/checkout/search,,,,,,
1682,steem.si,Steem,31,仅历史可注册证据（需重查）,,2026-09-30T05:17:51.467Z,原资料仅示名称，独立词义与商业用途仍待核,未确定独立经营者画像；需要先补词义与用途,未做逐名净空,False,,名称用途与买家复筛；已有品牌与产品名；中外公司及品牌扩扫,https://porkbun.com/checkout/search,,,,,,
1683,trmnl.si,TRMNL,31,仅历史可注册证据（需重查）,,2026-09-30T06:07:34.331Z,原资料仅示名称，独立词义与商业用途仍待核,未确定独立经营者画像；需要先补词义与用途,未做逐名净空,False,,名称用途与买家复筛；已有品牌与产品名；中外公司及品牌扩扫,https://porkbun.com/checkout/search,,,,,,
1684,ulule.si,Ulule,31,仅历史可注册证据（需重查）,,2026-09-30T06:07:34.331Z,原资料仅示名称，独立词义与商业用途仍待核,未确定独立经营者画像；需要先补词义与用途,未做逐名净空,False,,名称用途与买家复筛；已有品牌与产品名；中外公司及品牌扩扫,https://porkbun.com/checkout/search,,,,,,
1685,viblo.si,Viblo,31,仅历史可注册证据（需重查）,,2026-09-30T06:07:34.331Z,原资料仅示名称，独立词义与商业用途仍待核,未确定独立经营者画像；需要先补词义与用途,未做逐名净空,False,,名称用途与买家复筛；已有品牌与产品名；中外公司及品牌扩扫,https://porkbun.com/checkout/search,,,,,,
1686,wykop.si,Wykop,31,仅历史可注册证据（需重查）,,2026-09-30T06:07:34.331Z,原资料仅示名称，独立词义与商业用途仍待核,未确定独立经营者画像；需要先补词义与用途,未做逐名净空,False,,名称用途与买家复筛；已有品牌与产品名；中外公司及品牌扩扫,https://porkbun.com/checkout/search,,,,,,
1687,andela.si,Andela,31,仅历史可注册证据（需重查）,,2026-09-30T05:17:51.467Z,原资料仅示名称，独立词义与商业用途仍待核,未确定独立经营者画像；需要先补词义与用途,未做逐名净空,False,,名称用途与买家复筛；已有品牌与产品名；中外公司及品牌扩扫,https://porkbun.com/checkout/search,,,,,,
1688,blibli.si,Blibli,31,仅历史可注册证据（需重查）,,2026-09-30T05:17:51.467Z,原资料仅示名称，独立词义与商业用途仍待核,未确定独立经营者画像；需要先补词义与用途,未做逐名净空,False,,名称用途与买家复筛；已有品牌与产品名；中外公司及品牌扩扫,https://porkbun.com/checkout/search,,,,,,
1689,elegoo.si,Elegoo,31,仅历史可注册证据（需重查）,,2026-09-30T05:22:54.268Z,原资料仅示名称，独立词义与商业用途仍待核,未确定独立经营者画像；需要先补词义与用途,未做逐名净空,False,,名称用途与买家复筛；已有品牌与产品名；中外公司及品牌扩扫,https://porkbun.com/checkout/search,,,,,,
1690,exordo.si,Exordo,31,仅历史可注册证据（需重查）,,2026-09-30T05:22:54.268Z,原资料仅示名称，独立词义与商业用途仍待核,未确定独立经营者画像；需要先补词义与用途,未做逐名净空,False,,名称用途与买家复筛；已有品牌与产品名；中外公司及品牌扩扫,https://porkbun.com/checkout/search,,,,,,
1691,fonoma.si,Fonoma,31,仅历史可注册证据（需重查）,,2026-09-30T05:22:54.268Z,原资料仅示名称，独立词义与商业用途仍待核,未确定独立经营者画像；需要先补词义与用途,未做逐名净空,False,,名称用途与买家复筛；已有品牌与产品名；中外公司及品牌扩扫,https://porkbun.com/checkout/search,,,,,,
1692,homarr.si,Homarr,31,仅历史可注册证据（需重查）,,2026-09-30T05:22:54.268Z,原资料仅示名称，独立词义与商业用途仍待核,未确定独立经营者画像；需要先补词义与用途,未做逐名净空,False,,名称用途与买家复筛；已有品牌与产品名；中外公司及品牌扩扫,https://porkbun.com/checkout/search,,,,,,
1693,kenmei.si,Kenmei,31,仅历史可注册证据（需重查）,,2026-09-30T05:17:51.467Z,原资料仅示名称，独立词义与商业用途仍待核,未确定独立经营者画像；需要先补词义与用途,未做逐名净空,False,,名称用途与买家复筛；已有品牌与产品名；中外公司及品牌扩扫,https://porkbun.com/checkout/search,,,,,,
1694,kueski.si,Kueski,31,仅历史可注册证据（需重查）,,2026-09-30T05:17:51.467Z,原资料仅示名称，独立词义与商业用途仍待核,未确定独立经营者画像；需要先补词义与用途,未做逐名净空,False,,名称用途与买家复筛；已有品牌与产品名；中外公司及品牌扩扫,https://porkbun.com/checkout/search,,,,,,
1695,kununu.si,Kununu,31,仅历史可注册证据（需重查）,,2026-09-30T05:17:51.467Z,原资料仅示名称，独立词义与商业用途仍待核,未确定独立经营者画像；需要先补词义与用途,未做逐名净空,False,,名称用途与买家复筛；已有品牌与产品名；中外公司及品牌扩扫,https://porkbun.com/checkout/search,,,,,,
1696,luanti.si,Luanti,31,仅历史可注册证据（需重查）,,2026-09-30T05:17:51.467Z,原资料仅示名称，独立词义与商业用途仍待核,未确定独立经营者画像；需要先补词义与用途,未做逐名净空,False,,名称用途与买家复筛；已有品牌与产品名；中外公司及品牌扩扫,https://porkbun.com/checkout/search,,,,,,
1697,lutris.si,Lutris,31,仅历史可注册证据（需重查）,,2026-09-30T05:17:51.467Z,原资料仅示名称，独立词义与商业用途仍待核,未确定独立经营者画像；需要先补词义与用途,未做逐名净空,False,,名称用途与买家复筛；已有品牌与产品名；中外公司及品牌扩扫,https://porkbun.com/checkout/search,,,,,,
1698,migadu.si,Migadu,31,仅历史可注册证据（需重查）,,2026-09-30T05:17:51.467Z,原资料仅示名称，独立词义与商业用途仍待核,未确定独立经营者画像；需要先补词义与用途,未做逐名净空,False,,名称用途与买家复筛；已有品牌与产品名；中外公司及品牌扩扫,https://porkbun.com/checkout/search,,,,,,
1699,testin.si,Testin,31,仅历史可注册证据（需重查）,,2026-09-30T05:31:39.940Z,原资料仅示名称，独立词义与商业用途仍待核,未确定独立经营者画像；需要先补词义与用途,未做逐名净空,False,,名称用途与买家复筛；已有品牌与产品名；中外公司及品牌扩扫,https://porkbun.com/checkout/search,,,,,,
1700,tindie.si,Tindie,31,仅历史可注册证据（需重查）,,2026-09-30T05:31:39.940Z,原资料仅示名称，独立词义与商业用途仍待核,未确定独立经营者画像；需要先补词义与用途,未做逐名净空,False,,名称用途与买家复筛；已有品牌与产品名；中外公司及品牌扩扫,https://porkbun.com/checkout/search,,,,,,
1701,zensar.si,Zensar,31,仅历史可注册证据（需重查）,,2026-09-30T06:07:34.331Z,原资料仅示名称，独立词义与商业用途仍待核,未确定独立经营者画像；需要先补词义与用途,未做逐名净空,False,,名称用途与买家复筛；已有品牌与产品名；中外公司及品牌扩扫,https://porkbun.com/checkout/search,,,,,,
1702,zingat.si,Zingat,31,仅历史可注册证据（需重查）,,2026-09-30T06:07:34.331Z,原资料仅示名称，独立词义与商业用途仍待核,未确定独立经营者画像；需要先补词义与用途,未做逐名净空,False,,名称用途与买家复筛；已有品牌与产品名；中外公司及品牌扩扫,https://porkbun.com/checkout/search,,,,,,
1703,zoiper.si,Zoiper,31,仅历史可注册证据（需重查）,,2026-09-30T06:07:34.331Z,原资料仅示名称，独立词义与商业用途仍待核,未确定独立经营者画像；需要先补词义与用途,未做逐名净空,False,,名称用途与买家复筛；已有品牌与产品名；中外公司及品牌扩扫,https://porkbun.com/checkout/search,,,,,,
1704,bastyon.si,Bastyon,31,仅历史可注册证据（需重查）,,2026-09-30T05:36:10.542Z,原资料仅示名称，独立词义与商业用途仍待核,未确定独立经营者画像；需要先补词义与用途,未做逐名净空,False,,名称用途与买家复筛；已有品牌与产品名；中外公司及品牌扩扫,https://porkbun.com/checkout/search,,,,,,
1705,zectrix.si,ZecTrix,31,仅历史可注册证据（需重查）,,2026-09-30T06:07:34.331Z,原资料仅示名称，独立词义与商业用途仍待核,未确定独立经营者画像；需要先补词义与用途,未做逐名净空,False,,名称用途与买家复筛；已有品牌与产品名；中外公司及品牌扩扫,https://porkbun.com/checkout/search,,,,,,
1706,emlakjet.si,Emlakjet,31,仅历史可注册证据（需重查）,,2026-09-30T05:43:16.369Z,原资料仅示名称，独立词义与商业用途仍待核,未确定独立经营者画像；需要先补词义与用途,未做逐名净空,False,,名称用途与买家复筛；已有品牌与产品名；中外公司及品牌扩扫,https://porkbun.com/checkout/search,,,,,,
1707,exoscale.si,Exoscale,31,仅历史可注册证据（需重查）,,2026-09-30T05:43:16.369Z,原资料仅示名称，独立词义与商业用途仍待核,未确定独立经营者画像；需要先补词义与用途,未做逐名净空,False,,名称用途与买家复筛；已有品牌与产品名；中外公司及品牌扩扫,https://porkbun.com/checkout/search,,,,,,
1708,voelkner.si,voelkner,31,仅历史可注册证据（需重查）,,2026-09-30T05:49:56.050Z,原资料仅示名称，独立词义与商业用途仍待核,未确定独立经营者画像；需要先补词义与用途,未做逐名净空,False,,名称用途与买家复筛；已有品牌与产品名；中外公司及品牌扩扫,https://porkbun.com/checkout/search,,,,,,
1709,wantedly.si,Wantedly,31,仅历史可注册证据（需重查）,,2026-09-30T06:07:34.331Z,原资料仅示名称，独立词义与商业用途仍待核,未确定独立经营者画像；需要先补词义与用途,未做逐名净空,False,,名称用途与买家复筛；已有品牌与产品名；中外公司及品牌扩扫,https://porkbun.com/checkout/search,,,,,,
1710,erection.si,词义/用途尚待补充,30,仅历史可注册证据（需重查）,,2026-09-30T12:58:35.632Z,建筑竖立与性义冲突；品牌风险高,建筑工程团队,未做逐名净空,False,,英语普通词大池,https://regery.com/en/bulksearch,,,,,,
1711,betrayal.si,词义/用途尚待补充,30,仅历史可注册证据（需重查）,,2026-09-30T12:44:05.704Z,背叛词义负面；用途多限叙事,叙事游戏团队,未做逐名净空,False,,英语普通词大池,https://regery.com/en/bulksearch,,,,,,
1712,sadly.si,词义/用途尚待补充,30,仅历史可注册证据（需重查）,,2026-09-30T13:24:37.510Z,悲伤副词不利一般品牌；买家窄,情绪内容品牌,未做逐名净空,False,,英语普通词大池,https://regery.com/en/bulksearch,,,,,,
1713,captivity.si,词义/用途尚待补充,30,仅历史可注册证据（需重查）,,2026-09-30T12:46:49.617Z,囚禁词义负面；用途很窄,动物保护团队,未做逐名净空,False,,英语普通词大池,https://regery.com/en/bulksearch,,,,,,
1714,detention.si,词义/用途尚待补充,30,仅历史可注册证据（需重查）,,2026-09-30T12:53:05.058Z,拘留词义负面；商业买家窄,法律教育团队,未做逐名净空,False,,英语普通词大池,https://regery.com/en/bulksearch,,,,,,
1715,eyed.si,词义/用途尚待补充,29,仅历史可注册证据（需重查）,,2026-09-30T12:59:37.942Z,视觉词形简短但语义残缺；用途较弱,视觉内容品牌,未做逐名净空,False,,英语普通词大池,https://regery.com/en/bulksearch,,,,,,
1716,sank.si,词义/用途尚待补充,29,仅历史可注册证据（需重查）,,2026-09-30T13:24:53.872Z,下沉过去式不宜独立品牌；用途弱,航运内容团队,未做逐名净空,False,,英语普通词大池,https://regery.com/en/bulksearch,,,,,,
1717,coward.si,词义/用途尚待补充,29,仅历史可注册证据（需重查）,,2026-09-30T12:50:11.066Z,懦夫负面称谓；独立产品需求弱,叙事游戏团队,未做逐名净空,False,,英语普通词大池,https://regery.com/en/bulksearch,,,,,,
1718,corpse.si,词义/用途尚待补充,29,仅历史可注册证据（需重查）,,2026-09-30T12:50:11.066Z,尸体含强负面义；仅窄众创作适用,恐怖游戏团队,未做逐名净空,False,,英语普通词大池,https://regery.com/en/bulksearch,,,,,,
1719,weary.si,词义/用途尚待补充,29,仅历史可注册证据（需重查）,,2026-09-30T15:51:47.559Z,疲倦负面联想较强，除特定健康话题外难命名,疲劳健康内容团队,未做逐名净空,False,,英语普通词大池,https://regery.com/en/bulksearch,,,,,,
1720,accuse.si,词义/用途尚待补充,28,仅历史可注册证据（需重查）,,2026-09-30T15:51:47.559Z,完整英语词形可辨，但类别与购买该名称的理由未明确,内容工具或英语学习项目团队,未做逐名净空,False,,英语普通词大池,https://regery.com/en/bulksearch,,,,,,
1721,barred.si,词义/用途尚待补充,28,仅历史可注册证据（需重查）,,2026-09-30T15:53:03.676Z,完整英语词形可辨，但类别与购买该名称的理由未明确,内容工具或英语学习项目团队,未做逐名净空,False,,英语普通词大池,https://regery.com/en/bulksearch,,,,,,
1722,biting.si,词义/用途尚待补充,28,仅历史可注册证据（需重查）,,2026-09-30T15:53:03.676Z,完整英语词形可辨，但类别与购买该名称的理由未明确,内容工具或英语学习项目团队,未做逐名净空,False,,英语普通词大池,https://regery.com/en/bulksearch,,,,,,
1723,boiled.si,词义/用途尚待补充,28,仅历史可注册证据（需重查）,,2026-09-30T15:53:03.676Z,完整英语词形可辨，但类别与购买该名称的理由未明确,内容工具或英语学习项目团队,未做逐名净空,False,,英语普通词大池,https://regery.com/en/bulksearch,,,,,,
1724,buried.si,词义/用途尚待补充,28,仅历史可注册证据（需重查）,,2026-09-30T15:53:03.676Z,完整英语词形可辨，但类别与购买该名称的理由未明确,内容工具或英语学习项目团队,未做逐名净空,False,,英语普通词大池,https://regery.com/en/bulksearch,,,,,,
1725,canned.si,词义/用途尚待补充,28,仅历史可注册证据（需重查）,,2026-09-30T15:53:03.676Z,完整英语词形可辨，但类别与购买该名称的理由未明确,内容工具或英语学习项目团队,未做逐名净空,False,,英语普通词大池,https://regery.com/en/bulksearch,,,,,,
1726,coated.si,词义/用途尚待补充,28,仅历史可注册证据（需重查）,,2026-09-30T15:53:03.676Z,完整英语词形可辨，但类别与购买该名称的理由未明确,内容工具或英语学习项目团队,未做逐名净空,False,,英语普通词大池,https://regery.com/en/bulksearch,,,,,,
1727,colder.si,词义/用途尚待补充,28,仅历史可注册证据（需重查）,,2026-09-30T15:53:03.676Z,完整英语词形可辨，但类别与购买该名称的理由未明确,内容工具或英语学习项目团队,未做逐名净空,False,,英语普通词大池,https://regery.com/en/bulksearch,,,,,,
1728,copied.si,词义/用途尚待补充,28,仅历史可注册证据（需重查）,,2026-09-30T15:53:03.676Z,完整英语词形可辨，但类别与购买该名称的理由未明确,内容工具或英语学习项目团队,未做逐名净空,False,,英语普通词大池,https://regery.com/en/bulksearch,,,,,,
1729,coping.si,词义/用途尚待补充,28,仅历史可注册证据（需重查）,,2026-09-30T15:53:03.676Z,完整英语词形可辨，但类别与购买该名称的理由未明确,内容工具或英语学习项目团队,未做逐名净空,False,,英语普通词大池,https://regery.com/en/bulksearch,,,,,,
1730,crying.si,词义/用途尚待补充,28,仅历史可注册证据（需重查）,,2026-09-30T15:53:56.043Z,完整英语词形可辨，但类别与购买该名称的理由未明确,内容工具或英语学习项目团队,未做逐名净空,False,,英语普通词大池,https://regery.com/en/bulksearch,,,,,,
1731,dipped.si,词义/用途尚待补充,28,仅历史可注册证据（需重查）,,2026-09-30T15:53:56.043Z,完整英语词形可辨，但类别与购买该名称的理由未明确,内容工具或英语学习项目团队,未做逐名净空,False,,英语普通词大池,https://regery.com/en/bulksearch,,,,,,
1732,fitted.si,词义/用途尚待补充,28,仅历史可注册证据（需重查）,,2026-09-30T15:53:56.043Z,完整英语词形可辨，但类别与购买该名称的理由未明确,内容工具或英语学习项目团队,未做逐名净空,False,,英语普通词大池,https://regery.com/en/bulksearch,,,,,,
1733,folded.si,词义/用途尚待补充,28,仅历史可注册证据（需重查）,,2026-09-30T15:53:56.043Z,完整英语词形可辨，但类别与购买该名称的理由未明确,内容工具或英语学习项目团队,未做逐名净空,False,,英语普通词大池,https://regery.com/en/bulksearch,,,,,,
1734,forced.si,词义/用途尚待补充,28,仅历史可注册证据（需重查）,,2026-09-30T15:53:56.043Z,完整英语词形可辨，但类别与购买该名称的理由未明确,内容工具或英语学习项目团队,未做逐名净空,False,,英语普通词大池,https://regery.com/en/bulksearch,,,,,,
1735,gotten.si,词义/用途尚待补充,28,仅历史可注册证据（需重查）,,2026-09-30T15:53:56.043Z,完整英语词形可辨，但类别与购买该名称的理由未明确,内容工具或英语学习项目团队,未做逐名净空,False,,英语普通词大池,https://regery.com/en/bulksearch,,,,,,
1736,haired.si,词义/用途尚待补充,28,仅历史可注册证据（需重查）,,2026-09-30T15:54:35.957Z,完整英语词形可辨，但类别与购买该名称的理由未明确,内容工具或英语学习项目团队,未做逐名净空,False,,英语普通词大池,https://regery.com/en/bulksearch,,,,,,
1737,handed.si,词义/用途尚待补充,28,仅历史可注册证据（需重查）,,2026-09-30T15:54:35.957Z,完整英语词形可辨，但类别与购买该名称的理由未明确,内容工具或英语学习项目团队,未做逐名净空,False,,英语普通词大池,https://regery.com/en/bulksearch,,,,,,
1738,headed.si,词义/用途尚待补充,28,仅历史可注册证据（需重查）,,2026-09-30T15:54:35.957Z,完整英语词形可辨，但类别与购买该名称的理由未明确,内容工具或英语学习项目团队,未做逐名净空,False,,英语普通词大池,https://regery.com/en/bulksearch,,,,,,
1739,hotter.si,词义/用途尚待补充,28,仅历史可注册证据（需重查）,,2026-09-30T15:54:35.957Z,完整英语词形可辨，但类别与购买该名称的理由未明确,内容工具或英语学习项目团队,未做逐名净空,False,,英语普通词大池,https://regery.com/en/bulksearch,,,,,,
1740,hugely.si,词义/用途尚待补充,28,仅历史可注册证据（需重查）,,2026-09-30T15:54:35.957Z,完整英语词形可辨，但类别与购买该名称的理由未明确,内容工具或英语学习项目团队,未做逐名净空,False,,英语普通词大池,https://regery.com/en/bulksearch,,,,,,
1741,inning.si,词义/用途尚待补充,28,仅历史可注册证据（需重查）,,2026-09-30T15:54:35.957Z,可作完整名词使用，仍需区分具体品类与名称替代,内容工具或英语学习项目团队,未做逐名净空,False,,英语普通词大池,https://regery.com/en/bulksearch,,,,,,
1742,lastly.si,词义/用途尚待补充,28,仅历史可注册证据（需重查）,,2026-09-30T15:54:35.957Z,完整英语词形可辨，但类别与购买该名称的理由未明确,内容工具或英语学习项目团队,未做逐名净空,False,,英语普通词大池,https://regery.com/en/bulksearch,,,,,,
1743,laying.si,词义/用途尚待补充,28,仅历史可注册证据（需重查）,,2026-09-30T15:54:35.957Z,完整英语词形可辨，但类别与购买该名称的理由未明确,内容工具或英语学习项目团队,未做逐名净空,False,,英语普通词大池,https://regery.com/en/bulksearch,,,,,,
1744,learnt.si,词义/用途尚待补充,28,仅历史可注册证据（需重查）,,2026-09-30T15:54:35.957Z,完整英语词形可辨，但类别与购买该名称的理由未明确,内容工具或英语学习项目团队,未做逐名净空,False,,英语普通词大池,https://regery.com/en/bulksearch,,,,,,
1745,legged.si,词义/用途尚待补充,28,仅历史可注册证据（需重查）,,2026-09-30T15:54:35.957Z,完整英语词形可辨，但类别与购买该名称的理由未明确,内容工具或英语学习项目团队,未做逐名净空,False,,英语普通词大池,https://regery.com/en/bulksearch,,,,,,
1746,logged.si,词义/用途尚待补充,28,仅历史可注册证据（需重查）,,2026-09-30T15:54:35.957Z,完整英语词形可辨，但类别与购买该名称的理由未明确,内容工具或英语学习项目团队,未做逐名净空,False,,英语普通词大池,https://regery.com/en/bulksearch,,,,,,
1747,losing.si,词义/用途尚待补充,28,仅历史可注册证据（需重查）,,2026-09-30T15:55:25.200Z,完整英语词形可辨，但类别与购买该名称的理由未明确,内容工具或英语学习项目团队,未做逐名净空,False,,英语普通词大池,https://regery.com/en/bulksearch,,,,,,
1748,loudly.si,词义/用途尚待补充,28,仅历史可注册证据（需重查）,,2026-09-30T15:55:25.200Z,完整英语词形可辨，但类别与购买该名称的理由未明确,内容工具或英语学习项目团队,未做逐名净空,False,,英语普通词大池,https://regery.com/en/bulksearch,,,,,,
1749,madden.si,词义/用途尚待补充,28,仅历史可注册证据（需重查）,,2026-09-30T15:55:25.200Z,完整英语词形可辨，但类别与购买该名称的理由未明确,内容工具或英语学习项目团队,未做逐名净空,False,,英语普通词大池,https://regery.com/en/bulksearch,,,,,,
1750,mailed.si,词义/用途尚待补充,28,仅历史可注册证据（需重查）,,2026-09-30T15:55:25.200Z,完整英语词形可辨，但类别与购买该名称的理由未明确,内容工具或英语学习项目团队,未做逐名净空,False,,英语普通词大池,https://regery.com/en/bulksearch,,,,,,
1751,merely.si,词义/用途尚待补充,28,仅历史可注册证据（需重查）,,2026-09-30T15:55:25.200Z,完整英语词形可辨，但类别与购买该名称的理由未明确,内容工具或英语学习项目团队,未做逐名净空,False,,英语普通词大池,https://regery.com/en/bulksearch,,,,,,
1752,outing.si,词义/用途尚待补充,28,仅历史可注册证据（需重查）,,2026-09-30T15:55:25.200Z,可作完整名词使用，仍需区分具体品类与名称替代,内容工具或英语学习项目团队,未做逐名净空,False,,英语普通词大池,https://regery.com/en/bulksearch,,,,,,
1753,overly.si,词义/用途尚待补充,28,仅历史可注册证据（需重查）,,2026-09-30T15:55:25.200Z,完整英语词形可辨，但类别与购买该名称的理由未明确,内容工具或英语学习项目团队,未做逐名净空,False,,英语普通词大池,https://regery.com/en/bulksearch,,,,,,
1754,peaked.si,词义/用途尚待补充,28,仅历史可注册证据（需重查）,,2026-09-30T15:55:25.200Z,完整英语词形可辨，但类别与购买该名称的理由未明确,内容工具或英语学习项目团队,未做逐名净空,False,,英语普通词大池,https://regery.com/en/bulksearch,,,,,,
1755,pinned.si,词义/用途尚待补充,28,仅历史可注册证据（需重查）,,2026-09-30T15:55:25.200Z,完整英语词形可辨，但类别与购买该名称的理由未明确,内容工具或英语学习项目团队,未做逐名净空,False,,英语普通词大池,https://regery.com/en/bulksearch,,,,,,
1756,poorly.si,词义/用途尚待补充,28,仅历史可注册证据（需重查）,,2026-09-30T15:57:01.157Z,完整英语词形可辨，但类别与购买该名称的理由未明确,内容工具或英语学习项目团队,未做逐名净空,False,,英语普通词大池,https://regery.com/en/bulksearch,,,,,,
1757,posing.si,词义/用途尚待补充,28,仅历史可注册证据（需重查）,,2026-09-30T15:57:01.157Z,完整英语词形可辨，但类别与购买该名称的理由未明确,内容工具或英语学习项目团队,未做逐名净空,False,,英语普通词大池,https://regery.com/en/bulksearch,,,,,,
1758,proved.si,词义/用途尚待补充,28,仅历史可注册证据（需重查）,,2026-09-30T15:57:01.157Z,完整英语词形可辨，但类别与购买该名称的理由未明确,内容工具或英语学习项目团队,未做逐名净空,False,,英语普通词大池,https://regery.com/en/bulksearch,,,,,,
1759,raging.si,词义/用途尚待补充,28,仅历史可注册证据（需重查）,,2026-09-30T15:57:01.157Z,完整英语词形可辨，但类别与购买该名称的理由未明确,内容工具或英语学习项目团队,未做逐名净空,False,,英语普通词大池,https://regery.com/en/bulksearch,,,,,,
1760,ranged.si,词义/用途尚待补充,28,仅历史可注册证据（需重查）,,2026-09-30T15:57:01.157Z,完整英语词形可辨，但类别与购买该名称的理由未明确,内容工具或英语学习项目团队,未做逐名净空,False,,英语普通词大池,https://regery.com/en/bulksearch,,,,,,
1761,rarely.si,词义/用途尚待补充,28,仅历史可注册证据（需重查）,,2026-09-30T15:57:01.157Z,完整英语词形可辨，但类别与购买该名称的理由未明确,内容工具或英语学习项目团队,未做逐名净空,False,,英语普通词大池,https://regery.com/en/bulksearch,,,,,,
1762,repeal.si,词义/用途尚待补充,28,仅历史可注册证据（需重查）,,2026-09-30T15:57:01.157Z,完整英语词形可辨，但类别与购买该名称的理由未明确,内容工具或英语学习项目团队,未做逐名净空,False,,英语普通词大池,https://regery.com/en/bulksearch,,,,,,
1763,ridden.si,词义/用途尚待补充,28,仅历史可注册证据（需重查）,,2026-09-30T15:57:01.157Z,完整英语词形可辨，但类别与购买该名称的理由未明确,内容工具或英语学习项目团队,未做逐名净空,False,,英语普通词大池,https://regery.com/en/bulksearch,,,,,,
1764,rolled.si,词义/用途尚待补充,28,仅历史可注册证据（需重查）,,2026-09-30T15:57:01.157Z,完整英语词形可辨，但类别与购买该名称的理由未明确,内容工具或英语学习项目团队,未做逐名净空,False,,英语普通词大池,https://regery.com/en/bulksearch,,,,,,
1765,rubbed.si,词义/用途尚待补充,28,仅历史可注册证据（需重查）,,2026-09-30T15:57:01.157Z,完整英语词形可辨，但类别与购买该名称的理由未明确,内容工具或英语学习项目团队,未做逐名净空,False,,英语普通词大池,https://regery.com/en/bulksearch,,,,,,
1766,rushed.si,词义/用途尚待补充,28,仅历史可注册证据（需重查）,,2026-09-30T15:57:01.157Z,完整英语词形可辨，但类别与购买该名称的理由未明确,内容工具或英语学习项目团队,未做逐名净空,False,,英语普通词大池,https://regery.com/en/bulksearch,,,,,,
1767,shaken.si,词义/用途尚待补充,28,仅历史可注册证据（需重查）,,2026-09-30T15:57:51.823Z,完整英语词形可辨，但类别与购买该名称的理由未明确,内容工具或英语学习项目团队,未做逐名净空,False,,英语普通词大池,https://regery.com/en/bulksearch,,,,,,
1768,shaved.si,词义/用途尚待补充,28,仅历史可注册证据（需重查）,,2026-09-30T15:57:51.823Z,完整英语词形可辨，但类别与购买该名称的理由未明确,内容工具或英语学习项目团队,未做逐名净空,False,,英语普通词大池,https://regery.com/en/bulksearch,,,,,,
1769,smoked.si,词义/用途尚待补充,28,仅历史可注册证据（需重查）,,2026-09-30T15:57:51.823Z,完整英语词形可辨，但类别与购买该名称的理由未明确,内容工具或英语学习项目团队,未做逐名净空,False,,英语普通词大池,https://regery.com/en/bulksearch,,,,,,
1770,soaked.si,词义/用途尚待补充,28,仅历史可注册证据（需重查）,,2026-09-30T15:57:51.823Z,完整英语词形可辨，但类别与购买该名称的理由未明确,内容工具或英语学习项目团队,未做逐名净空,False,,英语普通词大池,https://regery.com/en/bulksearch,,,,,,
1771,staged.si,词义/用途尚待补充,28,仅历史可注册证据（需重查）,,2026-09-30T15:57:51.823Z,完整英语词形可辨，但类别与购买该名称的理由未明确,内容工具或英语学习项目团队,未做逐名净空,False,,英语普通词大池,https://regery.com/en/bulksearch,,,,,,
1772,stated.si,词义/用途尚待补充,28,仅历史可注册证据（需重查）,,2026-09-30T15:57:51.823Z,完整英语词形可辨，但类别与购买该名称的理由未明确,内容工具或英语学习项目团队,未做逐名净空,False,,英语普通词大池,https://regery.com/en/bulksearch,,,,,,
1773,stayed.si,词义/用途尚待补充,28,仅历史可注册证据（需重查）,,2026-09-30T15:57:51.823Z,完整英语词形可辨，但类别与购买该名称的理由未明确,内容工具或英语学习项目团队,未做逐名净空,False,,英语普通词大池,https://regery.com/en/bulksearch,,,,,,
1774,summed.si,词义/用途尚待补充,28,仅历史可注册证据（需重查）,,2026-09-30T15:57:51.823Z,完整英语词形可辨，但类别与购买该名称的理由未明确,内容工具或英语学习项目团队,未做逐名净空,False,,英语普通词大池,https://regery.com/en/bulksearch,,,,,,
1775,tasted.si,词义/用途尚待补充,28,仅历史可注册证据（需重查）,,2026-09-30T15:57:51.823Z,完整英语词形可辨，但类别与购买该名称的理由未明确,内容工具或英语学习项目团队,未做逐名净空,False,,英语普通词大池,https://regery.com/en/bulksearch,,,,,,
1776,thrown.si,词义/用途尚待补充,28,仅历史可注册证据（需重查）,,2026-09-30T15:58:15.265Z,完整英语词形可辨，但类别与购买该名称的理由未明确,内容工具或英语学习项目团队,未做逐名净空,False,,英语普通词大池,https://regery.com/en/bulksearch,,,,,,
1777,tipped.si,词义/用途尚待补充,28,仅历史可注册证据（需重查）,,2026-09-30T15:58:15.265Z,完整英语词形可辨，但类别与购买该名称的理由未明确,内容工具或英语学习项目团队,未做逐名净空,False,,英语普通词大池,https://regery.com/en/bulksearch,,,,,,
1778,titled.si,词义/用途尚待补充,28,仅历史可注册证据（需重查）,,2026-09-30T15:58:15.265Z,完整英语词形可辨，但类别与购买该名称的理由未明确,内容工具或英语学习项目团队,未做逐名净空,False,,英语普通词大池,https://regery.com/en/bulksearch,,,,,,
1779,topped.si,词义/用途尚待补充,28,仅历史可注册证据（需重查）,,2026-09-30T15:58:15.265Z,完整英语词形可辨，但类别与购买该名称的理由未明确,内容工具或英语学习项目团队,未做逐名净空,False,,英语普通词大池,https://regery.com/en/bulksearch,,,,,,
1780,turned.si,词义/用途尚待补充,28,仅历史可注册证据（需重查）,,2026-09-30T15:58:15.265Z,完整英语词形可辨，但类别与购买该名称的理由未明确,内容工具或英语学习项目团队,未做逐名净空,False,,英语普通词大池,https://regery.com/en/bulksearch,,,,,,
1781,urging.si,词义/用途尚待补充,28,仅历史可注册证据（需重查）,,2026-09-30T15:58:15.265Z,完整英语词形可辨，但类别与购买该名称的理由未明确,内容工具或英语学习项目团队,未做逐名净空,False,,英语普通词大池,https://regery.com/en/bulksearch,,,,,,
1782,washed.si,词义/用途尚待补充,28,仅历史可注册证据（需重查）,,2026-09-30T15:58:15.265Z,完整英语词形可辨，但类别与购买该名称的理由未明确,内容工具或英语学习项目团队,未做逐名净空,False,,英语普通词大池,https://regery.com/en/bulksearch,,,,,,
1783,waving.si,词义/用途尚待补充,28,仅历史可注册证据（需重查）,,2026-09-30T15:58:15.265Z,完整英语词形可辨，但类别与购买该名称的理由未明确,内容工具或英语学习项目团队,未做逐名净空,False,,英语普通词大池,https://regery.com/en/bulksearch,,,,,,
1784,whites.si,词义/用途尚待补充,28,仅历史可注册证据（需重查）,,2026-09-30T15:58:15.265Z,完整英语词形可辨，但类别与购买该名称的理由未明确,内容工具或英语学习项目团队,未做逐名净空,False,,英语普通词大池,https://regery.com/en/bulksearch,,,,,,
1785,wished.si,词义/用途尚待补充,28,仅历史可注册证据（需重查）,,2026-09-30T15:59:13.820Z,完整英语词形可辨，但类别与购买该名称的理由未明确,内容工具或英语学习项目团队,未做逐名净空,False,,英语普通词大池,https://regery.com/en/bulksearch,,,,,,
1786,accused.si,词义/用途尚待补充,28,仅历史可注册证据（需重查）,,2026-09-30T15:59:13.820Z,完整英语词形可辨，但类别与购买该名称的理由未明确,内容工具或英语学习项目团队,未做逐名净空,False,,英语普通词大池,https://regery.com/en/bulksearch,,,,,,
1787,assumed.si,词义/用途尚待补充,28,仅历史可注册证据（需重查）,,2026-09-30T15:59:13.820Z,完整英语词形可辨，但类别与购买该名称的理由未明确,内容工具或英语学习项目团队,未做逐名净空,False,,英语普通词大池,https://regery.com/en/bulksearch,,,,,,
1788,banging.si,词义/用途尚待补充,28,仅历史可注册证据（需重查）,,2026-09-30T15:59:13.820Z,完整英语词形可辨，但类别与购买该名称的理由未明确,内容工具或英语学习项目团队,未做逐名净空,False,,英语普通词大池,https://regery.com/en/bulksearch,,,,,,
1789,batting.si,词义/用途尚待补充,28,仅历史可注册证据（需重查）,,2026-09-30T15:59:13.820Z,完整英语词形可辨，但类别与购买该名称的理由未明确,内容工具或英语学习项目团队,未做逐名净空,False,,英语普通词大池,https://regery.com/en/bulksearch,,,,,,
1790,binning.si,分箱,28,仅历史可注册证据（需重查）,,2026-09-30T15:59:41.625Z,完整英语词形可辨，但类别与购买该名称的理由未明确,内容工具或英语学习项目团队,未做逐名净空,False,,英语普通词大池,https://regery.com/en/bulksearch,,,,,,
1791,blaming.si,词义/用途尚待补充,28,仅历史可注册证据（需重查）,,2026-09-30T15:59:41.625Z,完整英语词形可辨，但类别与购买该名称的理由未明确,内容工具或英语学习项目团队,未做逐名净空,False,,英语普通词大池,https://regery.com/en/bulksearch,,,,,,
1792,blowing.si,词义/用途尚待补充,28,仅历史可注册证据（需重查）,,2026-09-30T15:59:41.625Z,完整英语词形可辨，但类别与购买该名称的理由未明确,内容工具或英语学习项目团队,未做逐名净空,False,,英语普通词大池,https://regery.com/en/bulksearch,,,,,,
1793,boiling.si,词义/用途尚待补充,28,仅历史可注册证据（需重查）,,2026-09-30T15:59:41.625Z,完整英语词形可辨，但类别与购买该名称的理由未明确,内容工具或英语学习项目团队,未做逐名净空,False,,英语普通词大池,https://regery.com/en/bulksearch,,,,,,
1794,brushes.si,词义/用途尚待补充,28,仅历史可注册证据（需重查）,,2026-09-30T15:59:41.625Z,完整英语词形可辨，但类别与购买该名称的理由未明确,内容工具或英语学习项目团队,未做逐名净空,False,,英语普通词大池,https://regery.com/en/bulksearch,,,,,,
1795,carried.si,词义/用途尚待补充,28,仅历史可注册证据（需重查）,,2026-09-30T15:59:41.625Z,完整英语词形可辨，但类别与购买该名称的理由未明确,内容工具或英语学习项目团队,未做逐名净空,False,,英语普通词大池,https://regery.com/en/bulksearch,,,,,,
1796,causing.si,词义/用途尚待补充,28,仅历史可注册证据（需重查）,,2026-09-30T15:59:41.625Z,完整英语词形可辨，但类别与购买该名称的理由未明确,内容工具或英语学习项目团队,未做逐名净空,False,,英语普通词大池,https://regery.com/en/bulksearch,,,,,,
1797,chopped.si,词义/用途尚待补充,28,仅历史可注册证据（需重查）,,2026-09-30T15:59:41.625Z,完整英语词形可辨，但类别与购买该名称的理由未明确,内容工具或英语学习项目团队,未做逐名净空,False,,英语普通词大池,https://regery.com/en/bulksearch,,,,,,
1798,digging.si,词义/用途尚待补充,28,仅历史可注册证据（需重查）,,2026-09-30T16:01:17.807Z,完整英语词形可辨，但类别与购买该名称的理由未明确,内容工具或英语学习项目团队,未做逐名净空,False,,英语普通词大池,https://regery.com/en/bulksearch,,,,,,
1799,dragged.si,词义/用途尚待补充,28,仅历史可注册证据（需重查）,,2026-09-30T16:01:17.807Z,完整英语词形可辨，但类别与购买该名称的理由未明确,内容工具或英语学习项目团队,未做逐名净空,False,,英语普通词大池,https://regery.com/en/bulksearch,,,,,,
1800,drained.si,词义/用途尚待补充,28,仅历史可注册证据（需重查）,,2026-09-30T16:01:17.807Z,完整英语词形可辨，但类别与购买该名称的理由未明确,内容工具或英语学习项目团队,未做逐名净空,False,,英语普通词大池,https://regery.com/en/bulksearch,,,,,,
1801,falling.si,词义/用途尚待补充,28,仅历史可注册证据（需重查）,,2026-09-30T16:01:38.453Z,完整英语词形可辨，但类别与购买该名称的理由未明确,内容工具或英语学习项目团队,未做逐名净空,False,,英语普通词大池,https://regery.com/en/bulksearch,,,,,,
1802,filling.si,词义/用途尚待补充,28,仅历史可注册证据（需重查）,,2026-09-30T16:01:38.453Z,完整英语词形可辨，但类别与购买该名称的理由未明确,内容工具或英语学习项目团队,未做逐名净空,False,,英语普通词大池,https://regery.com/en/bulksearch,,,,,,
1803,forcing.si,词义/用途尚待补充,28,仅历史可注册证据（需重查）,,2026-09-30T16:01:38.453Z,完整英语词形可辨，但类别与购买该名称的理由未明确,内容工具或英语学习项目团队,未做逐名净空,False,,英语普通词大池,https://regery.com/en/bulksearch,,,,,,
1804,hanging.si,词义/用途尚待补充,28,仅历史可注册证据（需重查）,,2026-09-30T16:01:38.453Z,完整英语词形可辨，但类别与购买该名称的理由未明确,内容工具或英语学习项目团队,未做逐名净空,False,,英语普通词大池,https://regery.com/en/bulksearch,,,,,,
1805,issuing.si,词义/用途尚待补充,28,仅历史可注册证据（需重查）,,2026-09-30T16:02:52.198Z,完整英语词形可辨，但类别与购买该名称的理由未明确,内容工具或英语学习项目团队,未做逐名净空,False,,英语普通词大池,https://regery.com/en/bulksearch,,,,,,
1806,kissing.si,词义/用途尚待补充,28,仅历史可注册证据（需重查）,,2026-09-30T16:02:52.198Z,完整英语词形可辨，但类别与购买该名称的理由未明确,内容工具或英语学习项目团队,未做逐名净空,False,,英语普通词大池,https://regery.com/en/bulksearch,,,,,,
1807,leaning.si,词义/用途尚待补充,28,仅历史可注册证据（需重查）,,2026-09-30T16:02:52.198Z,完整英语词形可辨，但类别与购买该名称的理由未明确,内容工具或英语学习项目团队,未做逐名净空,False,,英语普通词大池,https://regery.com/en/bulksearch,,,,,,
1808,leaving.si,词义/用途尚待补充,28,仅历史可注册证据（需重查）,,2026-09-30T16:02:52.198Z,完整英语词形可辨，但类别与购买该名称的理由未明确,内容工具或英语学习项目团队,未做逐名净空,False,,英语普通词大池,https://regery.com/en/bulksearch,,,,,,
1809,licking.si,词义/用途尚待补充,28,仅历史可注册证据（需重查）,,2026-09-30T16:02:52.198Z,完整英语词形可辨，但类别与购买该名称的理由未明确,内容工具或英语学习项目团队,未做逐名净空,False,,英语普通词大池,https://regery.com/en/bulksearch,,,,,,
1810,longing.si,词义/用途尚待补充,28,仅历史可注册证据（需重查）,,2026-09-30T16:04:33.666Z,完整英语词形可辨，但类别与购买该名称的理由未明确,内容工具或英语学习项目团队,未做逐名净空,False,,英语普通词大池,https://regery.com/en/bulksearch,,,,,,
1811,manning.si,词义/用途尚待补充,28,仅历史可注册证据（需重查）,,2026-09-30T16:04:33.666Z,完整英语词形可辨，但类别与购买该名称的理由未明确,内容工具或英语学习项目团队,未做逐名净空,False,,英语普通词大池,https://regery.com/en/bulksearch,,,,,,
1812,pointed.si,词义/用途尚待补充,28,仅历史可注册证据（需重查）,,2026-09-30T16:05:24.957Z,完整英语词形可辨，但类别与购买该名称的理由未明确,内容工具或英语学习项目团队,未做逐名净空,False,,英语普通词大池,https://regery.com/en/bulksearch,,,,,,
1813,pouring.si,词义/用途尚待补充,28,仅历史可注册证据（需重查）,,2026-09-30T16:05:24.957Z,完整英语词形可辨，但类别与购买该名称的理由未明确,内容工具或英语学习项目团队,未做逐名净空,False,,英语普通词大池,https://regery.com/en/bulksearch,,,,,,
1814,praying.si,词义/用途尚待补充,28,仅历史可注册证据（需重查）,,2026-09-30T16:05:24.957Z,完整英语词形可辨，但类别与购买该名称的理由未明确,内容工具或英语学习项目团队,未做逐名净空,False,,英语普通词大池,https://regery.com/en/bulksearch,,,,,,
1815,pushing.si,词义/用途尚待补充,28,仅历史可注册证据（需重查）,,2026-09-30T16:05:24.957Z,完整英语词形可辨，但类别与购买该名称的理由未明确,内容工具或英语学习项目团队,未做逐名净空,False,,英语普通词大池,https://regery.com/en/bulksearch,,,,,,
1816,reduced.si,词义/用途尚待补充,28,仅历史可注册证据（需重查）,,2026-09-30T16:05:24.957Z,完整英语词形可辨，但类别与购买该名称的理由未明确,内容工具或英语学习项目团队,未做逐名净空,False,,英语普通词大池,https://regery.com/en/bulksearch,,,,,,
1817,resting.si,词义/用途尚待补充,28,仅历史可注册证据（需重查）,,2026-09-30T16:05:24.957Z,完整英语词形可辨，但类别与购买该名称的理由未明确,内容工具或英语学习项目团队,未做逐名净空,False,,英语普通词大池,https://regery.com/en/bulksearch,,,,,,
1818,roughly.si,词义/用途尚待补充,28,仅历史可注册证据（需重查）,,2026-09-30T16:05:24.957Z,完整英语词形可辨，但类别与购买该名称的理由未明确,内容工具或英语学习项目团队,未做逐名净空,False,,英语普通词大池,https://regery.com/en/bulksearch,,,,,,
1819,rounded.si,词义/用途尚待补充,28,仅历史可注册证据（需重查）,,2026-09-30T16:05:24.957Z,完整英语词形可辨，但类别与购买该名称的理由未明确,内容工具或英语学习项目团队,未做逐名净空,False,,英语普通词大池,https://regery.com/en/bulksearch,,,,,,
1820,rushing.si,词义/用途尚待补充,28,仅历史可注册证据（需重查）,,2026-09-30T16:06:01.537Z,完整英语词形可辨，但类别与购买该名称的理由未明确,内容工具或英语学习项目团队,未做逐名净空,False,,英语普通词大池,https://regery.com/en/bulksearch,,,,,,
1821,shaving.si,词义/用途尚待补充,28,仅历史可注册证据（需重查）,,2026-09-30T16:06:01.537Z,完整英语词形可辨，但类别与购买该名称的理由未明确,内容工具或英语学习项目团队,未做逐名净空,False,,英语普通词大池,https://regery.com/en/bulksearch,,,,,,
1822,sinking.si,词义/用途尚待补充,28,仅历史可注册证据（需重查）,,2026-09-30T16:06:01.537Z,完整英语词形可辨，但类别与购买该名称的理由未明确,内容工具或英语学习项目团队,未做逐名净空,False,,英语普通词大池,https://regery.com/en/bulksearch,,,,,,
1823,slipped.si,词义/用途尚待补充,28,仅历史可注册证据（需重查）,,2026-09-30T16:06:01.537Z,完整英语词形可辨，但类别与购买该名称的理由未明确,内容工具或英语学习项目团队,未做逐名净空,False,,英语普通词大池,https://regery.com/en/bulksearch,,,,,,
1824,smelled.si,词义/用途尚待补充,28,仅历史可注册证据（需重查）,,2026-09-30T16:06:01.537Z,完整英语词形可辨，但类别与购买该名称的理由未明确,内容工具或英语学习项目团队,未做逐名净空,False,,英语普通词大池,https://regery.com/en/bulksearch,,,,,,
1825,spoiled.si,词义/用途尚待补充,28,仅历史可注册证据（需重查）,,2026-09-30T16:06:01.537Z,完整英语词形可辨，但类别与购买该名称的理由未明确,内容工具或英语学习项目团队,未做逐名净空,False,,英语普通词大池,https://regery.com/en/bulksearch,,,,,,
1826,staring.si,词义/用途尚待补充,28,仅历史可注册证据（需重查）,,2026-09-30T16:06:37.958Z,完整英语词形可辨，但类别与购买该名称的理由未明确,内容工具或英语学习项目团队,未做逐名净空,False,,英语普通词大池,https://regery.com/en/bulksearch,,,,,,
1827,starred.si,词义/用途尚待补充,28,仅历史可注册证据（需重查）,,2026-09-30T16:06:37.958Z,完整英语词形可辨，但类别与购买该名称的理由未明确,内容工具或英语学习项目团队,未做逐名净空,False,,英语普通词大池,https://regery.com/en/bulksearch,,,,,,
1828,stepped.si,词义/用途尚待补充,28,仅历史可注册证据（需重查）,,2026-09-30T16:06:37.958Z,完整英语词形可辨，但类别与购买该名称的理由未明确,内容工具或英语学习项目团队,未做逐名净空,False,,英语普通词大池,https://regery.com/en/bulksearch,,,,,,
1829,stopped.si,词义/用途尚待补充,28,仅历史可注册证据（需重查）,,2026-09-30T16:06:37.958Z,完整英语词形可辨，但类别与购买该名称的理由未明确,内容工具或英语学习项目团队,未做逐名净空,False,,英语普通词大池,https://regery.com/en/bulksearch,,,,,,
1830,studied.si,词义/用途尚待补充,28,仅历史可注册证据（需重查）,,2026-09-30T16:06:37.958Z,完整英语词形可辨，但类别与购买该名称的理由未明确,内容工具或英语学习项目团队,未做逐名净空,False,,英语普通词大池,https://regery.com/en/bulksearch,,,,,,
1831,stuffed.si,词义/用途尚待补充,28,仅历史可注册证据（需重查）,,2026-09-30T16:06:37.958Z,完整英语词形可辨，但类别与购买该名称的理由未明确,内容工具或英语学习项目团队,未做逐名净空,False,,英语普通词大池,https://regery.com/en/bulksearch,,,,,,
1832,teasing.si,词义/用途尚待补充,28,仅历史可注册证据（需重查）,,2026-09-30T16:06:37.958Z,完整英语词形可辨，但类别与购买该名称的理由未明确,内容工具或英语学习项目团队,未做逐名净空,False,,英语普通词大池,https://regery.com/en/bulksearch,,,,,,
1833,tightly.si,词义/用途尚待补充,28,仅历史可注册证据（需重查）,,2026-09-30T16:06:37.958Z,完整英语词形可辨，但类别与购买该名称的理由未明确,内容工具或英语学习项目团队,未做逐名净空,False,,英语普通词大池,https://regery.com/en/bulksearch,,,,,,
1834,unarmed.si,词义/用途尚待补充,28,仅历史可注册证据（需重查）,,2026-09-30T16:06:37.958Z,完整英语词形可辨，但类别与购买该名称的理由未明确,内容工具或英语学习项目团队,未做逐名净空,False,,英语普通词大池,https://regery.com/en/bulksearch,,,,,,
1835,watched.si,词义/用途尚待补充,28,仅历史可注册证据（需重查）,,2026-09-30T16:07:01.192Z,完整英语词形可辨，但类别与购买该名称的理由未明确,内容工具或英语学习项目团队,未做逐名净空,False,,英语普通词大池,https://regery.com/en/bulksearch,,,,,,
1836,weighed.si,词义/用途尚待补充,28,仅历史可注册证据（需重查）,,2026-09-30T16:07:01.192Z,完整英语词形可辨，但类别与购买该名称的理由未明确,内容工具或英语学习项目团队,未做逐名净空,False,,英语普通词大池,https://regery.com/en/bulksearch,,,,,,
1837,worried.si,词义/用途尚待补充,28,仅历史可注册证据（需重查）,,2026-09-30T16:07:01.192Z,完整英语词形可辨，但类别与购买该名称的理由未明确,内容工具或英语学习项目团队,未做逐名净空,False,,英语普通词大池,https://regery.com/en/bulksearch,,,,,,
1838,yelling.si,词义/用途尚待补充,28,仅历史可注册证据（需重查）,,2026-09-30T16:07:01.192Z,完整英语词形可辨，但类别与购买该名称的理由未明确,内容工具或英语学习项目团队,未做逐名净空,False,,英语普通词大池,https://regery.com/en/bulksearch,,,,,,
1839,abruptly.si,词义/用途尚待补充,28,仅历史可注册证据（需重查）,,2026-09-30T16:07:01.192Z,完整英语词形可辨，但类别与购买该名称的理由未明确,内容工具或英语学习项目团队,未做逐名净空,False,,英语普通词大池,https://regery.com/en/bulksearch,,,,,,
1840,carrying.si,词义/用途尚待补充,28,仅历史可注册证据（需重查）,,2026-09-30T16:07:40.849Z,完整英语词形可辨，但类别与购买该名称的理由未明确,内容工具或英语学习项目团队,未做逐名净空,False,,英语普通词大池,https://regery.com/en/bulksearch,,,,,,
1841,creeping.si,词义/用途尚待补充,28,仅历史可注册证据（需重查）,,2026-09-30T16:09:01.339Z,完整英语词形可辨，但类别与购买该名称的理由未明确,内容工具或英语学习项目团队,未做逐名净空,False,,英语普通词大池,https://regery.com/en/bulksearch,,,,,,
1842,deserted.si,词义/用途尚待补充,28,仅历史可注册证据（需重查）,,2026-09-30T16:09:01.339Z,完整英语词形可辨，但类别与购买该名称的理由未明确,内容工具或英语学习项目团队,未做逐名净空,False,,英语普通词大池,https://regery.com/en/bulksearch,,,,,,
1843,doubling.si,词义/用途尚待补充,28,仅历史可注册证据（需重查）,,2026-09-30T16:09:54.847Z,完整英语词形可辨，但类别与购买该名称的理由未明确,内容工具或英语学习项目团队,未做逐名净空,False,,英语普通词大池,https://regery.com/en/bulksearch,,,,,,
1844,dragging.si,词义/用途尚待补充,28,仅历史可注册证据（需重查）,,2026-09-30T16:09:54.847Z,完整英语词形可辨，但类别与购买该名称的理由未明确,内容工具或英语学习项目团队,未做逐名净空,False,,英语普通词大池,https://regery.com/en/bulksearch,,,,,,
1845,inflated.si,词义/用途尚待补充,28,仅历史可注册证据（需重查）,,2026-09-30T16:11:07.884Z,完整英语词形可辨，但类别与购买该名称的理由未明确,内容工具或英语学习项目团队,未做逐名净空,False,,英语普通词大池,https://regery.com/en/bulksearch,,,,,,
1846,inserted.si,词义/用途尚待补充,28,仅历史可注册证据（需重查）,,2026-09-30T16:11:07.884Z,完整英语词形可辨，但类别与购买该名称的理由未明确,内容工具或英语学习项目团队,未做逐名净空,False,,英语普通词大池,https://regery.com/en/bulksearch,,,,,,
1847,lowering.si,词义/用途尚待补充,28,仅历史可注册证据（需重查）,,2026-09-30T16:11:07.884Z,完整英语词形可辨，但类别与购买该名称的理由未明确,内容工具或英语学习项目团队,未做逐名净空,False,,英语普通词大池,https://regery.com/en/bulksearch,,,,,,
1848,manually.si,词义/用途尚待补充,28,仅历史可注册证据（需重查）,,2026-09-30T16:11:07.884Z,完整英语词形可辨，但类别与购买该名称的理由未明确,内容工具或英语学习项目团队,未做逐名净空,False,,英语普通词大池,https://regery.com/en/bulksearch,,,,,,
1849,marrying.si,词义/用途尚待补充,28,仅历史可注册证据（需重查）,,2026-09-30T16:11:07.884Z,完整英语词形可辨，但类别与购买该名称的理由未明确,内容工具或英语学习项目团队,未做逐名净空,False,,英语普通词大池,https://regery.com/en/bulksearch,,,,,,
1850,mornings.si,词义/用途尚待补充,28,仅历史可注册证据（需重查）,,2026-09-30T16:12:37.465Z,完整英语词形可辨，但类别与购买该名称的理由未明确,内容工具或英语学习项目团队,未做逐名净空,False,,英语普通词大池,https://regery.com/en/bulksearch,,,,,,
1851,offended.si,词义/用途尚待补充,28,仅历史可注册证据（需重查）,,2026-09-30T16:12:37.465Z,完整英语词形可辨，但类别与购买该名称的理由未明确,内容工具或英语学习项目团队,未做逐名净空,False,,英语普通词大池,https://regery.com/en/bulksearch,,,,,,
1852,opposing.si,词义/用途尚待补充,28,仅历史可注册证据（需重查）,,2026-09-30T16:12:37.465Z,完整英语词形可辨，但类别与购买该名称的理由未明确,内容工具或英语学习项目团队,未做逐名净空,False,,英语普通词大池,https://regery.com/en/bulksearch,,,,,,
1853,pounding.si,词义/用途尚待补充,28,仅历史可注册证据（需重查）,,2026-09-30T16:13:37.753Z,完整英语词形可辨，但类别与购买该名称的理由未明确,内容工具或英语学习项目团队,未做逐名净空,False,,英语普通词大池,https://regery.com/en/bulksearch,,,,,,
1854,shouting.si,词义/用途尚待补充,28,仅历史可注册证据（需重查）,,2026-09-30T16:14:44.873Z,完整英语词形可辨，但类别与购买该名称的理由未明确,内容工具或英语学习项目团队,未做逐名净空,False,,英语普通词大池,https://regery.com/en/bulksearch,,,,,,
1855,shutting.si,词义/用途尚待补充,28,仅历史可注册证据（需重查）,,2026-09-30T16:14:44.873Z,完整英语词形可辨，但类别与购买该名称的理由未明确,内容工具或英语学习项目团队,未做逐名净空,False,,英语普通词大池,https://regery.com/en/bulksearch,,,,,,
1856,slipping.si,词义/用途尚待补充,28,仅历史可注册证据（需重查）,,2026-09-30T16:14:44.873Z,完整英语词形可辨，但类别与购买该名称的理由未明确,内容工具或英语学习项目团队,未做逐名净空,False,,英语普通词大池,https://regery.com/en/bulksearch,,,,,,
1857,smelling.si,词义/用途尚待补充,28,仅历史可注册证据（需重查）,,2026-09-30T16:14:44.873Z,完整英语词形可辨，但类别与购买该名称的理由未明确,内容工具或英语学习项目团队,未做逐名净空,False,,英语普通词大池,https://regery.com/en/bulksearch,,,,,,
1858,stealing.si,词义/用途尚待补充,28,仅历史可注册证据（需重查）,,2026-09-30T16:15:59.848Z,完整英语词形可辨，但类别与购买该名称的理由未明确,内容工具或英语学习项目团队,未做逐名净空,False,,英语普通词大池,https://regery.com/en/bulksearch,,,,,,
1859,sticking.si,词义/用途尚待补充,28,仅历史可注册证据（需重查）,,2026-09-30T16:15:59.848Z,完整英语词形可辨，但类别与购买该名称的理由未明确,内容工具或英语学习项目团队,未做逐名净空,False,,英语普通词大池,https://regery.com/en/bulksearch,,,,,,
1860,stripped.si,词义/用途尚待补充,28,仅历史可注册证据（需重查）,,2026-09-30T16:15:59.848Z,完整英语词形可辨，但类别与购买该名称的理由未明确,内容工具或英语学习项目团队,未做逐名净空,False,,英语普通词大池,https://regery.com/en/bulksearch,,,,,,
1861,throwing.si,词义/用途尚待补充,28,仅历史可注册证据（需重查）,,2026-09-30T16:15:59.848Z,完整英语词形可辨，但类别与购买该名称的理由未明确,内容工具或英语学习项目团队,未做逐名净空,False,,英语普通词大池,https://regery.com/en/bulksearch,,,,,,
1862,traveled.si,词义/用途尚待补充,28,仅历史可注册证据（需重查）,,2026-09-30T16:17:03.320Z,完整英语词形可辨，但类别与购买该名称的理由未明确,内容工具或英语学习项目团队,未做逐名净空,False,,英语普通词大池,https://regery.com/en/bulksearch,,,,,,
1863,tripping.si,词义/用途尚待补充,28,仅历史可注册证据（需重查）,,2026-09-30T16:17:03.320Z,完整英语词形可辨，但类别与购买该名称的理由未明确,内容工具或英语学习项目团队,未做逐名净空,False,,英语普通词大池,https://regery.com/en/bulksearch,,,,,,
1864,disturbed.si,词义/用途尚待补充,28,仅历史可注册证据（需重查）,,2026-09-30T16:18:10.592Z,完整英语词形可辨，但类别与购买该名称的理由未明确,内容工具或英语学习项目团队,未做逐名净空,False,,英语普通词大池,https://regery.com/en/bulksearch,,,,,,
1865,stripping.si,词义/用途尚待补充,28,仅历史可注册证据（需重查）,,2026-09-30T16:20:14.857Z,完整英语词形可辨，但类别与购买该名称的理由未明确,内容工具或英语学习项目团队,未做逐名净空,False,,英语普通词大池,https://regery.com/en/bulksearch,,,,,,
1866,travelled.si,词义/用途尚待补充,28,仅历史可注册证据（需重查）,,2026-09-30T16:20:51.261Z,完整英语词形可辨，但类别与购买该名称的理由未明确,内容工具或英语学习项目团队,未做逐名净空,False,,英语普通词大池,https://regery.com/en/bulksearch,,,,,,
1867,triggered.si,词义/用途尚待补充,28,仅历史可注册证据（需重查）,,2026-09-30T16:20:51.261Z,完整英语词形可辨，但类别与购买该名称的理由未明确,内容工具或英语学习项目团队,未做逐名净空,False,,英语普通词大池,https://regery.com/en/bulksearch,,,,,,
1868,troubling.si,词义/用途尚待补充,28,仅历史可注册证据（需重查）,,2026-09-30T16:20:51.261Z,完整英语词形可辨，但类别与购买该名称的理由未明确,内容工具或英语学习项目团队,未做逐名净空,False,,英语普通词大池,https://regery.com/en/bulksearch,,,,,,
1869,typically.si,词义/用途尚待补充,28,仅历史可注册证据（需重查）,,2026-09-30T16:20:51.261Z,完整英语词形可辨，但类别与购买该名称的理由未明确,内容工具或英语学习项目团队,未做逐名净空,False,,英语普通词大池,https://regery.com/en/bulksearch,,,,,,
1870,filled.si,词义/用途尚待补充,28,仅历史可注册证据（需重查）,,2026-09-30T15:41:19.769Z,完整英语词形可辨，但类别与购买该名称的理由未明确,内容工具或英语学习项目团队,未做逐名净空,False,,币圈术语与本土叙事；英语普通词大池,https://regery.com/en/bulksearch,,,,,,
1871,demise.si,词义/用途尚待补充,28,仅历史可注册证据（需重查）,,2026-09-30T12:51:50.367Z,终结词意负面；商业用途弱,游戏叙事团队,未做逐名净空,False,,英语普通词大池,https://regery.com/en/bulksearch,,,,,,
1872,desperate.si,词义/用途尚待补充,28,仅历史可注册证据（需重查）,,2026-09-30T12:53:05.058Z,绝望词义过重；一般产品难用,叙事内容团队,未做逐名净空,False,,英语普通词大池,https://regery.com/en/bulksearch,,,,,,
1873,badly.si,词义/用途尚待补充,28,仅历史可注册证据（需重查）,,2026-09-30T15:47:56.716Z,词义清楚但负面或争议联想强，适用品类受限制,特定公益或议题内容团队,未做逐名净空,False,,英语普通词大池,https://regery.com/en/bulksearch,,,,,,
1874,cried.si,词义/用途尚待补充,28,仅历史可注册证据（需重查）,,2026-09-30T15:49:25.428Z,词义清楚但负面或争议联想强，适用品类受限制,特定公益或议题内容团队,未做逐名净空,False,,英语普通词大池,https://regery.com/en/bulksearch,,,,,,
1875,drown.si,词义/用途尚待补充,28,仅历史可注册证据（需重查）,,2026-09-30T15:49:25.428Z,词义清楚但负面或争议联想强，适用品类受限制,特定公益或议题内容团队,未做逐名净空,False,,英语普通词大池,https://regery.com/en/bulksearch,,,,,,
1876,dying.si,词义/用途尚待补充,28,仅历史可注册证据（需重查）,,2026-09-30T15:49:25.428Z,词义清楚但负面或争议联想强，适用品类受限制,特定公益或议题内容团队,未做逐名净空,False,,英语普通词大池,https://regery.com/en/bulksearch,,,,,,
1877,needy.si,词义/用途尚待补充,28,仅历史可注册证据（需重查）,,2026-09-30T15:50:17.426Z,词义清楚但负面或争议联想强，适用品类受限制,特定公益或议题内容团队,未做逐名净空,False,,英语普通词大池,https://regery.com/en/bulksearch,,,,,,
1878,obese.si,词义/用途尚待补充,28,仅历史可注册证据（需重查）,,2026-09-30T15:50:17.426Z,词义清楚但负面或争议联想强，适用品类受限制,特定公益或议题内容团队,未做逐名净空,False,,英语普通词大池,https://regery.com/en/bulksearch,,,,,,
1879,policeman.si,词义/用途尚待补充,28,仅历史可注册证据（需重查）,,2026-09-30T16:19:39.066Z,警察职业词直接，但适用主体窄且身份敏感,警务教育与故事内容团队,未做逐名净空,False,,英语普通词大池,https://regery.com/en/bulksearch,,,,,,
1880,chua.si,词义/用途尚待补充,27,仅历史可注册证据（需重查）,,2026-09-30T10:19:15.628Z,拼写短但中文含义未定，独立收费方向待补,中文短名品牌画像待定义,未做逐名净空,False,,中文短拼音,https://regery.com/en/bulksearch,,,,,,
1881,zhei.si,词义/用途尚待补充,27,仅历史可注册证据（需重查）,,2026-09-30T10:19:15.628Z,拼写短但中文含义未定，独立收费方向待补,中文短名品牌画像待定义,未做逐名净空,False,,中文短拼音,https://regery.com/en/bulksearch,,,,,,
1882,jiasi.si,中文含义待确认,27,近期有普通注册报价（需再确认）,2026-10-01T02:55:53.849Z,2026-09-30T10:31:44.886Z,拼写短但中文含义未定，独立收费方向待补,中文短名品牌画像待定义,未做逐名净空,False,,AI中文词与Agent场景,https://www.inwx.com/en/domain/check?domain=jiasi.si,,https://regery.com/en/bulksearch,,,,
1883,glintglow.si,闪光与微光,27,仅历史可注册证据（需重查）,,2026-09-30T10:30:50.437Z,闪光与微光可供科研可视化工具；同类命名竞争多,科研可视化工具,未做逐名净空,False,,自然组合与可读品牌词,https://regery.com/en/bulksearch,,,,,,
1884,twelfth.si,词义/用途尚待补充,27,仅历史可注册证据（需重查）,,2026-09-30T16:06:37.958Z,序数词清楚但缺少稳定行业入口,纪念内容与教育团队,未做逐名净空,False,,英语普通词大池,https://regery.com/en/bulksearch,,,,,,
1885,leftist.si,词义/用途尚待补充,27,仅历史可注册证据（需重查）,,2026-09-30T16:02:52.198Z,政治立场标签明确，争议性限制一般商业用途,政治评论与出版团队,未做逐名净空,False,,英语普通词大池,https://regery.com/en/bulksearch,,,,,,
1886,nve.si,虐：nüe，v仅输入替代,26,仅历史可注册证据（需重查）,,2026-09-30T10:19:15.628Z,虐字负面且拼法别扭，独立商业需求较弱,挑战游戏或中文内容团队,未做逐名净空,False,,中文短拼音,https://regery.com/en/bulksearch,,,,,,
1887,bado.si,读作 BAH-doh,26,仅历史可注册证据（需重查）,,2026-09-30T04:09:23.640Z,bado拟音易读但未证词义；缺独立用途,待查独立品牌经营者,未做逐名净空,False,,三至七字母短名,https://porkbun.com/checkout/search,,,,,,
1888,bafo.si,读作 BAH-foh,26,仅历史可注册证据（需重查）,,2026-09-30T04:09:23.640Z,bafo拟音易读但未证词义；缺独立用途,待查独立品牌经营者,未做逐名净空,False,,三至七字母短名,https://porkbun.com/checkout/search,,,,,,
1889,baso.si,读作 BAH-soh,26,仅历史可注册证据（需重查）,,2026-09-30T04:09:23.640Z,baso拟音易读但未证词义；缺独立用途,待查独立品牌经营者,未做逐名净空,False,,三至七字母短名,https://porkbun.com/checkout/search,,,,,,
1890,bavi.si,拟音 ba-vi；未赋词义,26,仅历史可注册证据（需重查）,,2026-09-30T03:01:36.979Z,bavi拟音易读但未证词义；缺独立用途,待查独立品牌经营者,未做逐名净空,False,,三至七字母短名,https://porkbun.com/checkout/search,,,,,,
1891,befa.si,读作 BEH-fah,26,仅历史可注册证据（需重查）,,2026-09-30T04:09:23.640Z,befa拟音易读但未证词义；缺独立用途,待查独立品牌经营者,未做逐名净空,False,,三至七字母短名,https://porkbun.com/checkout/search,,,,,,
1892,bopa.si,读作 BOH-pah,26,仅历史可注册证据（需重查）,,2026-09-30T03:58:41.725Z,bopa拟音易读但未证词义；缺独立用途,待查独立品牌经营者,未做逐名净空,False,,三至七字母短名,https://porkbun.com/checkout/search,,,,,,
1893,bova.si,读作 BOH-vah,26,仅历史可注册证据（需重查）,,2026-09-30T03:58:41.725Z,bova拟音易读但未证词义；缺独立用途,待查独立品牌经营者,未做逐名净空,False,,三至七字母短名,https://porkbun.com/checkout/search,,,,,,
1894,bove.si,拟音 bo-ve；未赋词义,26,仅历史可注册证据（需重查）,,2026-09-30T03:01:36.979Z,bove拟音易读但未证词义；缺独立用途,待查独立品牌经营者,未做逐名净空,False,,三至七字母短名,https://porkbun.com/checkout/search,,,,,,
1895,cevo.si,拟音 ce-vo；未赋词义,26,仅历史可注册证据（需重查）,,2026-09-30T03:01:36.979Z,cevo拟音易读但未证词义；缺独立用途,待查独立品牌经营者,未做逐名净空,False,,三至七字母短名,https://porkbun.com/checkout/search,,,,,,
1896,cila.si,拟音 ci-la；未赋词义,26,仅历史可注册证据（需重查）,,2026-09-30T03:01:36.979Z,cila拟音易读但未证词义；缺独立用途,待查独立品牌经营者,未做逐名净空,False,,三至七字母短名,https://porkbun.com/checkout/search,,,,,,
1897,dafo.si,读作 DAH-foh,26,仅历史可注册证据（需重查）,,2026-09-30T04:09:23.640Z,dafo拟音易读但未证词义；缺独立用途,待查独立品牌经营者,未做逐名净空,False,,三至七字母短名,https://porkbun.com/checkout/search,,,,,,
1898,dako.si,读作 DAH-koh,26,仅历史可注册证据（需重查）,,2026-09-30T04:09:23.640Z,dako拟音易读但未证词义；缺独立用途,待查独立品牌经营者,未做逐名净空,False,,三至七字母短名,https://porkbun.com/checkout/search,,,,,,
1899,daso.si,读作 DAH-soh,26,仅历史可注册证据（需重查）,,2026-09-30T04:09:23.640Z,daso拟音易读但未证词义；缺独立用途,待查独立品牌经营者,未做逐名净空,False,,三至七字母短名,https://porkbun.com/checkout/search,,,,,,
1900,deba.si,读作 DEH-bah,26,仅历史可注册证据（需重查）,,2026-09-30T04:09:23.640Z,deba拟音易读但未证词义；缺独立用途,待查独立品牌经营者,未做逐名净空,False,,三至七字母短名,https://porkbun.com/checkout/search,,,,,,
1901,defa.si,读作 DEH-fah,26,仅历史可注册证据（需重查）,,2026-09-30T04:09:23.640Z,defa拟音易读但未证词义；缺独立用途,待查独立品牌经营者,未做逐名净空,False,,三至七字母短名,https://porkbun.com/checkout/search,,,,,,
1902,dika.si,读作 DEE-kah,26,仅历史可注册证据（需重查）,,2026-09-30T04:09:23.640Z,dika拟音易读但未证词义；缺独立用途,待查独立品牌经营者,未做逐名净空,False,,三至七字母短名,https://porkbun.com/checkout/search,,,,,,
1903,fako.si,读作 FAH-koh,26,仅历史可注册证据（需重查）,,2026-09-30T04:09:23.640Z,fako拟音易读但未证词义；缺独立用途,待查独立品牌经营者,未做逐名净空,False,,三至七字母短名,https://porkbun.com/checkout/search,,,,,,
1904,fato.si,读作 FAH-toh,26,仅历史可注册证据（需重查）,,2026-09-30T04:09:23.640Z,fato拟音易读但未证词义；缺独立用途,待查独立品牌经营者,未做逐名净空,False,,三至七字母短名,https://porkbun.com/checkout/search,,,,,,
1905,feka.si,读作 FEH-kah,26,仅历史可注册证据（需重查）,,2026-09-30T04:09:23.640Z,feka拟音易读但未证词义；缺独立用途,待查独立品牌经营者,未做逐名净空,False,,三至七字母短名,https://porkbun.com/checkout/search,,,,,,
1906,foba.si,读作 FOH-bah,26,仅历史可注册证据（需重查）,,2026-09-30T04:09:23.640Z,foba拟音易读但未证词义；缺独立用途,待查独立品牌经营者,未做逐名净空,False,,三至七字母短名,https://porkbun.com/checkout/search,,,,,,
1907,foka.si,读作 FOH-kah,26,仅历史可注册证据（需重查）,,2026-09-30T04:09:23.640Z,foka拟音易读但未证词义；缺独立用途,待查独立品牌经营者,未做逐名净空,False,,三至七字母短名,https://porkbun.com/checkout/search,,,,,,
1908,foma.si,拟音 fo-ma；未赋词义,26,仅历史可注册证据（需重查）,,2026-09-30T03:04:40.097Z,foma拟音易读但未证词义；缺独立用途,待查独立品牌经营者,未做逐名净空,False,,三至七字母短名,https://porkbun.com/checkout/search,,,,,,
1909,fota.si,读作 FOH-tah,26,仅历史可注册证据（需重查）,,2026-09-30T04:09:23.640Z,fota拟音易读但未证词义；缺独立用途,待查独立品牌经营者,未做逐名净空,False,,三至七字母短名,https://porkbun.com/checkout/search,,,,,,
1910,fove.si,拟音 fo-ve；未赋词义,26,仅历史可注册证据（需重查）,,2026-09-30T03:04:40.097Z,fove拟音易读但未证词义；缺独立用途,待查独立品牌经营者,未做逐名净空,False,,三至七字母短名,https://porkbun.com/checkout/search,,,,,,
1911,furo.si,拟音 fu-ro；未赋词义,26,仅历史可注册证据（需重查）,,2026-09-30T03:04:40.097Z,furo拟音易读但未证词义；缺独立用途,待查独立品牌经营者,未做逐名净空,False,,三至七字母短名,https://porkbun.com/checkout/search,,,,,,
1912,gevo.si,拟音 ge-vo；未赋词义,26,仅历史可注册证据（需重查）,,2026-09-30T03:04:40.097Z,gevo拟音易读但未证词义；缺独立用途,待查独立品牌经营者,未做逐名净空,False,,三至七字母短名,https://porkbun.com/checkout/search,,,,,,
1913,gima.si,拟音 gi-ma；未赋词义,26,仅历史可注册证据（需重查）,,2026-09-30T03:04:40.097Z,gima拟音易读但未证词义；缺独立用途,待查独立品牌经营者,未做逐名净空,False,,三至七字母短名,https://porkbun.com/checkout/search,,,,,,
1914,guro.si,拟音 gu-ro；未赋词义,26,仅历史可注册证据（需重查）,,2026-09-30T03:04:40.097Z,guro拟音易读但未证词义；缺独立用途,待查独立品牌经营者,未做逐名净空,False,,三至七字母短名,https://porkbun.com/checkout/search,,,,,,
1915,hevo.si,拟音 he-vo；未赋词义,26,仅历史可注册证据（需重查）,,2026-09-30T03:04:40.097Z,hevo拟音易读但未证词义；缺独立用途,待查独立品牌经营者,未做逐名净空,False,,三至七字母短名,https://porkbun.com/checkout/search,,,,,,
1916,hota.si,读作 HOH-tah,26,仅历史可注册证据（需重查）,,2026-09-30T04:09:23.640Z,hota拟音易读但未证词义；缺独立用途,待查独立品牌经营者,未做逐名净空,False,,三至七字母短名,https://porkbun.com/checkout/search,,,,,,
1917,jevo.si,拟音 je-vo；未赋词义,26,仅历史可注册证据（需重查）,,2026-09-30T03:04:40.097Z,jevo拟音易读但未证词义；缺独立用途,待查独立品牌经营者,未做逐名净空,False,,三至七字母短名,https://porkbun.com/checkout/search,,,,,,
1918,jima.si,拟音 ji-ma；未赋词义,26,仅历史可注册证据（需重查）,,2026-09-30T03:04:40.097Z,jima拟音易读但未证词义；缺独立用途,待查独立品牌经营者,未做逐名净空,False,,三至七字母短名,https://porkbun.com/checkout/search,,,,,,
1919,kaso.si,读作 KAH-soh,26,仅历史可注册证据（需重查）,,2026-09-30T04:09:23.640Z,kaso拟音易读但未证词义；缺独立用途,待查独立品牌经营者,未做逐名净空,False,,三至七字母短名,https://porkbun.com/checkout/search,,,,,,
1920,keba.si,读作 KEH-bah,26,仅历史可注册证据（需重查）,,2026-09-30T04:09:23.640Z,keba拟音易读但未证词义；缺独立用途,待查独立品牌经营者,未做逐名净空,False,,三至七字母短名,https://porkbun.com/checkout/search,,,,,,
1921,lano.si,读作 LAH-noh,26,仅历史可注册证据（需重查）,,2026-09-30T03:55:37.126Z,lano拟音易读但未证词义；缺独立用途,待查独立品牌经营者,未做逐名净空,False,,三至七字母短名,https://porkbun.com/checkout/search,,,,,,
1922,lenu.si,读作 LEH-noo,26,仅历史可注册证据（需重查）,,2026-09-30T03:06:49.522Z,lenu拟音易读但未证词义；缺独立用途,待查独立品牌经营者,未做逐名净空,False,,三至七字母短名,https://porkbun.com/checkout/search,,,,,,
1923,lome.si,读作 LOH-meh,26,仅历史可注册证据（需重查）,,2026-09-30T03:58:41.725Z,lome拟音易读但未证词义；缺独立用途,待查独立品牌经营者,未做逐名净空,False,,三至七字母短名,https://porkbun.com/checkout/search,,,,,,
1924,mepa.si,读作 MEH-pah,26,仅历史可注册证据（需重查）,,2026-09-30T03:58:41.725Z,mepa拟音易读但未证词义；缺独立用途,待查独立品牌经营者,未做逐名净空,False,,三至七字母短名,https://porkbun.com/checkout/search,,,,,,
1925,nale.si,读作 NAH-leh,26,仅历史可注册证据（需重查）,,2026-09-30T03:58:41.725Z,nale拟音易读但未证词义；缺独立用途,待查独立品牌经营者,未做逐名净空,False,,三至七字母短名,https://porkbun.com/checkout/search,,,,,,
1926,nipa.si,读作 NEE-pah,26,仅历史可注册证据（需重查）,,2026-09-30T03:58:41.725Z,nipa拟音易读但未证词义；缺独立用途,待查独立品牌经营者,未做逐名净空,False,,三至七字母短名,https://porkbun.com/checkout/search,,,,,,
1927,nopa.si,读作 NOH-pah,26,仅历史可注册证据（需重查）,,2026-09-30T03:58:41.725Z,nopa拟音易读但未证词义；缺独立用途,待查独立品牌经营者,未做逐名净空,False,,三至七字母短名,https://porkbun.com/checkout/search,,,,,,
1928,nosa.si,读作 NOH-sah,26,仅历史可注册证据（需重查）,,2026-09-30T03:58:41.725Z,nosa拟音易读但未证词义；缺独立用途,待查独立品牌经营者,未做逐名净空,False,,三至七字母短名,https://porkbun.com/checkout/search,,,,,,
1929,panu.si,读作 PAH-noo,26,仅历史可注册证据（需重查）,,2026-09-30T03:06:49.522Z,panu拟音易读但未证词义；缺独立用途,待查独立品牌经营者,未做逐名净空,False,,三至七字母短名,https://porkbun.com/checkout/search,,,,,,
1930,peba.si,读作 PEH-bah,26,仅历史可注册证据（需重查）,,2026-09-30T04:09:23.640Z,peba拟音易读但未证词义；缺独立用途,待查独立品牌经营者,未做逐名净空,False,,三至七字母短名,https://porkbun.com/checkout/search,,,,,,
1931,peva.si,读作 PEH-vah,26,仅历史可注册证据（需重查）,,2026-09-30T03:58:41.725Z,peva拟音易读但未证词义；缺独立用途,待查独立品牌经营者,未做逐名净空,False,,三至七字母短名,https://porkbun.com/checkout/search,,,,,,
1932,poba.si,读作 POH-bah,26,仅历史可注册证据（需重查）,,2026-09-30T04:09:23.640Z,poba拟音易读但未证词义；缺独立用途,待查独立品牌经营者,未做逐名净空,False,,三至七字母短名,https://porkbun.com/checkout/search,,,,,,
1933,poda.si,读作 POH-dah,26,仅历史可注册证据（需重查）,,2026-09-30T04:09:23.640Z,poda拟音易读但未证词义；缺独立用途,待查独立品牌经营者,未做逐名净空,False,,三至七字母短名,https://porkbun.com/checkout/search,,,,,,
1934,pova.si,读作 POH-vah,26,仅历史可注册证据（需重查）,,2026-09-30T03:58:41.725Z,pova拟音易读但未证词义；缺独立用途,待查独立品牌经营者,未做逐名净空,False,,三至七字母短名,https://porkbun.com/checkout/search,,,,,,
1935,pove.si,拟音 po-ve；未赋词义,26,仅历史可注册证据（需重查）,,2026-09-30T03:04:40.097Z,pove拟音易读但未证词义；缺独立用途,待查独立品牌经营者,未做逐名净空,False,,三至七字母短名,https://porkbun.com/checkout/search,,,,,,
1936,rapo.si,读作 RAH-poh,26,仅历史可注册证据（需重查）,,2026-09-30T03:58:41.725Z,rapo拟音易读但未证词义；缺独立用途,待查独立品牌经营者,未做逐名净空,False,,三至七字母短名,https://porkbun.com/checkout/search,,,,,,
1937,raso.si,读作 RAH-soh,26,仅历史可注册证据（需重查）,,2026-09-30T03:58:41.725Z,raso拟音易读但未证词义；缺独立用途,待查独立品牌经营者,未做逐名净空,False,,三至七字母短名,https://porkbun.com/checkout/search,,,,,,
1938,renu.si,读作 REH-noo,26,仅历史可注册证据（需重查）,,2026-09-30T03:06:49.522Z,renu拟音易读但未证词义；缺独立用途,待查独立品牌经营者,未做逐名净空,False,,三至七字母短名,https://porkbun.com/checkout/search,,,,,,
1939,rila.si,读作 REE-lah,26,仅历史可注册证据（需重查）,,2026-09-30T03:06:49.522Z,rila拟音易读但未证词义；缺独立用途,待查独立品牌经营者,未做逐名净空,False,,三至七字母短名,https://porkbun.com/checkout/search,,,,,,
1940,ruma.si,拟音 ru-ma；未赋词义,26,仅历史可注册证据（需重查）,,2026-09-30T03:04:40.097Z,ruma拟音易读但未证词义；缺独立用途,待查独立品牌经营者,未做逐名净空,False,,三至七字母短名,https://porkbun.com/checkout/search,,,,,,
1941,ruro.si,拟音 ru-ro；未赋词义,26,仅历史可注册证据（需重查）,,2026-09-30T03:04:40.097Z,ruro拟音易读但未证词义；缺独立用途,待查独立品牌经营者,未做逐名净空,False,,三至七字母短名,https://porkbun.com/checkout/search,,,,,,
1942,sove.si,拟音 so-ve；未赋词义,26,仅历史可注册证据（需重查）,,2026-09-30T03:55:37.126Z,sove拟音易读但未证词义；缺独立用途,待查独立品牌经营者,未做逐名净空,False,,三至七字母短名,https://porkbun.com/checkout/search,,,,,,
1943,toba.si,读作 TOH-bah,26,仅历史可注册证据（需重查）,,2026-09-30T04:09:23.640Z,toba拟音易读但未证词义；缺独立用途,待查独立品牌经营者,未做逐名净空,False,,三至七字母短名,https://porkbun.com/checkout/search,,,,,,
1944,tove.si,拟音 to-ve；未赋词义,26,仅历史可注册证据（需重查）,,2026-09-30T03:55:37.126Z,tove拟音易读但未证词义；缺独立用途,待查独立品牌经营者,未做逐名净空,False,,三至七字母短名,https://porkbun.com/checkout/search,,,,,,
1945,vapo.si,读作 VAH-poh,26,仅历史可注册证据（需重查）,,2026-09-30T03:58:41.725Z,vapo拟音易读但未证词义；缺独立用途,待查独立品牌经营者,未做逐名净空,False,,三至七字母短名,https://porkbun.com/checkout/search,,,,,,
1946,vavi.si,拟音 va-vi；未赋词义,26,仅历史可注册证据（需重查）,,2026-09-30T03:55:37.126Z,vavi拟音易读但未证词义；缺独立用途,待查独立品牌经营者,未做逐名净空,False,,三至七字母短名,https://porkbun.com/checkout/search,,,,,,
1947,vesa.si,读作 VEH-sah,26,仅历史可注册证据（需重查）,,2026-09-30T03:58:41.725Z,vesa拟音易读但未证词义；缺独立用途,待查独立品牌经营者,未做逐名净空,False,,三至七字母短名,https://porkbun.com/checkout/search,,,,,,
1948,zoda.si,读作 ZOH-dah,26,仅历史可注册证据（需重查）,,2026-09-30T04:09:23.640Z,zoda拟音易读但未证词义；缺独立用途,待查独立品牌经营者,未做逐名净空,False,,三至七字母短名,https://porkbun.com/checkout/search,,,,,,
1949,zove.si,拟音 zo-ve；未赋词义,26,仅历史可注册证据（需重查）,,2026-09-30T03:55:37.126Z,zove拟音易读但未证词义；缺独立用途,待查独立品牌经营者,未做逐名净空,False,,三至七字母短名,https://porkbun.com/checkout/search,,,,,,
1950,amberday.si,琥珀白昼,25,仅历史可注册证据（需重查）,,2026-09-30T07:43:37.252Z,原用途复筛指出搭配生硬，只有抽象意象缺客户入口,生活方式概念品牌团队,未做逐名净空,False,,名称用途与买家复筛；自然组合与可读品牌词,https://www.inwx.com/en/domain/check?domain=amberday.si,,,,,,
1951,atlasarc.si,地图集弧线,25,仅历史可注册证据（需重查）,,2026-09-30T07:44:46.939Z,原用途复筛指出搭配生硬，只有抽象意象缺客户入口,生活方式概念品牌团队,未做逐名净空,False,,名称用途与买家复筛；自然组合与可读品牌词,https://www.inwx.com/en/domain/check?domain=atlasarc.si,,,,,,
1952,goldrise.si,金色升起,25,仅历史可注册证据（需重查）,,2026-09-30T07:44:16.482Z,原用途复筛指出搭配生硬，只有抽象意象缺客户入口,生活方式概念品牌团队,未做逐名净空,False,,名称用途与买家复筛；自然组合与可读品牌词,https://www.inwx.com/en/domain/check?domain=goldrise.si,,,,,,
1953,hazemuse.si,薄霭灵感,25,仅历史可注册证据（需重查）,,2026-09-30T07:43:57.277Z,原用途复筛指出搭配生硬，只有抽象意象缺客户入口,生活方式概念品牌团队,未做逐名净空,False,,名称用途与买家复筛；自然组合与可读品牌词,https://www.inwx.com/en/domain/check?domain=hazemuse.si,,,,,,
1954,warmline.si,温暖线条,25,仅历史可注册证据（需重查）,,2026-09-30T07:44:39.450Z,原用途复筛指出搭配生硬，只有抽象意象缺客户入口,生活方式概念品牌团队,未做逐名净空,False,,名称用途与买家复筛；自然组合与可读品牌词,https://www.inwx.com/en/domain/check?domain=warmline.si,,,,,,
1955,mistaken.si,词义/用途尚待补充,25,仅历史可注册证据（需重查）,,2026-09-30T16:11:07.884Z,错误状态词有负面含义，品牌传播不利,教育纠错内容团队,未做逐名净空,False,,英语普通词大池,https://regery.com/en/bulksearch,,,,,,
1956,brutality.si,词义/用途尚待补充,25,仅历史可注册证据（需重查）,,2026-09-30T12:45:14.499Z,残酷词义强负面；一般品牌难用,叙事游戏团队,未做逐名净空,False,,英语普通词大池,https://regery.com/en/bulksearch,,,,,,
1957,vivino.si,vino 葡萄酒词根联想,24,仅历史可注册证据（需重查）,,2026-09-30T05:31:39.940Z,仅有既有品牌生态用途，精确名称转售需求缺依据,既有品牌生态经营者（授权及采购意向未核）,未做逐名净空,False,,名称用途与买家复筛；已有品牌与产品名；已有品牌采用优选50；跨方法优选100；中外公司及品牌扩扫,https://porkbun.com/checkout/search,,,,,,
1958,plotly.si,plot 作图加轻快词尾,24,仅历史可注册证据（需重查）,,2026-09-30T05:22:54.268Z,仅有既有品牌生态用途，精确名称转售需求缺依据,既有品牌生态经营者（授权及采购意向未核）,未做逐名净空,False,,名称用途与买家复筛；已有品牌与产品名；已有品牌采用优选50；跨方法优选100；中外公司及品牌扩扫,https://porkbun.com/checkout/search,,,,,,
1959,folo.si,follow 的短拼写联想,24,仅历史可注册证据（需重查）,,2026-09-30T04:49:10.185Z,仅有既有品牌生态用途，精确名称转售需求缺依据,既有品牌生态经营者（授权及采购意向未核）,未做逐名净空,False,,名称用途与买家复筛；已有品牌与产品名；已有品牌采用优选50；跨方法优选100；中外公司及品牌扩扫,https://porkbun.com/checkout/search,,,,,,
1960,carrd.si,card 的缩拼,24,仅历史可注册证据（需重查）,,2026-09-30T04:54:27.936Z,仅有既有品牌生态用途，精确名称转售需求缺依据,既有品牌生态经营者（授权及采购意向未核）,未做逐名净空,False,,名称用途与买家复筛；已有品牌与产品名；已有品牌采用优选50；跨方法优选100；中外公司及品牌扩扫,https://porkbun.com/checkout/search,,,,,,
1961,feedly.si,feed 加轻快词尾,24,仅历史可注册证据（需重查）,,2026-09-30T05:22:54.268Z,仅有既有品牌生态用途，精确名称转售需求缺依据,既有品牌生态经营者（授权及采购意向未核）,未做逐名净空,False,,名称用途与买家复筛；已有品牌与产品名；已有品牌采用优选50；跨方法优选100；中外公司及品牌扩扫,https://porkbun.com/checkout/search,,,,,,
1962,flickr.si,flicker 的短拼写,24,仅历史可注册证据（需重查）,,2026-09-30T05:22:54.268Z,仅有既有品牌生态用途，精确名称转售需求缺依据,既有品牌生态经营者（授权及采购意向未核）,未做逐名净空,False,,名称用途与买家复筛；已有品牌与产品名；已有品牌采用优选50；跨方法优选100；中外公司及品牌扩扫,https://porkbun.com/checkout/search,,,,,,
1963,padlet.si,pad 加小型后缀,24,仅历史可注册证据（需重查）,,2026-09-30T05:22:54.268Z,仅有既有品牌生态用途，精确名称转售需求缺依据,既有品牌生态经营者（授权及采购意向未核）,未做逐名净空,False,,名称用途与买家复筛；已有品牌与产品名；已有品牌采用优选50；跨方法优选100；中外公司及品牌扩扫,https://porkbun.com/checkout/search,,,,,,
1964,pexels.si,pixels 像素的近音构词,24,仅历史可注册证据（需重查）,,2026-09-30T05:22:54.268Z,仅有既有品牌生态用途，精确名称转售需求缺依据,既有品牌生态经营者（授权及采购意向未核）,未做逐名净空,False,,名称用途与买家复筛；已有品牌与产品名；已有品牌采用优选50；跨方法优选100；中外公司及品牌扩扫,https://porkbun.com/checkout/search,,,,,,
1965,unsplash.si,un 加 splash；泼洒,24,仅历史可注册证据（需重查）,,2026-09-30T05:43:16.369Z,仅有既有品牌生态用途，精确名称转售需求缺依据,既有品牌生态经营者（授权及采购意向未核）,未做逐名净空,False,,名称用途与买家复筛；已有品牌与产品名；已有品牌采用优选50；跨方法优选100；中外公司及品牌扩扫,https://porkbun.com/checkout/search,,,,,,
1966,fyle.si,file 的换拼写,24,仅历史可注册证据（需重查）,,2026-09-30T04:49:10.185Z,仅有既有品牌生态用途，精确名称转售需求缺依据,既有品牌生态经营者（授权及采购意向未核）,未做逐名净空,False,,名称用途与买家复筛；已有品牌与产品名；中外公司及品牌扩扫,https://porkbun.com/checkout/search,,,,,,
1967,hevy.si,heavy 的短拼写,24,仅历史可注册证据（需重查）,,2026-09-30T04:49:10.185Z,仅有既有品牌生态用途，精确名称转售需求缺依据,既有品牌生态经营者（授权及采购意向未核）,未做逐名净空,False,,名称用途与买家复筛；已有品牌与产品名；中外公司及品牌扩扫,https://porkbun.com/checkout/search,,,,,,
1968,grocy.si,grocery 的短形,24,仅历史可注册证据（需重查）,,2026-09-30T04:59:43.649Z,仅有既有品牌生态用途，精确名称转售需求缺依据,既有品牌生态经营者（授权及采购意向未核）,未做逐名净空,False,,名称用途与买家复筛；已有品牌与产品名；中外公司及品牌扩扫,https://porkbun.com/checkout/search,,,,,,
1969,qmk.si,QMK,24,仅历史可注册证据（需重查）,,2026-09-30T04:49:10.185Z,仅有既有品牌生态用途，精确名称转售需求缺依据,既有品牌生态经营者（授权及采购意向未核）,未做逐名净空,False,,名称用途与买家复筛；已有品牌与产品名；中外公司及品牌扩扫,https://porkbun.com/checkout/search,,,,,,
1970,zsh.si,Zsh,24,仅历史可注册证据（需重查）,,2026-09-30T04:49:10.185Z,仅有既有品牌生态用途，精确名称转售需求缺依据,既有品牌生态经营者（授权及采购意向未核）,未做逐名净空,False,,名称用途与买家复筛；已有品牌与产品名；中外公司及品牌扩扫,https://porkbun.com/checkout/search,,,,,,
1971,ceph.si,Ceph,24,仅历史可注册证据（需重查）,,2026-09-30T04:49:10.185Z,仅有既有品牌生态用途，精确名称转售需求缺依据,既有品牌生态经营者（授权及采购意向未核）,未做逐名净空,False,,名称用途与买家复筛；已有品牌与产品名；中外公司及品牌扩扫,https://porkbun.com/checkout/search,,,,,,
1972,dapr.si,Dapr,24,仅历史可注册证据（需重查）,,2026-09-30T04:49:10.185Z,仅有既有品牌生态用途，精确名称转售需求缺依据,既有品牌生态经营者（授权及采购意向未核）,未做逐名净空,False,,名称用途与买家复筛；已有品牌与产品名；中外公司及品牌扩扫,https://porkbun.com/checkout/search,,,,,,
1973,etcd.si,etcd,24,仅历史可注册证据（需重查）,,2026-09-30T04:49:10.185Z,仅有既有品牌生态用途，精确名称转售需求缺依据,既有品牌生态经营者（授权及采购意向未核）,未做逐名净空,False,,名称用途与买家复筛；已有品牌与产品名；中外公司及品牌扩扫,https://porkbun.com/checkout/search,,,,,,
1974,gdal.si,GDAL,24,仅历史可注册证据（需重查）,,2026-09-30T04:49:10.185Z,仅有既有品牌生态用途，精确名称转售需求缺依据,既有品牌生态经营者（授权及采购意向未核）,未做逐名净空,False,,名称用途与买家复筛；已有品牌与产品名；中外公司及品牌扩扫,https://porkbun.com/checkout/search,,,,,,
1975,gocd.si,GoCD,24,仅历史可注册证据（需重查）,,2026-09-30T04:49:10.185Z,仅有既有品牌生态用途，精确名称转售需求缺依据,既有品牌生态经营者（授权及采购意向未核）,未做逐名净空,False,,名称用途与买家复筛；已有品牌与产品名；中外公司及品牌扩扫,https://porkbun.com/checkout/search,,,,,,
1976,gsap.si,GSAP,24,仅历史可注册证据（需重查）,,2026-09-30T04:49:10.185Z,仅有既有品牌生态用途，精确名称转售需求缺依据,既有品牌生态经营者（授权及采购意向未核）,未做逐名净空,False,,名称用途与买家复筛；已有品牌与产品名；中外公司及品牌扩扫,https://porkbun.com/checkout/search,,,,,,
1977,htmx.si,htmx,24,仅历史可注册证据（需重查）,,2026-09-30T04:49:10.185Z,仅有既有品牌生态用途，精确名称转售需求缺依据,既有品牌生态经营者（授权及采购意向未核）,未做逐名净空,False,,名称用途与买家复筛；已有品牌与产品名；中外公司及品牌扩扫,https://porkbun.com/checkout/search,,,,,,
1978,htop.si,htop,24,仅历史可注册证据（需重查）,,2026-09-30T04:49:10.185Z,仅有既有品牌生态用途，精确名称转售需求缺依据,既有品牌生态经营者（授权及采购意向未核）,未做逐名净空,False,,名称用途与买家复筛；已有品牌与产品名；中外公司及品牌扩扫,https://porkbun.com/checkout/search,,,,,,
1979,juce.si,JUCE,24,仅历史可注册证据（需重查）,,2026-09-30T04:49:10.185Z,仅有既有品牌生态用途，精确名称转售需求缺依据,既有品牌生态经营者（授权及采购意向未核）,未做逐名净空,False,,名称用途与买家复筛；已有品牌与产品名；中外公司及品牌扩扫,https://porkbun.com/checkout/search,,,,,,
1980,ktor.si,Ktor,24,仅历史可注册证据（需重查）,,2026-09-30T04:49:10.185Z,仅有既有品牌生态用途，精确名称转售需求缺依据,既有品牌生态经营者（授权及采购意向未核）,未做逐名净空,False,,名称用途与买家复筛；已有品牌与产品名；中外公司及品牌扩扫,https://porkbun.com/checkout/search,,,,,,
1981,lmms.si,LMMS,24,仅历史可注册证据（需重查）,,2026-09-30T04:49:10.185Z,仅有既有品牌生态用途，精确名称转售需求缺依据,既有品牌生态经营者（授权及采购意向未核）,未做逐名净空,False,,名称用途与买家复筛；已有品牌与产品名；中外公司及品牌扩扫,https://porkbun.com/checkout/search,,,,,,
1982,lvgl.si,LVGL,24,仅历史可注册证据（需重查）,,2026-09-30T04:49:10.185Z,仅有既有品牌生态用途，精确名称转售需求缺依据,既有品牌生态经营者（授权及采购意向未核）,未做逐名净空,False,,名称用途与买家复筛；已有品牌与产品名；中外公司及品牌扩扫,https://porkbun.com/checkout/search,,,,,,
1983,mamp.si,MAMP,24,仅历史可注册证据（需重查）,,2026-09-30T04:49:10.185Z,仅有既有品牌生态用途，精确名称转售需求缺依据,既有品牌生态经营者（授权及采购意向未核）,未做逐名净空,False,,名称用途与买家复筛；已有品牌与产品名；中外公司及品牌扩扫,https://porkbun.com/checkout/search,,,,,,
1984,mobx.si,MobX,24,仅历史可注册证据（需重查）,,2026-09-30T04:49:10.185Z,仅有既有品牌生态用途，精确名称转售需求缺依据,既有品牌生态经营者（授权及采购意向未核）,未做逐名净空,False,,名称用途与买家复筛；已有品牌与产品名；中外公司及品牌扩扫,https://porkbun.com/checkout/search,,,,,,
1985,modx.si,MODX,24,仅历史可注册证据（需重查）,,2026-09-30T04:49:10.185Z,仅有既有品牌生态用途，精确名称转售需求缺依据,既有品牌生态经营者（授权及采购意向未核）,未做逐名净空,False,,名称用途与买家复筛；已有品牌与产品名；中外公司及品牌扩扫,https://porkbun.com/checkout/search,,,,,,
1986,ngrx.si,NgRx,24,仅历史可注册证据（需重查）,,2026-09-30T04:49:10.185Z,仅有既有品牌生态用途，精确名称转售需求缺依据,既有品牌生态经营者（授权及采购意向未核）,未做逐名净空,False,,名称用途与买家复筛；已有品牌与产品名；中外公司及品牌扩扫,https://porkbun.com/checkout/search,,,,,,
1987,nsis.si,NSIS,24,仅历史可注册证据（需重查）,,2026-09-30T04:49:10.185Z,仅有既有品牌生态用途，精确名称转售需求缺依据,既有品牌生态经营者（授权及采购意向未核）,未做逐名净空,False,,名称用途与买家复筛；已有品牌与产品名；中外公司及品牌扩扫,https://porkbun.com/checkout/search,,,,,,
1988,pipx.si,pipx,24,仅历史可注册证据（需重查）,,2026-09-30T04:49:10.185Z,仅有既有品牌生态用途，精确名称转售需求缺依据,既有品牌生态经营者（授权及采购意向未核）,未做逐名净空,False,,名称用途与买家复筛；已有品牌与产品名；中外公司及品牌扩扫,https://porkbun.com/checkout/search,,,,,,
1989,pnpm.si,pnpm,24,仅历史可注册证据（需重查）,,2026-09-30T04:49:10.185Z,仅有既有品牌生态用途，精确名称转售需求缺依据,既有品牌生态经营者（授权及采购意向未核）,未做逐名净空,False,,名称用途与买家复筛；已有品牌与产品名；中外公司及品牌扩扫,https://porkbun.com/checkout/search,,,,,,
1990,pypi.si,PyPI,24,仅历史可注册证据（需重查）,,2026-09-30T04:49:10.185Z,仅有既有品牌生态用途，精确名称转售需求缺依据,既有品牌生态经营者（授权及采购意向未核）,未做逐名净空,False,,名称用途与买家复筛；已有品牌与产品名；中外公司及品牌扩扫,https://porkbun.com/checkout/search,,,,,,
1991,pypy.si,PyPy,24,仅历史可注册证据（需重查）,,2026-09-30T04:49:10.185Z,仅有既有品牌生态用途，精确名称转售需求缺依据,既有品牌生态经营者（授权及采购意向未核）,未做逐名净空,False,,名称用途与买家复筛；已有品牌与产品名；中外公司及品牌扩扫,https://porkbun.com/checkout/search,,,,,,
1992,pyup.si,PyUp,24,仅历史可注册证据（需重查）,,2026-09-30T04:49:10.185Z,仅有既有品牌生态用途，精确名称转售需求缺依据,既有品牌生态经营者（授权及采购意向未核）,未做逐名净空,False,,名称用途与买家复筛；已有品牌与产品名；中外公司及品牌扩扫,https://porkbun.com/checkout/search,,,,,,
1993,qemu.si,QEMU,24,仅历史可注册证据（需重查）,,2026-09-30T04:49:10.185Z,仅有既有品牌生态用途，精确名称转售需求缺依据,既有品牌生态经营者（授权及采购意向未核）,未做逐名净空,False,,名称用途与买家复筛；已有品牌与产品名；中外公司及品牌扩扫,https://porkbun.com/checkout/search,,,,,,
1994,rxdb.si,RxDB,24,仅历史可注册证据（需重查）,,2026-09-30T04:49:10.185Z,仅有既有品牌生态用途，精确名称转售需求缺依据,既有品牌生态经营者（授权及采购意向未核）,未做逐名净空,False,,名称用途与买家复筛；已有品牌与产品名；中外公司及品牌扩扫,https://porkbun.com/checkout/search,,,,,,
1995,sfml.si,SFML,24,仅历史可注册证据（需重查）,,2026-09-30T04:49:10.185Z,仅有既有品牌生态用途，精确名称转售需求缺依据,既有品牌生态经营者（授权及采购意向未核）,未做逐名净空,False,,名称用途与买家复筛；已有品牌与产品名；中外公司及品牌扩扫,https://porkbun.com/checkout/search,,,,,,
1996,svgo.si,SVGO,24,仅历史可注册证据（需重查）,,2026-09-30T04:54:27.936Z,仅有既有品牌生态用途，精确名称转售需求缺依据,既有品牌生态经营者（授权及采购意向未核）,未做逐名净空,False,,名称用途与买家复筛；已有品牌与产品名；中外公司及品牌扩扫,https://porkbun.com/checkout/search,,,,,,
1997,tidb.si,TiDB,24,仅历史可注册证据（需重查）,,2026-09-30T04:54:27.936Z,仅有既有品牌生态用途，精确名称转售需求缺依据,既有品牌生态经营者（授权及采购意向未核）,未做逐名净空,False,,名称用途与买家复筛；已有品牌与产品名；中外公司及品牌扩扫,https://porkbun.com/checkout/search,,,,,,
1998,tmux.si,tmux,24,仅历史可注册证据（需重查）,,2026-09-30T04:54:27.936Z,仅有既有品牌生态用途，精确名称转售需求缺依据,既有品牌生态经营者（授权及采购意向未核）,未做逐名净空,False,,名称用途与买家复筛；已有品牌与产品名；中外公司及品牌扩扫,https://porkbun.com/checkout/search,,,,,,
1999,tqdm.si,tqdm,24,仅历史可注册证据（需重查）,,2026-09-30T04:54:27.936Z,仅有既有品牌生态用途，精确名称转售需求缺依据,既有品牌生态经营者（授权及采购意向未核）,未做逐名净空,False,,名称用途与买家复筛；已有品牌与产品名；中外公司及品牌扩扫,https://porkbun.com/checkout/search,,,,,,
2000,trpc.si,tRPC,24,仅历史可注册证据（需重查）,,2026-09-30T04:54:27.936Z,仅有既有品牌生态用途，精确名称转售需求缺依据,既有品牌生态经营者（授权及采购意向未核）,未做逐名净空,False,,名称用途与买家复筛；已有品牌与产品名；中外公司及品牌扩扫,https://porkbun.com/checkout/search,,,,,,
2001,unjs.si,UnJS,24,仅历史可注册证据（需重查）,,2026-09-30T04:54:27.936Z,仅有既有品牌生态用途，精确名称转售需求缺依据,既有品牌生态经营者（授权及采购意向未核）,未做逐名净空,False,,名称用途与买家复筛；已有品牌与产品名；中外公司及品牌扩扫,https://porkbun.com/checkout/search,,,,,,
2002,visx.si,visx,24,仅历史可注册证据（需重查）,,2026-09-30T04:54:27.936Z,仅有既有品牌生态用途，精确名称转售需求缺依据,既有品牌生态经营者（授权及采购意向未核）,未做逐名净空,False,,名称用途与买家复筛；已有品牌与产品名；中外公司及品牌扩扫,https://porkbun.com/checkout/search,,,,,,
2003,wgpu.si,wgpu,24,仅历史可注册证据（需重查）,,2026-09-30T04:54:27.936Z,仅有既有品牌生态用途，精确名称转售需求缺依据,既有品牌生态经营者（授权及采购意向未核）,未做逐名净空,False,,名称用途与买家复筛；已有品牌与产品名；中外公司及品牌扩扫,https://porkbun.com/checkout/search,,,,,,
2004,xfce.si,XFCE,24,仅历史可注册证据（需重查）,,2026-09-30T04:54:27.936Z,仅有既有品牌生态用途，精确名称转售需求缺依据,既有品牌生态经营者（授权及采购意向未核）,未做逐名净空,False,,名称用途与买家复筛；已有品牌与产品名；中外公司及品牌扩扫,https://porkbun.com/checkout/search,,,,,,
2005,acode.si,Acode,24,仅历史可注册证据（需重查）,,2026-09-30T04:54:27.936Z,仅有既有品牌生态用途，精确名称转售需求缺依据,既有品牌生态经营者（授权及采购意向未核）,未做逐名净空,False,,名称用途与买家复筛；已有品牌与产品名；中外公司及品牌扩扫,https://porkbun.com/checkout/search,,,,,,
2006,actix.si,Actix,24,仅历史可注册证据（需重查）,,2026-09-30T04:54:27.936Z,仅有既有品牌生态用途，精确名称转售需求缺依据,既有品牌生态经营者（授权及采购意向未核）,未做逐名净空,False,,名称用途与买家复筛；已有品牌与产品名；中外公司及品牌扩扫,https://porkbun.com/checkout/search,,,,,,
2007,avajs.si,avajs,24,仅历史可注册证据（需重查）,,2026-09-30T04:54:27.936Z,仅有既有品牌生态用途，精确名称转售需求缺依据,既有品牌生态经营者（授权及采购意向未核）,未做逐名净空,False,,名称用途与买家复筛；已有品牌与产品名；中外公司及品牌扩扫,https://porkbun.com/checkout/search,,,,,,
2008,bazel.si,Bazel,24,仅历史可注册证据（需重查）,,2026-09-30T04:54:27.936Z,仅有既有品牌生态用途，精确名称转售需求缺依据,既有品牌生态经营者（授权及采购意向未核）,未做逐名净空,False,,名称用途与买家复筛；已有品牌与产品名；中外公司及品牌扩扫,https://porkbun.com/checkout/search,,,,,,
2009,bspwm.si,bspwm,24,仅历史可注册证据（需重查）,,2026-09-30T04:54:27.936Z,仅有既有品牌生态用途，精确名称转售需求缺依据,既有品牌生态经营者（授权及采购意向未核）,未做逐名净空,False,,名称用途与买家复筛；已有品牌与产品名；中外公司及品牌扩扫,https://porkbun.com/checkout/search,,,,,,
2010,buefy.si,Buefy,24,仅历史可注册证据（需重查）,,2026-09-30T04:54:27.936Z,仅有既有品牌生态用途，精确名称转售需求缺依据,既有品牌生态经营者（授权及采购意向未核）,未做逐名净空,False,,名称用途与买家复筛；已有品牌与产品名；中外公司及品牌扩扫,https://porkbun.com/checkout/search,,,,,,
2011,bulma.si,Bulma,24,仅历史可注册证据（需重查）,,2026-09-30T04:54:27.936Z,仅有既有品牌生态用途，精确名称转售需求缺依据,既有品牌生态经营者（授权及采购意向未核）,未做逐名净空,False,,名称用途与买家复筛；已有品牌与产品名；中外公司及品牌扩扫,https://porkbun.com/checkout/search,,,,,,
2012,cmake.si,CMake,24,仅历史可注册证据（需重查）,,2026-09-30T04:54:27.936Z,仅有既有品牌生态用途，精确名称转售需求缺依据,既有品牌生态经营者（授权及采购意向未核）,未做逐名净空,False,,名称用途与买家复筛；已有品牌与产品名；中外公司及品牌扩扫,https://porkbun.com/checkout/search,,,,,,
2013,codio.si,Codio,24,仅历史可注册证据（需重查）,,2026-09-30T04:54:27.936Z,仅有既有品牌生态用途，精确名称转售需求缺依据,既有品牌生态经营者（授权及采购意向未核）,未做逐名净空,False,,名称用途与买家复筛；已有品牌与产品名；中外公司及品牌扩扫,https://porkbun.com/checkout/search,,,,,,
2014,filen.si,file 加 n,24,仅历史可注册证据（需重查）,,2026-09-30T04:54:27.936Z,仅有既有品牌生态用途，精确名称转售需求缺依据,既有品牌生态经营者（授权及采购意向未核）,未做逐名净空,False,,名称用途与买家复筛；已有品牌与产品名；中外公司及品牌扩扫,https://porkbun.com/checkout/search,,,,,,
2015,gcore.si,Gcore,24,仅历史可注册证据（需重查）,,2026-09-30T04:59:43.649Z,仅有既有品牌生态用途，精确名称转售需求缺依据,既有品牌生态经营者（授权及采购意向未核）,未做逐名净空,False,,名称用途与买家复筛；已有品牌与产品名；中外公司及品牌扩扫,https://porkbun.com/checkout/search,,,,,,
2016,gitea.si,Gitea,24,仅历史可注册证据（需重查）,,2026-09-30T04:59:43.649Z,仅有既有品牌生态用途，精确名称转售需求缺依据,既有品牌生态经营者（授权及采购意向未核）,未做逐名净空,False,,名称用途与买家复筛；已有品牌与产品名；中外公司及品牌扩扫,https://porkbun.com/checkout/search,,,,,,
2017,gitee.si,Gitee,24,仅历史可注册证据（需重查）,,2026-09-30T04:59:43.649Z,仅有既有品牌生态用途，精确名称转售需求缺依据,既有品牌生态经营者（授权及采购意向未核）,未做逐名净空,False,,名称用途与买家复筛；已有品牌与产品名；中外公司及品牌扩扫,https://porkbun.com/checkout/search,,,,,,
2018,ifttt.si,IFTTT,24,仅历史可注册证据（需重查）,,2026-09-30T04:59:43.649Z,仅有既有品牌生态用途，精确名称转售需求缺依据,既有品牌生态经营者（授权及采购意向未核）,未做逐名净空,False,,名称用途与买家复筛；已有品牌与产品名；中外公司及品牌扩扫,https://porkbun.com/checkout/search,,,,,,
2019,istio.si,Istio,24,仅历史可注册证据（需重查）,,2026-09-30T04:59:43.649Z,仅有既有品牌生态用途，精确名称转售需求缺依据,既有品牌生态经营者（授权及采购意向未核）,未做逐名净空,False,,名称用途与买家复筛；已有品牌与产品名；中外公司及品牌扩扫,https://porkbun.com/checkout/search,,,,,,
2020,jfrog.si,JFrog,24,仅历史可注册证据（需重查）,,2026-09-30T04:59:43.649Z,仅有既有品牌生态用途，精确名称转售需求缺依据,既有品牌生态经营者（授权及采购意向未核）,未做逐名净空,False,,名称用途与买家复筛；已有品牌与产品名；中外公司及品牌扩扫,https://porkbun.com/checkout/search,,,,,,
2021,kedro.si,Kedro,24,仅历史可注册证据（需重查）,,2026-09-30T04:59:43.649Z,仅有既有品牌生态用途，精确名称转售需求缺依据,既有品牌生态经营者（授权及采购意向未核）,未做逐名净空,False,,名称用途与买家复筛；已有品牌与产品名；中外公司及品牌扩扫,https://porkbun.com/checkout/search,,,,,,
2022,kicad.si,KiCad,24,仅历史可注册证据（需重查）,,2026-09-30T04:59:43.649Z,仅有既有品牌生态用途，精确名称转售需求缺依据,既有品牌生态经营者（授权及采购意向未核）,未做逐名净空,False,,名称用途与买家复筛；已有品牌与产品名；中外公司及品牌扩扫,https://porkbun.com/checkout/search,,,,,,
2023,kiwix.si,Kiwix,24,仅历史可注册证据（需重查）,,2026-09-30T04:59:43.649Z,仅有既有品牌生态用途，精确名称转售需求缺依据,既有品牌生态经营者（授权及采购意向未核）,未做逐名净空,False,,名称用途与买家复筛；已有品牌与产品名；中外公司及品牌扩扫,https://porkbun.com/checkout/search,,,,,,
2024,knime.si,KNIME,24,仅历史可注册证据（需重查）,,2026-09-30T04:59:43.649Z,仅有既有品牌生态用途，精确名称转售需求缺依据,既有品牌生态经营者（授权及采购意向未核）,未做逐名净空,False,,名称用途与买家复筛；已有品牌与产品名；中外公司及品牌扩扫,https://porkbun.com/checkout/search,,,,,,
2025,konva.si,Konva,24,仅历史可注册证据（需重查）,,2026-09-30T04:59:43.649Z,仅有既有品牌生态用途，精确名称转售需求缺依据,既有品牌生态经营者（授权及采购意向未核）,未做逐名净空,False,,名称用途与买家复筛；已有品牌与产品名；中外公司及品牌扩扫,https://porkbun.com/checkout/search,,,,,,
2026,lapce.si,Lapce,24,仅历史可注册证据（需重查）,,2026-09-30T04:59:43.649Z,仅有既有品牌生态用途，精确名称转售需求缺依据,既有品牌生态经营者（授权及采购意向未核）,未做逐名净空,False,,名称用途与买家复筛；已有品牌与产品名；中外公司及品牌扩扫,https://porkbun.com/checkout/search,,,,,,
2027,lerna.si,Lerna,24,仅历史可注册证据（需重查）,,2026-09-30T04:59:43.649Z,仅有既有品牌生态用途，精确名称转售需求缺依据,既有品牌生态经营者（授权及采购意向未核）,未做逐名净空,False,,名称用途与买家复筛；已有品牌与产品名；中外公司及品牌扩扫,https://porkbun.com/checkout/search,,,,,,
2028,libuv.si,libuv,24,仅历史可注册证据（需重查）,,2026-09-30T04:59:43.649Z,仅有既有品牌生态用途，精确名称转售需求缺依据,既有品牌生态经营者（授权及采购意向未核）,未做逐名净空,False,,名称用途与买家复筛；已有品牌与产品名；中外公司及品牌扩扫,https://porkbun.com/checkout/search,,,,,,
2029,minio.si,MinIO,24,仅历史可注册证据（需重查）,,2026-09-30T04:59:43.649Z,仅有既有品牌生态用途，精确名称转售需求缺依据,既有品牌生态经营者（授权及采购意向未核）,未做逐名净空,False,,名称用途与买家复筛；已有品牌与产品名；中外公司及品牌扩扫,https://porkbun.com/checkout/search,,,,,,
2030,modin.si,Modin,24,仅历史可注册证据（需重查）,,2026-09-30T04:59:43.649Z,仅有既有品牌生态用途，精确名称转售需求缺依据,既有品牌生态经营者（授权及采购意向未核）,未做逐名净空,False,,名称用途与买家复筛；已有品牌与产品名；中外公司及品牌扩扫,https://porkbun.com/checkout/search,,,,,,
2031,nginx.si,NGINX,24,仅历史可注册证据（需重查）,,2026-09-30T05:02:23.379Z,仅有既有品牌生态用途，精确名称转售需求缺依据,既有品牌生态经营者（授权及采购意向未核）,未做逐名净空,False,,名称用途与买家复筛；已有品牌与产品名；中外公司及品牌扩扫,https://porkbun.com/checkout/search,,,,,,
2032,ngrok.si,ngrok,24,仅历史可注册证据（需重查）,,2026-09-30T05:02:23.379Z,仅有既有品牌生态用途，精确名称转售需求缺依据,既有品牌生态经营者（授权及采购意向未核）,未做逐名净空,False,,名称用途与买家复筛；已有品牌与产品名；中外公司及品牌扩扫,https://porkbun.com/checkout/search,,,,,,
2033,nhost.si,Nhost,24,仅历史可注册证据（需重查）,,2026-09-30T05:02:23.379Z,仅有既有品牌生态用途，精确名称转售需求缺依据,既有品牌生态经营者（授权及采购意向未核）,未做逐名净空,False,,名称用途与买家复筛；已有品牌与产品名；中外公司及品牌扩扫,https://porkbun.com/checkout/search,,,,,,
2034,nixos.si,NixOS,24,仅历史可注册证据（需重查）,,2026-09-30T05:02:23.379Z,仅有既有品牌生态用途，精确名称转售需求缺依据,既有品牌生态经营者（授权及采购意向未核）,未做逐名净空,False,,名称用途与买家复筛；已有品牌与产品名；中外公司及品牌扩扫,https://porkbun.com/checkout/search,,,,,,
2035,nuget.si,NuGet,24,仅历史可注册证据（需重查）,,2026-09-30T05:02:23.379Z,仅有既有品牌生态用途，精确名称转售需求缺依据,既有品牌生态经营者（授权及采购意向未核）,未做逐名净空,False,,名称用途与买家复筛；已有品牌与产品名；中外公司及品牌扩扫,https://porkbun.com/checkout/search,,,,,,
2036,numba.si,Numba,24,仅历史可注册证据（需重查）,,2026-09-30T05:02:23.379Z,仅有既有品牌生态用途，精确名称转售需求缺依据,既有品牌生态经营者（授权及采购意向未核）,未做逐名净空,False,,名称用途与买家复筛；已有品牌与产品名；中外公司及品牌扩扫,https://porkbun.com/checkout/search,,,,,,
2037,numpy.si,NumPy,24,仅历史可注册证据（需重查）,,2026-09-30T05:02:23.379Z,仅有既有品牌生态用途，精确名称转售需求缺依据,既有品牌生态经营者（授权及采购意向未核）,未做逐名净空,False,,名称用途与买家复筛；已有品牌与产品名；中外公司及品牌扩扫,https://porkbun.com/checkout/search,,,,,,
2038,ocaml.si,OCaml,24,仅历史可注册证据（需重查）,,2026-09-30T05:02:23.379Z,仅有既有品牌生态用途，精确名称转售需求缺依据,既有品牌生态经营者（授权及采购意向未核）,未做逐名净空,False,,名称用途与买家复筛；已有品牌与产品名；中外公司及品牌扩扫,https://porkbun.com/checkout/search,,,,,,
2039,oclif.si,oclif,24,仅历史可注册证据（需重查）,,2026-09-30T05:02:23.379Z,仅有既有品牌生态用途，精确名称转售需求缺依据,既有品牌生态经营者（授权及采购意向未核）,未做逐名净空,False,,名称用途与买家复筛；已有品牌与产品名；中外公司及品牌扩扫,https://porkbun.com/checkout/search,,,,,,
2040,orcid.si,ORCID,24,仅历史可注册证据（需重查）,,2026-09-30T05:02:23.379Z,仅有既有品牌生态用途，精确名称转售需求缺依据,既有品牌生态经营者（授权及采购意向未核）,未做逐名净空,False,,名称用途与买家复筛；已有品牌与产品名；中外公司及品牌扩扫,https://porkbun.com/checkout/search,,,,,,
2041,phpbb.si,phpBB,24,仅历史可注册证据（需重查）,,2026-09-30T05:02:23.379Z,仅有既有品牌生态用途，精确名称转售需求缺依据,既有品牌生态经营者（授权及采购意向未核）,未做逐名净空,False,,名称用途与买家复筛；已有品牌与产品名；中外公司及品牌扩扫,https://porkbun.com/checkout/search,,,,,,
2042,pycqa.si,PyCQA,24,仅历史可注册证据（需重查）,,2026-09-30T05:02:23.379Z,仅有既有品牌生态用途，精确名称转售需求缺依据,既有品牌生态经营者（授权及采购意向未核）,未做逐名净空,False,,名称用途与买家复筛；已有品牌与产品名；中外公司及品牌扩扫,https://porkbun.com/checkout/search,,,,,,
2043,sanic.si,Sanic,24,仅历史可注册证据（需重查）,,2026-09-30T05:02:23.379Z,仅有既有品牌生态用途，精确名称转售需求缺依据,既有品牌生态经营者（授权及采购意向未核）,未做逐名净空,False,,名称用途与买家复筛；已有品牌与产品名；中外公司及品牌扩扫,https://porkbun.com/checkout/search,,,,,,
2044,scipy.si,SciPy,24,仅历史可注册证据（需重查）,,2026-09-30T05:02:23.379Z,仅有既有品牌生态用途，精确名称转售需求缺依据,既有品牌生态经营者（授权及采购意向未核）,未做逐名净空,False,,名称用途与买家复筛；已有品牌与产品名；中外公司及品牌扩扫,https://porkbun.com/checkout/search,,,,,,
2045,slint.si,Slint,24,仅历史可注册证据（需重查）,,2026-09-30T05:02:23.379Z,仅有既有品牌生态用途，精确名称转售需求缺依据,既有品牌生态经营者（授权及采购意向未核）,未做逐名净空,False,,名称用途与买家复筛；已有品牌与产品名；中外公司及品牌扩扫,https://porkbun.com/checkout/search,,,,,,
2046,sympy.si,SymPy,24,仅历史可注册证据（需重查）,,2026-09-30T05:17:51.467Z,仅有既有品牌生态用途，精确名称转售需求缺依据,既有品牌生态经营者（授权及采购意向未核）,未做逐名净空,False,,名称用途与买家复筛；已有品牌与产品名；中外公司及品牌扩扫,https://porkbun.com/checkout/search,,,,,,
2047,taipy.si,Taipy,24,仅历史可注册证据（需重查）,,2026-09-30T05:17:51.467Z,仅有既有品牌生态用途，精确名称转售需求缺依据,既有品牌生态经营者（授权及采购意向未核）,未做逐名净空,False,,名称用途与买家复筛；已有品牌与产品名；中外公司及品牌扩扫,https://porkbun.com/checkout/search,,,,,,
2048,toggl.si,Toggl,24,仅历史可注册证据（需重查）,,2026-09-30T05:17:51.467Z,仅有既有品牌生态用途，精确名称转售需求缺依据,既有品牌生态经营者（授权及采购意向未核）,未做逐名净空,False,,名称用途与买家复筛；已有品牌与产品名；中外公司及品牌扩扫,https://porkbun.com/checkout/search,,,,,,
2049,trino.si,Trino,24,仅历史可注册证据（需重查）,,2026-09-30T05:17:51.467Z,仅有既有品牌生态用途，精确名称转售需求缺依据,既有品牌生态经营者（授权及采购意向未核）,未做逐名净空,False,,名称用途与买家复筛；已有品牌与产品名；中外公司及品牌扩扫,https://porkbun.com/checkout/search,,,,,,
2050,trivy.si,Trivy,24,仅历史可注册证据（需重查）,,2026-09-30T05:17:51.467Z,仅有既有品牌生态用途，精确名称转售需求缺依据,既有品牌生态经营者（授权及采购意向未核）,未做逐名净空,False,,名称用途与买家复筛；已有品牌与产品名；中外公司及品牌扩扫,https://porkbun.com/checkout/search,,,,,,
2051,typst.si,typeset 的压缩构词,24,仅历史可注册证据（需重查）,,2026-09-30T06:07:34.331Z,仅有既有品牌生态用途，精确名称转售需求缺依据,既有品牌生态经营者（授权及采购意向未核）,未做逐名净空,False,,名称用途与买家复筛；已有品牌与产品名；已有品牌采用优选50；跨方法优选100；中外公司及品牌扩扫,https://porkbun.com/checkout/search,,,,,,
2052,unpkg.si,unpkg,24,仅历史可注册证据（需重查）,,2026-09-30T06:07:34.331Z,仅有既有品牌生态用途，精确名称转售需求缺依据,既有品牌生态经营者（授权及采购意向未核）,未做逐名净空,False,,名称用途与买家复筛；已有品牌与产品名；中外公司及品牌扩扫,https://porkbun.com/checkout/search,,,,,,
2053,xampp.si,XAMPP,24,仅历史可注册证据（需重查）,,2026-09-30T06:07:34.331Z,仅有既有品牌生态用途，精确名称转售需求缺依据,既有品牌生态经营者（授权及采购意向未核）,未做逐名净空,False,,名称用途与买家复筛；已有品牌与产品名；中外公司及品牌扩扫,https://porkbun.com/checkout/search,,,,,,
2054,yoast.si,Yoast,24,仅历史可注册证据（需重查）,,2026-09-30T06:07:34.331Z,仅有既有品牌生态用途，精确名称转售需求缺依据,既有品牌生态经营者（授权及采购意向未核）,未做逐名净空,False,,名称用途与买家复筛；已有品牌与产品名；中外公司及品牌扩扫,https://porkbun.com/checkout/search,,,,,,
2055,zulip.si,Zulip,24,仅历史可注册证据（需重查）,,2026-09-30T06:07:34.331Z,仅有既有品牌生态用途，精确名称转售需求缺依据,既有品牌生态经营者（授权及采购意向未核）,未做逐名净空,False,,名称用途与买家复筛；已有品牌与产品名；中外公司及品牌扩扫,https://porkbun.com/checkout/search,,,,,,
2056,adaway.si,AdAway,24,仅历史可注册证据（需重查）,,2026-09-30T05:17:51.467Z,仅有既有品牌生态用途，精确名称转售需求缺依据,既有品牌生态经营者（授权及采购意向未核）,未做逐名净空,False,,名称用途与买家复筛；已有品牌与产品名；中外公司及品牌扩扫,https://porkbun.com/checkout/search,,,,,,
2057,apifox.si,Apifox,24,近期有普通注册报价（需再确认）,2026-10-01T04:11:22.036Z,2026-09-30T05:17:51.467Z,仅有既有品牌生态用途，精确名称转售需求缺依据,既有品牌生态经营者（授权及采购意向未核）,未做逐名净空,False,,名称用途与买家复筛；已有品牌与产品名；中外公司及品牌扩扫,https://porkbun.com/checkout/search,,https://regery.com/en/bulksearch,,,,13.99
2058,blazor.si,Blazor,24,仅历史可注册证据（需重查）,,2026-09-30T05:17:51.467Z,仅有既有品牌生态用途，精确名称转售需求缺依据,既有品牌生态经营者（授权及采购意向未核）,未做逐名净空,False,,名称用途与买家复筛；已有品牌与产品名；中外公司及品牌扩扫,https://porkbun.com/checkout/search,,,,,,
2059,centos.si,CentOS,24,仅历史可注册证据（需重查）,,2026-09-30T05:17:51.467Z,仅有既有品牌生态用途，精确名称转售需求缺依据,既有品牌生态经营者（授权及采购意向未核）,未做逐名净空,False,,名称用途与买家复筛；已有品牌与产品名；中外公司及品牌扩扫,https://porkbun.com/checkout/search,,,,,,
2060,comsol.si,Comsol,24,仅历史可注册证据（需重查）,,2026-09-30T05:17:51.467Z,仅有既有品牌生态用途，精确名称转售需求缺依据,既有品牌生态经营者（授权及采购意向未核）,未做逐名净空,False,,名称用途与买家复筛；已有品牌与产品名；中外公司及品牌扩扫,https://porkbun.com/checkout/search,,,,,,
2061,contao.si,Contao,24,仅历史可注册证据（需重查）,,2026-09-30T05:17:51.467Z,仅有既有品牌生态用途，精确名称转售需求缺依据,既有品牌生态经营者（授权及采购意向未核）,未做逐名净空,False,,名称用途与买家复筛；已有品牌与产品名；中外公司及品牌扩扫,https://porkbun.com/checkout/search,,,,,,
2062,deepin.si,deepin,24,仅历史可注册证据（需重查）,,2026-09-30T05:17:51.467Z,仅有既有品牌生态用途，精确名称转售需求缺依据,既有品牌生态经营者（授权及采购意向未核）,未做逐名净空,False,,名称用途与买家复筛；已有品牌与产品名；中外公司及品牌扩扫,https://porkbun.com/checkout/search,,,,,,
2063,devuan.si,Devuan,24,仅历史可注册证据（需重查）,,2026-09-30T05:17:51.467Z,仅有既有品牌生态用途，精确名称转售需求缺依据,既有品牌生态经营者（授权及采购意向未核）,未做逐名净空,False,,名称用途与买家复筛；已有品牌与产品名；中外公司及品牌扩扫,https://porkbun.com/checkout/search,,,,,,
2064,dgraph.si,Dgraph,24,仅历史可注册证据（需重查）,,2026-09-30T05:17:51.467Z,仅有既有品牌生态用途，精确名称转售需求缺依据,既有品牌生态经营者（授权及采购意向未核）,未做逐名净空,False,,名称用途与买家复筛；已有品牌与产品名；中外公司及品牌扩扫,https://porkbun.com/checkout/search,,,,,,
2065,dlthub.si,dlthub,24,仅历史可注册证据（需重查）,,2026-09-30T05:17:51.467Z,仅有既有品牌生态用途，精确名称转售需求缺依据,既有品牌生态经营者（授权及采购意向未核）,未做逐名净空,False,,名称用途与买家复筛；已有品牌与产品名；中外公司及品牌扩扫,https://porkbun.com/checkout/search,,,,,,
2066,eslint.si,ESLint,24,仅历史可注册证据（需重查）,,2026-09-30T05:22:54.268Z,仅有既有品牌生态用途，精确名称转售需求缺依据,既有品牌生态经营者（授权及采购意向未核）,未做逐名净空,False,,名称用途与买家复筛；已有品牌与产品名；中外公司及品牌扩扫,https://porkbun.com/checkout/search,,,,,,
2067,ffmpeg.si,FFmpeg,24,仅历史可注册证据（需重查）,,2026-09-30T05:22:54.268Z,仅有既有品牌生态用途，精确名称转售需求缺依据,既有品牌生态经营者（授权及采购意向未核）,未做逐名净空,False,,名称用途与买家复筛；已有品牌与产品名；中外公司及品牌扩扫,https://porkbun.com/checkout/search,,,,,,
2068,formik.si,Formik,24,仅历史可注册证据（需重查）,,2026-09-30T05:22:54.268Z,仅有既有品牌生态用途，精确名称转售需求缺依据,既有品牌生态经营者（授权及采购意向未核）,未做逐名净空,False,,名称用途与买家复筛；已有品牌与产品名；中外公司及品牌扩扫,https://porkbun.com/checkout/search,,,,,,
2069,gitpod.si,Gitpod,24,仅历史可注册证据（需重查）,,2026-09-30T05:22:54.268Z,仅有既有品牌生态用途，精确名称转售需求缺依据,既有品牌生态经营者（授权及采购意向未核）,未做逐名净空,False,,名称用途与买家复筛；已有品牌与产品名；中外公司及品牌扩扫,https://porkbun.com/checkout/search,,,,,,
2070,gradle.si,Gradle,24,仅历史可注册证据（需重查）,,2026-09-30T05:22:54.268Z,仅有既有品牌生态用途，精确名称转售需求缺依据,既有品牌生态经营者（授权及采购意向未核）,未做逐名净空,False,,名称用途与买家复筛；已有品牌与产品名；中外公司及品牌扩扫,https://porkbun.com/checkout/search,,,,,,
2071,gurobi.si,Gurobi,24,仅历史可注册证据（需重查）,,2026-09-30T05:22:54.268Z,仅有既有品牌生态用途，精确名称转售需求缺依据,既有品牌生态经营者（授权及采购意向未核）,未做逐名净空,False,,名称用途与买家复筛；已有品牌与产品名；中外公司及品牌扩扫,https://porkbun.com/checkout/search,,,,,,
2072,hackmd.si,HackMD,24,仅历史可注册证据（需重查）,,2026-09-30T05:22:54.268Z,仅有既有品牌生态用途，精确名称转售需求缺依据,既有品牌生态经营者（授权及采购意向未核）,未做逐名净空,False,,名称用途与买家复筛；已有品牌与产品名；中外公司及品牌扩扫,https://porkbun.com/checkout/search,,,,,,
2073,hasura.si,Hasura,24,仅历史可注册证据（需重查）,,2026-09-30T05:22:54.268Z,仅有既有品牌生态用途，精确名称转售需求缺依据,既有品牌生态经营者（授权及采购意向未核）,未做逐名净空,False,,名称用途与买家复筛；已有品牌与产品名；中外公司及品牌扩扫,https://porkbun.com/checkout/search,,,,,,
2074,heroui.si,HeroUI,24,仅历史可注册证据（需重查）,,2026-09-30T05:22:54.268Z,仅有既有品牌生态用途，精确名称转售需求缺依据,既有品牌生态经营者（授权及采购意向未核）,未做逐名净空,False,,名称用途与买家复筛；已有品牌与产品名；中外公司及品牌扩扫,https://porkbun.com/checkout/search,,,,,,
2075,hexlet.si,Hexlet,24,仅历史可注册证据（需重查）,,2026-09-30T05:22:54.268Z,仅有既有品牌生态用途，精确名称转售需求缺依据,既有品牌生态经营者（授权及采购意向未核）,未做逐名净空,False,,名称用途与买家复筛；已有品牌与产品名；中外公司及品牌扩扫,https://porkbun.com/checkout/search,,,,,,
2076,hivemq.si,HiveMQ,24,仅历史可注册证据（需重查）,,2026-09-30T05:22:54.268Z,仅有既有品牌生态用途，精确名称转售需求缺依据,既有品牌生态经营者（授权及采购意向未核）,未做逐名净空,False,,名称用途与买家复筛；已有品牌与产品名；中外公司及品牌扩扫,https://porkbun.com/checkout/search,,,,,,
2077,httpie.si,HTTPie,24,仅历史可注册证据（需重查）,,2026-09-30T05:22:54.268Z,仅有既有品牌生态用途，精确名称转售需求缺依据,既有品牌生态经营者（授权及采购意向未核）,未做逐名净空,False,,名称用途与买家复筛；已有品牌与产品名；中外公司及品牌扩扫,https://porkbun.com/checkout/search,,,,,,
2078,humhub.si,HumHub,24,仅历史可注册证据（需重查）,,2026-09-30T05:22:54.268Z,仅有既有品牌生态用途，精确名称转售需求缺依据,既有品牌生态经营者（授权及采购意向未核）,未做逐名净空,False,,名称用途与买家复筛；已有品牌与产品名；中外公司及品牌扩扫,https://porkbun.com/checkout/search,,,,,,
2079,icinga.si,Icinga,24,仅历史可注册证据（需重查）,,2026-09-30T05:22:54.268Z,仅有既有品牌生态用途，精确名称转售需求缺依据,既有品牌生态经营者（授权及采购意向未核）,未做逐名净空,False,,名称用途与买家复筛；已有品牌与产品名；中外公司及品牌扩扫,https://porkbun.com/checkout/search,,,,,,
2080,imagej.si,ImageJ,24,仅历史可注册证据（需重查）,,2026-09-30T05:17:51.467Z,仅有既有品牌生态用途，精确名称转售需求缺依据,既有品牌生态经营者（授权及采购意向未核）,未做逐名净空,False,,名称用途与买家复筛；已有品牌与产品名；中外公司及品牌扩扫,https://porkbun.com/checkout/search,,,,,,
2081,immich.si,Immich,24,仅历史可注册证据（需重查）,,2026-09-30T05:17:51.467Z,仅有既有品牌生态用途，精确名称转售需求缺依据,既有品牌生态经营者（授权及采购意向未核）,未做逐名净空,False,,名称用途与买家复筛；已有品牌与产品名；中外公司及品牌扩扫,https://porkbun.com/checkout/search,,,,,,
2082,kaniko.si,Kaniko,24,仅历史可注册证据（需重查）,,2026-09-30T05:17:51.467Z,仅有既有品牌生态用途，精确名称转售需求缺依据,既有品牌生态经营者（授权及采购意向未核）,未做逐名净空,False,,名称用途与买家复筛；已有品牌与产品名；中外公司及品牌扩扫,https://porkbun.com/checkout/search,,,,,,
2083,keeweb.si,KeeWeb,24,仅历史可注册证据（需重查）,,2026-09-30T05:17:51.467Z,仅有既有品牌生态用途，精确名称转售需求缺依据,既有品牌生态经营者（授权及采购意向未核）,未做逐名净空,False,,名称用途与买家复筛；已有品牌与产品名；中外公司及品牌扩扫,https://porkbun.com/checkout/search,,,,,,
2084,keploy.si,Keploy,24,仅历史可注册证据（需重查）,,2026-09-30T05:17:51.467Z,仅有既有品牌生态用途，精确名称转售需求缺依据,既有品牌生态经营者（授权及采购意向未核）,未做逐名净空,False,,名称用途与买家复筛；已有品牌与产品名；中外公司及品牌扩扫,https://porkbun.com/checkout/search,,,,,,
2085,keycdn.si,KeyCDN,24,仅历史可注册证据（需重查）,,2026-09-30T05:17:51.467Z,仅有既有品牌生态用途，精确名称转售需求缺依据,既有品牌生态经营者（授权及采购意向未核）,未做逐名净空,False,,名称用途与买家复筛；已有品牌与产品名；中外公司及品牌扩扫,https://porkbun.com/checkout/search,,,,,,
2086,kibana.si,Kibana,24,仅历史可注册证据（需重查）,,2026-09-30T05:17:51.467Z,仅有既有品牌生态用途，精确名称转售需求缺依据,既有品牌生态经营者（授权及采购意向未核）,未做逐名净空,False,,名称用途与买家复筛；已有品牌与产品名；中外公司及品牌扩扫,https://porkbun.com/checkout/search,,,,,,
2087,kotlin.si,Kotlin,24,仅历史可注册证据（需重查）,,2026-09-30T05:17:51.467Z,仅有既有品牌生态用途，精确名称转售需求缺依据,既有品牌生态经营者（授权及采购意向未核）,未做逐名净空,False,,名称用途与买家复筛；已有品牌与产品名；中外公司及品牌扩扫,https://porkbun.com/checkout/search,,,,,,
2088,leptos.si,Leptos,24,仅历史可注册证据（需重查）,,2026-09-30T05:17:51.467Z,仅有既有品牌生态用途，精确名称转售需求缺依据,既有品牌生态经营者（授权及采购意向未核）,未做逐名净空,False,,名称用途与买家复筛；已有品牌与产品名；中外公司及品牌扩扫,https://porkbun.com/checkout/search,,,,,,
2089,lodash.si,Lodash,24,仅历史可注册证据（需重查）,,2026-09-30T05:17:51.467Z,仅有既有品牌生态用途，精确名称转售需求缺依据,既有品牌生态经营者（授权及采购意向未核）,未做逐名净空,False,,名称用途与买家复筛；已有品牌与产品名；中外公司及品牌扩扫,https://porkbun.com/checkout/search,,,,,,
2090,logseq.si,Logseq,24,近期有普通注册报价（需再确认）,2026-10-01T04:11:22.036Z,2026-09-30T05:17:51.467Z,仅有既有品牌生态用途，精确名称转售需求缺依据,既有品牌生态经营者（授权及采购意向未核）,未做逐名净空,False,,名称用途与买家复筛；已有品牌与产品名；中外公司及品牌扩扫,https://porkbun.com/checkout/search,,https://regery.com/en/bulksearch,,,,13.99
2091,mainwp.si,MainWP,24,仅历史可注册证据（需重查）,,2026-09-30T05:17:51.467Z,仅有既有品牌生态用途，精确名称转售需求缺依据,既有品牌生态经营者（授权及采购意向未核）,未做逐名净空,False,,名称用途与买家复筛；已有品牌与产品名；中外公司及品牌扩扫,https://porkbun.com/checkout/search,,,,,,
2092,matomo.si,Matomo,24,仅历史可注册证据（需重查）,,2026-09-30T05:17:51.467Z,仅有既有品牌生态用途，精确名称转售需求缺依据,既有品牌生态经营者（授权及采购意向未核）,未做逐名净空,False,,名称用途与买家复筛；已有品牌与产品名；中外公司及品牌扩扫,https://porkbun.com/checkout/search,,,,,,
2093,mautic.si,Mautic,24,仅历史可注册证据（需重查）,,2026-09-30T05:17:51.467Z,仅有既有品牌生态用途，精确名称转售需求缺依据,既有品牌生态经营者（授权及采购意向未核）,未做逐名净空,False,,名称用途与买家复筛；已有品牌与产品名；中外公司及品牌扩扫,https://porkbun.com/checkout/search,,,,,,
2094,neovim.si,Neovim,24,仅历史可注册证据（需重查）,,2026-09-30T05:17:51.467Z,仅有既有品牌生态用途，精确名称转售需求缺依据,既有品牌生态经营者（授权及采购意向未核）,未做逐名净空,False,,名称用途与买家复筛；已有品牌与产品名；中外公司及品牌扩扫,https://porkbun.com/checkout/search,,,,,,
2095,nestjs.si,NestJS,24,仅历史可注册证据（需重查）,,2026-09-30T05:22:54.268Z,仅有既有品牌生态用途，精确名称转售需求缺依据,既有品牌生态经营者（授权及采购意向未核）,未做逐名净空,False,,名称用途与买家复筛；已有品牌与产品名；中外公司及品牌扩扫,https://porkbun.com/checkout/search,,,,,,
2096,nodebb.si,NodeBB,24,仅历史可注册证据（需重查）,,2026-09-30T05:22:54.268Z,仅有既有品牌生态用途，精确名称转售需求缺依据,既有品牌生态经营者（授权及采购意向未核）,未做逐名净空,False,,名称用途与买家复筛；已有品牌与产品名；中外公司及品牌扩扫,https://porkbun.com/checkout/search,,,,,,
2097,opencv.si,OpenCV,24,仅历史可注册证据（需重查）,,2026-09-30T05:22:54.268Z,仅有既有品牌生态用途，精确名称转售需求缺依据,既有品牌生态经营者（授权及采购意向未核）,未做逐名净空,False,,名称用途与买家复筛；已有品牌与产品名；中外公司及品牌扩扫,https://porkbun.com/checkout/search,,,,,,
2098,optuna.si,Optuna,24,仅历史可注册证据（需重查）,,2026-09-30T05:22:54.268Z,仅有既有品牌生态用途，精确名称转售需求缺依据,既有品牌生态经营者（授权及采购意向未核）,未做逐名净空,False,,名称用途与买家复筛；已有品牌与产品名；中外公司及品牌扩扫,https://porkbun.com/checkout/search,,,,,,
2099,osmand.si,OsmAnd,24,仅历史可注册证据（需重查）,,2026-09-30T05:22:54.268Z,仅有既有品牌生态用途，精确名称转售需求缺依据,既有品牌生态经营者（授权及采购意向未核）,未做逐名净空,False,,名称用途与买家复筛；已有品牌与产品名；中外公司及品牌扩扫,https://porkbun.com/checkout/search,,,,,,
2100,pandoc.si,Pandoc,24,仅历史可注册证据（需重查）,,2026-09-30T05:22:54.268Z,仅有既有品牌生态用途，精确名称转售需求缺依据,既有品牌生态经营者（授权及采购意向未核）,未做逐名净空,False,,名称用途与买家复筛；已有品牌与产品名；中外公司及品牌扩扫,https://porkbun.com/checkout/search,,,,,,
2101,piwigo.si,Piwigo,24,仅历史可注册证据（需重查）,,2026-09-30T05:22:54.268Z,仅有既有品牌生态用途，精确名称转售需求缺依据,既有品牌生态经营者（授权及采购意向未核）,未做逐名净空,False,,名称用途与买家复筛；已有品牌与产品名；中外公司及品牌扩扫,https://porkbun.com/checkout/search,,,,,,
2102,pkgsrc.si,pkgsrc,24,仅历史可注册证据（需重查）,,2026-09-30T05:22:54.268Z,仅有既有品牌生态用途，精确名称转售需求缺依据,既有品牌生态经营者（授权及采购意向未核）,未做逐名净空,False,,名称用途与买家复筛；已有品牌与产品名；中外公司及品牌扩扫,https://porkbun.com/checkout/search,,,,,,
2103,podman.si,Podman,24,仅历史可注册证据（需重查）,,2026-09-30T05:22:54.268Z,仅有既有品牌生态用途，精确名称转售需求缺依据,既有品牌生态经营者（授权及采购意向未核）,未做逐名净空,False,,名称用途与买家复筛；已有品牌与产品名；中外公司及品牌扩扫,https://porkbun.com/checkout/search,,,,,,
2104,postiz.si,Postiz,24,仅历史可注册证据（需重查）,,2026-09-30T05:22:54.268Z,仅有既有品牌生态用途，精确名称转售需求缺依据,既有品牌生态经营者（授权及采购意向未核）,未做逐名净空,False,,名称用途与买家复筛；已有品牌与产品名；中外公司及品牌扩扫,https://porkbun.com/checkout/search,,,,,,
2105,qiskit.si,Qiskit,24,仅历史可注册证据（需重查）,,2026-09-30T05:22:54.268Z,仅有既有品牌生态用途，精确名称转售需求缺依据,既有品牌生态经营者（授权及采购意向未核）,未做逐名净空,False,,名称用途与买家复筛；已有品牌与产品名；中外公司及品牌扩扫,https://porkbun.com/checkout/search,,,,,,
2106,radarr.si,radarr,24,仅历史可注册证据（需重查）,,2026-09-30T05:31:39.940Z,仅有既有品牌生态用途，精确名称转售需求缺依据,既有品牌生态经营者（授权及采购意向未核）,未做逐名净空,False,,名称用途与买家复筛；已有品牌与产品名；中外公司及品牌扩扫,https://porkbun.com/checkout/search,,,,,,
2107,raylib.si,Raylib,24,仅历史可注册证据（需重查）,,2026-09-30T05:31:39.940Z,仅有既有品牌生态用途，精确名称转售需求缺依据,既有品牌生态经营者（授权及采购意向未核）,未做逐名净空,False,,名称用途与买家复筛；已有品牌与产品名；中外公司及品牌扩扫,https://porkbun.com/checkout/search,,,,,,
2108,rclone.si,Rclone,24,仅历史可注册证据（需重查）,,2026-09-30T05:31:39.940Z,仅有既有品牌生态用途，精确名称转售需求缺依据,既有品牌生态经营者（授权及采购意向未核）,未做逐名净空,False,,名称用途与买家复筛；已有品牌与产品名；中外公司及品牌扩扫,https://porkbun.com/checkout/search,,,,,,
2109,rustfs.si,RustFS,24,仅历史可注册证据（需重查）,,2026-09-30T05:31:39.940Z,仅有既有品牌生态用途，精确名称转售需求缺依据,既有品牌生态经营者（授权及采购意向未核）,未做逐名净空,False,,名称用途与买家复筛；已有品牌与产品名；中外公司及品牌扩扫,https://porkbun.com/checkout/search,,,,,,
2110,scilab.si,Scilab,24,仅历史可注册证据（需重查）,,2026-09-30T05:31:39.940Z,仅有既有品牌生态用途，精确名称转售需求缺依据,既有品牌生态经营者（授权及采购意向未核）,未做逐名净空,False,,名称用途与买家复筛；已有品牌与产品名；中外公司及品牌扩扫,https://porkbun.com/checkout/search,,,,,,
2111,sharex.si,ShareX,24,仅历史可注册证据（需重查）,,2026-09-30T05:31:39.940Z,仅有既有品牌生态用途，精确名称转售需求缺依据,既有品牌生态经营者（授权及采购意向未核）,未做逐名净空,False,,名称用途与买家复筛；已有品牌与产品名；中外公司及品牌扩扫,https://porkbun.com/checkout/search,,,,,,
2112,talend.si,Talend,24,仅历史可注册证据（需重查）,,2026-09-30T05:31:39.940Z,仅有既有品牌生态用途，精确名称转售需求缺依据,既有品牌生态经营者（授权及采购意向未核）,未做逐名净空,False,,名称用途与买家复筛；已有品牌与产品名；中外公司及品牌扩扫,https://porkbun.com/checkout/search,,,,,,
2113,umbrel.si,umbrella 雨伞的缩形,24,仅历史可注册证据（需重查）,,2026-09-30T05:31:39.940Z,仅有既有品牌生态用途，精确名称转售需求缺依据,既有品牌生态经营者（授权及采购意向未核）,未做逐名净空,False,,名称用途与买家复筛；已有品牌与产品名；中外公司及品牌扩扫,https://porkbun.com/checkout/search,,,,,,
2114,unocss.si,UnoCSS,24,仅历史可注册证据（需重查）,,2026-09-30T05:31:39.940Z,仅有既有品牌生态用途，精确名称转售需求缺依据,既有品牌生态经营者（授权及采购意向未核）,未做逐名净空,False,,名称用途与买家复筛；已有品牌与产品名；中外公司及品牌扩扫,https://porkbun.com/checkout/search,,,,,,
2115,unraid.si,Unraid,24,仅历史可注册证据（需重查）,,2026-09-30T05:31:39.940Z,仅有既有品牌生态用途，精确名称转售需求缺依据,既有品牌生态经营者（授权及采购意向未核）,未做逐名净空,False,,名称用途与买家复筛；已有品牌与产品名；中外公司及品牌扩扫,https://porkbun.com/checkout/search,,,,,,
2116,vitess.si,Vitess,24,仅历史可注册证据（需重查）,,2026-09-30T05:31:39.940Z,仅有既有品牌生态用途，精确名称转售需求缺依据,既有品牌生态经营者（授权及采购意向未核）,未做逐名净空,False,,名称用途与买家复筛；已有品牌与产品名；中外公司及品牌扩扫,https://porkbun.com/checkout/search,,,,,,
2117,vitest.si,Vitest,24,仅历史可注册证据（需重查）,,2026-09-30T05:31:39.940Z,仅有既有品牌生态用途，精确名称转售需求缺依据,既有品牌生态经营者（授权及采购意向未核）,未做逐名净空,False,,名称用途与买家复筛；已有品牌与产品名；中外公司及品牌扩扫,https://porkbun.com/checkout/search,,,,,,
2118,vueuse.si,VueUse,24,仅历史可注册证据（需重查）,,2026-09-30T05:31:39.940Z,仅有既有品牌生态用途，精确名称转售需求缺依据,既有品牌生态经营者（授权及采购意向未核）,未做逐名净空,False,,名称用途与买家复筛；已有品牌与产品名；中外公司及品牌扩扫,https://porkbun.com/checkout/search,,,,,,
2119,wasmer.si,Wasmer,24,仅历史可注册证据（需重查）,,2026-09-30T05:31:39.940Z,仅有既有品牌生态用途，精确名称转售需求缺依据,既有品牌生态经营者（授权及采购意向未核）,未做逐名净空,False,,名称用途与买家复筛；已有品牌与产品名；中外公司及品牌扩扫,https://porkbun.com/checkout/search,,,,,,
2120,xstate.si,XState,24,仅历史可注册证据（需重查）,,2026-09-30T05:36:10.542Z,仅有既有品牌生态用途，精确名称转售需求缺依据,既有品牌生态经营者（授权及采购意向未核）,未做逐名净空,False,,名称用途与买家复筛；已有品牌与产品名；中外公司及品牌扩扫,https://porkbun.com/checkout/search,,,,,,
2121,xyflow.si,xyflow,24,仅历史可注册证据（需重查）,,2026-09-30T05:36:10.542Z,仅有既有品牌生态用途，精确名称转售需求缺依据,既有品牌生态经营者（授权及采购意向未核）,未做逐名净空,False,,名称用途与买家复筛；已有品牌与产品名；中外公司及品牌扩扫,https://porkbun.com/checkout/search,,,,,,
2122,zenodo.si,Zenodo,24,仅历史可注册证据（需重查）,,2026-09-30T06:07:34.331Z,仅有既有品牌生态用途，精确名称转售需求缺依据,既有品牌生态经营者（授权及采购意向未核）,未做逐名净空,False,,名称用途与买家复筛；已有品牌与产品名；中外公司及品牌扩扫,https://porkbun.com/checkout/search,,,,,,
2123,zettlr.si,Zettlr,24,仅历史可注册证据（需重查）,,2026-09-30T06:07:34.331Z,仅有既有品牌生态用途，精确名称转售需求缺依据,既有品牌生态经营者（授权及采购意向未核）,未做逐名净空,False,,名称用途与买家复筛；已有品牌与产品名；中外公司及品牌扩扫,https://porkbun.com/checkout/search,,,,,,
2124,zotero.si,文献管理品牌名,24,仅历史可注册证据（需重查）,,2026-09-30T06:07:34.331Z,仅有既有品牌生态用途，精确名称转售需求缺依据,既有品牌生态经营者（授权及采购意向未核）,未做逐名净空,False,,名称用途与买家复筛；已有品牌与产品名；已有品牌采用优选50；跨方法优选100；中外公司及品牌扩扫,https://porkbun.com/checkout/search,,,,,,
2125,bentoml.si,BentoML,24,仅历史可注册证据（需重查）,,2026-09-30T05:36:10.542Z,仅有既有品牌生态用途，精确名称转售需求缺依据,既有品牌生态经营者（授权及采购意向未核）,未做逐名净空,False,,名称用途与买家复筛；已有品牌与产品名；中外公司及品牌扩扫,https://porkbun.com/checkout/search,,,,,,
2126,cachyos.si,CachyOS,24,仅历史可注册证据（需重查）,,2026-09-30T05:36:10.542Z,仅有既有品牌生态用途，精确名称转售需求缺依据,既有品牌生态经营者（授权及采购意向未核）,未做逐名净空,False,,名称用途与买家复筛；已有品牌与产品名；中外公司及品牌扩扫,https://porkbun.com/checkout/search,,,,,,
2127,cakephp.si,CakePHP,24,仅历史可注册证据（需重查）,,2026-09-30T05:36:10.542Z,仅有既有品牌生态用途，精确名称转售需求缺依据,既有品牌生态经营者（授权及采购意向未核）,未做逐名净空,False,,名称用途与买家复筛；已有品牌与产品名；中外公司及品牌扩扫,https://porkbun.com/checkout/search,,,,,,
2128,camunda.si,Camunda,24,仅历史可注册证据（需重查）,,2026-09-30T05:36:10.542Z,仅有既有品牌生态用途，精确名称转售需求缺依据,既有品牌生态经营者（授权及采购意向未核）,未做逐名净空,False,,名称用途与买家复筛；已有品牌与产品名；中外公司及品牌扩扫,https://porkbun.com/checkout/search,,,,,,
2129,daisyui.si,daisyUI,24,仅历史可注册证据（需重查）,,2026-09-30T05:36:10.542Z,仅有既有品牌生态用途，精确名称转售需求缺依据,既有品牌生态经营者（授权及采购意向未核）,未做逐名净空,False,,名称用途与买家复筛；已有品牌与产品名；中外公司及品牌扩扫,https://porkbun.com/checkout/search,,,,,,
2130,datocms.si,DatoCMS,24,仅历史可注册证据（需重查）,,2026-09-30T05:36:10.542Z,仅有既有品牌生态用途，精确名称转售需求缺依据,既有品牌生态经营者（授权及采购意向未核）,未做逐名净空,False,,名称用途与买家复筛；已有品牌与产品名；中外公司及品牌扩扫,https://porkbun.com/checkout/search,,,,,,
2131,dbeaver.si,DBeaver,24,仅历史可注册证据（需重查）,,2026-09-30T05:36:10.542Z,仅有既有品牌生态用途，精确名称转售需求缺依据,既有品牌生态经营者（授权及采购意向未核）,未做逐名净空,False,,名称用途与买家复筛；已有品牌与产品名；中外公司及品牌扩扫,https://porkbun.com/checkout/search,,,,,,
2132,docsify.si,Docsify,24,仅历史可注册证据（需重查）,,2026-09-30T05:36:10.542Z,仅有既有品牌生态用途，精确名称转售需求缺依据,既有品牌生态经营者（授权及采购意向未核）,未做逐名净空,False,,名称用途与买家复筛；已有品牌与产品名；中外公司及品牌扩扫,https://porkbun.com/checkout/search,,,,,,
2133,easyeda.si,EasyEDA,24,仅历史可注册证据（需重查）,,2026-09-30T05:36:10.542Z,仅有既有品牌生态用途，精确名称转售需求缺依据,既有品牌生态经营者（授权及采购意向未核）,未做逐名净空,False,,名称用途与买家复筛；已有品牌与产品名；中外公司及品牌扩扫,https://porkbun.com/checkout/search,,,,,,
2134,erpnext.si,ERPNext,24,仅历史可注册证据（需重查）,,2026-09-30T05:36:10.542Z,仅有既有品牌生态用途，精确名称转售需求缺依据,既有品牌生态经营者（授权及采购意向未核）,未做逐名净空,False,,名称用途与买家复筛；已有品牌与产品名；中外公司及品牌扩扫,https://porkbun.com/checkout/search,,,,,,
2135,esbuild.si,esbuild,24,仅历史可注册证据（需重查）,,2026-09-30T05:36:10.542Z,仅有既有品牌生态用途，精确名称转售需求缺依据,既有品牌生态经营者（授权及采购意向未核）,未做逐名净空,False,,名称用途与买家复筛；已有品牌与产品名；中外公司及品牌扩扫,https://porkbun.com/checkout/search,,,,,,
2136,esphome.si,ESPHome,24,仅历史可注册证据（需重查）,,2026-09-30T05:36:10.542Z,仅有既有品牌生态用途，精确名称转售需求缺依据,既有品牌生态经营者（授权及采购意向未核）,未做逐名净空,False,,名称用途与买家复筛；已有品牌与产品名；中外公司及品牌扩扫,https://porkbun.com/checkout/search,,,,,,
2137,gitcode.si,GitCode,24,仅历史可注册证据（需重查）,,2026-09-30T05:36:10.542Z,仅有既有品牌生态用途，精确名称转售需求缺依据,既有品牌生态经营者（授权及采购意向未核）,未做逐名净空,False,,名称用途与买家复筛；已有品牌与产品名；中外公司及品牌扩扫,https://porkbun.com/checkout/search,,,,,,
2138,graylog.si,Graylog,24,仅历史可注册证据（需重查）,,2026-09-30T05:36:10.542Z,仅有既有品牌生态用途，精确名称转售需求缺依据,既有品牌生态经营者（授权及采购意向未核）,未做逐名净空,False,,名称用途与买家复筛；已有品牌与产品名；中外公司及品牌扩扫,https://porkbun.com/checkout/search,,,,,,
2139,hashcat.si,Hashcat,24,仅历史可注册证据（需重查）,,2026-09-30T05:36:10.542Z,仅有既有品牌生态用途，精确名称转售需求缺依据,既有品牌生态经营者（授权及采购意向未核）,未做逐名净空,False,,名称用途与买家复筛；已有品牌与产品名；中外公司及品牌扩扫,https://porkbun.com/checkout/search,,,,,,
2140,icomoon.si,IcoMoon,24,仅历史可注册证据（需重查）,,2026-09-30T05:36:10.542Z,仅有既有品牌生态用途，精确名称转售需求缺依据,既有品牌生态经营者（授权及采购意向未核）,未做逐名净空,False,,名称用途与买家复筛；已有品牌与产品名；中外公司及品牌扩扫,https://porkbun.com/checkout/search,,,,,,
2141,iconify.si,Iconify,24,仅历史可注册证据（需重查）,,2026-09-30T05:36:10.542Z,仅有既有品牌生态用途，精确名称转售需求缺依据,既有品牌生态经营者（授权及采购意向未核）,未做逐名净空,False,,名称用途与买家复筛；已有品牌与产品名；中外公司及品牌扩扫,https://porkbun.com/checkout/search,,,,,,
2142,jitpack.si,JitPack,24,仅历史可注册证据（需重查）,,2026-09-30T05:36:10.542Z,仅有既有品牌生态用途，精确名称转售需求缺依据,既有品牌生态经营者（授权及采购意向未核）,未做逐名净空,False,,名称用途与买家复筛；已有品牌与产品名；中外公司及品牌扩扫,https://porkbun.com/checkout/search,,,,,,
2143,jupyter.si,Jupyter,24,仅历史可注册证据（需重查）,,2026-09-30T05:36:10.542Z,仅有既有品牌生态用途，精确名称转售需求缺依据,既有品牌生态经营者（授权及采购意向未核）,未做逐名净空,False,,名称用途与买家复筛；已有品牌与产品名；中外公司及品牌扩扫,https://porkbun.com/checkout/search,,,,,,
2144,keybase.si,Keybase,24,仅历史可注册证据（需重查）,,2026-09-30T05:36:10.542Z,仅有既有品牌生态用途，精确名称转售需求缺依据,既有品牌生态经营者（授权及采购意向未核）,未做逐名净空,False,,名称用途与买家复筛；已有品牌与产品名；中外公司及品牌扩扫,https://porkbun.com/checkout/search,,,,,,
2145,knative.si,Knative,24,仅历史可注册证据（需重查）,,2026-09-30T05:36:10.542Z,仅有既有品牌生态用途，精确名称转售需求缺依据,既有品牌生态经营者（授权及采购意向未核）,未做逐名净空,False,,名称用途与买家复筛；已有品牌与产品名；中外公司及品牌扩扫,https://porkbun.com/checkout/search,,,,,,
2146,kubuntu.si,Kubuntu,24,仅历史可注册证据（需重查）,,2026-09-30T05:36:10.542Z,仅有既有品牌生态用途，精确名称转售需求缺依据,既有品牌生态经营者（授权及采购意向未核）,未做逐名净空,False,,名称用途与买家复筛；已有品牌与产品名；中外公司及品牌扩扫,https://porkbun.com/checkout/search,,,,,,
2147,laragon.si,Laragon,24,仅历史可注册证据（需重查）,,2026-09-30T05:36:10.542Z,仅有既有品牌生态用途，精确名称转售需求缺依据,既有品牌生态经营者（授权及采购意向未核）,未做逐名净空,False,,名称用途与买家复筛；已有品牌与产品名；中外公司及品牌扩扫,https://porkbun.com/checkout/search,,,,,,
2148,lazyvim.si,LazyVim,24,仅历史可注册证据（需重查）,,2026-09-30T05:36:10.542Z,仅有既有品牌生态用途，精确名称转售需求缺依据,既有品牌生态经营者（授权及采购意向未核）,未做逐名净空,False,,名称用途与买家复筛；已有品牌与产品名；中外公司及品牌扩扫,https://porkbun.com/checkout/search,,,,,,
2149,linkerd.si,Linkerd,24,仅历史可注册证据（需重查）,,2026-09-30T05:36:10.542Z,仅有既有品牌生态用途，精确名称转售需求缺依据,既有品牌生态经营者（授权及采购意向未核）,未做逐名净空,False,,名称用途与买家复筛；已有品牌与产品名；中外公司及品牌扩扫,https://porkbun.com/checkout/search,,,,,,
2150,ltspice.si,LTspice,24,仅历史可注册证据（需重查）,,2026-09-30T05:36:10.542Z,仅有既有品牌生态用途，精确名称转售需求缺依据,既有品牌生态经营者（授权及采购意向未核）,未做逐名净空,False,,名称用途与买家复筛；已有品牌与产品名；中外公司及品牌扩扫,https://porkbun.com/checkout/search,,,,,,
2151,lubuntu.si,Lubuntu,24,仅历史可注册证据（需重查）,,2026-09-30T05:36:10.542Z,仅有既有品牌生态用途，精确名称转售需求缺依据,既有品牌生态经营者（授权及采购意向未核）,未做逐名净空,False,,名称用途与买家复筛；已有品牌与产品名；中外公司及品牌扩扫,https://porkbun.com/checkout/search,,,,,,
2152,openbao.si,OpenBao,24,仅历史可注册证据（需重查）,,2026-09-30T05:36:10.542Z,仅有既有品牌生态用途，精确名称转售需求缺依据,既有品牌生态经营者（授权及采购意向未核）,未做逐名净空,False,,名称用途与买家复筛；已有品牌与产品名；中外公司及品牌扩扫,https://porkbun.com/checkout/search,,,,,,
2153,openbsd.si,OpenBSD,24,仅历史可注册证据（需重查）,,2026-09-30T05:36:10.542Z,仅有既有品牌生态用途，精确名称转售需求缺依据,既有品牌生态经营者（授权及采购意向未核）,未做逐名净空,False,,名称用途与买家复筛；已有品牌与产品名；中外公司及品牌扩扫,https://porkbun.com/checkout/search,,,,,,
2154,openhab.si,openHAB,24,仅历史可注册证据（需重查）,,2026-09-30T05:36:10.542Z,仅有既有品牌生态用途，精确名称转售需求缺依据,既有品牌生态经营者（授权及采购意向未核）,未做逐名净空,False,,名称用途与买家复筛；已有品牌与产品名；中外公司及品牌扩扫,https://porkbun.com/checkout/search,,,,,,
2155,openjdk.si,OpenJDK,24,仅历史可注册证据（需重查）,,2026-09-30T05:36:10.542Z,仅有既有品牌生态用途，精确名称转售需求缺依据,既有品牌生态经营者（授权及采购意向未核）,未做逐名净空,False,,名称用途与买家复筛；已有品牌与产品名；中外公司及品牌扩扫,https://porkbun.com/checkout/search,,,,,,
2156,openssl.si,OpenSSL,24,仅历史可注册证据（需重查）,,2026-09-30T05:36:10.542Z,仅有既有品牌生态用途，精确名称转售需求缺依据,既有品牌生态经营者（授权及采购意向未核）,未做逐名净空,False,,名称用途与买家复筛；已有品牌与产品名；中外公司及品牌扩扫,https://porkbun.com/checkout/search,,,,,,
2157,opentui.si,OpenTUI,24,仅历史可注册证据（需重查）,,2026-09-30T05:36:10.542Z,仅有既有品牌生态用途，精确名称转售需求缺依据,既有品牌生态经营者（授权及采购意向未核）,未做逐名净空,False,,名称用途与买家复筛；已有品牌与产品名；中外公司及品牌扩扫,https://porkbun.com/checkout/search,,,,,,
2158,openvpn.si,OpenVPN,24,仅历史可注册证据（需重查）,,2026-09-30T05:36:10.542Z,仅有既有品牌生态用途，精确名称转售需求缺依据,既有品牌生态经营者（授权及采购意向未核）,未做逐名净空,False,,名称用途与买家复筛；已有品牌与产品名；中外公司及品牌扩扫,https://porkbun.com/checkout/search,,,,,,
2159,openwrt.si,OpenWrt,24,仅历史可注册证据（需重查）,,2026-09-30T05:36:10.542Z,仅有既有品牌生态用途，精确名称转售需求缺依据,既有品牌生态经营者（授权及采购意向未核）,未做逐名净空,False,,名称用途与买家复筛；已有品牌与产品名；中外公司及品牌扩扫,https://porkbun.com/checkout/search,,,,,,
2160,openzfs.si,OpenZFS,24,仅历史可注册证据（需重查）,,2026-09-30T05:36:10.542Z,仅有既有品牌生态用途，精确名称转售需求缺依据,既有品牌生态经营者（授权及采购意向未核）,未做逐名净空,False,,名称用途与买家复筛；已有品牌与产品名；中外公司及品牌扩扫,https://porkbun.com/checkout/search,,,,,,
2161,quarkus.si,Quarkus,24,仅历史可注册证据（需重查）,,2026-09-30T05:36:10.542Z,仅有既有品牌生态用途，精确名称转售需求缺依据,既有品牌生态经营者（授权及采购意向未核）,未做逐名净空,False,,名称用途与买家复筛；已有品牌与产品名；中外公司及品牌扩扫,https://porkbun.com/checkout/search,,,,,,
2162,umbraco.si,Umbraco,24,仅历史可注册证据（需重查）,,2026-09-30T05:43:16.369Z,仅有既有品牌生态用途，精确名称转售需求缺依据,既有品牌生态经营者（授权及采购意向未核）,未做逐名净空,False,,名称用途与买家复筛；已有品牌与产品名；中外公司及品牌扩扫,https://porkbun.com/checkout/search,,,,,,
2163,upptime.si,Upptime,24,仅历史可注册证据（需重查）,,2026-09-30T05:43:16.369Z,仅有既有品牌生态用途，精确名称转售需求缺依据,既有品牌生态经营者（授权及采购意向未核）,未做逐名净空,False,,名称用途与买家复筛；已有品牌与产品名；中外公司及品牌扩扫,https://porkbun.com/checkout/search,,,,,,
2164,upstash.si,Upstash,24,仅历史可注册证据（需重查）,,2026-09-30T05:43:16.369Z,仅有既有品牌生态用途，精确名称转售需求缺依据,既有品牌生态经营者（授权及采购意向未核）,未做逐名净空,False,,名称用途与买家复筛；已有品牌与产品名；中外公司及品牌扩扫,https://porkbun.com/checkout/search,,,,,,
2165,vectary.si,Vectary,24,仅历史可注册证据（需重查）,,2026-09-30T05:43:16.369Z,仅有既有品牌生态用途，精确名称转售需求缺依据,既有品牌生态经营者（授权及采购意向未核）,未做逐名净空,False,,名称用途与买家复筛；已有品牌与产品名；中外公司及品牌扩扫,https://porkbun.com/checkout/search,,,,,,
2166,vencord.si,Vencord,24,仅历史可注册证据（需重查）,,2026-09-30T06:07:34.331Z,仅有既有品牌生态用途，精确名称转售需求缺依据,既有品牌生态经营者（授权及采购意向未核）,未做逐名净空,False,,名称用途与买家复筛；已有品牌与产品名；中外公司及品牌扩扫,https://porkbun.com/checkout/search,,,,,,
2167,vuetify.si,Vuetify,24,仅历史可注册证据（需重查）,,2026-09-30T06:07:34.331Z,仅有既有品牌生态用途，精确名称转售需求缺依据,既有品牌生态经营者（授权及采购意向未核）,未做逐名净空,False,,名称用途与买家复筛；已有品牌与产品名；中外公司及品牌扩扫,https://porkbun.com/checkout/search,,,,,,
2168,weblate.si,Weblate,24,仅历史可注册证据（需重查）,,2026-09-30T06:07:34.331Z,仅有既有品牌生态用途，精确名称转售需求缺依据,既有品牌生态经营者（授权及采购意向未核）,未做逐名净空,False,,名称用途与买家复筛；已有品牌与产品名；中外公司及品牌扩扫,https://porkbun.com/checkout/search,,,,,,
2169,wezterm.si,WezTerm,24,仅历史可注册证据（需重查）,,2026-09-30T06:07:34.331Z,仅有既有品牌生态用途，精确名称转售需求缺依据,既有品牌生态经营者（授权及采购意向未核）,未做逐名净空,False,,名称用途与买家复筛；已有品牌与产品名；中外公司及品牌扩扫,https://porkbun.com/checkout/search,,,,,,
2170,xubuntu.si,Xubuntu,24,仅历史可注册证据（需重查）,,2026-09-30T06:07:34.331Z,仅有既有品牌生态用途，精确名称转售需求缺依据,既有品牌生态经营者（授权及采购意向未核）,未做逐名净空,False,,名称用途与买家复筛；已有品牌与产品名；中外公司及品牌扩扫,https://porkbun.com/checkout/search,,,,,,
2171,b4x.si,B4X,24,仅历史可注册证据（需重查）,,2026-09-30T04:43:40.939Z,仅有既有品牌生态用途，精确名称转售需求缺依据,既有品牌生态经营者（授权及采购意向未核）,未做逐名净空,False,,名称用途与买家复筛；已有品牌与产品名；中外公司及品牌扩扫,https://porkbun.com/checkout/search,,,,,,
2172,k3s.si,K3s,24,仅历史可注册证据（需重查）,,2026-09-30T04:43:40.939Z,仅有既有品牌生态用途，精确名称转售需求缺依据,既有品牌生态经营者（授权及采购意向未核）,未做逐名净空,False,,名称用途与买家复筛；已有品牌与产品名；中外公司及品牌扩扫,https://porkbun.com/checkout/search,,,,,,
2173,pm2.si,PM2,24,仅历史可注册证据（需重查）,,2026-09-30T04:49:10.185Z,仅有既有品牌生态用途，精确名称转售需求缺依据,既有品牌生态经营者（授权及采购意向未核）,未做逐名净空,False,,名称用途与买家复筛；已有品牌与产品名；中外公司及品牌扩扫,https://porkbun.com/checkout/search,,,,,,
2174,2fas.si,2FAS,24,仅历史可注册证据（需重查）,,2026-09-30T04:49:10.185Z,仅有既有品牌生态用途，精确名称转售需求缺依据,既有品牌生态经营者（授权及采购意向未核）,未做逐名净空,False,,名称用途与买家复筛；已有品牌与产品名；中外公司及品牌扩扫,https://porkbun.com/checkout/search,,,,,,
2175,7zip.si,7Zip,24,仅历史可注册证据（需重查）,,2026-09-30T04:49:10.185Z,仅有既有品牌生态用途，精确名称转售需求缺依据,既有品牌生态经营者（授权及采购意向未核）,未做逐名净空,False,,名称用途与买家复筛；已有品牌与产品名；中外公司及品牌扩扫,https://porkbun.com/checkout/search,,,,,,
2176,iterm2.si,iTerm2,24,仅历史可注册证据（需重查）,,2026-09-30T05:17:51.467Z,仅有既有品牌生态用途，精确名称转售需求缺依据,既有品牌生态经营者（授权及采购意向未核）,未做逐名净空,False,,名称用途与买家复筛；已有品牌与产品名；中外公司及品牌扩扫,https://porkbun.com/checkout/search,,,,,,
2177,junit5.si,JUnit5,24,仅历史可注册证据（需重查）,,2026-09-30T05:17:51.467Z,仅有既有品牌生态用途，精确名称转售需求缺依据,既有品牌生态经营者（授权及采购意向未核）,未做逐名净空,False,,名称用途与买家复筛；已有品牌与产品名；中外公司及品牌扩扫,https://porkbun.com/checkout/search,,,,,,
2178,open3d.si,Open3D,24,仅历史可注册证据（需重查）,,2026-09-30T05:22:54.268Z,仅有既有品牌生态用途，精确名称转售需求缺依据,既有品牌生态经营者（授权及采购意向未核）,未做逐名净空,False,,名称用途与买家复筛；已有品牌与产品名；中外公司及品牌扩扫,https://porkbun.com/checkout/search,,,,,,
2179,f-droid.si,F-Droid,24,仅历史可注册证据（需重查）,,2026-09-30T05:36:10.542Z,仅有既有品牌生态用途，精确名称转售需求缺依据,既有品牌生态经营者（授权及采购意向未核）,未做逐名净空,False,,名称用途与买家复筛；已有品牌与产品名；中外公司及品牌扩扫,https://porkbun.com/checkout/search,,,,,,
2180,i18next.si,i18next,24,仅历史可注册证据（需重查）,,2026-09-30T05:36:10.542Z,仅有既有品牌生态用途，精确名称转售需求缺依据,既有品牌生态经营者（授权及采购意向未核）,未做逐名净空,False,,名称用途与买家复筛；已有品牌与产品名；中外公司及品牌扩扫,https://porkbun.com/checkout/search,,,,,,
2181,exercism.si,Exercism,24,仅历史可注册证据（需重查）,,2026-09-30T05:43:16.369Z,仅有既有品牌生态用途，精确名称转售需求缺依据,既有品牌生态经营者（授权及采购意向未核）,未做逐名净空,False,,名称用途与买家复筛；已有品牌与产品名；中外公司及品牌扩扫,https://porkbun.com/checkout/search,,,,,,
2182,hedgedoc.si,HedgeDoc,24,仅历史可注册证据（需重查）,,2026-09-30T05:43:16.369Z,仅有既有品牌生态用途，精确名称转售需求缺依据,既有品牌生态经营者（授权及采购意向未核）,未做逐名净空,False,,名称用途与买家复筛；已有品牌与产品名；中外公司及品牌扩扫,https://porkbun.com/checkout/search,,,,,,
2183,hyprland.si,Hyprland,24,仅历史可注册证据（需重查）,,2026-09-30T05:43:16.369Z,仅有既有品牌生态用途，精确名称转售需求缺依据,既有品牌生态经营者（授权及采购意向未核）,未做逐名净空,False,,名称用途与买家复筛；已有品牌与产品名；中外公司及品牌扩扫,https://porkbun.com/checkout/search,,,,,,
2184,improvmx.si,ImprovMX,24,仅历史可注册证据（需重查）,,2026-09-30T05:43:16.369Z,仅有既有品牌生态用途，精确名称转售需求缺依据,既有品牌生态经营者（授权及采购意向未核）,未做逐名净空,False,,名称用途与买家复筛；已有品牌与产品名；中外公司及品牌扩扫,https://porkbun.com/checkout/search,,,,,,
2185,influxdb.si,InfluxDB,24,仅历史可注册证据（需重查）,,2026-09-30T05:43:16.369Z,仅有既有品牌生态用途，精确名称转售需求缺依据,既有品牌生态经营者（授权及采购意向未核）,未做逐名净空,False,,名称用途与买家复筛；已有品牌与产品名；中外公司及品牌扩扫,https://porkbun.com/checkout/search,,,,,,
2186,inkscape.si,Inkscape,24,仅历史可注册证据（需重查）,,2026-09-30T05:43:16.369Z,仅有既有品牌生态用途，精确名称转售需求缺依据,既有品牌生态经营者（授权及采购意向未核）,未做逐名净空,False,,名称用途与买家复筛；已有品牌与产品名；中外公司及品牌扩扫,https://porkbun.com/checkout/search,,,,,,
2187,jellyfin.si,Jellyfin,24,仅历史可注册证据（需重查）,,2026-09-30T05:43:16.369Z,仅有既有品牌生态用途，精确名称转售需求缺依据,既有品牌生态经营者（授权及采购意向未核）,未做逐名净空,False,,名称用途与买家复筛；已有品牌与产品名；中外公司及品牌扩扫,https://porkbun.com/checkout/search,,,,,,
2188,jhipster.si,JHipster,24,仅历史可注册证据（需重查）,,2026-09-30T05:43:16.369Z,仅有既有品牌生态用途，精确名称转售需求缺依据,既有品牌生态经营者（授权及采购意向未核）,未做逐名净空,False,,名称用途与买家复筛；已有品牌与产品名；中外公司及品牌扩扫,https://porkbun.com/checkout/search,,,,,,
2189,jsdelivr.si,jsDelivr,24,仅历史可注册证据（需重查）,,2026-09-30T05:43:16.369Z,仅有既有品牌生态用途，精确名称转售需求缺依据,既有品牌生态经营者（授权及采购意向未核）,未做逐名净空,False,,名称用途与买家复筛；已有品牌与产品名；中外公司及品牌扩扫,https://porkbun.com/checkout/search,,,,,,
2190,jsfiddle.si,JSFiddle,24,仅历史可注册证据（需重查）,,2026-09-30T05:43:16.369Z,仅有既有品牌生态用途，精确名称转售需求缺依据,既有品牌生态经营者（授权及采购意向未核）,未做逐名净空,False,,名称用途与买家复筛；已有品牌与产品名；中外公司及品牌扩扫,https://porkbun.com/checkout/search,,,,,,
2191,kamailio.si,Kamailio,24,仅历史可注册证据（需重查）,,2026-09-30T05:43:16.369Z,仅有既有品牌生态用途，精确名称转售需求缺依据,既有品牌生态经营者（授权及采购意向未核）,未做逐名净空,False,,名称用途与买家复筛；已有品牌与产品名；中外公司及品牌扩扫,https://porkbun.com/checkout/search,,,,,,
2192,openfaas.si,OpenFaaS,24,仅历史可注册证据（需重查）,,2026-09-30T05:43:16.369Z,仅有既有品牌生态用途，精确名称转售需求缺依据,既有品牌生态经营者（授权及采购意向未核）,未做逐名净空,False,,名称用途与买家复筛；已有品牌与产品名；中外公司及品牌扩扫,https://porkbun.com/checkout/search,,,,,,
2193,openscad.si,OpenSCAD,24,仅历史可注册证据（需重查）,,2026-09-30T05:43:16.369Z,仅有既有品牌生态用途，精确名称转售需求缺依据,既有品牌生态经营者（授权及采购意向未核）,未做逐名净空,False,,名称用途与买家复筛；已有品牌与产品名；中外公司及品牌扩扫,https://porkbun.com/checkout/search,,,,,,
2194,opensuse.si,openSUSE,24,仅历史可注册证据（需重查）,,2026-09-30T05:43:16.369Z,仅有既有品牌生态用途，精确名称转售需求缺依据,既有品牌生态经营者（授权及采购意向未核）,未做逐名净空,False,,名称用途与买家复筛；已有品牌与产品名；中外公司及品牌扩扫,https://porkbun.com/checkout/search,,,,,,
2195,opentofu.si,OpenTofu,24,仅历史可注册证据（需重查）,,2026-09-30T05:43:16.369Z,仅有既有品牌生态用途，精确名称转售需求缺依据,既有品牌生态经营者（授权及采购意向未核）,未做逐名净空,False,,名称用途与买家复筛；已有品牌与产品名；中外公司及品牌扩扫,https://porkbun.com/checkout/search,,,,,,
2196,utorrent.si,uTorrent,24,仅历史可注册证据（需重查）,,2026-09-30T05:43:16.369Z,仅有既有品牌生态用途，精确名称转售需求缺依据,既有品牌生态经营者（授权及采购意向未核）,未做逐名净空,False,,名称用途与买家复筛；已有品牌与产品名；中外公司及品牌扩扫,https://porkbun.com/checkout/search,,,,,,
2197,vscodium.si,VSCodium,24,仅历史可注册证据（需重查）,,2026-09-30T05:49:56.050Z,仅有既有品牌生态用途，精确名称转售需求缺依据,既有品牌生态经营者（授权及采购意向未核）,未做逐名净空,False,,名称用途与买家复筛；已有品牌与产品名；中外公司及品牌扩扫,https://porkbun.com/checkout/search,,,,,,
2198,wakatime.si,WakaTime,24,仅历史可注册证据（需重查）,,2026-09-30T05:49:56.050Z,仅有既有品牌生态用途，精确名称转售需求缺依据,既有品牌生态经营者（授权及采购意向未核）,未做逐名净空,False,,名称用途与买家复筛；已有品牌与产品名；中外公司及品牌扩扫,https://porkbun.com/checkout/search,,,,,,
2199,wallabag.si,Wallabag,24,仅历史可注册证据（需重查）,,2026-09-30T05:49:56.050Z,仅有既有品牌生态用途，精确名称转售需求缺依据,既有品牌生态经营者（授权及采购意向未核）,未做逐名净空,False,,名称用途与买家复筛；已有品牌与产品名；中外公司及品牌扩扫,https://porkbun.com/checkout/search,,,,,,
2200,webtrees.si,webtrees,24,仅历史可注册证据（需重查）,,2026-09-30T06:07:34.331Z,仅有既有品牌生态用途，精确名称转售需求缺依据,既有品牌生态经营者（授权及采购意向未核）,未做逐名净空,False,,名称用途与买家复筛；已有品牌与产品名；中外公司及品牌扩扫,https://porkbun.com/checkout/search,,,,,,
2201,wikidata.si,Wikidata,24,仅历史可注册证据（需重查）,,2026-09-30T06:07:34.331Z,仅有既有品牌生态用途，精确名称转售需求缺依据,既有品牌生态经营者（授权及采购意向未核）,未做逐名净空,False,,名称用途与买家复筛；已有品牌与产品名；中外公司及品牌扩扫,https://porkbun.com/checkout/search,,,,,,
2202,yunohost.si,YunoHost,24,仅历史可注册证据（需重查）,,2026-09-30T06:07:34.331Z,仅有既有品牌生态用途，精确名称转售需求缺依据,既有品牌生态经营者（授权及采购意向未核）,未做逐名净空,False,,名称用途与买家复筛；已有品牌与产品名；中外公司及品牌扩扫,https://porkbun.com/checkout/search,,,,,,
2203,quicktype.si,quicktype,24,仅历史可注册证据（需重查）,,2026-09-30T05:49:56.050Z,仅有既有品牌生态用途，精确名称转售需求缺依据,既有品牌生态经营者（授权及采购意向未核）,未做逐名净空,False,,名称用途与买家复筛；已有品牌与产品名；中外公司及品牌扩扫,https://porkbun.com/checkout/search,,,,,,
2204,vbulletin.si,vBulletin,24,仅历史可注册证据（需重查）,,2026-09-30T05:49:56.050Z,仅有既有品牌生态用途，精确名称转售需求缺依据,既有品牌生态经营者（授权及采购意向未核）,未做逐名净空,False,,名称用途与买家复筛；已有品牌与产品名；中外公司及品牌扩扫,https://porkbun.com/checkout/search,,,,,,
2205,wasmcloud.si,wasmCloud,24,仅历史可注册证据（需重查）,,2026-09-30T06:07:34.331Z,仅有既有品牌生态用途，精确名称转售需求缺依据,既有品牌生态经营者（授权及采购意向未核）,未做逐名净空,False,,名称用途与买家复筛；已有品牌与产品名；中外公司及品牌扩扫,https://porkbun.com/checkout/search,,,,,,
2206,wireshark.si,Wireshark,24,仅历史可注册证据（需重查）,,2026-09-30T06:07:34.331Z,仅有既有品牌生态用途，精确名称转售需求缺依据,既有品牌生态经营者（授权及采购意向未核）,未做逐名净空,False,,名称用途与买家复筛；已有品牌与产品名；中外公司及品牌扩扫,https://porkbun.com/checkout/search,,,,,,
2207,poap.si,活动出席证明徽章,24,仅历史可注册证据（需重查）,,2026-09-30T15:41:19.769Z,既有专属项目简称，独立转售用途几乎不成立,活动徽章项目授权方,未做逐名净空,False,,币圈术语与本土叙事,https://regery.com/en/bulksearch,,,,,,
2208,yii.si,Yii,24,仅历史可注册证据（需重查）,,2026-09-30T04:49:10.185Z,现有用途仅指既有品牌，独立转售买家逻辑未成立,现资料仅指同名品牌；未确定独立经营者画像,未做逐名净空,False,,名称用途与买家复筛；已有品牌与产品名；中外公司及品牌扩扫,https://porkbun.com/checkout/search,,,,,,
2209,amul.si,Amul,24,仅历史可注册证据（需重查）,,2026-09-30T04:49:10.185Z,现有用途仅指既有品牌，独立转售买家逻辑未成立,现资料仅指同名品牌；未确定独立经营者画像,未做逐名净空,False,,名称用途与买家复筛；已有品牌与产品名；中外公司及品牌扩扫,https://porkbun.com/checkout/search,,,,,,
2210,antv.si,AntV,24,仅历史可注册证据（需重查）,,2026-09-30T04:49:10.185Z,现有用途仅指既有品牌，独立转售买家逻辑未成立,现资料仅指同名品牌；未确定独立经营者画像,未做逐名净空,False,,名称用途与买家复筛；已有品牌与产品名；中外公司及品牌扩扫,https://porkbun.com/checkout/search,,,,,,
2211,asda.si,ASDA,24,仅历史可注册证据（需重查）,,2026-09-30T04:49:10.185Z,现有用途仅指既有品牌，独立转售买家逻辑未成立,现资料仅指同名品牌；未确定独立经营者画像,未做逐名净空,False,,名称用途与买家复筛；已有品牌与产品名；中外公司及品牌扩扫,https://porkbun.com/checkout/search,,,,,,
2212,clyp.si,Clyp,24,仅历史可注册证据（需重查）,,2026-09-30T04:49:10.185Z,现有用途仅指既有品牌，独立转售买家逻辑未成立,现资料仅指同名品牌；未确定独立经营者画像,未做逐名净空,False,,名称用途与买家复筛；已有品牌与产品名；中外公司及品牌扩扫,https://porkbun.com/checkout/search,,,,,,
2213,cncf.si,CNCF,24,仅历史可注册证据（需重查）,,2026-09-30T04:49:10.185Z,现有用途仅指既有品牌，独立转售买家逻辑未成立,现资料仅指同名品牌；未确定独立经营者画像,未做逐名净空,False,,名称用途与买家复筛；已有品牌与产品名；中外公司及品牌扩扫,https://porkbun.com/checkout/search,,,,,,
2214,cnes.si,CNES,24,仅历史可注册证据（需重查）,,2026-09-30T04:49:10.185Z,现有用途仅指既有品牌，独立转售买家逻辑未成立,现资料仅指同名品牌；未确定独立经营者画像,未做逐名净空,False,,名称用途与买家复筛；已有品牌与产品名；中外公司及品牌扩扫,https://porkbun.com/checkout/search,,,,,,
2215,csdn.si,CSDN,24,近期有普通注册报价（需再确认）,2026-10-01T04:11:22.036Z,2026-09-30T04:49:10.185Z,现有用途仅指既有品牌，独立转售买家逻辑未成立,现资料仅指同名品牌；未确定独立经营者画像,未做逐名净空,False,,名称用途与买家复筛；已有品牌与产品名；中外公司及品牌扩扫,https://porkbun.com/checkout/search,,https://regery.com/en/bulksearch,,,,13.99
2216,dblp.si,dblp,24,仅历史可注册证据（需重查）,,2026-09-30T04:49:10.185Z,现有用途仅指既有品牌，独立转售买家逻辑未成立,现资料仅指同名品牌；未确定独立经营者画像,未做逐名净空,False,,名称用途与买家复筛；已有品牌与产品名；中外公司及品牌扩扫,https://porkbun.com/checkout/search,,,,,,
2217,emby.si,Emby,24,仅历史可注册证据（需重查）,,2026-09-30T04:49:10.185Z,现有用途仅指既有品牌，独立转售买家逻辑未成立,现资料仅指同名品牌；未确定独立经营者画像,未做逐名净空,False,,名称用途与买家复筛；已有品牌与产品名；中外公司及品牌扩扫,https://porkbun.com/checkout/search,,,,,,
2218,fing.si,Fing,24,仅历史可注册证据（需重查）,,2026-09-30T04:49:10.185Z,现有用途仅指既有品牌，独立转售买家逻辑未成立,现资料仅指同名品牌；未确定独立经营者画像,未做逐名净空,False,,名称用途与买家复筛；已有品牌与产品名；中外公司及品牌扩扫,https://porkbun.com/checkout/search,,,,,,
2219,fmod.si,FMOD,24,仅历史可注册证据（需重查）,,2026-09-30T04:49:10.185Z,现有用途仅指既有品牌，独立转售买家逻辑未成立,现资料仅指同名品牌；未确定独立经营者画像,未做逐名净空,False,,名称用途与买家复筛；已有品牌与产品名；中外公司及品牌扩扫,https://porkbun.com/checkout/search,,,,,,
2220,fubo.si,双音节短品牌词,24,仅历史可注册证据（需重查）,,2026-09-30T04:49:10.185Z,现有用途仅指既有品牌，独立转售买家逻辑未成立,现资料仅指同名品牌；未确定独立经营者画像,未做逐名净空,False,,名称用途与买家复筛；已有品牌与产品名；已有品牌采用优选50；跨方法优选100；中外公司及品牌扩扫,https://porkbun.com/checkout/search,,,,,,
2221,gsma.si,GSMA,24,仅历史可注册证据（需重查）,,2026-09-30T04:49:10.185Z,现有用途仅指既有品牌，独立转售买家逻辑未成立,现资料仅指同名品牌；未确定独立经营者画像,未做逐名净空,False,,名称用途与买家复筛；已有品牌与产品名；中外公司及品牌扩扫,https://porkbun.com/checkout/search,,,,,,
2222,habr.si,Habr,24,仅历史可注册证据（需重查）,,2026-09-30T04:49:10.185Z,现有用途仅指既有品牌，独立转售买家逻辑未成立,现资料仅指同名品牌；未确定独立经营者画像,未做逐名净空,False,,名称用途与买家复筛；已有品牌与产品名；中外公司及品牌扩扫,https://porkbun.com/checkout/search,,,,,,
2223,iata.si,IATA,24,仅历史可注册证据（需重查）,,2026-09-30T04:49:10.185Z,现有用途仅指既有品牌，独立转售买家逻辑未成立,现资料仅指同名品牌；未确定独立经营者画像,未做逐名净空,False,,名称用途与买家复筛；已有品牌与产品名；中外公司及品牌扩扫,https://porkbun.com/checkout/search,,,,,,
2224,igdb.si,IGDB,24,仅历史可注册证据（需重查）,,2026-09-30T04:49:10.185Z,现有用途仅指既有品牌，独立转售买家逻辑未成立,现资料仅指同名品牌；未确定独立经营者画像,未做逐名净空,False,,名称用途与买家复筛；已有品牌与产品名；中外公司及品牌扩扫,https://porkbun.com/checkout/search,,,,,,
2225,imou.si,Imou,24,仅历史可注册证据（需重查）,,2026-09-30T04:49:10.185Z,现有用途仅指既有品牌，独立转售买家逻辑未成立,现资料仅指同名品牌；未确定独立经营者画像,未做逐名净空,False,,名称用途与买家复筛；已有品牌与产品名；中外公司及品牌扩扫,https://porkbun.com/checkout/search,,,,,,
2226,isro.si,ISRO,24,仅历史可注册证据（需重查）,,2026-09-30T04:49:10.185Z,现有用途仅指既有品牌，独立转售买家逻辑未成立,现资料仅指同名品牌；未确定独立经营者画像,未做逐名净空,False,,名称用途与买家复筛；已有品牌与产品名；中外公司及品牌扩扫,https://porkbun.com/checkout/search,,,,,,
2227,itvx.si,ITVx,24,仅历史可注册证据（需重查）,,2026-09-30T04:49:10.185Z,现有用途仅指既有品牌，独立转售买家逻辑未成立,现资料仅指同名品牌；未确定独立经营者画像,未做逐名净空,False,,名称用途与买家复筛；已有品牌与产品名；中外公司及品牌扩扫,https://porkbun.com/checkout/search,,,,,,
2228,lbry.si,LBRY,24,仅历史可注册证据（需重查）,,2026-09-30T04:49:10.185Z,现有用途仅指既有品牌，独立转售买家逻辑未成立,现资料仅指同名品牌；未确定独立经营者画像,未做逐名净空,False,,名称用途与买家复筛；已有品牌与产品名；中外公司及品牌扩扫,https://porkbun.com/checkout/search,,,,,,
2229,lifx.si,LIFX,24,仅历史可注册证据（需重查）,,2026-09-30T04:49:10.185Z,现有用途仅指既有品牌，独立转售买家逻辑未成立,现资料仅指同名品牌；未确定独立经营者画像,未做逐名净空,False,,名称用途与买家复筛；已有品牌与产品名；中外公司及品牌扩扫,https://porkbun.com/checkout/search,,,,,,
2230,mubi.si,短圆音品牌词,24,仅历史可注册证据（需重查）,,2026-09-30T04:49:10.185Z,现有用途仅指既有品牌，独立转售买家逻辑未成立,现资料仅指同名品牌；未确定独立经营者画像,未做逐名净空,False,,名称用途与买家复筛；已有品牌与产品名；已有品牌采用优选50；跨方法优选100；中外公司及品牌扩扫,https://porkbun.com/checkout/search,,,,,,
2231,nzxt.si,NZXT,24,仅历史可注册证据（需重查）,,2026-09-30T04:49:10.185Z,现有用途仅指既有品牌，独立转售买家逻辑未成立,现资料仅指同名品牌；未确定独立经营者画像,未做逐名净空,False,,名称用途与买家复筛；已有品牌与产品名；中外公司及品牌扩扫,https://porkbun.com/checkout/search,,,,,,
2232,oclc.si,OCLC,24,仅历史可注册证据（需重查）,,2026-09-30T04:49:10.185Z,现有用途仅指既有品牌，独立转售买家逻辑未成立,现资料仅指同名品牌；未确定独立经营者画像,未做逐名净空,False,,名称用途与买家复筛；已有品牌与产品名；中外公司及品牌扩扫,https://porkbun.com/checkout/search,,,,,,
2233,osmc.si,OSMC,24,仅历史可注册证据（需重查）,,2026-09-30T04:49:10.185Z,现有用途仅指既有品牌，独立转售买家逻辑未成立,现资料仅指同名品牌；未确定独立经营者画像,未做逐名净空,False,,名称用途与买家复筛；已有品牌与产品名；中外公司及品牌扩扫,https://porkbun.com/checkout/search,,,,,,
2234,roon.si,Roon,24,仅历史可注册证据（需重查）,,2026-09-30T04:49:10.185Z,现有用途仅指既有品牌，独立转售买家逻辑未成立,现资料仅指同名品牌；未确定独立经营者画像,未做逐名净空,False,,名称用途与买家复筛；已有品牌与产品名；中外公司及品牌扩扫,https://porkbun.com/checkout/search,,,,,,
2235,sncf.si,SNCF,24,仅历史可注册证据（需重查）,,2026-09-30T04:49:10.185Z,现有用途仅指既有品牌，独立转售买家逻辑未成立,现资料仅指同名品牌；未确定独立经营者画像,未做逐名净空,False,,名称用途与买家复筛；已有品牌与产品名；中外公司及品牌扩扫,https://porkbun.com/checkout/search,,,,,,
2236,ssrn.si,SSRN,24,仅历史可注册证据（需重查）,,2026-09-30T04:54:27.936Z,现有用途仅指既有品牌，独立转售买家逻辑未成立,现资料仅指同名品牌；未确定独立经营者画像,未做逐名净空,False,,名称用途与买家复筛；已有品牌与产品名；中外公司及品牌扩扫,https://porkbun.com/checkout/search,,,,,,
2237,usps.si,USPS,24,仅历史可注册证据（需重查）,,2026-09-30T04:54:27.936Z,现有用途仅指既有品牌，独立转售买家逻辑未成立,现资料仅指同名品牌；未确定独立经营者画像,未做逐名净空,False,,名称用途与买家复筛；已有品牌与产品名；中外公司及品牌扩扫,https://porkbun.com/checkout/search,,,,,,
2238,vsco.si,视觉创作社区名称,24,仅历史可注册证据（需重查）,,2026-09-30T04:54:27.936Z,现有用途仅指既有品牌，独立转售买家逻辑未成立,现资料仅指同名品牌；未确定独立经营者画像,未做逐名净空,False,,名称用途与买家复筛；已有品牌与产品名；已有品牌采用优选50；跨方法优选100；中外公司及品牌扩扫,https://porkbun.com/checkout/search,,,,,,
2239,yaak.si,yak 动物近音拼写,24,仅历史可注册证据（需重查）,,2026-09-30T04:54:27.936Z,现有用途仅指既有品牌，独立转售买家逻辑未成立,现资料仅指同名品牌；未确定独立经营者画像,未做逐名净空,False,,名称用途与买家复筛；已有品牌与产品名；中外公司及品牌扩扫,https://porkbun.com/checkout/search,,,,,,
2240,zend.si,Zend,24,仅历史可注册证据（需重查）,,2026-09-30T04:54:27.936Z,现有用途仅指既有品牌，独立转售买家逻辑未成立,现资料仅指同名品牌；未确定独立经营者画像,未做逐名净空,False,,名称用途与买家复筛；已有品牌与产品名；中外公司及品牌扩扫,https://porkbun.com/checkout/search,,,,,,
2241,clion.si,CLion,24,仅历史可注册证据（需重查）,,2026-09-30T04:54:27.936Z,现有用途仅指既有品牌，独立转售买家逻辑未成立,现资料仅指同名品牌；未确定独立经营者画像,未做逐名净空,False,,名称用途与买家复筛；已有品牌与产品名；中外公司及品牌扩扫,https://porkbun.com/checkout/search,,,,,,
2242,darty.si,Darty,24,仅历史可注册证据（需重查）,,2026-09-30T04:54:27.936Z,现有用途仅指既有品牌，独立转售买家逻辑未成立,现资料仅指同名品牌；未确定独立经营者画像,未做逐名净空,False,,名称用途与买家复筛；已有品牌与产品名；中外公司及品牌扩扫,https://porkbun.com/checkout/search,,,,,,
2243,datev.si,DATEV,24,仅历史可注册证据（需重查）,,2026-09-30T04:54:27.936Z,现有用途仅指既有品牌，独立转售买家逻辑未成立,现资料仅指同名品牌；未确定独立经营者画像,未做逐名净空,False,,名称用途与买家复筛；已有品牌与产品名；中外公司及品牌扩扫,https://porkbun.com/checkout/search,,,,,,
2244,dolby.si,杜比；创始人姓氏,24,近期有普通注册报价（需再确认）,2026-10-01T04:11:22.036Z,2026-09-30T04:54:27.936Z,现有用途仅指既有品牌，独立转售买家逻辑未成立,现资料仅指同名品牌；未确定独立经营者画像,未做逐名净空,False,,名称用途与买家复筛；已有品牌与产品名；已有品牌采用优选50；跨方法优选100；中外公司及品牌扩扫,https://porkbun.com/checkout/search,,https://regery.com/en/bulksearch,,,,13.99
2245,dtube.si,DTube,24,仅历史可注册证据（需重查）,,2026-09-30T04:54:27.936Z,现有用途仅指既有品牌，独立转售买家逻辑未成立,现资料仅指同名品牌；未确定独立经营者画像,未做逐名净空,False,,名称用途与买家复筛；已有品牌与产品名；中外公司及品牌扩扫,https://porkbun.com/checkout/search,,,,,,
2246,eyeem.si,EyeEm,24,仅历史可注册证据（需重查）,,2026-09-30T04:54:27.936Z,现有用途仅指既有品牌，独立转售买家逻辑未成立,现资料仅指同名品牌；未确定独立经营者画像,未做逐名净空,False,,名称用途与买家复筛；已有品牌与产品名；中外公司及品牌扩扫,https://porkbun.com/checkout/search,,,,,,
2247,favro.si,Favro,24,仅历史可注册证据（需重查）,,2026-09-30T04:54:27.936Z,现有用途仅指既有品牌，独立转售买家逻辑未成立,现资料仅指同名品牌；未确定独立经营者画像,未做逐名净空,False,,名称用途与买家复筛；已有品牌与产品名；中外公司及品牌扩扫,https://porkbun.com/checkout/search,,,,,,
2248,giphy.si,GIF 动图派生词,24,仅历史可注册证据（需重查）,,2026-09-30T04:59:43.649Z,现有用途仅指既有品牌，独立转售买家逻辑未成立,现资料仅指同名品牌；未确定独立经营者画像,未做逐名净空,False,,名称用途与买家复筛；已有品牌与产品名；已有品牌采用优选50；跨方法优选100；中外公司及品牌扩扫,https://porkbun.com/checkout/search,,,,,,
2249,glovo.si,Glovo,24,仅历史可注册证据（需重查）,,2026-09-30T04:59:43.649Z,现有用途仅指既有品牌，独立转售买家逻辑未成立,现资料仅指同名品牌；未确定独立经营者画像,未做逐名净空,False,,名称用途与买家复筛；已有品牌与产品名；中外公司及品牌扩扫,https://porkbun.com/checkout/search,,,,,,
2250,gojek.si,Gojek,24,仅历史可注册证据（需重查）,,2026-09-30T04:59:43.649Z,现有用途仅指既有品牌，独立转售买家逻辑未成立,现资料仅指同名品牌；未确定独立经营者画像,未做逐名净空,False,,名称用途与买家复筛；已有品牌与产品名；中外公司及品牌扩扫,https://porkbun.com/checkout/search,,,,,,
2251,houzz.si,house 的短拼写,24,仅历史可注册证据（需重查）,,2026-09-30T04:59:43.649Z,现有用途仅指既有品牌，独立转售买家逻辑未成立,现资料仅指同名品牌；未确定独立经营者画像,未做逐名净空,False,,名称用途与买家复筛；已有品牌与产品名；已有品牌采用优选50；跨方法优选100；中外公司及品牌扩扫,https://porkbun.com/checkout/search,,,,,,
2252,imgur.si,image 派生短词,24,仅历史可注册证据（需重查）,,2026-09-30T04:59:43.649Z,现有用途仅指既有品牌，独立转售买家逻辑未成立,现资料仅指同名品牌；未确定独立经营者画像,未做逐名净空,False,,名称用途与买家复筛；已有品牌与产品名；已有品牌采用优选50；跨方法优选100；中外公司及品牌扩扫,https://porkbun.com/checkout/search,,,,,,
2253,ionos.si,Ionos,24,仅历史可注册证据（需重查）,,2026-09-30T04:59:43.649Z,现有用途仅指既有品牌，独立转售买家逻辑未成立,现资料仅指同名品牌；未确定独立经营者画像,未做逐名净空,False,,名称用途与买家复筛；已有品牌与产品名；中外公司及品牌扩扫,https://porkbun.com/checkout/search,,,,,,
2254,issuu.si,Issuu,24,仅历史可注册证据（需重查）,,2026-09-30T04:59:43.649Z,现有用途仅指既有品牌，独立转售买家逻辑未成立,现资料仅指同名品牌；未确定独立经营者画像,未做逐名净空,False,,名称用途与买家复筛；已有品牌与产品名；中外公司及品牌扩扫,https://porkbun.com/checkout/search,,,,,,
2255,jdcom.si,JD.com,24,近期有普通注册报价（需再确认）,2026-10-01T04:11:22.036Z,2026-09-30T05:36:10.542Z,现有用途仅指既有品牌，独立转售买家逻辑未成立,现资料仅指同名品牌；未确定独立经营者画像,未做逐名净空,False,,名称用途与买家复筛；已有品牌与产品名；中外公司及品牌扩扫,https://porkbun.com/checkout/search,,https://regery.com/en/bulksearch,,,,13.99
2256,kaios.si,KaiOS,24,仅历史可注册证据（需重查）,,2026-09-30T04:59:43.649Z,现有用途仅指既有品牌，独立转售买家逻辑未成立,现资料仅指同名品牌；未确定独立经营者画像,未做逐名净空,False,,名称用途与买家复筛；已有品牌与产品名；中外公司及品牌扩扫,https://porkbun.com/checkout/search,,,,,,
2257,kofax.si,Kofax,24,仅历史可注册证据（需重查）,,2026-09-30T04:59:43.649Z,现有用途仅指既有品牌，独立转售买家逻辑未成立,现资料仅指同名品牌；未确定独立经营者画像,未做逐名净空,False,,名称用途与买家复筛；已有品牌与产品名；中外公司及品牌扩扫,https://porkbun.com/checkout/search,,,,,,
2258,luogu.si,Luogu,24,仅历史可注册证据（需重查）,,2026-09-30T04:59:43.649Z,现有用途仅指既有品牌，独立转售买家逻辑未成立,现资料仅指同名品牌；未确定独立经营者画像,未做逐名净空,False,,名称用途与买家复筛；已有品牌与产品名；中外公司及品牌扩扫,https://porkbun.com/checkout/search,,,,,,
2259,macos.si,macOS,24,仅历史可注册证据（需重查）,,2026-09-30T04:59:43.649Z,现有用途仅指既有品牌，独立转售买家逻辑未成立,现资料仅指同名品牌；未确定独立经营者画像,未做逐名净空,False,,名称用途与买家复筛；已有品牌与产品名；中外公司及品牌扩扫,https://porkbun.com/checkout/search,,,,,,
2260,meizu.si,Meizu,24,近期有普通注册报价（需再确认）,2026-10-01T04:11:22.036Z,2026-09-30T04:59:43.649Z,现有用途仅指既有品牌，独立转售买家逻辑未成立,现资料仅指同名品牌；未确定独立经营者画像,未做逐名净空,False,,名称用途与买家复筛；已有品牌与产品名；中外公司及品牌扩扫,https://porkbun.com/checkout/search,,https://regery.com/en/bulksearch,,,,13.99
2261,myget.si,MyGet,24,仅历史可注册证据（需重查）,,2026-09-30T05:02:23.379Z,现有用途仅指既有品牌，独立转售买家逻辑未成立,现资料仅指同名品牌；未确定独立经营者画像,未做逐名净空,False,,名称用途与买家复筛；已有品牌与产品名；中外公司及品牌扩扫,https://porkbun.com/checkout/search,,,,,,
2262,packt.si,Packt,24,仅历史可注册证据（需重查）,,2026-09-30T05:02:23.379Z,现有用途仅指既有品牌，独立转售买家逻辑未成立,现资料仅指同名品牌；未确定独立经营者画像,未做逐名净空,False,,名称用途与买家复筛；已有品牌与产品名；中外公司及品牌扩扫,https://porkbun.com/checkout/search,,,,,,
2263,pixiv.si,插画社区品牌名,24,仅历史可注册证据（需重查）,,2026-09-30T05:02:23.379Z,现有用途仅指既有品牌，独立转售买家逻辑未成立,现资料仅指同名品牌；未确定独立经营者画像,未做逐名净空,False,,名称用途与买家复筛；已有品牌与产品名；已有品牌采用优选50；跨方法优选100；中外公司及品牌扩扫,https://porkbun.com/checkout/search,,,,,,
2264,plurk.si,Plurk,24,仅历史可注册证据（需重查）,,2026-09-30T05:02:23.379Z,现有用途仅指既有品牌，独立转售买家逻辑未成立,现资料仅指同名品牌；未确定独立经营者画像,未做逐名净空,False,,名称用途与买家复筛；已有品牌与产品名；中外公司及品牌扩扫,https://porkbun.com/checkout/search,,,,,,
2265,qiita.si,Qiita,24,仅历史可注册证据（需重查）,,2026-09-30T05:02:23.379Z,现有用途仅指既有品牌，独立转售买家逻辑未成立,现资料仅指同名品牌；未确定独立经营者画像,未做逐名净空,False,,名称用途与买家复筛；已有品牌与产品名；中外公司及品牌扩扫,https://porkbun.com/checkout/search,,,,,,
2266,qzone.si,Qzone,24,仅历史可注册证据（需重查）,,2026-09-30T05:02:23.379Z,现有用途仅指既有品牌，独立转售买家逻辑未成立,现资料仅指同名品牌；未确定独立经营者画像,未做逐名净空,False,,名称用途与买家复筛；已有品牌与产品名；中外公司及品牌扩扫,https://porkbun.com/checkout/search,,,,,,
2267,sogou.si,Sogou,24,近期有普通注册报价（需再确认）,2026-10-01T04:11:22.036Z,2026-09-30T05:02:23.379Z,现有用途仅指既有品牌，独立转售买家逻辑未成立,现资料仅指同名品牌；未确定独立经营者画像,未做逐名净空,False,,名称用途与买家复筛；已有品牌与产品名；中外公司及品牌扩扫,https://porkbun.com/checkout/search,,https://regery.com/en/bulksearch,,,,13.99
2268,starz.si,STARZ,24,仅历史可注册证据（需重查）,,2026-09-30T05:17:51.467Z,现有用途仅指既有品牌，独立转售买家逻辑未成立,现资料仅指同名品牌；未确定独立经营者画像,未做逐名净空,False,,名称用途与买家复筛；已有品牌与产品名；中外公司及品牌扩扫,https://porkbun.com/checkout/search,,,,,,
2269,tarom.si,TAROM,24,仅历史可注册证据（需重查）,,2026-09-30T05:17:51.467Z,现有用途仅指既有品牌，独立转售买家逻辑未成立,现资料仅指同名品牌；未确定独立经营者画像,未做逐名净空,False,,名称用途与买家复筛；已有品牌与产品名；中外公司及品牌扩扫,https://porkbun.com/checkout/search,,,,,,
2270,tesco.si,Tesco,24,仅历史可注册证据（需重查）,,2026-09-30T05:17:51.467Z,现有用途仅指既有品牌，独立转售买家逻辑未成立,现资料仅指同名品牌；未确定独立经营者画像,未做逐名净空,False,,名称用途与买家复筛；已有品牌与产品名；中外公司及品牌扩扫,https://porkbun.com/checkout/search,,,,,,
2271,trakt.si,Trakt,24,仅历史可注册证据（需重查）,,2026-09-30T05:17:51.467Z,现有用途仅指既有品牌，独立转售买家逻辑未成立,现资料仅指同名品牌；未确定独立经营者画像,未做逐名净空,False,,名称用途与买家复筛；已有品牌与产品名；中外公司及品牌扩扫,https://porkbun.com/checkout/search,,,,,,
2272,vyond.si,Vyond,24,仅历史可注册证据（需重查）,,2026-09-30T06:07:34.331Z,现有用途仅指既有品牌，独立转售买家逻辑未成立,现资料仅指同名品牌；未确定独立经营者画像,未做逐名净空,False,,名称用途与买家复筛；已有品牌与产品名；中外公司及品牌扩扫,https://porkbun.com/checkout/search,,,,,,
2273,wwise.si,Wwise,24,仅历史可注册证据（需重查）,,2026-09-30T06:07:34.331Z,现有用途仅指既有品牌，独立转售买家逻辑未成立,现资料仅指同名品牌；未确定独立经营者画像,未做逐名净空,False,,名称用途与买家复筛；已有品牌与产品名；中外公司及品牌扩扫,https://porkbun.com/checkout/search,,,,,,
2274,zcool.si,ZCOOL,24,近期有普通注册报价（需再确认）,2026-10-01T04:11:22.036Z,2026-09-30T06:07:34.331Z,现有用途仅指既有品牌，独立转售买家逻辑未成立,现资料仅指同名品牌；未确定独立经营者画像,未做逐名净空,False,,名称用途与买家复筛；已有品牌与产品名；中外公司及品牌扩扫,https://porkbun.com/checkout/search,,https://regery.com/en/bulksearch,,,,13.99
2275,zhihu.si,Zhihu,24,近期有普通注册报价（需再确认）,2026-10-01T04:11:22.036Z,2026-09-30T06:07:34.331Z,现有用途仅指既有品牌，独立转售买家逻辑未成立,现资料仅指同名品牌；未确定独立经营者画像,未做逐名净空,False,,名称用途与买家复筛；已有品牌与产品名；中外公司及品牌扩扫,https://porkbun.com/checkout/search,,https://regery.com/en/bulksearch,,,,13.99
2276,ziggo.si,Ziggo,24,仅历史可注册证据（需重查）,,2026-09-30T06:07:34.331Z,现有用途仅指既有品牌，独立转售买家逻辑未成立,现资料仅指同名品牌；未确定独立经营者画像,未做逐名净空,False,,名称用途与买家复筛；已有品牌与产品名；中外公司及品牌扩扫,https://porkbun.com/checkout/search,,,,,,
2277,adroll.si,Adroll,24,仅历史可注册证据（需重查）,,2026-09-30T05:17:51.467Z,现有用途仅指既有品牌，独立转售买家逻辑未成立,现资料仅指同名品牌；未确定独立经营者画像,未做逐名净空,False,,名称用途与买家复筛；已有品牌与产品名；中外公司及品牌扩扫,https://porkbun.com/checkout/search,,,,,,
2278,afdian.si,AFDIAN,24,仅历史可注册证据（需重查）,,2026-09-30T05:17:51.467Z,现有用途仅指既有品牌，独立转售买家逻辑未成立,现资料仅指同名品牌；未确定独立经营者画像,未做逐名净空,False,,名称用途与买家复筛；已有品牌与产品名；中外公司及品牌扩扫,https://porkbun.com/checkout/search,,,,,,
2279,appian.si,Appian,24,仅历史可注册证据（需重查）,,2026-09-30T05:17:51.467Z,现有用途仅指既有品牌，独立转售买家逻辑未成立,现资料仅指同名品牌；未确定独立经营者画像,未做逐名净空,False,,名称用途与买家复筛；已有品牌与产品名；中外公司及品牌扩扫,https://porkbun.com/checkout/search,,,,,,
2280,bitwig.si,Bitwig,24,仅历史可注册证据（需重查）,,2026-09-30T05:17:51.467Z,现有用途仅指既有品牌，独立转售买家逻辑未成立,现资料仅指同名品牌；未确定独立经营者画像,未做逐名净空,False,,名称用途与买家复筛；已有品牌与产品名；中外公司及品牌扩扫,https://porkbun.com/checkout/search,,,,,,
2281,boosty.si,Boosty,24,仅历史可注册证据（需重查）,,2026-09-30T05:17:51.467Z,现有用途仅指既有品牌，独立转售买家逻辑未成立,现资料仅指同名品牌；未确定独立经营者画像,未做逐名净空,False,,名称用途与买家复筛；已有品牌与产品名；中外公司及品牌扩扫,https://porkbun.com/checkout/search,,,,,,
2282,bungie.si,Bungie,24,仅历史可注册证据（需重查）,,2026-09-30T05:17:51.467Z,现有用途仅指既有品牌，独立转售买家逻辑未成立,现资料仅指同名品牌；未确定独立经营者画像,未做逐名净空,False,,名称用途与买家复筛；已有品牌与产品名；中外公司及品牌扩扫,https://porkbun.com/checkout/search,,,,,,
2283,chemex.si,Chemex,24,仅历史可注册证据（需重查）,,2026-09-30T05:17:51.467Z,现有用途仅指既有品牌，独立转售买家逻辑未成立,现资料仅指同名品牌；未确定独立经营者画像,未做逐名净空,False,,名称用途与买家复筛；已有品牌与产品名；中外公司及品牌扩扫,https://porkbun.com/checkout/search,,,,,,
2284,codacy.si,Codacy,24,仅历史可注册证据（需重查）,,2026-09-30T05:17:51.467Z,现有用途仅指既有品牌，独立转售买家逻辑未成立,现资料仅指同名品牌；未确定独立经营者画像,未做逐名净空,False,,名称用途与买家复筛；已有品牌与产品名；中外公司及品牌扩扫,https://porkbun.com/checkout/search,,,,,,
2285,coggle.si,cog 齿轮与 goggle 眼镜的联想,24,仅历史可注册证据（需重查）,,2026-09-30T05:17:51.467Z,现有用途仅指既有品牌，独立转售买家逻辑未成立,现资料仅指同名品牌；未确定独立经营者画像,未做逐名净空,False,,名称用途与买家复筛；已有品牌与产品名；中外公司及品牌扩扫,https://porkbun.com/checkout/search,,,,,,
2286,credly.si,Credly,24,仅历史可注册证据（需重查）,,2026-09-30T05:17:51.467Z,现有用途仅指既有品牌，独立转售买家逻辑未成立,现资料仅指同名品牌；未确定独立经营者画像,未做逐名净空,False,,名称用途与买家复筛；已有品牌与产品名；中外公司及品牌扩扫,https://porkbun.com/checkout/search,,,,,,
2287,deezer.si,Deezer,24,仅历史可注册证据（需重查）,,2026-09-30T05:17:51.467Z,现有用途仅指既有品牌，独立转售买家逻辑未成立,现资料仅指同名品牌；未确定独立经营者画像,未做逐名净空,False,,名称用途与买家复筛；已有品牌与产品名；中外公司及品牌扩扫,https://porkbun.com/checkout/search,,,,,,
2288,disqus.si,Disqus,24,仅历史可注册证据（需重查）,,2026-09-30T05:17:51.467Z,现有用途仅指既有品牌，独立转售买家逻辑未成立,现资料仅指同名品牌；未确定独立经营者画像,未做逐名净空,False,,名称用途与买家复筛；已有品牌与产品名；中外公司及品牌扩扫,https://porkbun.com/checkout/search,,,,,,
2289,ecosia.si,Ecosia,24,仅历史可注册证据（需重查）,,2026-09-30T05:22:54.268Z,现有用途仅指既有品牌，独立转售买家逻辑未成立,现资料仅指同名品牌；未确定独立经营者画像,未做逐名净空,False,,名称用途与买家复筛；已有品牌与产品名；中外公司及品牌扩扫,https://porkbun.com/checkout/search,,,,,,
2290,egnyte.si,Egnyte,24,仅历史可注册证据（需重查）,,2026-09-30T05:22:54.268Z,现有用途仅指既有品牌，独立转售买家逻辑未成立,现资料仅指同名品牌；未确定独立经营者画像,未做逐名净空,False,,名称用途与买家复筛；已有品牌与产品名；中外公司及品牌扩扫,https://porkbun.com/checkout/search,,,,,,
2291,enpass.si,Enpass,24,仅历史可注册证据（需重查）,,2026-09-30T05:22:54.268Z,现有用途仅指既有品牌，独立转售买家逻辑未成立,现资料仅指同名品牌；未确定独立经营者画像,未做逐名净空,False,,名称用途与买家复筛；已有品牌与产品名；中外公司及品牌扩扫,https://porkbun.com/checkout/search,,,,,,
2292,faceit.si,FACEIT,24,仅历史可注册证据（需重查）,,2026-09-30T05:22:54.268Z,现有用途仅指既有品牌，独立转售买家逻辑未成立,现资料仅指同名品牌；未确定独立经营者画像,未做逐名净空,False,,名称用途与买家复筛；已有品牌与产品名；中外公司及品牌扩扫,https://porkbun.com/checkout/search,,,,,,
2293,fampay.si,FamPay,24,仅历史可注册证据（需重查）,,2026-09-30T05:22:54.268Z,现有用途仅指既有品牌，独立转售买家逻辑未成立,现资料仅指同名品牌；未确定独立经营者画像,未做逐名净空,False,,名称用途与买家复筛；已有品牌与产品名；中外公司及品牌扩扫,https://porkbun.com/checkout/search,,,,,,
2294,fanfou.si,Fanfou,24,仅历史可注册证据（需重查）,,2026-09-30T05:22:54.268Z,现有用途仅指既有品牌，独立转售买家逻辑未成立,现资料仅指同名品牌；未确定独立经营者画像,未做逐名净空,False,,名称用途与买家复筛；已有品牌与产品名；中外公司及品牌扩扫,https://porkbun.com/checkout/search,,,,,,
2295,fineco.si,Fineco,24,仅历史可注册证据（需重查）,,2026-09-30T05:22:54.268Z,现有用途仅指既有品牌，独立转售买家逻辑未成立,现资料仅指同名品牌；未确定独立经营者画像,未做逐名净空,False,,名称用途与买家复筛；已有品牌与产品名；中外公司及品牌扩扫,https://porkbun.com/checkout/search,,,,,,
2296,fitbit.si,健身与小件设备,24,仅历史可注册证据（需重查）,,2026-09-30T05:22:54.268Z,现有用途仅指既有品牌，独立转售买家逻辑未成立,现资料仅指同名品牌；未确定独立经营者画像,未做逐名净空,False,,名称用途与买家复筛；已有品牌与产品名；已有品牌采用优选50；跨方法优选100；中外公司及品牌扩扫,https://porkbun.com/checkout/search,,,,,,
2297,floorp.si,Floorp,24,仅历史可注册证据（需重查）,,2026-09-30T05:22:54.268Z,现有用途仅指既有品牌，独立转售买家逻辑未成立,现资料仅指同名品牌；未确定独立经营者画像,未做逐名净空,False,,名称用途与买家复筛；已有品牌与产品名；中外公司及品牌扩扫,https://porkbun.com/checkout/search,,,,,,
2298,foxtel.si,Foxtel,24,仅历史可注册证据（需重查）,,2026-09-30T05:22:54.268Z,现有用途仅指既有品牌，独立转售买家逻辑未成立,现资料仅指同名品牌；未确定独立经营者画像,未做逐名净空,False,,名称用途与买家复筛；已有品牌与产品名；中外公司及品牌扩扫,https://porkbun.com/checkout/search,,,,,,
2299,gboard.si,Gboard,24,仅历史可注册证据（需重查）,,2026-09-30T05:22:54.268Z,现有用途仅指既有品牌，独立转售买家逻辑未成立,现资料仅指同名品牌；未确定独立经营者画像,未做逐名净空,False,,名称用途与买家复筛；已有品牌与产品名；中外公司及品牌扩扫,https://porkbun.com/checkout/search,,,,,,
2300,goland.si,GoLand,24,仅历史可注册证据（需重查）,,2026-09-30T05:22:54.268Z,现有用途仅指既有品牌，独立转售买家逻辑未成立,现资料仅指同名品牌；未确定独立经营者画像,未做逐名净空,False,,名称用途与买家复筛；已有品牌与产品名；中外公司及品牌扩扫,https://porkbun.com/checkout/search,,,,,,
2301,hotjar.si,Hotjar,24,仅历史可注册证据（需重查）,,2026-09-30T05:22:54.268Z,现有用途仅指既有品牌，独立转售买家逻辑未成立,现资料仅指同名品牌；未确定独立经营者画像,未做逐名净空,False,,名称用途与买家复筛；已有品牌与产品名；中外公司及品牌扩扫,https://porkbun.com/checkout/search,,,,,,
2302,kaggle.si,Kaggle,24,仅历史可注册证据（需重查）,,2026-09-30T05:17:51.467Z,现有用途仅指既有品牌，独立转售买家逻辑未成立,现资料仅指同名品牌；未确定独立经营者画像,未做逐名净空,False,,名称用途与买家复筛；已有品牌与产品名；中外公司及品牌扩扫,https://porkbun.com/checkout/search,,,,,,
2303,kinsta.si,Kinsta,24,仅历史可注册证据（需重查）,,2026-09-30T05:17:51.467Z,现有用途仅指既有品牌，独立转售买家逻辑未成立,现资料仅指同名品牌；未确定独立经营者画像,未做逐名净空,False,,名称用途与买家复筛；已有品牌与产品名；中外公司及品牌扩扫,https://porkbun.com/checkout/search,,,,,,
2304,lospec.si,Lospec,24,仅历史可注册证据（需重查）,,2026-09-30T05:17:51.467Z,现有用途仅指既有品牌，独立转售买家逻辑未成立,现资料仅指同名品牌；未确定独立经营者画像,未做逐名净空,False,,名称用途与买家复筛；已有品牌与产品名；中外公司及品牌扩扫,https://porkbun.com/checkout/search,,,,,,
2305,macpaw.si,MacPaw,24,仅历史可注册证据（需重查）,,2026-09-30T05:17:51.467Z,现有用途仅指既有品牌，独立转售买家逻辑未成立,现资料仅指同名品牌；未确定独立经营者画像,未做逐名净空,False,,名称用途与买家复筛；已有品牌与产品名；中外公司及品牌扩扫,https://porkbun.com/checkout/search,,,,,,
2306,magisk.si,Magisk,24,仅历史可注册证据（需重查）,,2026-09-30T05:17:51.467Z,现有用途仅指既有品牌，独立转售买家逻辑未成立,现资料仅指同名品牌；未确定独立经营者画像,未做逐名净空,False,,名称用途与买家复筛；已有品牌与产品名；中外公司及品牌扩扫,https://porkbun.com/checkout/search,,,,,,
2307,maytag.si,Maytag,24,仅历史可注册证据（需重查）,,2026-09-30T05:17:51.467Z,现有用途仅指既有品牌，独立转售买家逻辑未成立,现资料仅指同名品牌；未确定独立经营者画像,未做逐名净空,False,,名称用途与买家复筛；已有品牌与产品名；中外公司及品牌扩扫,https://porkbun.com/checkout/search,,,,,,
2308,mixamo.si,Mixamo,24,仅历史可注册证据（需重查）,,2026-09-30T05:17:51.467Z,现有用途仅指既有品牌，独立转售买家逻辑未成立,现资料仅指同名品牌；未确定独立经营者画像,未做逐名净空,False,,名称用途与买家复筛；已有品牌与产品名；中外公司及品牌扩扫,https://porkbun.com/checkout/search,,,,,,
2309,namemc.si,NameMC,24,仅历史可注册证据（需重查）,,2026-09-30T05:17:51.467Z,现有用途仅指既有品牌，独立转售买家逻辑未成立,现资料仅指同名品牌；未确定独立经营者画像,未做逐名净空,False,,名称用途与买家复筛；已有品牌与产品名；中外公司及品牌扩扫,https://porkbun.com/checkout/search,,,,,,
2310,newegg.si,Newegg,24,仅历史可注册证据（需重查）,,2026-09-30T05:22:54.268Z,现有用途仅指既有品牌，独立转售买家逻辑未成立,现资料仅指同名品牌；未确定独立经营者画像,未做逐名净空,False,,名称用途与买家复筛；已有品牌与产品名；中外公司及品牌扩扫,https://porkbun.com/checkout/search,,,,,,
2311,notist.si,Notist,24,仅历史可注册证据（需重查）,,2026-09-30T05:22:54.268Z,现有用途仅指既有品牌，独立转售买家逻辑未成立,现资料仅指同名品牌；未确定独立经营者画像,未做逐名净空,False,,名称用途与买家复筛；已有品牌与产品名；中外公司及品牌扩扫,https://porkbun.com/checkout/search,,,,,,
2312,odysee.si,Odysee,24,仅历史可注册证据（需重查）,,2026-09-30T05:22:54.268Z,现有用途仅指既有品牌，独立转售买家逻辑未成立,现资料仅指同名品牌；未确定独立经营者画像,未做逐名净空,False,,名称用途与买家复筛；已有品牌与产品名；中外公司及品牌扩扫,https://porkbun.com/checkout/search,,,,,,
2313,payhip.si,Payhip,24,仅历史可注册证据（需重查）,,2026-09-30T05:22:54.268Z,现有用途仅指既有品牌，独立转售买家逻辑未成立,现资料仅指同名品牌；未确定独立经营者画像,未做逐名净空,False,,名称用途与买家复筛；已有品牌与产品名；中外公司及品牌扩扫,https://porkbun.com/checkout/search,,,,,,
2314,piapro.si,Piapro,24,仅历史可注册证据（需重查）,,2026-09-30T05:22:54.268Z,现有用途仅指既有品牌，独立转售买家逻辑未成立,现资料仅指同名品牌；未确定独立经营者画像,未做逐名净空,False,,名称用途与买家复筛；已有品牌与产品名；中外公司及品牌扩扫,https://porkbun.com/checkout/search,,,,,,
2315,picpay.si,PicPay,24,仅历史可注册证据（需重查）,,2026-09-30T05:22:54.268Z,现有用途仅指既有品牌，独立转售买家逻辑未成立,现资料仅指同名品牌；未确定独立经营者画像,未做逐名净空,False,,名称用途与买家复筛；已有品牌与产品名；中外公司及品牌扩扫,https://porkbun.com/checkout/search,,,,,,
2316,picrew.si,Picrew,24,仅历史可注册证据（需重查）,,2026-09-30T05:22:54.268Z,现有用途仅指既有品牌，独立转售买家逻辑未成立,现资料仅指同名品牌；未确定独立经营者画像,未做逐名净空,False,,名称用途与买家复筛；已有品牌与产品名；中外公司及品牌扩扫,https://porkbun.com/checkout/search,,,,,,
2317,platzi.si,Platzi,24,仅历史可注册证据（需重查）,,2026-09-30T05:22:54.268Z,现有用途仅指既有品牌，独立转售买家逻辑未成立,现资料仅指同名品牌；未确定独立经营者画像,未做逐名净空,False,,名称用途与买家复筛；已有品牌与产品名；中外公司及品牌扩扫,https://porkbun.com/checkout/search,,,,,,
2318,qantas.si,澳洲航空原名缩写形成的品牌词,24,仅历史可注册证据（需重查）,,2026-09-30T05:22:54.268Z,现有用途仅指既有品牌，独立转售买家逻辑未成立,现资料仅指同名品牌；未确定独立经营者画像,未做逐名净空,False,,名称用途与买家复筛；已有品牌与产品名；已有品牌采用优选50；跨方法优选100；中外公司及品牌扩扫,https://porkbun.com/checkout/search,,,,,,
2319,qualys.si,Qualys,24,仅历史可注册证据（需重查）,,2026-09-30T05:22:54.268Z,现有用途仅指既有品牌，独立转售买家逻辑未成立,现资料仅指同名品牌；未确定独立经营者画像,未做逐名净空,False,,名称用途与买家复筛；已有品牌与产品名；中外公司及品牌扩扫,https://porkbun.com/checkout/search,,,,,,
2320,redsys.si,Redsys,24,仅历史可注册证据（需重查）,,2026-09-30T05:31:39.940Z,现有用途仅指既有品牌，独立转售买家逻辑未成立,现资料仅指同名品牌；未确定独立经营者画像,未做逐名净空,False,,名称用途与买家复筛；已有品牌与产品名；中外公司及品牌扩扫,https://porkbun.com/checkout/search,,,,,,
2321,scopus.si,Scopus,24,仅历史可注册证据（需重查）,,2026-09-30T05:31:39.940Z,现有用途仅指既有品牌，独立转售买家逻辑未成立,现资料仅指同名品牌；未确定独立经营者画像,未做逐名净空,False,,名称用途与买家复筛；已有品牌与产品名；中外公司及品牌扩扫,https://porkbun.com/checkout/search,,,,,,
2322,sellfy.si,Sellfy,24,仅历史可注册证据（需重查）,,2026-09-30T05:31:39.940Z,现有用途仅指既有品牌，独立转售买家逻辑未成立,现资料仅指同名品牌；未确定独立经营者画像,未做逐名净空,False,,名称用途与买家复筛；已有品牌与产品名；中外公司及品牌扩扫,https://porkbun.com/checkout/search,,,,,,
2323,setapp.si,一套应用,24,仅历史可注册证据（需重查）,,2026-09-30T05:31:39.940Z,应用套装只是拆词联想，主要仍依赖同名订阅品牌,现资料仅指同名产品；暂无独立买家方向,未做逐名净空,False,,名称用途与买家复筛；已有品牌与产品名；已有品牌采用优选50；跨方法优选100；中外公司及品牌扩扫,https://porkbun.com/checkout/search,,,,,,
2324,tamiya.si,Tamiya,24,仅历史可注册证据（需重查）,,2026-09-30T05:31:39.940Z,现有用途仅指既有品牌，独立转售买家逻辑未成立,现资料仅指同名品牌；未确定独立经营者画像,未做逐名净空,False,,名称用途与买家复筛；已有品牌与产品名；中外公司及品牌扩扫,https://porkbun.com/checkout/search,,,,,,
2325,trulia.si,trulia,24,仅历史可注册证据（需重查）,,2026-09-30T05:31:39.940Z,现有用途仅指既有品牌，独立转售买家逻辑未成立,现资料仅指同名品牌；未确定独立经营者画像,未做逐名净空,False,,名称用途与买家复筛；已有品牌与产品名；中外公司及品牌扩扫,https://porkbun.com/checkout/search,,,,,,
2326,uniqlo.si,优衣库品牌名,24,近期有普通注册报价（需再确认）,2026-10-01T04:11:22.036Z,2026-09-30T05:31:39.940Z,现有用途仅指既有品牌，独立转售买家逻辑未成立,现资料仅指同名品牌；未确定独立经营者画像,未做逐名净空,False,,名称用途与买家复筛；已有品牌与产品名；已有品牌采用优选50；跨方法优选100；中外公司及品牌扩扫,https://porkbun.com/checkout/search,,https://regery.com/en/bulksearch,,,,13.99
2327,veepee.si,Veepee,24,仅历史可注册证据（需重查）,,2026-09-30T05:31:39.940Z,现有用途仅指既有品牌，独立转售买家逻辑未成立,现资料仅指同名品牌；未确定独立经营者画像,未做逐名净空,False,,名称用途与买家复筛；已有品牌与产品名；中外公司及品牌扩扫,https://porkbun.com/checkout/search,,,,,,
2328,viadeo.si,Viadeo,24,仅历史可注册证据（需重查）,,2026-09-30T05:31:39.940Z,现有用途仅指既有品牌，独立转售买家逻辑未成立,现资料仅指同名品牌；未确定独立经营者画像,未做逐名净空,False,,名称用途与买家复筛；已有品牌与产品名；中外公司及品牌扩扫,https://porkbun.com/checkout/search,,,,,,
2329,vonage.si,Vonage,24,仅历史可注册证据（需重查）,,2026-09-30T05:31:39.940Z,现有用途仅指既有品牌，独立转售买家逻辑未成立,现资料仅指同名品牌；未确定独立经营者画像,未做逐名净空,False,,名称用途与买家复筛；已有品牌与产品名；中外公司及品牌扩扫,https://porkbun.com/checkout/search,,,,,,
2330,wazirx.si,WazirX,24,仅历史可注册证据（需重查）,,2026-09-30T05:31:39.940Z,现有用途仅指既有品牌，独立转售买家逻辑未成立,现资料仅指同名品牌；未确定独立经营者画像,未做逐名净空,False,,名称用途与买家复筛；已有品牌与产品名；中外公司及品牌扩扫,https://porkbun.com/checkout/search,,,,,,
2331,weasyl.si,Weasyl,24,仅历史可注册证据（需重查）,,2026-09-30T05:31:39.940Z,现有用途仅指既有品牌，独立转售买家逻辑未成立,现资料仅指同名品牌；未确定独立经营者画像,未做逐名净空,False,,名称用途与买家复筛；已有品牌与产品名；中外公司及品牌扩扫,https://porkbun.com/checkout/search,,,,,,
2332,winamp.si,Winamp,24,仅历史可注册证据（需重查）,,2026-09-30T05:31:39.940Z,现有用途仅指既有品牌，独立转售买家逻辑未成立,现资料仅指同名品牌；未确定独立经营者画像,未做逐名净空,False,,名称用途与买家复筛；已有品牌与产品名；中外公司及品牌扩扫,https://porkbun.com/checkout/search,,,,,,
2333,wistia.si,Wistia,24,仅历史可注册证据（需重查）,,2026-09-30T05:31:39.940Z,现有用途仅指既有品牌，独立转售买家逻辑未成立,现资料仅指同名品牌；未确定独立经营者画像,未做逐名净空,False,,名称用途与买家复筛；已有品牌与产品名；中外公司及品牌扩扫,https://porkbun.com/checkout/search,,,,,,
2334,xendit.si,Xendit,24,仅历史可注册证据（需重查）,,2026-09-30T05:31:39.940Z,现有用途仅指既有品牌，独立转售买家逻辑未成立,现资料仅指同名品牌；未确定独立经营者画像,未做逐名净空,False,,名称用途与买家复筛；已有品牌与产品名；中外公司及品牌扩扫,https://porkbun.com/checkout/search,,,,,,
2335,xsplit.si,XSplit,24,仅历史可注册证据（需重查）,,2026-09-30T05:36:10.542Z,现有用途仅指既有品牌，独立转售买家逻辑未成立,现资料仅指同名品牌；未确定独立经营者画像,未做逐名净空,False,,名称用途与买家复筛；已有品牌与产品名；中外公司及品牌扩扫,https://porkbun.com/checkout/search,,,,,,
2336,zebpay.si,ZebPay,24,仅历史可注册证据（需重查）,,2026-09-30T05:36:10.542Z,现有用途仅指既有品牌，独立转售买家逻辑未成立,现资料仅指同名品牌；未确定独立经营者画像,未做逐名净空,False,,名称用途与买家复筛；已有品牌与产品名；中外公司及品牌扩扫,https://porkbun.com/checkout/search,,,,,,
2337,babelio.si,Babelio,24,仅历史可注册证据（需重查）,,2026-09-30T05:36:10.542Z,现有用途仅指既有品牌，独立转售买家逻辑未成立,现资料仅指同名品牌；未确定独立经营者画像,未做逐名净空,False,,名称用途与买家复筛；已有品牌与产品名；中外公司及品牌扩扫,https://porkbun.com/checkout/search,,,,,,
2338,behance.si,创意作品社区品牌名,24,仅历史可注册证据（需重查）,,2026-09-30T05:36:10.542Z,现有用途仅指既有品牌，独立转售买家逻辑未成立,现资料仅指同名品牌；未确定独立经营者画像,未做逐名净空,False,,名称用途与买家复筛；已有品牌与产品名；已有品牌采用优选50；跨方法优选100；中外公司及品牌扩扫,https://porkbun.com/checkout/search,,,,,,
2339,bitrise.si,Bitrise,24,仅历史可注册证据（需重查）,,2026-09-30T05:36:10.542Z,现有用途仅指既有品牌，独立转售买家逻辑未成立,现资料仅指同名品牌；未确定独立经营者画像,未做逐名净空,False,,名称用途与买家复筛；已有品牌与产品名；中外公司及品牌扩扫,https://porkbun.com/checkout/search,,,,,,
2340,bookbub.si,书与轻快尾音,24,仅历史可注册证据（需重查）,,2026-09-30T05:36:10.542Z,现有用途仅指既有品牌，独立转售买家逻辑未成立,现资料仅指同名品牌；未确定独立经营者画像,未做逐名净空,False,,名称用途与买家复筛；已有品牌与产品名；已有品牌采用优选50；跨方法优选100；中外公司及品牌扩扫,https://porkbun.com/checkout/search,,,,,,
2341,devpost.si,Devpost,24,仅历史可注册证据（需重查）,,2026-09-30T05:36:10.542Z,现有用途仅指既有品牌，独立转售买家逻辑未成立,现资料仅指同名品牌；未确定独立经营者画像,未做逐名净空,False,,名称用途与买家复筛；已有品牌与产品名；中外公司及品牌扩扫,https://porkbun.com/checkout/search,,,,,,
2342,devrant.si,devRant,24,仅历史可注册证据（需重查）,,2026-09-30T05:36:10.542Z,现有用途仅指既有品牌，独立转售买家逻辑未成立,现资料仅指同名品牌；未确定独立经营者画像,未做逐名净空,False,,名称用途与买家复筛；已有品牌与产品名；中外公司及品牌扩扫,https://porkbun.com/checkout/search,,,,,,
2343,discogs.si,Discogs,24,仅历史可注册证据（需重查）,,2026-09-30T05:36:10.542Z,现有用途仅指既有品牌，独立转售买家逻辑未成立,现资料仅指同名品牌；未确定独立经营者画像,未做逐名净空,False,,名称用途与买家复筛；已有品牌与产品名；中外公司及品牌扩扫,https://porkbun.com/checkout/search,,,,,,
2344,disroot.si,Disroot,24,仅历史可注册证据（需重查）,,2026-09-30T05:36:10.542Z,现有用途仅指既有品牌，独立转售买家逻辑未成立,现资料仅指同名品牌；未确定独立经营者画像,未做逐名净空,False,,名称用途与买家复筛；已有品牌与产品名；中外公司及品牌扩扫,https://porkbun.com/checkout/search,,,,,,
2345,gatling.si,Gatling,24,仅历史可注册证据（需重查）,,2026-09-30T05:36:10.542Z,现有用途仅指既有品牌，独立转售买家逻辑未成立,现资料仅指同名品牌；未确定独立经营者画像,未做逐名净空,False,,名称用途与买家复筛；已有品牌与产品名；中外公司及品牌扩扫,https://porkbun.com/checkout/search,,,,,,
2346,ghostty.si,ghost 加特殊词尾,24,仅历史可注册证据（需重查）,,2026-09-30T05:36:10.542Z,现有用途仅指既有品牌，独立转售买家逻辑未成立,现资料仅指同名品牌；未确定独立经营者画像,未做逐名净空,False,,名称用途与买家复筛；已有品牌与产品名；已有品牌采用优选50；跨方法优选100；中外公司及品牌扩扫,https://porkbun.com/checkout/search,,,,,,
2347,havells.si,Havells,24,仅历史可注册证据（需重查）,,2026-09-30T05:36:10.542Z,现有用途仅指既有品牌，独立转售买家逻辑未成立,现资料仅指同名品牌；未确定独立经营者画像,未做逐名净空,False,,名称用途与买家复筛；已有品牌与产品名；中外公司及品牌扩扫,https://porkbun.com/checkout/search,,,,,,
2348,hetzner.si,Hetzner,24,仅历史可注册证据（需重查）,,2026-09-30T05:36:10.542Z,现有用途仅指既有品牌，独立转售买家逻辑未成立,现资料仅指同名品牌；未确定独立经营者画像,未做逐名净空,False,,名称用途与买家复筛；已有品牌与产品名；中外公司及品牌扩扫,https://porkbun.com/checkout/search,,,,,,
2349,jdoodle.si,JDoodle,24,仅历史可注册证据（需重查）,,2026-09-30T05:36:10.542Z,现有用途仅指既有品牌，独立转售买家逻辑未成立,现资料仅指同名品牌；未确定独立经营者画像,未做逐名净空,False,,名称用途与买家复筛；已有品牌与产品名；中外公司及品牌扩扫,https://porkbun.com/checkout/search,,,,,,
2350,kentico.si,Kentico,24,仅历史可注册证据（需重查）,,2026-09-30T05:36:10.542Z,现有用途仅指既有品牌，独立转售买家逻辑未成立,现资料仅指同名品牌；未确定独立经营者画像,未做逐名净空,False,,名称用途与买家复筛；已有品牌与产品名；中外公司及品牌扩扫,https://porkbun.com/checkout/search,,,,,,
2351,kodular.si,Kodular,24,仅历史可注册证据（需重查）,,2026-09-30T05:36:10.542Z,现有用途仅指既有品牌，独立转售买家逻辑未成立,现资料仅指同名品牌；未确定独立经营者画像,未做逐名净空,False,,名称用途与买家复筛；已有品牌与产品名；中外公司及品牌扩扫,https://porkbun.com/checkout/search,,,,,,
2352,labview.si,LabVIEW,24,仅历史可注册证据（需重查）,,2026-09-30T05:36:10.542Z,现有用途仅指既有品牌，独立转售买家逻辑未成立,现资料仅指同名品牌；未确定独立经营者画像,未做逐名净空,False,,名称用途与买家复筛；已有品牌与产品名；中外公司及品牌扩扫,https://porkbun.com/checkout/search,,,,,,
2353,leanpub.si,Leanpub,24,仅历史可注册证据（需重查）,,2026-09-30T05:36:10.542Z,现有用途仅指既有品牌，独立转售买家逻辑未成立,现资料仅指同名品牌；未确定独立经营者画像,未做逐名净空,False,,名称用途与买家复筛；已有品牌与产品名；中外公司及品牌扩扫,https://porkbun.com/checkout/search,,,,,,
2354,lichess.si,Lichess,24,仅历史可注册证据（需重查）,,2026-09-30T05:36:10.542Z,现有用途仅指既有品牌，独立转售买家逻辑未成立,现资料仅指同名品牌；未确定独立经营者画像,未做逐名净空,False,,名称用途与买家复筛；已有品牌与产品名；中外公司及品牌扩扫,https://porkbun.com/checkout/search,,,,,,
2355,logmein.si,LogMeIn,24,仅历史可注册证据（需重查）,,2026-09-30T05:36:10.542Z,现有用途仅指既有品牌，独立转售买家逻辑未成立,现资料仅指同名品牌；未确定独立经营者画像,未做逐名净空,False,,名称用途与买家复筛；已有品牌与产品名；中外公司及品牌扩扫,https://porkbun.com/checkout/search,,,,,,
2356,okcupid.si,okcupid,24,仅历史可注册证据（需重查）,,2026-09-30T05:36:10.542Z,现有用途仅指既有品牌，独立转售买家逻辑未成立,现资料仅指同名品牌；未确定独立经营者画像,未做逐名净空,False,,名称用途与买家复筛；已有品牌与产品名；中外公司及品牌扩扫,https://porkbun.com/checkout/search,,,,,,
2357,onenote.si,OneNote,24,仅历史可注册证据（需重查）,,2026-09-30T05:36:10.542Z,现有用途仅指既有品牌，独立转售买家逻辑未成立,现资料仅指同名品牌；未确定独立经营者画像,未做逐名净空,False,,名称用途与买家复筛；已有品牌与产品名；中外公司及品牌扩扫,https://porkbun.com/checkout/search,,,,,,
2358,udacity.si,Udacity,24,仅历史可注册证据（需重查）,,2026-09-30T05:36:10.542Z,现有用途仅指既有品牌，独立转售买家逻辑未成立,现资料仅指同名品牌；未确定独立经营者画像,未做逐名净空,False,,名称用途与买家复筛；已有品牌与产品名；中外公司及品牌扩扫,https://porkbun.com/checkout/search,,,,,,
2359,untappd.si,Untappd,24,仅历史可注册证据（需重查）,,2026-09-30T05:43:16.369Z,现有用途仅指既有品牌，独立转售买家逻辑未成立,现资料仅指同名品牌；未确定独立经营者画像,未做逐名净空,False,,名称用途与买家复筛；已有品牌与产品名；中外公司及品牌扩扫,https://porkbun.com/checkout/search,,,,,,
2360,walkman.si,WALKMAN,24,仅历史可注册证据（需重查）,,2026-09-30T06:07:34.331Z,现有用途仅指既有品牌，独立转售买家逻辑未成立,现资料仅指同名品牌；未确定独立经营者画像,未做逐名净空,False,,名称用途与买家复筛；已有品牌与产品名；中外公司及品牌扩扫,https://porkbun.com/checkout/search,,,,,,
2361,9gag.si,9GAG,24,仅历史可注册证据（需重查）,,2026-09-30T04:49:10.185Z,现有用途仅指既有品牌，独立转售买家逻辑未成立,现资料仅指同名品牌；未确定独立经营者画像,未做逐名净空,False,,名称用途与买家复筛；已有品牌与产品名；中外公司及品牌扩扫,https://porkbun.com/checkout/search,,,,,,
2362,isc2.si,ISC2,24,仅历史可注册证据（需重查）,,2026-09-30T04:49:10.185Z,现有用途仅指既有品牌，独立转售买家逻辑未成立,现资料仅指同名品牌；未确定独立经营者画像,未做逐名净空,False,,名称用途与买家复筛；已有品牌与产品名；中外公司及品牌扩扫,https://porkbun.com/checkout/search,,,,,,
2363,v2ex.si,V2EX,24,仅历史可注册证据（需重查）,,2026-09-30T04:54:27.936Z,现有用途仅指既有品牌，独立转售买家逻辑未成立,现资料仅指同名品牌；未确定独立经营者画像,未做逐名净空,False,,名称用途与买家复筛；已有品牌与产品名；中外公司及品牌扩扫,https://porkbun.com/checkout/search,,,,,,
2364,4chan.si,4chan,24,仅历史可注册证据（需重查）,,2026-09-30T04:54:27.936Z,现有用途仅指既有品牌，独立转售买家逻辑未成立,现资料仅指同名品牌；未确定独立经营者画像,未做逐名净空,False,,名称用途与买家复筛；已有品牌与产品名；中外公司及品牌扩扫,https://porkbun.com/checkout/search,,,,,,
2365,500px.si,500px,24,仅历史可注册证据（需重查）,,2026-09-30T04:54:27.936Z,现有用途仅指既有品牌，独立转售买家逻辑未成立,现资料仅指同名品牌；未确定独立经营者画像,未做逐名净空,False,,名称用途与买家复筛；已有品牌与产品名；中外公司及品牌扩扫,https://porkbun.com/checkout/search,,,,,,
2366,auth0.si,Auth0,24,仅历史可注册证据（需重查）,,2026-09-30T04:54:27.936Z,现有用途仅指既有品牌，独立转售买家逻辑未成立,现资料仅指同名品牌；未确定独立经营者画像,未做逐名净空,False,,名称用途与买家复筛；已有品牌与产品名；中外公司及品牌扩扫,https://porkbun.com/checkout/search,,,,,,
2367,ko-fi.si,Ko-fi,24,仅历史可注册证据（需重查）,,2026-09-30T04:59:43.649Z,现有用途仅指既有品牌，独立转售买家逻辑未成立,现资料仅指同名品牌；未确定独立经营者画像,未做逐名净空,False,,名称用途与买家复筛；已有品牌与产品名；中外公司及品牌扩扫,https://porkbun.com/checkout/search,,,,,,
2368,pond5.si,Pond5,24,仅历史可注册证据（需重查）,,2026-09-30T05:02:23.379Z,现有用途仅指既有品牌，独立转售买家逻辑未成立,现资料仅指同名品牌；未确定独立经营者画像,未做逐名净空,False,,名称用途与买家复筛；已有品牌与产品名；中外公司及品牌扩扫,https://porkbun.com/checkout/search,,,,,,
2369,quad9.si,Quad9,24,仅历史可注册证据（需重查）,,2026-09-30T05:02:23.379Z,现有用途仅指既有品牌，独立转售买家逻辑未成立,现资料仅指同名品牌；未确定独立经营者画像,未做逐名净空,False,,名称用途与买家复筛；已有品牌与产品名；中外公司及品牌扩扫,https://porkbun.com/checkout/search,,,,,,
2370,1panel.si,1Panel,24,仅历史可注册证据（需重查）,,2026-09-30T05:17:51.467Z,现有用途仅指既有品牌，独立转售买家逻辑未成立,现资料仅指同名品牌；未确定独立经营者画像,未做逐名净空,False,,名称用途与买家复筛；已有品牌与产品名；中外公司及品牌扩扫,https://porkbun.com/checkout/search,,,,,,
2371,d-edge.si,D-EDGE,24,仅历史可注册证据（需重查）,,2026-09-30T05:17:51.467Z,现有用途仅指既有品牌，独立转售买家逻辑未成立,现资料仅指同名品牌；未确定独立经营者画像,未做逐名净空,False,,名称用途与买家复筛；已有品牌与产品名；中外公司及品牌扩扫,https://porkbun.com/checkout/search,,,,,,
2372,icons8.si,Icons8,24,仅历史可注册证据（需重查）,,2026-09-30T05:22:54.268Z,现有用途仅指既有品牌，独立转售买家逻辑未成立,现资料仅指同名品牌；未确定独立经营者画像,未做逐名净空,False,,名称用途与买家复筛；已有品牌与产品名；中外公司及品牌扩扫,https://porkbun.com/checkout/search,,,,,,
2373,roll20.si,Roll20,24,仅历史可注册证据（需重查）,,2026-09-30T05:31:39.940Z,现有用途仅指既有品牌，独立转售买家逻辑未成立,现资料仅指同名品牌；未确定独立经营者画像,未做逐名净空,False,,名称用途与买家复筛；已有品牌与产品名；中外公司及品牌扩扫,https://porkbun.com/checkout/search,,,,,,
2374,dgxcloud.si,DGX Cloud,24,仅历史可注册证据（需重查）,,2026-09-30T05:43:16.369Z,现有用途仅指既有品牌，独立转售买家逻辑未成立,现资料仅指同名品牌；未确定独立经营者画像,未做逐名净空,False,,名称用途与买家复筛；已有品牌与产品名；中外公司及品牌扩扫,https://porkbun.com/checkout/search,,,,,,
2375,dgxspark.si,DGX Spark,24,仅历史可注册证据（需重查）,,2026-09-30T05:43:16.369Z,现有用途仅指既有品牌，独立转售买家逻辑未成立,现资料仅指同名品牌；未确定独立经营者画像,未做逐名净空,False,,名称用途与买家复筛；已有品牌与产品名；中外公司及品牌扩扫,https://porkbun.com/checkout/search,,,,,,
2376,dianping.si,Dianping,24,近期有普通注册报价（需再确认）,2026-10-01T04:11:22.036Z,2026-09-30T05:36:10.542Z,现有用途仅指既有品牌，独立转售买家逻辑未成立,现资料仅指同名品牌；未确定独立经营者画像,未做逐名净空,False,,名称用途与买家复筛；已有品牌与产品名；中外公司及品牌扩扫,https://porkbun.com/checkout/search,,https://regery.com/en/bulksearch,,,,13.99
2377,elsevier.si,Elsevier,24,仅历史可注册证据（需重查）,,2026-09-30T05:43:16.369Z,现有用途仅指既有品牌，独立转售买家逻辑未成立,现资料仅指同名品牌；未确定独立经营者画像,未做逐名净空,False,,名称用途与买家复筛；已有品牌与产品名；中外公司及品牌扩扫,https://porkbun.com/checkout/search,,,,,,
2378,hackaday.si,Hackaday,24,仅历史可注册证据（需重查）,,2026-09-30T05:43:16.369Z,现有用途仅指既有品牌，独立转售买家逻辑未成立,现资料仅指同名品牌；未确定独立经营者画像,未做逐名净空,False,,名称用途与买家复筛；已有品牌与产品名；中外公司及品牌扩扫,https://porkbun.com/checkout/search,,,,,,
2379,hackster.si,Hackster,24,仅历史可注册证据（需重查）,,2026-09-30T05:43:16.369Z,现有用途仅指既有品牌，独立转售买家逻辑未成立,现资料仅指同名品牌；未确定独立经营者画像,未做逐名净空,False,,名称用途与买家复筛；已有品牌与产品名；中外公司及品牌扩扫,https://porkbun.com/checkout/search,,,,,,
2380,hashnode.si,Hashnode,24,仅历史可注册证据（需重查）,,2026-09-30T05:43:16.369Z,现有用途仅指既有品牌，独立转售买家逻辑未成立,现资料仅指同名品牌；未确定独立经营者画像,未做逐名净空,False,,名称用途与买家复筛；已有品牌与产品名；中外公司及品牌扩扫,https://porkbun.com/checkout/search,,,,,,
2381,ilovepdf.si,iLovePDF,24,仅历史可注册证据（需重查）,,2026-09-30T05:43:16.369Z,现有用途仅指既有品牌，独立转售买家逻辑未成立,现资料仅指同名品牌；未确定独立经营者画像,未做逐名净空,False,,名称用途与买家复筛；已有品牌与产品名；中外公司及品牌扩扫,https://porkbun.com/checkout/search,,,,,,
2382,insta360.si,Insta360,24,仅历史可注册证据（需重查）,,2026-09-30T05:43:16.369Z,现有用途仅指既有品牌，独立转售买家逻辑未成立,现资料仅指同名品牌；未确定独立经营者画像,未做逐名净空,False,,名称用途与买家复筛；已有品牌与产品名；中外公司及品牌扩扫,https://porkbun.com/checkout/search,,,,,,
2383,instatus.si,Instatus,24,仅历史可注册证据（需重查）,,2026-09-30T05:43:16.369Z,现有用途仅指既有品牌，独立转售买家逻辑未成立,现资料仅指同名品牌；未确定独立经营者画像,未做逐名净空,False,,名称用途与买家复筛；已有品牌与产品名；中外公司及品牌扩扫,https://porkbun.com/checkout/search,,,,,,
2384,kimiwork.si,Kimi Work,24,仅历史可注册证据（需重查）,,2026-09-30T05:43:16.369Z,现有用途仅指既有品牌，独立转售买家逻辑未成立,现资料仅指同名品牌；未确定独立经营者画像,未做逐名净空,False,,名称用途与买家复筛；已有品牌与产品名；中外公司及品牌扩扫,https://porkbun.com/checkout/search,,,,,,
2385,lastpass.si,LastPass,24,仅历史可注册证据（需重查）,,2026-09-30T05:43:16.369Z,现有用途仅指既有品牌，独立转售买家逻辑未成立,现资料仅指同名品牌；未确定独立经营者画像,未做逐名净空,False,,名称用途与买家复筛；已有品牌与产品名；中外公司及品牌扩扫,https://porkbun.com/checkout/search,,,,,,
2386,leetcode.si,LeetCode,24,仅历史可注册证据（需重查）,,2026-09-30T05:43:16.369Z,现有用途仅指既有品牌，独立转售买家逻辑未成立,现资料仅指同名品牌；未确定独立经营者画像,未做逐名净空,False,,名称用途与买家复筛；已有品牌与产品名；中外公司及品牌扩扫,https://porkbun.com/checkout/search,,,,,,
2387,qwiklabs.si,Qwiklabs,24,仅历史可注册证据（需重查）,,2026-09-30T05:43:16.369Z,现有用途仅指既有品牌，独立转售买家逻辑未成立,现资料仅指同名品牌；未确定独立经营者画像,未做逐名净空,False,,名称用途与买家复筛；已有品牌与产品名；中外公司及品牌扩扫,https://porkbun.com/checkout/search,,,,,,
2388,vauxhall.si,Vauxhall,24,仅历史可注册证据（需重查）,,2026-09-30T05:43:16.369Z,现有用途仅指既有品牌，独立转售买家逻辑未成立,现资料仅指同名品牌；未确定独立经营者画像,未做逐名净空,False,,名称用途与买家复筛；已有品牌与产品名；中外公司及品牌扩扫,https://porkbun.com/checkout/search,,,,,,
2389,vexxhost.si,VEXXHOST,24,仅历史可注册证据（需重查）,,2026-09-30T05:49:56.050Z,现有用途仅指既有品牌，独立转售买家逻辑未成立,现资料仅指同名品牌；未确定独立经营者画像,未做逐名净空,False,,名称用途与买家复筛；已有品牌与产品名；中外公司及品牌扩扫,https://porkbun.com/checkout/search,,,,,,
2390,webstorm.si,WebStorm,24,仅历史可注册证据（需重查）,,2026-09-30T06:07:34.331Z,现有用途仅指既有品牌，独立转售买家逻辑未成立,现资料仅指同名品牌；未确定独立经营者画像,未做逐名净空,False,,名称用途与买家复筛；已有品牌与产品名；中外公司及品牌扩扫,https://porkbun.com/checkout/search,,,,,,
2391,1password.si,1Password,24,仅历史可注册证据（需重查）,,2026-09-30T05:49:56.050Z,现有用途仅指既有品牌，独立转售买家逻辑未成立,现资料仅指同名品牌；未确定独立经营者画像,未做逐名净空,False,,名称用途与买家复筛；已有品牌与产品名；中外公司及品牌扩扫,https://porkbun.com/checkout/search,,,,,,
2392,99designs.si,99designs,24,仅历史可注册证据（需重查）,,2026-09-30T05:49:56.050Z,现有用途仅指既有品牌，独立转售买家逻辑未成立,现资料仅指同名品牌；未确定独立经营者画像,未做逐名净空,False,,名称用途与买家复筛；已有品牌与产品名；中外公司及品牌扩扫,https://porkbun.com/checkout/search,,,,,,
2393,androidtv.si,Android TV,24,仅历史可注册证据（需重查）,,2026-09-30T05:49:56.050Z,现有用途仅指既有品牌，独立转售买家逻辑未成立,现资料仅指同名品牌；未确定独立经营者画像,未做逐名净空,False,,名称用途与买家复筛；已有品牌与产品名；中外公司及品牌扩扫,https://porkbun.com/checkout/search,,,,,,
2394,eslgaming.si,ESLGaming,24,仅历史可注册证据（需重查）,,2026-09-30T05:49:56.050Z,现有用途仅指既有品牌，独立转售买家逻辑未成立,现资料仅指同名品牌；未确定独立经营者画像,未做逐名净空,False,,名称用途与买家复筛；已有品牌与产品名；中外公司及品牌扩扫,https://porkbun.com/checkout/search,,,,,,
2395,espressif.si,Espressif,24,仅历史可注册证据（需重查）,,2026-09-30T05:49:56.050Z,现有用途仅指既有品牌，独立转售买家逻辑未成立,现资料仅指同名品牌；未确定独立经营者画像,未做逐名净空,False,,名称用途与买家复筛；已有品牌与产品名；中外公司及品牌扩扫,https://porkbun.com/checkout/search,,,,,,
2396,expensify.si,Expensify,24,仅历史可注册证据（需重查）,,2026-09-30T05:49:56.050Z,现有用途仅指既有品牌，独立转售买家逻辑未成立,现资料仅指同名品牌；未确定独立经营者画像,未做逐名净空,False,,名称用途与买家复筛；已有品牌与产品名；中外公司及品牌扩扫,https://porkbun.com/checkout/search,,,,,,
2397,lightroom.si,Lightroom,24,近期有普通注册报价（需再确认）,2026-10-01T04:11:22.036Z,2026-09-30T05:49:56.050Z,现有用途仅指既有品牌，独立转售买家逻辑未成立,现资料仅指同名品牌；未确定独立经营者画像,未做逐名净空,False,,名称用途与买家复筛；已有品牌与产品名；中外公司及品牌扩扫,https://porkbun.com/checkout/search,,https://regery.com/en/bulksearch,,,,13.99
2398,unacademy.si,Unacademy,24,仅历史可注册证据（需重查）,,2026-09-30T05:49:56.050Z,现有用途仅指既有品牌，独立转售买家逻辑未成立,现资料仅指同名品牌；未确定独立经营者画像,未做逐名净空,False,,名称用途与买家复筛；已有品牌与产品名；中外公司及品牌扩扫,https://porkbun.com/checkout/search,,,,,,
2399,undertale.si,Undertale,24,仅历史可注册证据（需重查）,,2026-09-30T05:49:56.050Z,现有用途仅指既有品牌，独立转售买家逻辑未成立,现资料仅指同名品牌；未确定独立经营者画像,未做逐名净空,False,,名称用途与买家复筛；已有品牌与产品名；中外公司及品牌扩扫,https://porkbun.com/checkout/search,,,,,,
2400,uservoice.si,UserVoice,24,仅历史可注册证据（需重查）,,2026-09-30T05:49:56.050Z,现有用途仅指既有品牌，独立转售买家逻辑未成立,现资料仅指同名品牌；未确定独立经营者画像,未做逐名净空,False,,名称用途与买家复筛；已有品牌与产品名；中外公司及品牌扩扫,https://porkbun.com/checkout/search,,,,,,
2401,w3schools.si,W3Schools,24,仅历史可注册证据（需重查）,,2026-09-30T05:49:56.050Z,现有用途仅指既有品牌，独立转售买家逻辑未成立,现资料仅指同名品牌；未确定独立经营者画像,未做逐名净空,False,,名称用途与买家复筛；已有品牌与产品名；中外公司及品牌扩扫,https://porkbun.com/checkout/search,,,,,,
2402,wikibooks.si,Wikibooks,24,仅历史可注册证据（需重查）,,2026-09-30T06:07:34.331Z,现有用途仅指既有品牌，独立转售买家逻辑未成立,现资料仅指同名品牌；未确定独立经营者画像,未做逐名净空,False,,名称用途与买家复筛；已有品牌与产品名；中外公司及品牌扩扫,https://porkbun.com/checkout/search,,,,,,
2403,wikiquote.si,Wikiquote,24,仅历史可注册证据（需重查）,,2026-09-30T06:07:34.331Z,现有用途仅指既有品牌，独立转售买家逻辑未成立,现资料仅指同名品牌；未确定独立经营者画像,未做逐名净空,False,,名称用途与买家复筛；已有品牌与产品名；中外公司及品牌扩扫,https://porkbun.com/checkout/search,,,,,,
2404,youhodler.si,YouHodler,24,仅历史可注册证据（需重查）,,2026-09-30T06:07:34.331Z,现有用途仅指既有品牌，独立转售买家逻辑未成立,现资料仅指同名品牌；未确定独立经营者画像,未做逐名净空,False,,名称用途与买家复筛；已有品牌与产品名；中外公司及品牌扩扫,https://porkbun.com/checkout/search,,,,,,
2405,appleone.si,Apple One,24,近期有普通注册报价（需再确认）,2026-10-01T04:11:22.036Z,2026-09-30T05:43:16.369Z,现有用途仅指既有品牌，独立转售买家逻辑未成立,现资料仅指同名品牌；未确定独立经营者画像,未做逐名净空,False,,名称用途与买家复筛；已有品牌与产品名；中外公司及品牌扩扫,https://porkbun.com/checkout/search,,https://regery.com/en/bulksearch,,,,13.99
2406,adobescan.si,Adobe Scan,24,近期有普通注册报价（需再确认）,2026-10-01T04:11:22.036Z,2026-09-30T05:49:56.050Z,现有用途仅指既有品牌，独立转售买家逻辑未成立,现资料仅指同名品牌；未确定独立经营者画像,未做逐名净空,False,,名称用途与买家复筛；已有品牌与产品名；中外公司及品牌扩扫,https://porkbun.com/checkout/search,,https://regery.com/en/bulksearch,,,,13.99
2407,amazonlex.si,Amazon Lex,24,仅历史可注册证据（需重查）,,2026-09-30T05:49:56.050Z,现有用途仅指既有品牌，独立转售买家逻辑未成立,现资料仅指同名品牌；未确定独立经营者画像,未做逐名净空,False,,名称用途与买家复筛；已有品牌与产品名；中外公司及品牌扩扫,https://porkbun.com/checkout/search,,,,,,
2408,applenews.si,Apple News+,24,近期有普通注册报价（需再确认）,2026-10-01T04:11:22.036Z,2026-09-30T05:49:56.050Z,现有用途仅指既有品牌，独立转售买家逻辑未成立,现资料仅指同名品牌；未确定独立经营者画像,未做逐名净空,False,,名称用途与买家复筛；已有品牌与产品名；中外公司及品牌扩扫,https://porkbun.com/checkout/search,,https://regery.com/en/bulksearch,,,,13.99
2409,googlefit.si,Google Fit,24,近期有普通注册报价（需再确认）,2026-10-01T04:11:22.036Z,2026-09-30T05:49:56.050Z,现有用途仅指既有品牌，独立转售买家逻辑未成立,现资料仅指同名品牌；未确定独立经营者画像,未做逐名净空,False,,名称用途与买家复筛；已有品牌与产品名；中外公司及品牌扩扫,https://porkbun.com/checkout/search,,https://regery.com/en/bulksearch,,,,13.99
2410,googleone.si,Google One,24,近期有普通注册报价（需再确认）,2026-10-01T04:11:22.036Z,2026-09-30T05:49:56.050Z,现有用途仅指既有品牌，独立转售买家逻辑未成立,现资料仅指同名品牌；未确定独立经营者画像,未做逐名净空,False,,名称用途与买家复筛；已有品牌与产品名；中外公司及品牌扩扫,https://porkbun.com/checkout/search,,https://regery.com/en/bulksearch,,,,13.99
2411,nvidiaapp.si,NVIDIA App,24,仅历史可注册证据（需重查）,,2026-09-30T05:49:56.050Z,现有用途仅指既有品牌，独立转售买家逻辑未成立,现资料仅指同名品牌；未确定独立经营者画像,未做逐名净空,False,,名称用途与买家复筛；已有品牌与产品名；中外公司及品牌扩扫,https://porkbun.com/checkout/search,,,,,,
2412,nvidiangc.si,NVIDIA NGC,24,仅历史可注册证据（需重查）,,2026-09-30T05:49:56.050Z,现有用途仅指既有品牌，独立转售买家逻辑未成立,现资料仅指同名品牌；未确定独立经营者画像,未做逐名净空,False,,名称用途与买家复筛；已有品牌与产品名；中外公司及品牌扩扫,https://porkbun.com/checkout/search,,,,,,
2413,chromebook.si,Chromebook,24,仅历史可注册证据（需重查）,,2026-09-30T05:49:56.050Z,现有用途仅指既有品牌，独立转售买家逻辑未成立,现资料仅指同名品牌；未确定独立经营者画像,未做逐名净空,False,,名称用途与买家复筛；已有品牌与产品名；中外公司及品牌扩扫,https://porkbun.com/checkout/search,,,,,,
2414,geforcenow.si,GeForce NOW,24,仅历史可注册证据（需重查）,,2026-09-30T05:49:56.050Z,现有用途仅指既有品牌，独立转售买家逻辑未成立,现资料仅指同名品牌；未确定独立经营者画像,未做逐名净空,False,,名称用途与买家复筛；已有品牌与产品名；中外公司及品牌扩扫,https://porkbun.com/checkout/search,,,,,,
2415,raybanmeta.si,Ray-Ban Meta,24,仅历史可注册证据（需重查）,,2026-09-30T05:49:56.050Z,现有用途仅指既有品牌，独立转售买家逻辑未成立,现资料仅指同名品牌；未确定独立经营者画像,未做逐名净空,False,,名称用途与买家复筛；已有品牌与产品名；中外公司及品牌扩扫,https://porkbun.com/checkout/search,,,,,,
2416,adobestock.si,Adobe Stock,24,仅历史可注册证据（需重查）,,2026-09-30T05:49:56.050Z,现有用途仅指既有品牌，独立转售买家逻辑未成立,现资料仅指同名品牌；未确定独立经营者画像,未做逐名净空,False,,名称用途与买家复筛；已有品牌与产品名；中外公司及品牌扩扫,https://porkbun.com/checkout/search,,,,,,
2417,applebooks.si,Apple Books,24,仅历史可注册证据（需重查）,,2026-09-30T05:49:56.050Z,现有用途仅指既有品牌，独立转售买家逻辑未成立,现资料仅指同名品牌；未确定独立经营者画像,未做逐名净空,False,,名称用途与买家复筛；已有品牌与产品名；中外公司及品牌扩扫,https://porkbun.com/checkout/search,,,,,,
2418,applemusic.si,Apple Music,24,仅历史可注册证据（需重查）,,2026-09-30T05:49:56.050Z,现有用途仅指既有品牌，独立转售买家逻辑未成立,现资料仅指同名品牌；未确定独立经营者画像,未做逐名净空,False,,名称用途与买家复筛；已有品牌与产品名；中外公司及品牌扩扫,https://porkbun.com/checkout/search,,,,,,
2419,googlechat.si,Google Chat,24,仅历史可注册证据（需重查）,,2026-09-30T05:49:56.050Z,现有用途仅指既有品牌，独立转售买家逻辑未成立,现资料仅指同名品牌；未确定独立经营者画像,未做逐名净空,False,,名称用途与买家复筛；已有品牌与产品名；中外公司及品牌扩扫,https://porkbun.com/checkout/search,,,,,,
2420,googledocs.si,Google Docs,24,仅历史可注册证据（需重查）,,2026-09-30T05:49:56.050Z,现有用途仅指既有品牌，独立转售买家逻辑未成立,现资料仅指同名品牌；未确定独立经营者画像,未做逐名净空,False,,名称用途与买家复筛；已有品牌与产品名；中外公司及品牌扩扫,https://porkbun.com/checkout/search,,,,,,
2421,googlehome.si,Google Home,24,仅历史可注册证据（需重查）,,2026-09-30T05:49:56.050Z,现有用途仅指既有品牌，独立转售买家逻辑未成立,现资料仅指同名品牌；未确定独立经营者画像,未做逐名净空,False,,名称用途与买家复筛；已有品牌与产品名；中外公司及品牌扩扫,https://porkbun.com/checkout/search,,,,,,
2422,googlekeep.si,Google Keep,24,仅历史可注册证据（需重查）,,2026-09-30T05:49:56.050Z,现有用途仅指既有品牌，独立转售买家逻辑未成立,现资料仅指同名品牌；未确定独立经营者画像,未做逐名净空,False,,名称用途与买家复筛；已有品牌与产品名；中外公司及品牌扩扫,https://porkbun.com/checkout/search,,,,,,
2423,googlemeet.si,Google Meet,24,仅历史可注册证据（需重查）,,2026-09-30T05:49:56.050Z,现有用途仅指既有品牌，独立转售买家逻辑未成立,现资料仅指同名品牌；未确定独立经营者画像,未做逐名净空,False,,名称用途与买家复筛；已有品牌与产品名；中外公司及品牌扩扫,https://porkbun.com/checkout/search,,,,,,
2424,googlenews.si,Google News,24,仅历史可注册证据（需重查）,,2026-09-30T05:49:56.050Z,现有用途仅指既有品牌，独立转售买家逻辑未成立,现资料仅指同名品牌；未确定独立经营者画像,未做逐名净空,False,,名称用途与买家复筛；已有品牌与产品名；中外公司及品牌扩扫,https://porkbun.com/checkout/search,,,,,,
2425,googleplay.si,Google Play,24,仅历史可注册证据（需重查）,,2026-09-30T05:49:56.050Z,现有用途仅指既有品牌，独立转售买家逻辑未成立,现资料仅指同名品牌；未确定独立经营者画像,未做逐名净空,False,,名称用途与买家复筛；已有品牌与产品名；中外公司及品牌扩扫,https://porkbun.com/checkout/search,,,,,,
2426,acrobatsign.si,Acrobat Sign,24,仅历史可注册证据（需重查）,,2026-09-30T05:49:56.050Z,现有用途仅指既有品牌，独立转售买家逻辑未成立,现资料仅指同名品牌；未确定独立经营者画像,未做逐名净空,False,,名称用途与买家复筛；已有品牌与产品名；中外公司及品牌扩扫,https://porkbun.com/checkout/search,,,,,,
2427,adobebridge.si,Adobe Bridge,24,仅历史可注册证据（需重查）,,2026-09-30T05:49:56.050Z,现有用途仅指既有品牌，独立转售买家逻辑未成立,现资料仅指同名品牌；未确定独立经营者画像,未做逐名净空,False,,名称用途与买家复筛；已有品牌与产品名；中外公司及品牌扩扫,https://porkbun.com/checkout/search,,,,,,
2428,adobefresco.si,Adobe Fresco,24,仅历史可注册证据（需重查）,,2026-09-30T05:49:56.050Z,现有用途仅指既有品牌，独立转售买家逻辑未成立,现资料仅指同名品牌；未确定独立经营者画像,未做逐名净空,False,,名称用途与买家复筛；已有品牌与产品名；中外公司及品牌扩扫,https://porkbun.com/checkout/search,,,,,,
2429,amazonpolly.si,Amazon Polly,24,仅历史可注册证据（需重查）,,2026-09-30T05:49:56.050Z,现有用途仅指既有品牌，独立转售买家逻辑未成立,现资料仅指同名品牌；未确定独立经营者画像,未做逐名净空,False,,名称用途与买家复筛；已有品牌与产品名；中外公司及品牌扩扫,https://porkbun.com/checkout/search,,,,,,
2430,androidauto.si,Android Auto,24,仅历史可注册证据（需重查）,,2026-09-30T05:49:56.050Z,现有用途仅指既有品牌，独立转售买家逻辑未成立,现资料仅指同名品牌；未确定独立经营者画像,未做逐名净空,False,,名称用途与买家复筛；已有品牌与产品名；中外公司及品牌扩扫,https://porkbun.com/checkout/search,,,,,,
2431,applearcade.si,Apple Arcade,24,仅历史可注册证据（需重查）,,2026-09-30T05:49:56.050Z,现有用途仅指既有品牌，独立转售买家逻辑未成立,现资料仅指同名品牌；未确定独立经营者画像,未做逐名净空,False,,名称用途与买家复筛；已有品牌与产品名；中外公司及品牌扩扫,https://porkbun.com/checkout/search,,,,,,
2432,googledrive.si,Google Drive,24,仅历史可注册证据（需重查）,,2026-09-30T05:49:56.050Z,现有用途仅指既有品牌，独立转售买家逻辑未成立,现资料仅指同名品牌；未确定独立经营者画像,未做逐名净空,False,,名称用途与买家复筛；已有品牌与产品名；中外公司及品牌扩扫,https://porkbun.com/checkout/search,,,,,,
2433,googleearth.si,Google Earth,24,仅历史可注册证据（需重查）,,2026-09-30T05:49:56.050Z,现有用途仅指既有品牌，独立转售买家逻辑未成立,现资料仅指同名品牌；未确定独立经营者画像,未做逐名净空,False,,名称用途与买家复筛；已有品牌与产品名；中外公司及品牌扩扫,https://porkbun.com/checkout/search,,,,,,
2434,googlefonts.si,Google Fonts,24,仅历史可注册证据（需重查）,,2026-09-30T05:49:56.050Z,现有用途仅指既有品牌，独立转售买家逻辑未成立,现资料仅指同名品牌；未确定独立经营者画像,未做逐名净空,False,,名称用途与买家复筛；已有品牌与产品名；中外公司及品牌扩扫,https://porkbun.com/checkout/search,,,,,,
2435,googleforms.si,Google Forms,24,仅历史可注册证据（需重查）,,2026-09-30T05:49:56.050Z,现有用途仅指既有品牌，独立转售买家逻辑未成立,现资料仅指同名品牌；未确定独立经营者画像,未做逐名净空,False,,名称用途与买家复筛；已有品牌与产品名；中外公司及品牌扩扫,https://porkbun.com/checkout/search,,,,,,
2436,metahorizon.si,Meta Horizon,24,仅历史可注册证据（需重查）,,2026-09-30T05:49:56.050Z,现有用途仅指既有品牌，独立转售买家逻辑未成立,现资料仅指同名品牌；未确定独立经营者画像,未做逐名净空,False,,名称用途与买家复筛；已有品牌与产品名；中外公司及品牌扩扫,https://porkbun.com/checkout/search,,,,,,
2437,adobeacrobat.si,Adobe Acrobat,24,仅历史可注册证据（需重查）,,2026-09-30T05:49:56.050Z,现有用途仅指既有品牌，独立转售买家逻辑未成立,现资料仅指同名品牌；未确定独立经营者画像,未做逐名净空,False,,名称用途与买家复筛；已有品牌与产品名；中外公司及品牌扩扫,https://porkbun.com/checkout/search,,,,,,
2438,adobeexpress.si,Adobe Express,24,仅历史可注册证据（需重查）,,2026-09-30T05:49:56.050Z,现有用途仅指既有品牌，独立转售买家逻辑未成立,现资料仅指同名品牌；未确定独立经营者画像,未做逐名净空,False,,名称用途与买家复筛；已有品牌与产品名；中外公司及品牌扩扫,https://porkbun.com/checkout/search,,,,,,
2439,amazonkendra.si,Amazon Kendra,24,仅历史可注册证据（需重查）,,2026-09-30T05:57:31.450Z,现有用途仅指既有品牌，独立转售买家逻辑未成立,现资料仅指同名品牌；未确定独立经营者画像,未做逐名净空,False,,名称用途与买家复筛；已有品牌与产品名；中外公司及品牌扩扫,https://porkbun.com/checkout/search,,,,,,
2440,applefitness.si,Apple Fitness+,24,仅历史可注册证据（需重查）,,2026-09-30T05:57:31.450Z,现有用途仅指既有品牌，独立转售买家逻辑未成立,现资料仅指同名品牌；未确定独立经营者画像,未做逐名净空,False,,名称用途与买家复筛；已有品牌与产品名；中外公司及品牌扩扫,https://porkbun.com/checkout/search,,,,,,
2441,googlephotos.si,Google Photos,24,仅历史可注册证据（需重查）,,2026-09-30T05:57:31.450Z,现有用途仅指既有品牌，独立转售买家逻辑未成立,现资料仅指同名品牌；未确定独立经营者画像,未做逐名净空,False,,名称用途与买家复筛；已有品牌与产品名；中外公司及品牌扩扫,https://porkbun.com/checkout/search,,,,,,
2442,googlewallet.si,Google Wallet,24,仅历史可注册证据（需重查）,,2026-09-30T05:57:31.450Z,现有用途仅指既有品牌，独立转售买家逻辑未成立,现资料仅指同名品牌；未确定独立经营者画像,未做逐名净空,False,,名称用途与买家复筛；已有品牌与产品名；中外公司及品牌扩扫,https://porkbun.com/checkout/search,,,,,,
2443,nvidiajetson.si,NVIDIA Jetson,24,仅历史可注册证据（需重查）,,2026-09-30T05:57:31.450Z,现有用途仅指既有品牌，独立转售买家逻辑未成立,现资料仅指同名品牌；未确定独立经营者画像,未做逐名净空,False,,名称用途与买家复筛；已有品牌与产品名；中外公司及品牌扩扫,https://porkbun.com/checkout/search,,,,,,
2444,nvidiansight.si,NVIDIA Nsight,24,仅历史可注册证据（需重查）,,2026-09-30T05:57:31.450Z,现有用途仅指既有品牌，独立转售买家逻辑未成立,现资料仅指同名品牌；未确定独立经营者画像,未做逐名净空,False,,名称用途与买家复筛；已有品牌与产品名；中外公司及品牌扩扫,https://porkbun.com/checkout/search,,,,,,
2445,nvidiastudio.si,NVIDIA Studio,24,仅历史可注册证据（需重查）,,2026-09-30T05:57:31.450Z,现有用途仅指既有品牌，独立转售买家逻辑未成立,现资料仅指同名品牌；未确定独立经营者画像,未做逐名净空,False,,名称用途与买家复筛；已有品牌与产品名；中外公司及品牌扩扫,https://porkbun.com/checkout/search,,,,,,
2446,acrobatreader.si,Acrobat Reader,24,仅历史可注册证据（需重查）,,2026-09-30T05:57:31.450Z,现有用途仅指既有品牌，独立转售买家逻辑未成立,现资料仅指同名品牌；未确定独立经营者画像,未做逐名净空,False,,名称用途与买家复筛；已有品牌与产品名；中外公司及品牌扩扫,https://porkbun.com/checkout/search,,,,,,
2447,amazonbedrock.si,Amazon Bedrock,24,近期有普通注册报价（需再确认）,2026-10-01T04:12:26.484Z,2026-09-30T05:57:31.450Z,现有用途仅指既有品牌，独立转售买家逻辑未成立,现资料仅指同名品牌；未确定独立经营者画像,未做逐名净空,False,,名称用途与买家复筛；已有品牌与产品名；中外公司及品牌扩扫,https://porkbun.com/checkout/search,,https://regery.com/en/bulksearch,,,,13.99
2448,applepodcasts.si,Apple Podcasts,24,仅历史可注册证据（需重查）,,2026-09-30T05:57:31.450Z,现有用途仅指既有品牌，独立转售买家逻辑未成立,现资料仅指同名品牌；未确定独立经营者画像,未做逐名净空,False,,名称用途与买家复筛；已有品牌与产品名；中外公司及品牌扩扫,https://porkbun.com/checkout/search,,,,,,
2449,githubcopilot.si,GitHub Copilot,24,仅历史可注册证据（需重查）,,2026-09-30T05:36:10.542Z,现有用途仅指既有品牌，独立转售买家逻辑未成立,现资料仅指同名品牌；未确定独立经营者画像,未做逐名净空,False,,名称用途与买家复筛；已有品牌与产品名；中外公司及品牌扩扫,https://porkbun.com/checkout/search,,,,,,
2450,googlefinance.si,Google Finance,24,仅历史可注册证据（需重查）,,2026-09-30T05:57:31.450Z,现有用途仅指既有品牌，独立转售买家逻辑未成立,现资料仅指同名品牌；未确定独立经营者画像,未做逐名净空,False,,名称用途与买家复筛；已有品牌与产品名；中外公司及品牌扩扫,https://porkbun.com/checkout/search,,,,,,
2451,googleflights.si,Google Flights,24,仅历史可注册证据（需重查）,,2026-09-30T05:57:31.450Z,现有用途仅指既有品牌，独立转售买家逻辑未成立,现资料仅指同名品牌；未确定独立经营者画像,未做逐名净空,False,,名称用途与买家复筛；已有品牌与产品名；中外公司及品牌扩扫,https://porkbun.com/checkout/search,,,,,,
2452,microsoftedge.si,Microsoft Edge,24,仅历史可注册证据（需重查）,,2026-09-30T05:57:31.450Z,现有用途仅指既有品牌，独立转售买家逻辑未成立,现资料仅指同名品牌；未确定独立经营者画像,未做逐名净空,False,,名称用途与买家复筛；已有品牌与产品名；中外公司及品牌扩扫,https://porkbun.com/checkout/search,,,,,,
2453,microsoftloop.si,Microsoft Loop,24,仅历史可注册证据（需重查）,,2026-09-30T05:57:31.450Z,现有用途仅指既有品牌，独立转售买家逻辑未成立,现资料仅指同名品牌；未确定独立经营者画像,未做逐名净空,False,,名称用途与买家复筛；已有品牌与产品名；中外公司及品牌扩扫,https://porkbun.com/checkout/search,,,,,,
2454,microsofttodo.si,Microsoft To Do,24,仅历史可注册证据（需重查）,,2026-09-30T05:57:31.450Z,现有用途仅指既有品牌，独立转售买家逻辑未成立,现资料仅指同名品牌；未确定独立经营者画像,未做逐名净空,False,,名称用途与买家复筛；已有品牌与产品名；中外公司及品牌扩扫,https://porkbun.com/checkout/search,,,,,,
2455,microsoftviva.si,Microsoft Viva,24,仅历史可注册证据（需重查）,,2026-09-30T05:57:31.450Z,现有用途仅指既有品牌，独立转售买家逻辑未成立,现资料仅指同名品牌；未确定独立经营者画像,未做逐名净空,False,,名称用途与买家复筛；已有品牌与产品名；中外公司及品牌扩扫,https://porkbun.com/checkout/search,,,,,,
2456,powerautomate.si,Power Automate,24,仅历史可注册证据（需重查）,,2026-09-30T05:57:31.450Z,构词主要指自动化产品品牌，未成立独立普通词用途,现资料仅指同名产品；暂无独立买家方向,未做逐名净空,False,,名称用途与买家复筛；已有品牌与产品名；中外公司及品牌扩扫,https://porkbun.com/checkout/search,,,,,,
2457,amazontextract.si,Amazon Textract,24,仅历史可注册证据（需重查）,,2026-09-30T05:57:31.450Z,现有用途仅指既有品牌，独立转售买家逻辑未成立,现资料仅指同名品牌；未确定独立经营者画像,未做逐名净空,False,,名称用途与买家复筛；已有品牌与产品名；中外公司及品牌扩扫,https://porkbun.com/checkout/search,,,,,,
2458,googleaistudio.si,Google AI Studio,24,仅历史可注册证据（需重查）,,2026-09-30T05:36:10.542Z,现有用途仅指既有品牌，独立转售买家逻辑未成立,现资料仅指同名品牌；未确定独立经营者画像,未做逐名净空,False,,名称用途与买家复筛；已有品牌与产品名；中外公司及品牌扩扫,https://porkbun.com/checkout/search,,,,,,
2459,googlecalendar.si,Google Calendar,24,仅历史可注册证据（需重查）,,2026-09-30T05:57:31.450Z,现有用途仅指既有品牌，独立转售买家逻辑未成立,现资料仅指同名品牌；未确定独立经营者画像,未做逐名净空,False,,名称用途与买家复筛；已有品牌与产品名；中外公司及品牌扩扫,https://porkbun.com/checkout/search,,,,,,
2460,microsoftforms.si,Microsoft Forms,24,仅历史可注册证据（需重查）,,2026-09-30T05:57:31.450Z,现有用途仅指既有品牌，独立转售买家逻辑未成立,现资料仅指同名品牌；未确定独立经营者画像,未做逐名净空,False,,名称用途与买家复筛；已有品牌与产品名；中外公司及品牌扩扫,https://porkbun.com/checkout/search,,,,,,
2461,microsoftlists.si,Microsoft Lists,24,仅历史可注册证据（需重查）,,2026-09-30T05:57:31.450Z,现有用途仅指既有品牌，独立转售买家逻辑未成立,现资料仅指同名品牌；未确定独立经营者画像,未做逐名净空,False,,名称用途与买家复筛；已有品牌与产品名；中外公司及品牌扩扫,https://porkbun.com/checkout/search,,,,,,
2462,microsoftteams.si,Microsoft Teams,24,近期有普通注册报价（需再确认）,2026-10-01T04:12:26.484Z,2026-09-30T05:57:31.450Z,现有用途仅指既有品牌，独立转售买家逻辑未成立,现资料仅指同名品牌；未确定独立经营者画像,未做逐名净空,False,,名称用途与买家复筛；已有品牌与产品名；中外公司及品牌扩扫,https://porkbun.com/checkout/search,,https://regery.com/en/bulksearch,,,,13.99
2463,omniversecloud.si,Omniverse Cloud,24,仅历史可注册证据（需重查）,,2026-09-30T05:57:31.450Z,现有用途仅指既有品牌，独立转售买家逻辑未成立,现资料仅指同名品牌；未确定独立经营者画像,未做逐名净空,False,,名称用途与买家复筛；已有品牌与产品名；中外公司及品牌扩扫,https://porkbun.com/checkout/search,,,,,,
2464,amazonqbusiness.si,Amazon Q Business,24,仅历史可注册证据（需重查）,,2026-09-30T05:57:31.450Z,现有用途仅指既有品牌，独立转售买家逻辑未成立,现资料仅指同名品牌；未确定独立经营者画像,未做逐名净空,False,,名称用途与买家复筛；已有品牌与产品名；中外公司及品牌扩扫,https://porkbun.com/checkout/search,,,,,,
2465,amazonsagemaker.si,Amazon SageMaker,24,仅历史可注册证据（需重查）,,2026-09-30T05:57:31.450Z,现有用途仅指既有品牌，独立转售买家逻辑未成立,现资料仅指同名品牌；未确定独立经营者画像,未做逐名净空,False,,名称用途与买家复筛；已有品牌与产品名；中外公司及品牌扩扫,https://porkbun.com/checkout/search,,,,,,
2466,amazontranslate.si,Amazon Translate,24,仅历史可注册证据（需重查）,,2026-09-30T05:57:31.450Z,现有用途仅指既有品牌，独立转售买家逻辑未成立,现资料仅指同名品牌；未确定独立经营者画像,未做逐名净空,False,,名称用途与买家复筛；已有品牌与产品名；中外公司及品牌扩扫,https://porkbun.com/checkout/search,,,,,,
2467,googleanalytics.si,Google Analytics,24,仅历史可注册证据（需重查）,,2026-09-30T05:57:31.450Z,现有用途仅指既有品牌，独立转售买家逻辑未成立,现资料仅指同名品牌；未确定独立经营者画像,未做逐名净空,False,,名称用途与买家复筛；已有品牌与产品名；中外公司及品牌扩扫,https://porkbun.com/checkout/search,,,,,,
2468,googleclassroom.si,Google Classroom,24,仅历史可注册证据（需重查）,,2026-09-30T05:57:31.450Z,现有用途仅指既有品牌，独立转售买家逻辑未成立,现资料仅指同名品牌；未确定独立经营者画像,未做逐名净空,False,,名称用途与买家复筛；已有品牌与产品名；中外公司及品牌扩扫,https://porkbun.com/checkout/search,,,,,,
2469,googletranslate.si,Google Translate,24,仅历史可注册证据（需重查）,,2026-09-30T05:57:31.450Z,现有用途仅指既有品牌，独立转售买家逻辑未成立,现资料仅指同名品牌；未确定独立经营者画像,未做逐名净空,False,,名称用途与买家复筛；已有品牌与产品名；中外公司及品牌扩扫,https://porkbun.com/checkout/search,,,,,,
2470,microsoftplaces.si,Microsoft Places,24,仅历史可注册证据（需重查）,,2026-09-30T05:57:31.450Z,现有用途仅指既有品牌，独立转售买家逻辑未成立,现资料仅指同名品牌；未确定独立经营者画像,未做逐名净空,False,,名称用途与买家复筛；已有品牌与产品名；中外公司及品牌扩扫,https://porkbun.com/checkout/search,,,,,,
2471,nvidiabroadcast.si,NVIDIA Broadcast,24,仅历史可注册证据（需重查）,,2026-09-30T05:57:31.450Z,现有用途仅指既有品牌，独立转售买家逻辑未成立,现资料仅指同名品牌；未确定独立经营者画像,未做逐名净空,False,,名称用途与买家复筛；已有品牌与产品名；中外公司及品牌扩扫,https://porkbun.com/checkout/search,,,,,,
2472,amazoncomprehend.si,Amazon Comprehend,24,仅历史可注册证据（需重查）,,2026-09-30T05:57:31.450Z,现有用途仅指既有品牌，独立转售买家逻辑未成立,现资料仅指同名品牌；未确定独立经营者画像,未做逐名净空,False,,名称用途与买家复筛；已有品牌与产品名；中外公司及品牌扩扫,https://porkbun.com/checkout/search,,,,,,
2473,amazonqdeveloper.si,Amazon Q Developer,24,仅历史可注册证据（需重查）,,2026-09-30T05:57:31.450Z,现有用途仅指既有品牌，独立转售买家逻辑未成立,现资料仅指同名品牌；未确定独立经营者画像,未做逐名净空,False,,名称用途与买家复筛；已有品牌与产品名；中外公司及品牌扩扫,https://porkbun.com/checkout/search,,,,,,
2474,amazontranscribe.si,Amazon Transcribe,24,仅历史可注册证据（需重查）,,2026-09-30T05:57:31.450Z,现有用途仅指既有品牌，独立转售买家逻辑未成立,现资料仅指同名品牌；未确定独立经营者画像,未做逐名净空,False,,名称用途与买家复筛；已有品牌与产品名；中外公司及品牌扩扫,https://porkbun.com/checkout/search,,,,,,
2475,geminicodeassist.si,Gemini Code Assist,24,仅历史可注册证据（需重查）,,2026-09-30T05:36:10.542Z,现有用途仅指既有品牌，独立转售买家逻辑未成立,现资料仅指同名品牌；未确定独立经营者画像,未做逐名净空,False,,名称用途与买家复筛；已有品牌与产品名；中外公司及品牌扩扫,https://porkbun.com/checkout/search,,,,,,
2476,microsoftplanner.si,Microsoft Planner,24,仅历史可注册证据（需重查）,,2026-09-30T05:57:31.450Z,现有用途仅指既有品牌，独立转售买家逻辑未成立,现资料仅指同名品牌；未确定独立经营者画像,未做逐名净空,False,,名称用途与买家复筛；已有品牌与产品名；中外公司及品牌扩扫,https://porkbun.com/checkout/search,,,,,,
2477,amazonrekognition.si,Amazon Rekognition,24,仅历史可注册证据（需重查）,,2026-09-30T05:57:31.450Z,现有用途仅指既有品牌，独立转售买家逻辑未成立,现资料仅指同名品牌；未确定独立经营者画像,未做逐名净空,False,,名称用途与买家复筛；已有品牌与产品名；中外公司及品牌扩扫,https://porkbun.com/checkout/search,,,,,,
2478,microsoftdefender.si,Microsoft Defender,24,仅历史可注册证据（需重查）,,2026-09-30T05:57:31.450Z,现有用途仅指既有品牌，独立转售买家逻辑未成立,现资料仅指同名品牌；未确定独立经营者画像,未做逐名净空,False,,名称用途与买家复筛；已有品牌与产品名；中外公司及品牌扩扫,https://porkbun.com/checkout/search,,,,,,
2479,googleauthenticator.si,Google Authenticator,24,仅历史可注册证据（需重查）,,2026-09-30T05:57:31.450Z,现有用途仅指既有品牌，独立转售买家逻辑未成立,现资料仅指同名品牌；未确定独立经营者画像,未做逐名净空,False,,名称用途与买家复筛；已有品牌与产品名；中外公司及品牌扩扫,https://porkbun.com/checkout/search,,,,,,
2480,googlesearchconsole.si,Google Search Console,24,仅历史可注册证据（需重查）,,2026-09-30T05:57:31.450Z,现有用途仅指既有品牌，独立转售买家逻辑未成立,现资料仅指同名品牌；未确定独立经营者画像,未做逐名净空,False,,名称用途与买家复筛；已有品牌与产品名；中外公司及品牌扩扫,https://porkbun.com/checkout/search,,,,,,
2481,microsoft365copilot.si,Microsoft 365 Copilot,24,仅历史可注册证据（需重查）,,2026-09-30T05:57:31.450Z,现有用途仅指既有品牌，独立转售买家逻辑未成立,现资料仅指同名品牌；未确定独立经营者画像,未做逐名净空,False,,名称用途与买家复筛；已有品牌与产品名；中外公司及品牌扩扫,https://porkbun.com/checkout/search,,,,,,
2482,microsoftwhiteboard.si,Microsoft Whiteboard,24,仅历史可注册证据（需重查）,,2026-09-30T05:57:31.450Z,现有用途仅指既有品牌，独立转售买家逻辑未成立,现资料仅指同名品牌；未确定独立经营者画像,未做逐名净空,False,,名称用途与买家复筛；已有品牌与产品名；中外公司及品牌扩扫,https://porkbun.com/checkout/search,,,,,,
2483,abdm.si,,24,仅历史可注册证据（需重查）,,2026-09-30T17:26:11.946Z,来源名AB Download Manager；独立转售用途未获支持，不能推定品牌回购,未取得无关独立买家用途证据；源品牌不是购买意向,未做逐名权利净空；品牌门是投资证据约束,False,,中外公司及品牌扩扫,https://regery.com/en/bulksearch,,,,,,
2484,hmos.si,,24,仅历史可注册证据（需重查）,,2026-09-30T17:41:34.277Z,来源名HarmonyOS；独立转售用途未获支持，不能推定品牌回购,未取得无关独立买家用途证据；源品牌不是购买意向,未做逐名权利净空；品牌门是投资证据约束,False,,中外公司及品牌扩扫,https://my.eurodns.com/das/search,,,,,,
2485,hibp.si,,24,仅历史可注册证据（需重查）,,2026-09-30T17:41:34.277Z,来源名Have I Been Pwned；独立转售用途未获支持，不能推定品牌回购,未取得无关独立买家用途证据；源品牌不是购买意向,未做逐名权利净空；品牌门是投资证据约束,False,,中外公司及品牌扩扫,https://my.eurodns.com/das/search,,,,,,
2486,njpw.si,,24,仅历史可注册证据（需重查）,,2026-09-30T17:38:10.317Z,来源名New Japan Pro-Wrestling；独立转售用途未获支持，不能推定品牌回购,未取得无关独立买家用途证据；源品牌不是购买意向,未做逐名权利净空；品牌门是投资证据约束,False,,中外公司及品牌扩扫,https://regery.com/en/bulksearch,,,,,,
2487,otoy.si,,24,仅历史可注册证据（需重查）,,2026-09-30T17:38:10.317Z,来源名Octane Render；独立转售用途未获支持，不能推定品牌回购,未取得无关独立买家用途证据；源品牌不是购买意向,未做逐名权利净空；品牌门是投资证据约束,False,,中外公司及品牌扩扫,https://regery.com/en/bulksearch,,,,,,
2488,prco.si,,24,仅历史可注册证据（需重查）,,2026-09-30T17:40:02.310Z,来源名pr.co；独立转售用途未获支持，不能推定品牌回购,未取得无关独立买家用途证据；源品牌不是购买意向,未做逐名权利净空；品牌门是投资证据约束,False,,中外公司及品牌扩扫,https://regery.com/en/bulksearch,,,,,,
2489,spoj.si,,24,仅历史可注册证据（需重查）,,2026-09-30T17:43:09.329Z,来源名Sphere Online Judge；独立转售用途未获支持，不能推定品牌回购,未取得无关独立买家用途证据；源品牌不是购买意向,未做逐名权利净空；品牌门是投资证据约束,False,,中外公司及品牌扩扫,https://regery.com/en/bulksearch,,,,,,
2490,wttj.si,,24,仅历史可注册证据（需重查）,,2026-09-30T17:45:54.684Z,来源名Welcome to the Jungle；独立转售用途未获支持，不能推定品牌回购,未取得无关独立买家用途证据；源品牌不是购买意向,未做逐名权利净空；品牌门是投资证据约束,False,,中外公司及品牌扩扫,https://regery.com/en/bulksearch,,,,,,
2491,xorg.si,,24,仅历史可注册证据（需重查）,,2026-09-30T17:46:23.933Z,来源名X.Org；独立转售用途未获支持，不能推定品牌回购,未取得无关独立买家用途证据；源品牌不是购买意向,未做逐名权利净空；品牌门是投资证据约束,False,,中外公司及品牌扩扫,https://regery.com/en/bulksearch,,,,,,
2492,picc.si,,24,仅历史可注册证据（需重查）,,2026-09-30T17:47:59.644Z,来源名PICC；独立转售用途未获支持，不能推定品牌回购,未取得无关独立买家用途证据；源品牌不是购买意向,未做逐名权利净空；品牌门是投资证据约束,False,,中外公司及品牌扩扫,https://regery.com/en/bulksearch,,,,,,
2493,cpic.si,,24,仅历史可注册证据（需重查）,,2026-09-30T17:47:59.644Z,来源名CPIC；独立转售用途未获支持，不能推定品牌回购,未取得无关独立买家用途证据；源品牌不是购买意向,未做逐名权利净空；品牌门是投资证据约束,False,,中外公司及品牌扩扫,https://regery.com/en/bulksearch,,,,,,
2494,yili.si,,24,近期有普通注册报价（需再确认）,2026-10-01T04:11:22.036Z,2026-09-30T17:47:59.644Z,来源名Yili / YILI；独立转售用途未获支持，不能推定品牌回购,未取得无关独立买家用途证据；源品牌不是购买意向,未做逐名权利净空；品牌门是投资证据约束,False,,中外公司及品牌扩扫,https://regery.com/en/bulksearch,,https://regery.com/en/bulksearch,,,,13.99
2495,crcc.si,,24,仅历史可注册证据（需重查）,,2026-09-30T17:47:59.644Z,来源名CRCC / 中国铁道建筑集团有限公司；独立转售用途未获支持，不能推定品牌回购,未取得无关独立买家用途证据；源品牌不是购买意向,未做逐名权利净空；品牌门是投资证据约束,False,,中外公司及品牌扩扫,https://regery.com/en/bulksearch,,,,,,
2496,cnbm.si,,24,仅历史可注册证据（需重查）,,2026-09-30T17:48:54.626Z,来源名CNBM / 中国建材集团有限公司；独立转售用途未获支持，不能推定品牌回购,未取得无关独立买家用途证据；源品牌不是购买意向,未做逐名权利净空；品牌门是投资证据约束,False,,中外公司及品牌扩扫,https://regery.com/en/bulksearch,,,,,,
2497,ceec.si,,24,仅历史可注册证据（需重查）,,2026-09-30T17:49:20.862Z,来源名CEEC / 中国能源建设集团有限公司；独立转售用途未获支持，不能推定品牌回购,未取得无关独立买家用途证据；源品牌不是购买意向,未做逐名权利净空；品牌门是投资证据约束,False,,中外公司及品牌扩扫,https://regery.com/en/bulksearch,,,,,,
2498,msci.si,,24,仅历史可注册证据（需重查）,,2026-09-30T17:50:28.959Z,来源名MSCI；独立转售用途未获支持，不能推定品牌回购,未取得无关独立买家用途证据；源品牌不是购买意向,未做逐名权利净空；品牌门是投资证据约束,False,,中外公司及品牌扩扫,https://regery.com/en/bulksearch,,,,,,
2499,cnrl.si,,24,仅历史可注册证据（需重查）,,2026-09-30T17:50:28.959Z,来源名CNRL；独立转售用途未获支持，不能推定品牌回购,未取得无关独立买家用途证据；源品牌不是购买意向,未做逐名权利净空；品牌门是投资证据约束,False,,中外公司及品牌扩扫,https://regery.com/en/bulksearch,,,,,,
2500,bnsf.si,,24,仅历史可注册证据（需重查）,,2026-09-30T17:50:28.959Z,来源名BNSF；独立转售用途未获支持，不能推定品牌回购,未取得无关独立买家用途证据；源品牌不是购买意向,未做逐名权利净空；品牌门是投资证据约束,False,,中外公司及品牌扩扫,https://regery.com/en/bulksearch,,,,,,
2501,cnnc.si,,24,仅历史可注册证据（需重查）,,2026-09-30T17:51:02.096Z,来源名CNNC / 中国核工业集团有限公司；独立转售用途未获支持，不能推定品牌回购,未取得无关独立买家用途证据；源品牌不是购买意向,未做逐名权利净空；品牌门是投资证据约束,False,,中外公司及品牌扩扫,https://regery.com/en/bulksearch,,,,,,
2502,crrc.si,,24,仅历史可注册证据（需重查）,,2026-09-30T17:51:02.096Z,来源名CRRC；独立转售用途未获支持，不能推定品牌回购,未取得无关独立买家用途证据；源品牌不是购买意向,未做逐名权利净空；品牌门是投资证据约束,False,,中外公司及品牌扩扫,https://regery.com/en/bulksearch,,,,,,
2503,cnpc.si,,24,仅历史可注册证据（需重查）,,2026-09-30T17:51:02.096Z,来源名CNPC / 中国石油天然气集团有限公司；独立转售用途未获支持，不能推定品牌回购,未取得无关独立买家用途证据；源品牌不是购买意向,未做逐名权利净空；品牌门是投资证据约束,False,,中外公司及品牌扩扫,https://regery.com/en/bulksearch,,,,,,
2504,amap.si,,24,近期有普通注册报价（需再确认）,2026-10-01T04:11:22.036Z,2026-09-30T17:51:02.096Z,来源名AMAP；独立转售用途未获支持，不能推定品牌回购,未取得无关独立买家用途证据；源品牌不是购买意向,未做逐名权利净空；品牌门是投资证据约束,False,,中外公司及品牌扩扫,https://regery.com/en/bulksearch,,https://regery.com/en/bulksearch,,,,13.99
2505,avic.si,,24,仅历史可注册证据（需重查）,,2026-09-30T17:34:09.683Z,来源名中国航空工业集团有限公司；独立转售用途未获支持，不能推定品牌回购,未取得无关独立买家用途证据；源品牌不是购买意向,未做逐名权利净空；品牌门是投资证据约束,False,,中外公司及品牌扩扫,https://my.eurodns.com/das/search,,,,,,
2506,cssc.si,,24,仅历史可注册证据（需重查）,,2026-09-30T17:34:09.683Z,来源名中国船舶集团有限公司；独立转售用途未获支持，不能推定品牌回购,未取得无关独立买家用途证据；源品牌不是购买意向,未做逐名权利净空；品牌门是投资证据约束,False,,中外公司及品牌扩扫,https://my.eurodns.com/das/search,,,,,,
2507,csgc.si,,24,仅历史可注册证据（需重查）,,2026-09-30T17:34:09.683Z,来源名中国兵器装备集团有限公司；独立转售用途未获支持，不能推定品牌回购,未取得无关独立买家用途证据；源品牌不是购买意向,未做逐名权利净空；品牌门是投资证据约束,False,,中外公司及品牌扩扫,https://my.eurodns.com/das/search,,,,,,
2508,cetc.si,,24,仅历史可注册证据（需重查）,,2026-09-30T17:34:09.683Z,来源名中国电子科技集团有限公司；独立转售用途未获支持，不能推定品牌回购,未取得无关独立买家用途证据；源品牌不是购买意向,未做逐名权利净空；品牌门是投资证据约束,False,,中外公司及品牌扩扫,https://my.eurodns.com/das/search,,,,,,
2509,aecc.si,,24,仅历史可注册证据（需重查）,,2026-09-30T17:34:09.683Z,来源名中国航空发动机集团有限公司；独立转售用途未获支持，不能推定品牌回购,未取得无关独立买家用途证据；源品牌不是购买意向,未做逐名权利净空；品牌门是投资证据约束,False,,中外公司及品牌扩扫,https://my.eurodns.com/das/search,,,,,,
2510,sgcc.si,,24,仅历史可注册证据（需重查）,,2026-09-30T17:34:09.683Z,来源名国家电网有限公司；独立转售用途未获支持，不能推定品牌回购,未取得无关独立买家用途证据；源品牌不是购买意向,未做逐名权利净空；品牌门是投资证据约束,False,,中外公司及品牌扩扫,https://my.eurodns.com/das/search,,,,,,
2511,chng.si,,24,仅历史可注册证据（需重查）,,2026-09-30T17:34:09.683Z,来源名中国华能集团有限公司；独立转售用途未获支持，不能推定品牌回购,未取得无关独立买家用途证据；源品牌不是购买意向,未做逐名权利净空；品牌门是投资证据约束,False,,中外公司及品牌扩扫,https://my.eurodns.com/das/search,,,,,,
2512,spic.si,,24,仅历史可注册证据（需重查）,,2026-09-30T17:34:09.683Z,来源名国家电力投资集团有限公司；独立转售用途未获支持，不能推定品牌回购,未取得无关独立买家用途证据；源品牌不是购买意向,未做逐名权利净空；品牌门是投资证据约束,False,,中外公司及品牌扩扫,https://my.eurodns.com/das/search,,,,,,
2513,ceic.si,,24,仅历史可注册证据（需重查）,,2026-09-30T17:34:09.683Z,来源名国家能源投资集团有限责任公司；独立转售用途未获支持，不能推定品牌回购,未取得无关独立买家用途证据；源品牌不是购买意向,未做逐名权利净空；品牌门是投资证据约束,False,,中外公司及品牌扩扫,https://my.eurodns.com/das/search,,,,,,
2514,dfmc.si,,24,仅历史可注册证据（需重查）,,2026-09-30T17:34:09.683Z,来源名东风汽车集团有限公司；独立转售用途未获支持，不能推定品牌回购,未取得无关独立买家用途证据；源品牌不是购买意向,未做逐名权利净空；品牌门是投资证据约束,False,,中外公司及品牌扩扫,https://my.eurodns.com/das/search,,,,,,
2515,cfhi.si,,24,仅历史可注册证据（需重查）,,2026-09-30T17:34:09.683Z,来源名中国一重集团有限公司；独立转售用途未获支持，不能推定品牌回购,未取得无关独立买家用途证据；源品牌不是购买意向,未做逐名权利净空；品牌门是投资证据约束,False,,中外公司及品牌扩扫,https://my.eurodns.com/das/search,,,,,,
2516,sdic.si,,24,仅历史可注册证据（需重查）,,2026-09-30T17:34:09.683Z,来源名国家开发投资集团有限公司；独立转售用途未获支持，不能推定品牌回购,未取得无关独立买家用途证据；源品牌不是购买意向,未做逐名权利净空；品牌门是投资证据约束,False,,中外公司及品牌扩扫,https://my.eurodns.com/das/search,,,,,,
2517,cmhk.si,,24,仅历史可注册证据（需重查）,,2026-09-30T17:34:09.683Z,来源名招商局集团有限公司；独立转售用途未获支持，不能推定品牌回购,未取得无关独立买家用途证据；源品牌不是购买意向,未做逐名权利净空；品牌门是投资证据约束,False,,中外公司及品牌扩扫,https://my.eurodns.com/das/search,,,,,,
2518,cnmc.si,,24,仅历史可注册证据（需重查）,,2026-09-30T17:34:09.683Z,来源名中国有色矿业集团有限公司；独立转售用途未获支持，不能推定品牌回购,未取得无关独立买家用途证据；源品牌不是购买意向,未做逐名权利净空；品牌门是投资证据约束,False,,中外公司及品牌扩扫,https://my.eurodns.com/das/search,,,,,,
2519,ciic.si,,24,仅历史可注册证据（需重查）,,2026-09-30T17:34:09.683Z,来源名中国国际技术智力合作集团有限公司；独立转售用途未获支持，不能推定品牌回购,未取得无关独立买家用途证据；源品牌不是购买意向,未做逐名权利净空；品牌门是投资证据约束,False,,中外公司及品牌扩扫,https://my.eurodns.com/das/search,,,,,,
2520,cabr.si,,24,仅历史可注册证据（需重查）,,2026-09-30T17:34:09.683Z,来源名中国建筑科学研究院有限公司；独立转售用途未获支持，不能推定品牌回购,未取得无关独立买家用途证据；源品牌不是购买意向,未做逐名权利净空；品牌门是投资证据约束,False,,中外公司及品牌扩扫,https://my.eurodns.com/das/search,,,,,,
2521,crsc.si,,24,仅历史可注册证据（需重查）,,2026-09-30T17:34:09.683Z,来源名中国铁路通信信号集团有限公司；独立转售用途未获支持，不能推定品牌回购,未取得无关独立买家用途证据；源品牌不是购买意向,未做逐名权利净空；品牌门是投资证据约束,False,,中外公司及品牌扩扫,https://my.eurodns.com/das/search,,,,,,
2522,cict.si,,24,仅历史可注册证据（需重查）,,2026-09-30T17:34:09.683Z,来源名中国信息通信科技集团有限公司；独立转售用途未获支持，不能推定品牌回购,未取得无关独立买家用途证据；源品牌不是购买意向,未做逐名权利净空；品牌门是投资证据约束,False,,中外公司及品牌扩扫,https://my.eurodns.com/das/search,,,,,,
2523,cfgc.si,,24,仅历史可注册证据（需重查）,,2026-09-30T17:34:09.683Z,来源名中国林业集团有限公司；独立转售用途未获支持，不能推定品牌回购,未取得无关独立买家用途证据；源品牌不是购买意向,未做逐名权利净空；品牌门是投资证据约束,False,,中外公司及品牌扩扫,https://my.eurodns.com/das/search,,,,,,
2524,cctc.si,,24,仅历史可注册证据（需重查）,,2026-09-30T17:34:09.683Z,来源名中国建设科技有限公司；独立转售用途未获支持，不能推定品牌回购,未取得无关独立买家用途证据；源品牌不是购买意向,未做逐名权利净空；品牌门是投资证据约束,False,,中外公司及品牌扩扫,https://my.eurodns.com/das/search,,,,,,
2525,cmgb.si,,24,仅历史可注册证据（需重查）,,2026-09-30T17:34:09.683Z,来源名中国冶金地质总局；独立转售用途未获支持，不能推定品牌回购,未取得无关独立买家用途证据；源品牌不是购买意向,未做逐名权利净空；品牌门是投资证据约束,False,,中外公司及品牌扩扫,https://my.eurodns.com/das/search,,,,,,
2526,ccgc.si,,24,仅历史可注册证据（需重查）,,2026-09-30T17:34:09.683Z,来源名中国煤炭地质总局；独立转售用途未获支持，不能推定品牌回购,未取得无关独立买家用途证据；源品牌不是购买意向,未做逐名权利净空；品牌门是投资证据约束,False,,中外公司及品牌扩扫,https://my.eurodns.com/das/search,,,,,,
2527,casc.si,,24,仅历史可注册证据（需重查）,,2026-09-30T17:34:09.683Z,来源名中国航空器材集团有限公司；独立转售用途未获支持，不能推定品牌回购,未取得无关独立买家用途证据；源品牌不是购买意向,未做逐名权利净空；品牌门是投资证据约束,False,,中外公司及品牌扩扫,https://my.eurodns.com/das/search,,,,,,
2528,crhc.si,,24,仅历史可注册证据（需重查）,,2026-09-30T17:34:09.683Z,来源名中国国新控股有限责任公司；独立转售用途未获支持，不能推定品牌回购,未取得无关独立买家用途证据；源品牌不是购买意向,未做逐名权利净空；品牌门是投资证据约束,False,,中外公司及品牌扩扫,https://my.eurodns.com/das/search,,,,,,
2529,ccic.si,,24,仅历史可注册证据（需重查）,,2026-09-30T17:34:09.683Z,来源名中国检验认证（集团）有限公司；独立转售用途未获支持，不能推定品牌回购,未取得无关独立买家用途证据；源品牌不是购买意向,未做逐名权利净空；品牌门是投资证据约束,False,,中外公司及品牌扩扫,https://my.eurodns.com/das/search,,,,,,
2530,crrg.si,,24,仅历史可注册证据（需重查）,,2026-09-30T17:46:58.164Z,来源名中国资源循环集团有限公司；独立转售用途未获支持，不能推定品牌回购,未取得无关独立买家用途证据；源品牌不是购买意向,未做逐名权利净空；品牌门是投资证据约束,False,,中外公司及品牌扩扫,https://my.eurodns.com/das/search,,,,,,
2531,ccag.si,,24,仅历史可注册证据（需重查）,,2026-09-30T17:46:58.164Z,来源名中国长安汽车集团有限公司；独立转售用途未获支持，不能推定品牌回购,未取得无关独立买家用途证据；源品牌不是购买意向,未做逐名权利净空；品牌门是投资证据约束,False,,中外公司及品牌扩扫,https://my.eurodns.com/das/search,,,,,,
2532,zgh.si,,24,仅历史可注册证据（需重查）,,2026-09-30T17:46:58.164Z,来源名浙江吉利控股集团有限公司；独立转售用途未获支持，不能推定品牌回购,未取得无关独立买家用途证据；源品牌不是购买意向,未做逐名权利净空；品牌门是投资证据约束,False,,中外公司及品牌扩扫,https://my.eurodns.com/das/search,,,,,,
2533,krug.si,,24,仅历史可注册证据（需重查）,,2026-09-30T17:51:39.916Z,来源名Krug；独立转售用途未获支持，不能推定品牌回购,未取得无关独立买家用途证据；源品牌不是购买意向,未做逐名权利净空；品牌门是投资证据约束,False,,中外公司及品牌扩扫,https://regery.com/en/bulksearch,,,,,,
2534,luvs.si,,24,仅历史可注册证据（需重查）,,2026-09-30T17:52:50.451Z,来源名Luvs；独立转售用途未获支持，不能推定品牌回购,未取得无关独立买家用途证据；源品牌不是购买意向,未做逐名权利净空；品牌门是投资证据约束,False,,中外公司及品牌扩扫,https://regery.com/en/bulksearch,,,,,,
2535,olay.si,,24,近期有普通注册报价（需再确认）,2026-10-01T04:11:22.036Z,2026-09-30T17:52:50.451Z,来源名Olay；独立转售用途未获支持，不能推定品牌回购,未取得无关独立买家用途证据；源品牌不是购买意向,未做逐名权利净空；品牌门是投资证据约束,False,,中外公司及品牌扩扫,https://regery.com/en/bulksearch,,https://regery.com/en/bulksearch,,,,13.99
2536,skii.si,,24,近期有普通注册报价（需再确认）,2026-10-01T04:11:22.036Z,2026-09-30T17:52:50.451Z,来源名SK-II；独立转售用途未获支持，不能推定品牌回购,未取得无关独立买家用途证据；源品牌不是购买意向,未做逐名权利净空；品牌门是投资证据约束,False,,中外公司及品牌扩扫,https://regery.com/en/bulksearch,,https://regery.com/en/bulksearch,,,,13.99
2537,ocal.si,,24,仅历史可注册证据（需重查）,,2026-09-30T17:55:47.847Z,来源名Ocal；独立转售用途未获支持，不能推定品牌回购,未取得无关独立买家用途证据；源品牌不是购买意向,未做逐名权利净空；品牌门是投资证据约束,False,,中外公司及品牌扩扫,https://regery.com/en/bulksearch,,,,,,
2538,addyio.si,,24,仅历史可注册证据（需重查）,,2026-09-30T17:26:11.946Z,来源名addy.io；独立转售用途未获支持，不能推定品牌回购,未取得无关独立买家用途证据；源品牌不是购买意向,未做逐名权利净空；品牌门是投资证据约束,False,,中外公司及品牌扩扫,https://regery.com/en/bulksearch,,,,,,
2539,ameblo.si,,24,仅历史可注册证据（需重查）,,2026-09-30T17:26:34.407Z,来源名Ameba；独立转售用途未获支持，不能推定品牌回购,未取得无关独立买家用途证据；源品牌不是购买意向,未做逐名权利净空；品牌门是投资证据约束,False,,中外公司及品牌扩扫,https://regery.com/en/bulksearch,,,,,,
2540,atandt.si,,24,仅历史可注册证据（需重查）,,2026-09-30T17:27:13.533Z,来源名AT&T；独立转售用途未获支持，不能推定品牌回购,未取得无关独立买家用途证据；源品牌不是购买意向,未做逐名权利净空；品牌门是投资证据约束,False,,中外公司及品牌扩扫,https://regery.com/en/bulksearch,,,,,,
2541,auchan.si,,24,仅历史可注册证据（需重查）,,2026-09-30T17:27:13.533Z,来源名Auchan；独立转售用途未获支持，不能推定品牌回购,未取得无关独立买家用途证据；源品牌不是购买意向,未做逐名权利净空；品牌门是投资证据约束,False,,中外公司及品牌扩扫,https://regery.com/en/bulksearch,,,,,,
2542,autoit.si,,24,仅历史可注册证据（需重查）,,2026-09-30T17:27:13.533Z,来源名AutoIt；独立转售用途未获支持，不能推定品牌回购,未取得无关独立买家用途证据；源品牌不是购买意向,未做逐名权利净空；品牌门是投资证据约束,False,,中外公司及品牌扩扫,https://regery.com/en/bulksearch,,,,,,
2543,baseui.si,,24,仅历史可注册证据（需重查）,,2026-09-30T17:27:42.109Z,来源名Base UI；独立转售用途未获支持，不能推定品牌回购,未取得无关独立买家用途证据；源品牌不是购买意向,未做逐名权利净空；品牌门是投资证据约束,False,,中外公司及品牌扩扫,https://regery.com/en/bulksearch,,,,,,
2544,calcom.si,,24,仅历史可注册证据（需重查）,,2026-09-30T17:28:07.849Z,来源名Cal.com；独立转售用途未获支持，不能推定品牌回购,未取得无关独立买家用途证据；源品牌不是购买意向,未做逐名权利净空；品牌门是投资证据约束,False,,中外公司及品牌扩扫,https://regery.com/en/bulksearch,,,,,,
2545,dedge.si,,24,仅历史可注册证据（需重查）,,2026-09-30T17:29:49.585Z,来源名D-EDGE；独立转售用途未获支持，不能推定品牌回购,未取得无关独立买家用途证据；源品牌不是购买意向,未做逐名权利净空；品牌门是投资证据约束,False,,中外公司及品牌扩扫,https://regery.com/en/bulksearch,,,,,,
2546,devto.si,,24,仅历史可注册证据（需重查）,,2026-09-30T17:29:49.585Z,来源名dev.to；独立转售用途未获支持，不能推定品牌回购,未取得无关独立买家用途证据；源品牌不是购买意向,未做逐名权利净空；品牌门是投资证据约束,False,,中外公司及品牌扩扫,https://regery.com/en/bulksearch,,,,,,
2547,drawio.si,,24,仅历史可注册证据（需重查）,,2026-09-30T17:30:21.419Z,来源名diagrams.net；独立转售用途未获支持，不能推定品牌回购,未取得无关独立买家用途证据；源品牌不是购买意向,未做逐名权利净空；品牌门是投资证据约束,False,,中外公司及品牌扩扫,https://regery.com/en/bulksearch,,,,,,
2548,docsrs.si,,24,仅历史可注册证据（需重查）,,2026-09-30T17:30:21.419Z,来源名Docs.rs；独立转售用途未获支持，不能推定品牌回购,未取得无关独立买家用途证据；源品牌不是购买意向,未做逐名权利净空；品牌门是投资证据约束,False,,中外公司及品牌扩扫,https://regery.com/en/bulksearch,,,,,,
2549,dandd.si,,24,仅历史可注册证据（需重查）,,2026-09-30T17:30:21.419Z,来源名Dungeons & Dragons；独立转售用途未获支持，不能推定品牌回购,未取得无关独立买家用途证据；源品牌不是购买意向,未做逐名权利净空；品牌门是投资证据约束,False,,中外公司及品牌扩扫,https://regery.com/en/bulksearch,,,,,,
2550,fdroid.si,,24,仅历史可注册证据（需重查）,,2026-09-30T17:30:35.858Z,来源名F-Droid；独立转售用途未获支持，不能推定品牌回购,未取得无关独立买家用途证据；源品牌不是购买意向,未做逐名权利净空；品牌门是投资证据约束,False,,中外公司及品牌扩扫,https://regery.com/en/bulksearch,,,,,,
2551,epifi.si,,24,仅历史可注册证据（需重查）,,2026-09-30T17:30:35.858Z,来源名Fi；独立转售用途未获支持，不能推定品牌回购,未取得无关独立买家用途证据；源品牌不是购买意向,未做逐名权利净空；品牌门是投资证据约束,False,,中外公司及品牌扩扫,https://regery.com/en/bulksearch,,,,,,
2552,fileio.si,,24,仅历史可注册证据（需重查）,,2026-09-30T17:30:50.617Z,来源名File.io；独立转售用途未获支持，不能推定品牌回购,未取得无关独立买家用途证据；源品牌不是购买意向,未做逐名权利净空；品牌门是投资证据约束,False,,中外公司及品牌扩扫,https://regery.com/en/bulksearch,,,,,,
2553,flyio.si,,24,仅历史可注册证据（需重查）,,2026-09-30T17:30:50.617Z,来源名Fly.io；独立转售用途未获支持，不能推定品牌回购,未取得无关独立买家用途证据；源品牌不是购买意向,未做逐名权利净空；品牌门是投资证据约束,False,,中外公司及品牌扩扫,https://regery.com/en/bulksearch,,,,,,
2554,gitlfs.si,,24,仅历史可注册证据（需重查）,,2026-09-30T17:31:08.840Z,来源名Git LFS；独立转售用途未获支持，不能推定品牌回购,未取得无关独立买家用途证据；源品牌不是购买意向,未做逐名权利净空；品牌门是投资证据约束,False,,中外公司及品牌扩扫,https://regery.com/en/bulksearch,,,,,,
2555,glinet.si,,24,仅历史可注册证据（需重查）,,2026-09-30T17:31:08.840Z,来源名GL.iNet；独立转售用途未获支持，不能推定品牌回购,未取得无关独立买家用途证据；源品牌不是购买意向,未做逐名权利净空；品牌门是投资证据约束,False,,中外公司及品牌扩扫,https://regery.com/en/bulksearch,,,,,,
2556,gogcom.si,,24,仅历史可注册证据（需重查）,,2026-09-30T17:31:08.840Z,来源名GOG.com；独立转售用途未获支持，不能推定品牌回购,未取得无关独立买家用途证据；源品牌不是购买意向,未做逐名权利净空；品牌门是投资证据约束,False,,中外公司及品牌扩扫,https://regery.com/en/bulksearch,,,,,,
2557,gridai.si,,24,仅历史可注册证据（需重查）,,2026-09-30T17:31:42.306Z,来源名Grid.ai；独立转售用途未获支持，不能推定品牌回购,未取得无关独立买家用途证据；源品牌不是购买意向,未做逐名权利净空；品牌门是投资证据约束,False,,中外公司及品牌扩扫,https://regery.com/en/bulksearch,,,,,,
2558,handm.si,,24,仅历史可注册证据（需重查）,,2026-09-30T17:41:34.277Z,来源名H&M；独立转售用途未获支持，不能推定品牌回购,未取得无关独立买家用途证据；源品牌不是购买意向,未做逐名权利净空；品牌门是投资证据约束,False,,中外公司及品牌扩扫,https://my.eurodns.com/das/search,,,,,,
2559,hibob.si,,24,仅历史可注册证据（需重查）,,2026-09-30T17:41:34.277Z,来源名Hi Bob；独立转售用途未获支持，不能推定品牌回购,未取得无关独立买家用途证据；源品牌不是购买意向,未做逐名权利净空；品牌门是投资证据约束,False,,中外公司及品牌扩扫,https://my.eurodns.com/das/search,,,,,,
2560,itchio.si,,24,仅历史可注册证据（需重查）,,2026-09-30T17:34:47.071Z,来源名Itch.io；独立转售用途未获支持，不能推定品牌回购,未取得无关独立买家用途证据；源品牌不是购买意向,未做逐名权利净空；品牌门是投资证据约束,False,,中外公司及品牌扩扫,https://regery.com/en/bulksearch,,,,,,
2561,knexjs.si,,24,仅历史可注册证据（需重查）,,2026-09-30T17:35:30.867Z,来源名Knex.js；独立转售用途未获支持，不能推定品牌回购,未取得无关独立买家用途证据；源品牌不是购买意向,未做逐名权利净空；品牌门是投资证据约束,False,,中外公司及品牌扩扫,https://regery.com/en/bulksearch,,,,,,
2562,mailru.si,,24,仅历史可注册证据（需重查）,,2026-09-30T17:36:31.187Z,来源名Mail.Ru；独立转售用途未获支持，不能推定品牌回购,未取得无关独立买家用途证据；源品牌不是购买意向,未做逐名权利净空；品牌门是投资证据约束,False,,中外公司及品牌扩扫,https://regery.com/en/bulksearch,,,,,,
2563,mojeek.si,,24,仅历史可注册证据（需重查）,,2026-09-30T17:37:10.063Z,来源名Mojeek；独立转售用途未获支持，不能推定品牌回购,未取得无关独立买家用途证据；源品牌不是购买意向,未做逐名权利净空；品牌门是投资证据约束,False,,中外公司及品牌扩扫,https://regery.com/en/bulksearch,,,,,,
2564,moqups.si,,24,仅历史可注册证据（需重查）,,2026-09-30T17:37:47.483Z,来源名Moqups；独立转售用途未获支持，不能推定品牌回购,未取得无关独立买家用途证据；源品牌不是购买意向,未做逐名权利净空；品牌门是投资证据约束,False,,中外公司及品牌扩扫,https://regery.com/en/bulksearch,,,,,,
2565,natsio.si,,24,仅历史可注册证据（需重查）,,2026-09-30T17:37:47.483Z,来源名NATS.io；独立转售用途未获支持，不能推定品牌回购,未取得无关独立买家用途证据；源品牌不是购买意向,未做逐名权利净空；品牌门是投资证据约束,False,,中外公司及品牌扩扫,https://regery.com/en/bulksearch,,,,,,
2566,nfcore.si,,24,仅历史可注册证据（需重查）,,2026-09-30T17:38:10.317Z,来源名nf-core；独立转售用途未获支持，不能推定品牌回购,未取得无关独立买家用途证据；源品牌不是购买意向,未做逐名权利净空；品牌门是投资证据约束,False,,中外公司及品牌扩扫,https://regery.com/en/bulksearch,,,,,,
2567,nuxtjs.si,,24,仅历史可注册证据（需重查）,,2026-09-30T17:38:10.317Z,来源名Nuxt；独立转售用途未获支持，不能推定品牌回购,未取得无关独立买家用途证据；源品牌不是购买意向,未做逐名权利净空；品牌门是投资证据约束,False,,中外公司及品牌扩扫,https://regery.com/en/bulksearch,,,,,,
2568,ohdear.si,,24,仅历史可注册证据（需重查）,,2026-09-30T17:38:10.317Z,来源名Oh Dear；独立转售用途未获支持，不能推定品牌回购,未取得无关独立买家用途证据；源品牌不是购买意向,未做逐名权利净空；品牌门是投资证据约束,False,,中外公司及品牌扩扫,https://regery.com/en/bulksearch,,,,,,
2569,oshwa.si,,24,仅历史可注册证据（需重查）,,2026-09-30T17:38:53.972Z,来源名Open Source Hardware；独立转售用途未获支持，不能推定品牌回购,未取得无关独立买家用途证据；源品牌不是购买意向,未做逐名权利净空；品牌门是投资证据约束,False,,中外公司及品牌扩扫,https://regery.com/en/bulksearch,,,,,,
2570,opentf.si,,24,仅历史可注册证据（需重查）,,2026-09-30T17:38:53.972Z,来源名OpenTofu；独立转售用途未获支持，不能推定品牌回购,未取得无关独立买家用途证据；源品牌不是购买意向,未做逐名权利净空；品牌门是投资证据约束,False,,中外公司及品牌扩扫,https://regery.com/en/bulksearch,,,,,,
2571,pihole.si,,24,仅历史可注册证据（需重查）,,2026-09-30T17:39:16.743Z,来源名Pi-hole；独立转售用途未获支持，不能推定品牌回购,未取得无关独立买家用途证据；源品牌不是购买意向,未做逐名权利净空；品牌门是投资证据约束,False,,中外公司及品牌扩扫,https://regery.com/en/bulksearch,,,,,,
2572,popos.si,,24,仅历史可注册证据（需重查）,,2026-09-30T17:39:41.505Z,来源名Pop!_OS；独立转售用途未获支持，不能推定品牌回购,未取得无关独立买家用途证据；源品牌不是购买意向,未做逐名权利净空；品牌门是投资证据约束,False,,中外公司及品牌扩扫,https://regery.com/en/bulksearch,,,,,,
2573,preact.si,,24,仅历史可注册证据（需重查）,,2026-09-30T17:40:02.310Z,来源名Preact；独立转售用途未获支持，不能推定品牌回购,未取得无关独立买家用途证据；源品牌不是购买意向,未做逐名权利净空；品牌门是投资证据约束,False,,中外公司及品牌扩扫,https://regery.com/en/bulksearch,,,,,,
2574,premid.si,,24,仅历史可注册证据（需重查）,,2026-09-30T17:40:02.310Z,来源名PreMiD；独立转售用途未获支持，不能推定品牌回购,未取得无关独立买家用途证据；源品牌不是购买意向,未做逐名权利净空；品牌门是投资证据约束,False,,中外公司及品牌扩扫,https://regery.com/en/bulksearch,,,,,,
2575,pubmed.si,,24,仅历史可注册证据（需重查）,,2026-09-30T17:40:02.310Z,来源名PubMed；独立转售用途未获支持，不能推定品牌回购,未取得无关独立买家用途证据；源品牌不是购买意向,未做逐名权利净空；品牌门是投资证据约束,False,,中外公司及品牌扩扫,https://regery.com/en/bulksearch,,,,,,
2576,pysyft.si,,24,仅历史可注册证据（需重查）,,2026-09-30T17:40:41.689Z,来源名PySyft；独立转售用途未获支持，不能推定品牌回购,未取得无关独立买家用途证据；源品牌不是购买意向,未做逐名权利净空；品牌门是投资证据约束,False,,中外公司及品牌扩扫,https://regery.com/en/bulksearch,,,,,,
2577,readcv.si,,24,仅历史可注册证据（需重查）,,2026-09-30T17:40:41.689Z,来源名Read.cv；独立转售用途未获支持，不能推定品牌回购,未取得无关独立买家用途证据；源品牌不是购买意向,未做逐名权利净空；品牌门是投资证据约束,False,,中外公司及品牌扩扫,https://regery.com/en/bulksearch,,,,,,
2578,rekaui.si,,24,仅历史可注册证据（需重查）,,2026-09-30T17:41:03.512Z,来源名Reka UI；独立转售用途未获支持，不能推定品牌回购,未取得无关独立买家用途证据；源品牌不是购买意向,未做逐名权利净空；品牌门是投资证据约束,False,,中外公司及品牌扩扫,https://regery.com/en/bulksearch,,,,,,
2579,renpy.si,,24,仅历史可注册证据（需重查）,,2026-09-30T17:41:03.512Z,来源名Ren'Py；独立转售用途未获支持，不能推定品牌回购,未取得无关独立买家用途证据；源品牌不是购买意向,未做逐名权利净空；品牌门是投资证据约束,False,,中外公司及品牌扩扫,https://regery.com/en/bulksearch,,,,,,
2580,rootme.si,,24,仅历史可注册证据（需重查）,,2026-09-30T17:41:46.229Z,来源名Root Me；独立转售用途未获支持，不能推定品牌回购,未取得无关独立买家用途证据；源品牌不是购买意向,未做逐名权利净空；品牌门是投资证据约束,False,,中外公司及品牌扩扫,https://regery.com/en/bulksearch,,,,,,
2581,shazam.si,,24,仅历史可注册证据（需重查）,,2026-09-30T17:42:20.376Z,来源名Shazam；独立转售用途未获支持，不能推定品牌回购,未取得无关独立买家用途证据；源品牌不是购买意向,未做逐名权利净空；品牌门是投资证据约束,False,,中外公司及品牌扩扫,https://regery.com/en/bulksearch,,,,,,
2582,sifive.si,,24,仅历史可注册证据（需重查）,,2026-09-30T17:42:20.376Z,来源名SiFive；独立转售用途未获支持，不能推定品牌回购,未取得无关独立买家用途证据；源品牌不是购买意向,未做逐名权利净空；品牌门是投资证据约束,False,,中外公司及品牌扩扫,https://regery.com/en/bulksearch,,,,,,
2583,siyuan.si,,24,仅历史可注册证据（需重查）,,2026-09-30T17:42:47.219Z,来源名SiYuan；独立转售用途未获支持，不能推定品牌回购,未取得无关独立买家用途证据；源品牌不是购买意向,未做逐名权利净空；品牌门是投资证据约束,False,,中外公司及品牌扩扫,https://regery.com/en/bulksearch,,,,,,
2584,sonarr.si,,24,仅历史可注册证据（需重查）,,2026-09-30T17:42:47.219Z,来源名sonarr；独立转售用途未获支持，不能推定品牌回购,未取得无关独立买家用途证据；源品牌不是购买意向,未做逐名权利净空；品牌门是投资证据约束,False,,中外公司及品牌扩扫,https://regery.com/en/bulksearch,,,,,,
2585,srgssr.si,,24,仅历史可注册证据（需重查）,,2026-09-30T17:43:09.329Z,来源名SRG SSR；独立转售用途未获支持，不能推定品牌回购,未取得无关独立买家用途证据；源品牌不是购买意向,未做逐名权利净空；品牌门是投资证据约束,False,,中外公司及品牌扩扫,https://regery.com/en/bulksearch,,,,,,
2586,strapi.si,,24,仅历史可注册证据（需重查）,,2026-09-30T17:43:55.237Z,来源名Strapi；独立转售用途未获支持，不能推定品牌回购,未取得无关独立买家用途证据；源品牌不是购买意向,未做逐名权利净空；品牌门是投资证据约束,False,,中外公司及品牌扩扫,https://regery.com/en/bulksearch,,,,,,
2587,svgjs.si,,24,仅历史可注册证据（需重查）,,2026-09-30T17:43:55.237Z,来源名SVG.js；独立转售用途未获支持，不能推定品牌回购,未取得无关独立买家用途证据；源品牌不是购买意向,未做逐名权利净空；品牌门是投资证据约束,False,,中外公司及品牌扩扫,https://regery.com/en/bulksearch,,,,,,
2588,swaywm.si,,24,仅历史可注册证据（需重查）,,2026-09-30T17:43:55.237Z,来源名Sway；独立转售用途未获支持，不能推定品牌回购,未取得无关独立买家用途证据；源品牌不是购买意向,未做逐名权利净空；品牌门是投资证据约束,False,,中外公司及品牌扩扫,https://regery.com/en/bulksearch,,,,,,
2589,topgg.si,,24,仅历史可注册证据（需重查）,,2026-09-30T17:44:57.014Z,来源名Top.gg；独立转售用途未获支持，不能推定品牌回购,未取得无关独立买家用途证据；源品牌不是购买意向,未做逐名权利净空；品牌门是投资证据约束,False,,中外公司及品牌扩扫,https://regery.com/en/bulksearch,,,,,,
2590,tsnode.si,,24,仅历史可注册证据（需重查）,,2026-09-30T17:45:31.230Z,来源名ts-node；独立转售用途未获支持，不能推定品牌回购,未取得无关独立买家用途证据；源品牌不是购买意向,未做逐名权利净空；品牌门是投资证据约束,False,,中外公司及品牌扩扫,https://regery.com/en/bulksearch,,,,,,
2591,tvtime.si,,24,仅历史可注册证据（需重查）,,2026-09-30T17:45:31.230Z,来源名TV Time；独立转售用途未获支持，不能推定品牌回购,未取得无关独立买家用途证据；源品牌不是购买意向,未做逐名权利净空；品牌门是投资证据约束,False,,中外公司及品牌扩扫,https://regery.com/en/bulksearch,,,,,,
2592,usnews.si,,24,仅历史可注册证据（需重查）,,2026-09-30T17:45:31.230Z,来源名U.S. News；独立转售用途未获支持，不能推定品牌回购,未取得无关独立买家用途证据；源品牌不是购买意向,未做逐名权利净空；品牌门是投资证据约束,False,,中外公司及品牌扩扫,https://regery.com/en/bulksearch,,,,,,
2593,voipms.si,,24,仅历史可注册证据（需重查）,,2026-09-30T17:45:54.684Z,来源名VoIP.ms；独立转售用途未获支持，不能推定品牌回购,未取得无关独立买家用途证据；源品牌不是购买意向,未做逐名权利净空；品牌门是投资证据约束,False,,中外公司及品牌扩扫,https://regery.com/en/bulksearch,,,,,,
2594,vuejs.si,,24,仅历史可注册证据（需重查）,,2026-09-30T17:45:54.684Z,来源名Vue.js；独立转售用途未获支持，不能推定品牌回购,未取得无关独立买家用途证据；源品牌不是购买意向,未做逐名权利净空；品牌门是投资证据约束,False,,中外公司及品牌扩扫,https://regery.com/en/bulksearch,,,,,,
2595,wearos.si,,24,仅历史可注册证据（需重查）,,2026-09-30T17:45:54.684Z,来源名Wear OS；独立转售用途未获支持，不能推定品牌回购,未取得无关独立买家用途证据；源品牌不是购买意向,未做逐名权利净空；品牌门是投资证据约束,False,,中外公司及品牌扩扫,https://regery.com/en/bulksearch,,,,,,
2596,webde.si,,24,仅历史可注册证据（需重查）,,2026-09-30T17:45:54.684Z,来源名WEB.DE；独立转售用途未获支持，不能推定品牌回购,未取得无关独立买家用途证据；源品牌不是购买意向,未做逐名权利净空；品牌门是投资证据约束,False,,中外公司及品牌扩扫,https://regery.com/en/bulksearch,,,,,,
2597,wikigg.si,,24,仅历史可注册证据（需重查）,,2026-09-30T17:45:54.684Z,来源名wiki.gg；独立转售用途未获支持，不能推定品牌回购,未取得无关独立买家用途证据；源品牌不是购买意向,未做逐名权利净空；品牌门是投资证据约束,False,,中外公司及品牌扩扫,https://regery.com/en/bulksearch,,,,,,
2598,wikijs.si,,24,仅历史可注册证据（需重查）,,2026-09-30T17:45:54.684Z,来源名Wiki.js；独立转售用途未获支持，不能推定品牌回购,未取得无关独立买家用途证据；源品牌不是购买意向,未做逐名权利净空；品牌门是投资证据约束,False,,中外公司及品牌扩扫,https://regery.com/en/bulksearch,,,,,,
2599,moutai.si,,24,仅历史可注册证据（需重查）,,2026-09-30T17:46:23.933Z,来源名Moutai / MOUTAI；独立转售用途未获支持，不能推定品牌回购,未取得无关独立买家用途证据；源品牌不是购买意向,未做逐名权利净空；品牌门是投资证据约束,False,,中外公司及品牌扩扫,https://regery.com/en/bulksearch,,,,,,
2600,cscec.si,,24,仅历史可注册证据（需重查）,,2026-09-30T17:47:08.694Z,来源名CSCEC / 中国建筑集团有限公司；独立转售用途未获支持，不能推定品牌回购,未取得无关独立买家用途证据；源品牌不是购买意向,未做逐名权利净空；品牌门是投资证据约束,False,,中外公司及品牌扩扫,https://regery.com/en/bulksearch,,,,,,
2601,crecg.si,,24,仅历史可注册证据（需重查）,,2026-09-30T17:47:59.644Z,来源名CRECG / 中国铁路工程集团有限公司；独立转售用途未获支持，不能推定品牌回购,未取得无关独立买家用途证据；源品牌不是购买意向,未做逐名权利净空；品牌门是投资证据约束,False,,中外公司及品牌扩扫,https://regery.com/en/bulksearch,,,,,,
2602,publix.si,,24,仅历史可注册证据（需重查）,,2026-09-30T17:47:59.644Z,来源名Publix；独立转售用途未获支持，不能推定品牌回购,未取得无关独立买家用途证据；源品牌不是购买意向,未做逐名权利净空；品牌门是投资证据约束,False,,中外公司及品牌扩扫,https://regery.com/en/bulksearch,,,,,,
2603,chubb.si,,24,仅历史可注册证据（需重查）,,2026-09-30T17:48:54.626Z,来源名Chubb；独立转售用途未获支持，不能推定品牌回购,未取得无关独立买家用途证据；源品牌不是购买意向,未做逐名权利净空；品牌门是投资证据约束,False,,中外公司及品牌扩扫,https://regery.com/en/bulksearch,,,,,,
2604,sysco.si,,24,仅历史可注册证据（需重查）,,2026-09-30T17:48:54.626Z,来源名Sysco；独立转售用途未获支持，不能推定品牌回购,未取得无关独立买家用途证据；源品牌不是购买意向,未做逐名权利净空；品牌门是投资证据约束,False,,中外公司及品牌扩扫,https://regery.com/en/bulksearch,,,,,,
2605,aetna.si,,24,仅历史可注册证据（需重查）,,2026-09-30T17:48:54.626Z,来源名Aetna；独立转售用途未获支持，不能推定品牌回购,未取得无关独立买家用途证据；源品牌不是购买意向,未做逐名权利净空；品牌门是投资证据约束,False,,中外公司及品牌扩扫,https://regery.com/en/bulksearch,,,,,,
2606,nissay.si,,24,仅历史可注册证据（需重查）,,2026-09-30T17:48:54.626Z,来源名Nissay/Nippon Life Insurance；独立转售用途未获支持，不能推定品牌回购,未取得无关独立买家用途证据；源品牌不是购买意向,未做逐名权利净空；品牌门是投资证据约束,False,,中外公司及品牌扩扫,https://regery.com/en/bulksearch,,,,,,
2607,tjmaxx.si,,24,仅历史可注册证据（需重查）,,2026-09-30T17:49:20.862Z,来源名TJ Maxx；独立转售用途未获支持，不能推定品牌回购,未取得无关独立买家用途证据；源品牌不是购买意向,未做逐名权利净空；品牌门是投资证据约束,False,,中外公司及品牌扩扫,https://regery.com/en/bulksearch,,,,,,
2608,conad.si,,24,仅历史可注册证据（需重查）,,2026-09-30T17:49:49.268Z,来源名Conad；独立转售用途未获支持，不能推定品牌回购,未取得无关独立买家用途证据；源品牌不是购买意向,未做逐名权利净空；品牌门是投资证据约束,False,,中外公司及品牌扩扫,https://regery.com/en/bulksearch,,,,,,
2609,kroger.si,,24,仅历史可注册证据（需重查）,,2026-09-30T17:49:49.268Z,来源名Kroger；独立转售用途未获支持，不能推定品牌回购,未取得无关独立买家用途证据；源品牌不是购买意向,未做逐名权利净空；品牌门是投资证据约束,False,,中外公司及品牌扩扫,https://regery.com/en/bulksearch,,,,,,
2610,valero.si,,24,仅历史可注册证据（需重查）,,2026-09-30T17:50:28.959Z,来源名Valero；独立转售用途未获支持，不能推定品牌回购,未取得无关独立买家用途证据；源品牌不是购买意向,未做逐名权利净空；品牌门是投资证据约束,False,,中外公司及品牌扩扫,https://regery.com/en/bulksearch,,,,,,
2611,cnooc.si,,24,仅历史可注册证据（需重查）,,2026-09-30T17:50:28.959Z,来源名CNOOC / 中国海洋石油集团有限公司；独立转售用途未获支持，不能推定品牌回购,未取得无关独立买家用途证据；源品牌不是购买意向,未做逐名权利净空；品牌门是投资证据约束,False,,中外公司及品牌扩扫,https://regery.com/en/bulksearch,,,,,,
2612,coles.si,,24,仅历史可注册证据（需重查）,,2026-09-30T17:50:28.959Z,来源名Coles；独立转售用途未获支持，不能推定品牌回购,未取得无关独立买家用途证据；源品牌不是购买意向,未做逐名权利净空；品牌门是投资证据约束,False,,中外公司及品牌扩扫,https://regery.com/en/bulksearch,,,,,,
2613,lennar.si,,24,仅历史可注册证据（需重查）,,2026-09-30T17:50:28.959Z,来源名LENNAR；独立转售用途未获支持，不能推定品牌回购,未取得无关独立买家用途证据；源品牌不是购买意向,未做逐名权利净空；品牌门是投资证据约束,False,,中外公司及品牌扩扫,https://regery.com/en/bulksearch,,,,,,
2614,mapfre.si,,24,仅历史可注册证据（需重查）,,2026-09-30T17:51:02.096Z,来源名MAPFRE；独立转售用途未获支持，不能推定品牌回购,未取得无关独立买家用途证据；源品牌不是购买意向,未做逐名权利净空；品牌门是投资证据约束,False,,中外公司及品牌扩扫,https://regery.com/en/bulksearch,,,,,,
2615,sabic.si,,24,仅历史可注册证据（需重查）,,2026-09-30T17:51:02.096Z,来源名SABIC；独立转售用途未获支持，不能推定品牌回购,未取得无关独立买家用途证据；源品牌不是购买意向,未做逐名权利净空；品牌门是投资证据约束,False,,中外公司及品牌扩扫,https://regery.com/en/bulksearch,,,,,,
2616,haday.si,,24,近期有普通注册报价（需再确认）,2026-10-01T04:11:22.036Z,2026-09-30T17:51:02.096Z,来源名HADAY；独立转售用途未获支持，不能推定品牌回购,未取得无关独立买家用途证据；源品牌不是购买意向,未做逐名权利净空；品牌门是投资证据约束,False,,中外公司及品牌扩扫,https://regery.com/en/bulksearch,,https://regery.com/en/bulksearch,,,,13.99
2617,youku.si,,24,仅历史可注册证据（需重查）,,2026-09-30T17:51:02.096Z,来源名YOUKU；独立转售用途未获支持，不能推定品牌回购,未取得无关独立买家用途证据；源品牌不是购买意向,未做逐名权利净空；品牌门是投资证据约束,False,,中外公司及品牌扩扫,https://regery.com/en/bulksearch,,,,,,
2618,crland.si,,24,仅历史可注册证据（需重查）,,2026-09-30T17:51:39.916Z,来源名CR LAND；独立转售用途未获支持，不能推定品牌回购,未取得无关独立买家用途证据；源品牌不是购买意向,未做逐名权利净空；品牌门是投资证据约束,False,,中外公司及品牌扩扫,https://regery.com/en/bulksearch,,,,,,
2619,heytea.si,,24,近期有普通注册报价（需再确认）,2026-10-01T04:11:22.036Z,2026-09-30T17:51:39.916Z,来源名HEYTEA；独立转售用途未获支持，不能推定品牌回购,未取得无关独立买家用途证据；源品牌不是购买意向,未做逐名权利净空；品牌门是投资证据约束,False,,中外公司及品牌扩扫,https://regery.com/en/bulksearch,,https://regery.com/en/bulksearch,,,,13.99
2620,goodme.si,,24,仅历史可注册证据（需重查）,,2026-09-30T17:51:39.916Z,来源名GOODME；独立转售用途未获支持，不能推定品牌回购,未取得无关独立买家用途证据；源品牌不是购买意向,未做逐名权利净空；品牌门是投资证据约束,False,,中外公司及品牌扩扫,https://regery.com/en/bulksearch,,,,,,
2621,fliggy.si,,24,仅历史可注册证据（需重查）,,2026-09-30T17:51:39.916Z,来源名FLIGGY；独立转售用途未获支持，不能推定品牌回购,未取得无关独立买家用途证据；源品牌不是购买意向,未做逐名权利净空；品牌门是投资证据约束,False,,中外公司及品牌扩扫,https://regery.com/en/bulksearch,,,,,,
2622,casic.si,,24,仅历史可注册证据（需重查）,,2026-09-30T17:34:09.683Z,来源名中国航天科工集团有限公司；独立转售用途未获支持，不能推定品牌回购,未取得无关独立买家用途证据；源品牌不是购买意向,未做逐名权利净空；品牌门是投资证据约束,False,,中外公司及品牌扩扫,https://my.eurodns.com/das/search,,,,,,
2623,crtamg.si,,24,仅历史可注册证据（需重查）,,2026-09-30T17:34:09.683Z,来源名中国融通资产管理集团有限公司；独立转售用途未获支持，不能推定品牌回购,未取得无关独立买家用途证据；源品牌不是购买意向,未做逐名权利净空；品牌门是投资证据约束,False,,中外公司及品牌扩扫,https://my.eurodns.com/das/search,,,,,,
2624,ceair.si,,24,仅历史可注册证据（需重查）,,2026-09-30T17:34:09.683Z,来源名中国东方航空集团有限公司；独立转售用途未获支持，不能推定品牌回购,未取得无关独立买家用途证据；源品牌不是购买意向,未做逐名权利净空；品牌门是投资证据约束,False,,中外公司及品牌扩扫,https://my.eurodns.com/das/search,,,,,,
2625,cofco.si,,24,仅历史可注册证据（需重查）,,2026-09-30T17:34:09.683Z,来源名中粮集团有限公司；独立转售用途未获支持，不能推定品牌回购,未取得无关独立买家用途证据；源品牌不是购买意向,未做逐名权利净空；品牌门是投资证据约束,False,,中外公司及品牌扩扫,https://my.eurodns.com/das/search,,,,,,
2626,csnwd.si,,24,仅历史可注册证据（需重查）,,2026-09-30T17:34:09.683Z,来源名中国南水北调集团有限公司；独立转售用途未获支持，不能推定品牌回购,未取得无关独立买家用途证据；源品牌不是购买意向,未做逐名权利净空；品牌门是投资证据约束,False,,中外公司及品牌扩扫,https://my.eurodns.com/das/search,,,,,,
2627,comac.si,,24,仅历史可注册证据（需重查）,,2026-09-30T17:34:09.683Z,来源名中国商用飞机有限责任公司；独立转售用途未获支持，不能推定品牌回购,未取得无关独立买家用途证据；源品牌不是购买意向,未做逐名权利净空；品牌门是投资证据约束,False,,中外公司及品牌扩扫,https://my.eurodns.com/das/search,,,,,,
2628,cecep.si,,24,仅历史可注册证据（需重查）,,2026-09-30T17:34:09.683Z,来源名中国节能环保集团有限公司；独立转售用途未获支持，不能推定品牌回购,未取得无关独立买家用途证据；源品牌不是购买意向,未做逐名权利净空；品牌门是投资证据约束,False,,中外公司及品牌扩扫,https://my.eurodns.com/das/search,,,,,,
2629,ciecc.si,,24,仅历史可注册证据（需重查）,,2026-09-30T17:34:09.683Z,来源名中国国际工程咨询有限公司；独立转售用途未获支持，不能推定品牌回购,未取得无关独立买家用途证据；源品牌不是购买意向,未做逐名权利净空；品牌门是投资证据约束,False,,中外公司及品牌扩扫,https://my.eurodns.com/das/search,,,,,,
2630,ccteg.si,,24,仅历史可注册证据（需重查）,,2026-09-30T17:34:09.683Z,来源名中国煤炭科工集团有限公司；独立转售用途未获支持，不能推定品牌回购,未取得无关独立买家用途证据；源品牌不是购买意向,未做逐名权利净空；品牌门是投资证据约束,False,,中外公司及品牌扩扫,https://my.eurodns.com/das/search,,,,,,
2631,cisri.si,,24,仅历史可注册证据（需重查）,,2026-09-30T17:34:09.683Z,来源名中国钢研科技集团有限公司；独立转售用途未获支持，不能推定品牌回购,未取得无关独立买家用途证据；源品牌不是购买意向,未做逐名权利净空；品牌门是投资证据约束,False,,中外公司及品牌扩扫,https://my.eurodns.com/das/search,,,,,,
2632,cncec.si,,24,仅历史可注册证据（需重查）,,2026-09-30T17:34:09.683Z,来源名中国化学工程集团有限公司；独立转售用途未获支持，不能推定品牌回购,未取得无关独立买家用途证据；源品牌不是购买意向,未做逐名权利净空；品牌门是投资证据约束,False,,中外公司及品牌扩扫,https://my.eurodns.com/das/search,,,,,,
2633,regcc.si,,24,仅历史可注册证据（需重查）,,2026-09-30T17:34:09.683Z,来源名中国稀土集团有限公司；独立转售用途未获支持，不能推定品牌回购,未取得无关独立买家用途证据；源品牌不是购买意向,未做逐名权利净空；品牌门是投资证据约束,False,,中外公司及品牌扩扫,https://my.eurodns.com/das/search,,,,,,
2634,grinm.si,,24,仅历史可注册证据（需重查）,,2026-09-30T17:34:09.683Z,来源名中国有研科技集团有限公司；独立转售用途未获支持，不能推定品牌回购,未取得无关独立买家用途证据；源品牌不是购买意向,未做逐名权利净空；品牌门是投资证据约束,False,,中外公司及品牌扩扫,https://my.eurodns.com/das/search,,,,,,
2635,bgrimm.si,,24,仅历史可注册证据（需重查）,,2026-09-30T17:34:09.683Z,来源名矿冶科技集团有限公司；独立转售用途未获支持，不能推定品牌回购,未取得无关独立买家用途证据；源品牌不是购买意向,未做逐名权利净空；品牌门是投资证据约束,False,,中外公司及品牌扩扫,https://my.eurodns.com/das/search,,,,,,
2636,crrcgc.si,,24,仅历史可注册证据（需重查）,,2026-09-30T17:34:09.683Z,来源名中国中车集团有限公司；独立转售用途未获支持，不能推定品牌回购,未取得无关独立买家用途证据；源品牌不是购买意向,未做逐名权利净空；品牌门是投资证据约束,False,,中外公司及品牌扩扫,https://my.eurodns.com/das/search,,,,,,
2637,cnadc.si,,24,仅历史可注册证据（需重查）,,2026-09-30T17:34:09.683Z,来源名中国农业发展集团有限公司；独立转售用途未获支持，不能推定品牌回购,未取得无关独立买家用途证据；源品牌不是购买意向,未做逐名权利净空；品牌门是投资证据约束,False,,中外公司及品牌扩扫,https://my.eurodns.com/das/search,,,,,,
2638,xxcig.si,,24,仅历史可注册证据（需重查）,,2026-09-30T17:34:09.683Z,来源名新兴际华集团有限公司；独立转售用途未获支持，不能推定品牌回购,未取得无关独立买家用途证据；源品牌不是购买意向,未做逐名权利净空；品牌门是投资证据约束,False,,中外公司及品牌扩扫,https://my.eurodns.com/das/search,,,,,,
2639,cgnpc.si,,24,仅历史可注册证据（需重查）,,2026-09-30T17:34:09.683Z,来源名中国广核集团有限公司；独立转售用途未获支持，不能推定品牌回购,未取得无关独立买家用途证据；源品牌不是购买意向,未做逐名权利净空；品牌门是投资证据约束,False,,中外公司及品牌扩扫,https://my.eurodns.com/das/search,,,,,,
2640,aoyun.si,,24,仅历史可注册证据（需重查）,,2026-09-30T17:51:39.916Z,来源名Ao Yun；独立转售用途未获支持，不能推定品牌回购,未取得无关独立买家用途证据；源品牌不是购买意向,未做逐名权利净空；品牌门是投资证据约束,False,,中外公司及品牌扩扫,https://regery.com/en/bulksearch,,,,,,
2641,ardbeg.si,,24,仅历史可注册证据（需重查）,,2026-09-30T17:51:39.916Z,来源名Ardbeg；独立转售用途未获支持，不能推定品牌回购,未取得无关独立买家用途证据；源品牌不是购买意向,未做逐名权利净空；品牌门是投资证据约束,False,,中外公司及品牌扩扫,https://regery.com/en/bulksearch,,,,,,
2642,colgin.si,,24,仅历史可注册证据（需重查）,,2026-09-30T17:51:39.916Z,来源名Colgin；独立转售用途未获支持，不能推定品牌回购,未取得无关独立买家用途证据；源品牌不是购买意向,未做逐名权利净空；品牌门是投资证据约束,False,,中外公司及品牌扩扫,https://regery.com/en/bulksearch,,,,,,
2643,patou.si,,24,仅历史可注册证据（需重查）,,2026-09-30T17:52:02.418Z,来源名Patou；独立转售用途未获支持，不能推定品牌回购,未取得无关独立买家用途证据；源品牌不是购买意向,未做逐名权利净空；品牌门是投资证据约束,False,,中外公司及品牌扩扫,https://regery.com/en/bulksearch,,,,,,
2644,qeelin.si,,24,仅历史可注册证据（需重查）,,2026-09-30T17:52:02.418Z,来源名Qeelin；独立转售用途未获支持，不能推定品牌回购,未取得无关独立买家用途证据；源品牌不是购买意向,未做逐名权利净空；品牌门是投资证据约束,False,,中外公司及品牌扩扫,https://regery.com/en/bulksearch,,,,,,
2645,tampax.si,,24,仅历史可注册证据（需重查）,,2026-09-30T17:52:50.451Z,来源名Tampax；独立转售用途未获支持，不能推定品牌回购,未取得无关独立买家用途证据；源品牌不是购买意向,未做逐名权利净空；品牌门是投资证据约束,False,,中外公司及品牌扩扫,https://regery.com/en/bulksearch,,,,,,
2646,vicks.si,,24,近期有普通注册报价（需再确认）,2026-10-01T04:11:22.036Z,2026-09-30T17:52:50.451Z,来源名Vicks；独立转售用途未获支持，不能推定品牌回购,未取得无关独立买家用途证据；源品牌不是购买意向,未做逐名权利净空；品牌门是投资证据约束,False,,中外公司及品牌扩扫,https://regery.com/en/bulksearch,,https://regery.com/en/bulksearch,,,,13.99
2647,nexxus.si,,24,仅历史可注册证据（需重查）,,2026-09-30T17:52:50.451Z,来源名Nexxus；独立转售用途未获支持，不能推定品牌回购,未取得无关独立买家用途证据；源品牌不是购买意向,未做逐名权利净空；品牌门是投资证据约束,False,,中外公司及品牌扩扫,https://regery.com/en/bulksearch,,,,,,
2648,rexona.si,,24,仅历史可注册证据（需重查）,,2026-09-30T17:53:17.970Z,来源名Rexona；独立转售用途未获支持，不能推定品牌回购,未取得无关独立买家用途证据；源品牌不是购买意向,未做逐名权利净空；品牌门是投资证据约束,False,,中外公司及品牌扩扫,https://regery.com/en/bulksearch,,,,,,
2649,beggin.si,,24,仅历史可注册证据（需重查）,,2026-09-30T17:53:17.970Z,来源名Beggin'；独立转售用途未获支持，不能推定品牌回购,未取得无关独立买家用途证据；源品牌不是购买意向,未做逐名权利净空；品牌门是投资证据约束,False,,中外公司及品牌扩扫,https://regery.com/en/bulksearch,,,,,,
2650,buxton.si,,24,仅历史可注册证据（需重查）,,2026-09-30T17:53:17.970Z,来源名Buxton；独立转售用途未获支持，不能推定品牌回购,未取得无关独立买家用途证据；源品牌不是购买意向,未做逐名权利净空；品牌门是投资证据约束,False,,中外公司及品牌扩扫,https://regery.com/en/bulksearch,,,,,,
2651,damak.si,,24,仅历史可注册证据（需重查）,,2026-09-30T17:53:17.970Z,来源名Damak；独立转售用途未获支持，不能推定品牌回购,未取得无关独立买家用途证据；源品牌不是购买意向,未做逐名权利净空；品牌门是投资证据约束,False,,中外公司及品牌扩扫,https://regery.com/en/bulksearch,,,,,,
2652,erikli.si,,24,仅历史可注册证据（需重查）,,2026-09-30T17:53:17.970Z,来源名Erikli；独立转售用途未获支持，不能推定品牌回购,未取得无关独立买家用途证据；源品牌不是购买意向,未做逐名权利净空；品牌门是投资证据约束,False,,中外公司及品牌扩扫,https://regery.com/en/bulksearch,,,,,,
2653,garoto.si,,24,仅历史可注册证据（需重查）,,2026-09-30T17:53:17.970Z,来源名Garoto；独立转售用途未获支持，不能推定品牌回购,未取得无关独立买家用途证据；源品牌不是购买意向,未做逐名权利净空；品牌门是投资证据约束,False,,中外公司及品牌扩扫,https://regery.com/en/bulksearch,,,,,,
2654,hepar.si,,24,仅历史可注册证据（需重查）,,2026-09-30T17:53:17.970Z,来源名Hépar；独立转售用途未获支持，不能推定品牌回购,未取得无关独立买家用途证据；源品牌不是购买意向,未做逐名权利净空；品牌门是投资证据约束,False,,中外公司及品牌扩扫,https://regery.com/en/bulksearch,,,,,,
2655,molico.si,,24,仅历史可注册证据（需重查）,,2026-09-30T17:53:54.161Z,来源名Molico；独立转售用途未获支持，不能推定品牌回购,未取得无关独立买家用途证据；源品牌不是购买意向,未做逐名权利净空；品牌门是投资证据约束,False,,中外公司及品牌扩扫,https://regery.com/en/bulksearch,,,,,,
2656,nestea.si,,24,仅历史可注册证据（需重查）,,2026-09-30T17:53:54.161Z,来源名Nestea；独立转售用途未获支持，不能推定品牌回购,未取得无关独立买家用途证据；源品牌不是购买意向,未做逐名权利净空；品牌门是投资证据约束,False,,中外公司及品牌扩扫,https://regery.com/en/bulksearch,,,,,,
2657,nestum.si,,24,仅历史可注册证据（需重查）,,2026-09-30T17:53:54.161Z,来源名Nestum；独立转售用途未获支持，不能推定品牌回购,未取得无关独立买家用途证据；源品牌不是购买意向,未做逐名权利净空；品牌门是投资证据约束,False,,中外公司及品牌扩扫,https://regery.com/en/bulksearch,,,,,,
2658,orgain.si,,24,仅历史可注册证据（需重查）,,2026-09-30T17:53:54.161Z,来源名Orgain；独立转售用途未获支持，不能推定品牌回购,未取得无关独立买家用途证据；源品牌不是购买意向,未做逐名权利净空；品牌门是投资证据约束,False,,中外公司及品牌扩扫,https://regery.com/en/bulksearch,,,,,,
2659,vittel.si,,24,仅历史可注册证据（需重查）,,2026-09-30T17:53:54.161Z,来源名Vittel；独立转售用途未获支持，不能推定品牌回购,未取得无关独立买家用途证据；源品牌不是购买意向,未做逐名权利净空；品牌门是投资证据约束,False,,中外公司及品牌扩扫,https://regery.com/en/bulksearch,,,,,,
2660,yiyang.si,,24,仅历史可注册证据（需重查）,,2026-09-30T17:54:12.258Z,来源名Yiyang；独立转售用途未获支持，不能推定品牌回购,未取得无关独立买家用途证据；源品牌不是购买意向,未做逐名权利净空；品牌门是投资证据约束,False,,中外公司及品牌扩扫,https://regery.com/en/bulksearch,,,,,,
2661,faena.si,,24,仅历史可注册证据（需重查）,,2026-09-30T17:54:12.258Z,来源名Faena；独立转售用途未获支持，不能推定品牌回购,未取得无关独立买家用途证据；源品牌不是购买意向,未做逐名权利净空；品牌门是投资证据约束,False,,中外公司及品牌扩扫,https://regery.com/en/bulksearch,,,,,,
2662,delano.si,,24,仅历史可注册证据（需重查）,,2026-09-30T17:54:12.258Z,来源名Delano；独立转售用途未获支持，不能推定品牌回购,未取得无关独立买家用途证据；源品牌不是购买意向,未做逐名权利净空；品牌门是投资证据约束,False,,中外公司及品牌扩扫,https://regery.com/en/bulksearch,,,,,,
2663,rixos.si,,24,仅历史可注册证据（需重查）,,2026-09-30T17:54:12.258Z,来源名Rixos；独立转售用途未获支持，不能推定品牌回购,未取得无关独立买家用途证据；源品牌不是购买意向,未做逐名权利净空；品牌门是投资证据约束,False,,中外公司及品牌扩扫,https://regery.com/en/bulksearch,,,,,,
2664,jojoe.si,,24,仅历史可注册证据（需重查）,,2026-09-30T17:54:12.258Z,来源名JO&JOE；独立转售用途未获支持，不能推定品牌回购,未取得无关独立买家用途证据；源品牌不是购买意向,未做逐名权利净空；品牌门是投资证据约束,False,,中外公司及品牌扩扫,https://regery.com/en/bulksearch,,,,,,
2665,postit.si,,24,仅历史可注册证据（需重查）,,2026-09-30T17:55:13.614Z,来源名Post-it；独立转售用途未获支持，不能推定品牌回购,未取得无关独立买家用途证据；源品牌不是购买意向,未做逐名权利净空；品牌门是投资证据约束,False,,中外公司及品牌扩扫,https://regery.com/en/bulksearch,,,,,,
2666,carlon.si,,24,仅历史可注册证据（需重查）,,2026-09-30T17:55:47.847Z,来源名Carlon；独立转售用途未获支持，不能推定品牌回购,未取得无关独立买家用途证据；源品牌不是购买意向,未做逐名权利净空；品牌门是投资证据约束,False,,中外公司及品牌扩扫,https://regery.com/en/bulksearch,,,,,,
2667,ezcode.si,,24,仅历史可注册证据（需重查）,,2026-09-30T17:55:47.847Z,来源名EZCODE；独立转售用途未获支持，不能推定品牌回购,未取得无关独立买家用途证据；源品牌不是购买意向,未做逐名权利净空；品牌门是投资证据约束,False,,中外公司及品牌扩扫,https://regery.com/en/bulksearch,,,,,,
2668,hazlux.si,,24,仅历史可注册证据（需重查）,,2026-09-30T17:55:47.847Z,来源名Hazlux；独立转售用途未获支持，不能推定品牌回购,未取得无关独立买家用途证据；源品牌不是购买意向,未做逐名权利净空；品牌门是投资证据约束,False,,中外公司及品牌扩扫,https://regery.com/en/bulksearch,,,,,,
2669,homac.si,,24,仅历史可注册证据（需重查）,,2026-09-30T17:55:47.847Z,来源名Homac；独立转售用途未获支持，不能推定品牌回购,未取得无关独立买家用途证据；源品牌不是购买意向,未做逐名权利净空；品牌门是投资证据约束,False,,中外公司及品牌扩扫,https://regery.com/en/bulksearch,,,,,,
2670,nutek.si,,24,仅历史可注册证据（需重查）,,2026-09-30T17:55:47.847Z,来源名NuTek；独立转售用途未获支持，不能推定品牌回购,未取得无关独立买家用途证据；源品牌不是购买意向,未做逐名权利净空；品牌门是投资证据约束,False,,中外公司及品牌扩扫,https://regery.com/en/bulksearch,,,,,,
2671,stakon.si,,24,仅历史可注册证据（需重查）,,2026-09-30T17:55:47.847Z,来源名Sta-Kon；独立转售用途未获支持，不能推定品牌回购,未取得无关独立买家用途证据；源品牌不是购买意向,未做逐名权利净空；品牌门是投资证据约束,False,,中外公司及品牌扩扫,https://regery.com/en/bulksearch,,,,,,
2672,tyduct.si,,24,仅历史可注册证据（需重查）,,2026-09-30T17:55:47.847Z,来源名Ty-Duct；独立转售用途未获支持，不能推定品牌回购,未取得无关独立买家用途证据；源品牌不是购买意向,未做逐名权利净空；品牌门是投资证据约束,False,,中外公司及品牌扩扫,https://regery.com/en/bulksearch,,,,,,
2673,tyrap.si,,24,仅历史可注册证据（需重查）,,2026-09-30T17:55:47.847Z,来源名Ty-Rap；独立转售用途未获支持，不能推定品牌回购,未取得无关独立买家用途证据；源品牌不是购买意向,未做逐名权利净空；品牌门是投资证据约束,False,,中外公司及品牌扩扫,https://regery.com/en/bulksearch,,,,,,
2674,beovu.si,,24,仅历史可注册证据（需重查）,,2026-09-30T17:55:47.847Z,来源名Beovu；独立转售用途未获支持，不能推定品牌回购,未取得无关独立买家用途证据；源品牌不是购买意向,未做逐名权利净空；品牌门是投资证据约束,False,,中外公司及品牌扩扫,https://regery.com/en/bulksearch,,,,,,
2675,d3js.si,,24,仅历史可注册证据（需重查）,,2026-09-30T17:29:49.585Z,来源名D3；独立转售用途未获支持，不能推定品牌回购,未取得无关独立买家用途证据；源品牌不是购买意向,未做逐名权利净空；品牌门是投资证据约束,False,,中外公司及品牌扩扫,https://regery.com/en/bulksearch,,,,,,
2676,11ty.si,,24,仅历史可注册证据（需重查）,,2026-09-30T17:30:35.858Z,来源名Eleventy；独立转售用途未获支持，不能推定品牌回购,未取得无关独立买家用途证据；源品牌不是购买意向,未做逐名权利净空；品牌门是投资证据约束,False,,中外公司及品牌扩扫,https://regery.com/en/bulksearch,,,,,,
2677,p5js.si,,24,仅历史可注册证据（需重查）,,2026-09-30T17:38:53.972Z,来源名p5.js；独立转售用途未获支持，不能推定品牌回购,未取得无关独立买家用途证据；源品牌不是购买意向,未做逐名权利净空；品牌门是投资证据约束,False,,中外公司及品牌扩扫,https://regery.com/en/bulksearch,,,,,,
2678,sat1.si,,24,仅历史可注册证据（需重查）,,2026-09-30T17:41:46.229Z,来源名Sat.1；独立转售用途未获支持，不能推定品牌回购,未取得无关独立买家用途证据；源品牌不是购买意向,未做逐名权利净空；品牌门是投资证据约束,False,,中外公司及品牌扩扫,https://regery.com/en/bulksearch,,,,,,
2679,24s.si,,24,仅历史可注册证据（需重查）,,2026-09-30T17:52:02.418Z,来源名24S；独立转售用途未获支持，不能推定品牌回购,未取得无关独立买家用途证据；源品牌不是购买意向,未做逐名权利净空；品牌门是投资证据约束,False,,中外公司及品牌扩扫,https://regery.com/en/bulksearch,,,,,,
2680,tele5.si,,24,仅历史可注册证据（需重查）,,2026-09-30T17:44:29.838Z,来源名TELE 5；独立转售用途未获支持，不能推定品牌回购,未取得无关独立买家用途证据；源品牌不是购买意向,未做逐名权利净空；品牌门是投资证据约束,False,,中外公司及品牌扩扫,https://regery.com/en/bulksearch,,,,,,
2681,web3js.si,,24,仅历史可注册证据（需重查）,,2026-09-30T17:45:54.684Z,来源名Web3.js；独立转售用途未获支持，不能推定品牌回购,未取得无关独立买家用途证据；源品牌不是购买意向,未做逐名权利净空；品牌门是投资证据约束,False,,中外公司及品牌扩扫,https://regery.com/en/bulksearch,,,,,,
2682,cmr-co.si,,24,仅历史可注册证据（需重查）,,2026-09-30T17:34:09.683Z,来源名中国矿产资源集团有限公司；独立转售用途未获支持，不能推定品牌回购,未取得无关独立买家用途证据；源品牌不是购买意向,未做逐名权利净空；品牌门是投资证据约束,False,,中外公司及品牌扩扫,https://my.eurodns.com/das/search,,,,,,
2683,3mear.si,,24,仅历史可注册证据（需重查）,,2026-09-30T17:55:13.614Z,来源名3M E-A-R；独立转售用途未获支持，不能推定品牌回购,未取得无关独立买家用途证据；源品牌不是购买意向,未做逐名权利净空；品牌门是投资证据约束,False,,中外公司及品牌扩扫,https://regery.com/en/bulksearch,,,,,,
2684,3mpps.si,,24,仅历史可注册证据（需重查）,,2026-09-30T17:55:13.614Z,来源名3M PPS；独立转售用途未获支持，不能推定品牌回购,未取得无关独立买家用途证据；源品牌不是购买意向,未做逐名权利净空；品牌门是投资证据约束,False,,中外公司及品牌扩扫,https://regery.com/en/bulksearch,,,,,,
2685,3mvhb.si,,24,仅历史可注册证据（需重查）,,2026-09-30T17:55:13.614Z,来源名3M VHB；独立转售用途未获支持，不能推定品牌回购,未取得无关独立买家用途证据；源品牌不是购买意向,未做逐名权利净空；品牌门是投资证据约束,False,,中外公司及品牌扩扫,https://regery.com/en/bulksearch,,,,,,
2686,fought.si,词义/用途尚待补充,23,仅历史可注册证据（需重查）,,2026-09-30T15:53:56.043Z,过去式动作缺少完整产品语义，独立命名较弱,运动或游戏内容团队,未做逐名净空,False,,英语普通词大池,https://regery.com/en/bulksearch,,,,,,
2687,worcester.si,词义/用途尚待补充,23,仅历史可注册证据（需重查）,,2026-09-30T13:40:12.722Z,姓氏或地名能独立命名，但关联受众较窄且未核采购线索,地名或姓氏相关机构,未做逐名净空,False,,英语普通词大池,https://regery.com/en/bulksearch,,,,,,
2688,penfold.si,笔折叠,23,仅历史可注册证据（需重查）,,2026-09-30T07:40:01.460Z,姓氏或地名能独立命名，但关联受众较窄且未核采购线索,地名或姓氏相关机构,未做逐名净空,False,,名称用途与买家复筛；自然组合与可读品牌词,https://www.inwx.com/en/domain/check?domain=penfold.si,,,,,,
2689,ulster.si,词义/用途尚待补充,23,仅历史可注册证据（需重查）,,2026-09-30T15:58:15.265Z,姓氏或地名能独立命名，但关联受众较窄且未核采购线索,地名或姓氏相关机构,未做逐名净空,False,,英语普通词大池,https://regery.com/en/bulksearch,,,,,,
2690,brunswick.si,词义/用途尚待补充,23,仅历史可注册证据（需重查）,,2026-09-30T16:17:48.596Z,姓氏或地名能独立命名，但关联受众较窄且未核采购线索,地名或姓氏相关机构,未做逐名净空,False,,英语普通词大池,https://regery.com/en/bulksearch,,,,,,
2691,abusech.si,,23,仅历史可注册证据（需重查）,,2026-09-30T17:26:11.946Z,来源名abuse.ch；独立转售用途未获支持，不能推定品牌回购,未取得无关独立买家用途证据；源品牌不是购买意向,未做逐名权利净空；品牌门是投资证据约束,False,,中外公司及品牌扩扫,https://regery.com/en/bulksearch,,,,,,
2692,accusoft.si,,23,仅历史可注册证据（需重查）,,2026-09-30T17:26:11.946Z,来源名Accusoft；独立转售用途未获支持，不能推定品牌回购,未取得无关独立买家用途证据；源品牌不是购买意向,未做逐名权利净空；品牌门是投资证据约束,False,,中外公司及品牌扩扫,https://regery.com/en/bulksearch,,,,,,
2693,actigraph.si,,23,仅历史可注册证据（需重查）,,2026-09-30T17:26:11.946Z,来源名ActiGraph；独立转售用途未获支持，不能推定品牌回购,未取得无关独立买家用途证据；源品牌不是购买意向,未做逐名权利净空；品牌门是投资证据约束,False,,中外公司及品牌扩扫,https://regery.com/en/bulksearch,,,,,,
2694,adafruit.si,,23,仅历史可注册证据（需重查）,,2026-09-30T17:26:11.946Z,来源名Adafruit；独立转售用途未获支持，不能推定品牌回购,未取得无关独立买家用途证据；源品牌不是购买意向,未做逐名权利净空；品牌门是投资证据约束,False,,中外公司及品牌扩扫,https://regery.com/en/bulksearch,,,,,,
2695,adguard.si,,23,仅历史可注册证据（需重查）,,2026-09-30T17:26:11.946Z,来源名AdGuard；独立转售用途未获支持，不能推定品牌回购,未取得无关独立买家用途证据；源品牌不是购买意向,未做逐名权利净空；品牌门是投资证据约束,False,,中外公司及品牌扩扫,https://regery.com/en/bulksearch,,,,,,
2696,adminer.si,,23,仅历史可注册证据（需重查）,,2026-09-30T17:26:11.946Z,来源名Adminer；独立转售用途未获支持，不能推定品牌回购,未取得无关独立买家用途证据；源品牌不是购买意向,未做逐名权利净空；品牌门是投资证据约束,False,,中外公司及品牌扩扫,https://regery.com/en/bulksearch,,,,,,
2697,adonisjs.si,,23,仅历史可注册证据（需重查）,,2026-09-30T17:26:11.946Z,来源名AdonisJS；独立转售用途未获支持，不能推定品牌回购,未取得无关独立买家用途证据；源品牌不是购买意向,未做逐名权利净空；品牌门是投资证据约束,False,,中外公司及品牌扩扫,https://regery.com/en/bulksearch,,,,,,
2698,aftership.si,,23,仅历史可注册证据（需重查）,,2026-09-30T17:26:11.946Z,来源名AfterShip；独立转售用途未获支持，不能推定品牌回购,未取得无关独立买家用途证据；源品牌不是购买意向,未做逐名权利净空；品牌门是投资证据约束,False,,中外公司及品牌扩扫,https://regery.com/en/bulksearch,,,,,,
2699,aidungeon.si,,23,仅历史可注册证据（需重查）,,2026-09-30T17:26:11.946Z,来源名AI Dungeon；独立转售用途未获支持，不能推定品牌回购,未取得无关独立买家用途证据；源品牌不是购买意向,未做逐名权利净空；品牌门是投资证据约束,False,,中外公司及品牌扩扫,https://regery.com/en/bulksearch,,,,,,
2700,aiohttp.si,,23,仅历史可注册证据（需重查）,,2026-09-30T17:26:11.946Z,来源名AIOHTTP；独立转售用途未获支持，不能推定品牌回购,未取得无关独立买家用途证据；源品牌不是购买意向,未做逐名权利净空；品牌门是投资证据约束,False,,中外公司及品牌扩扫,https://regery.com/en/bulksearch,,,,,,
2701,aiqfome.si,,23,仅历史可注册证据（需重查）,,2026-09-30T17:26:11.946Z,来源名Aiqfome；独立转售用途未获支持，不能推定品牌回购,未取得无关独立买家用途证据；源品牌不是购买意向,未做逐名权利净空；品牌门是投资证据约束,False,,中外公司及品牌扩扫,https://regery.com/en/bulksearch,,,,,,
2702,airchina.si,,23,仅历史可注册证据（需重查）,,2026-09-30T17:26:11.946Z,来源名Air China / AIR CHINA；独立转售用途未获支持，不能推定品牌回购,未取得无关独立买家用途证据；源品牌不是购买意向,未做逐名权利净空；品牌门是投资证据约束,False,,中外公司及品牌扩扫,https://regery.com/en/bulksearch,,,,,,
2703,airserbia.si,,23,仅历史可注册证据（需重查）,,2026-09-30T17:26:11.946Z,来源名Air Serbia；独立转售用途未获支持，不能推定品牌回购,未取得无关独立买家用途证据；源品牌不是购买意向,未做逐名权利净空；品牌门是投资证据约束,False,,中外公司及品牌扩扫,https://regery.com/en/bulksearch,,,,,,
2704,airasia.si,,23,仅历史可注册证据（需重查）,,2026-09-30T17:26:11.946Z,来源名AirAsia；独立转售用途未获支持，不能推定品牌回购,未取得无关独立买家用途证据；源品牌不是购买意向,未做逐名权利净空；品牌门是投资证据约束,False,,中外公司及品牌扩扫,https://regery.com/en/bulksearch,,,,,,
2705,akasaair.si,,23,仅历史可注册证据（需重查）,,2026-09-30T17:26:11.946Z,来源名Akasa Air；独立转售用途未获支持，不能推定品牌回购,未取得无关独立买家用途证据；源品牌不是购买意向,未做逐名权利净空；品牌门是投资证据约束,False,,中外公司及品牌扩扫,https://regery.com/en/bulksearch,,,,,,
2706,akaunting.si,,23,仅历史可注册证据（需重查）,,2026-09-30T17:26:34.407Z,来源名Akaunting；独立转售用途未获支持，不能推定品牌回购,未取得无关独立买家用途证据；源品牌不是购买意向,未做逐名权利净空；品牌门是投资证据约束,False,,中外公司及品牌扩扫,https://regery.com/en/bulksearch,,,,,,
2707,akiflow.si,,23,仅历史可注册证据（需重查）,,2026-09-30T17:26:34.407Z,来源名Akiflow；独立转售用途未获支持，不能推定品牌回购,未取得无关独立买家用途证据；源品牌不是购买意向,未做逐名权利净空；品牌门是投资证据约束,False,,中外公司及品牌扩扫,https://regery.com/en/bulksearch,,,,,,
2708,alacritty.si,,23,仅历史可注册证据（需重查）,,2026-09-30T17:26:34.407Z,来源名Alacritty；独立转售用途未获支持，不能推定品牌回购,未取得无关独立买家用途证据；源品牌不是购买意向,未做逐名权利净空；品牌门是投资证据约束,False,,中外公司及品牌扩扫,https://regery.com/en/bulksearch,,,,,,
2709,aldinord.si,,23,仅历史可注册证据（需重查）,,2026-09-30T17:26:34.407Z,来源名Aldi Nord；独立转售用途未获支持，不能推定品牌回购,未取得无关独立买家用途证据；源品牌不是购买意向,未做逐名权利净空；品牌门是投资证据约束,False,,中外公司及品牌扩扫,https://regery.com/en/bulksearch,,,,,,
2710,aldisud.si,,23,仅历史可注册证据（需重查）,,2026-09-30T17:26:34.407Z,来源名Aldi Süd；独立转售用途未获支持，不能推定品牌回购,未取得无关独立买家用途证据；源品牌不是购买意向,未做逐名权利净空；品牌门是投资证据约束,False,,中外公司及品牌扩扫,https://regery.com/en/bulksearch,,,,,,
2711,algorand.si,,23,仅历史可注册证据（需重查）,,2026-09-30T17:26:34.407Z,来源名Algorand；独立转售用途未获支持，不能推定品牌回购,未取得无关独立买家用途证据；源品牌不是购买意向,未做逐名权利净空；品牌门是投资证据约束,False,,中外公司及品牌扩扫,https://regery.com/en/bulksearch,,,,,,
2712,alltrails.si,,23,仅历史可注册证据（需重查）,,2026-09-30T17:26:34.407Z,来源名AllTrails；独立转售用途未获支持，不能推定品牌回购,未取得无关独立买家用途证据；源品牌不是购买意向,未做逐名权利净空；品牌门是投资证据约束,False,,中外公司及品牌扩扫,https://regery.com/en/bulksearch,,,,,,
2713,alphaxiv.si,,23,仅历史可注册证据（需重查）,,2026-09-30T17:26:34.407Z,来源名alphaXiv；独立转售用途未获支持，不能推定品牌回购,未取得无关独立买家用途证据；源品牌不是购买意向,未做逐名权利净空；品牌门是投资证据约束,False,,中外公司及品牌扩扫,https://regery.com/en/bulksearch,,,,,,
2714,alpinejs.si,,23,仅历史可注册证据（需重查）,,2026-09-30T17:26:34.407Z,来源名Alpine.js；独立转售用途未获支持，不能推定品牌回购,未取得无关独立买家用途证据；源品牌不是购买意向,未做逐名权利净空；品牌门是投资证据约束,False,,中外公司及品牌扩扫,https://regery.com/en/bulksearch,,,,,,
2715,amebablog.si,,23,仅历史可注册证据（需重查）,,2026-09-30T17:26:34.407Z,来源名Ameba；独立转售用途未获支持，不能推定品牌回购,未取得无关独立买家用途证据；源品牌不是购买意向,未做逐名权利净空；品牌门是投资证据约束,False,,中外公司及品牌扩扫,https://regery.com/en/bulksearch,,,,,,
2716,anichart.si,,23,仅历史可注册证据（需重查）,,2026-09-30T17:26:34.407Z,来源名AniChart；独立转售用途未获支持，不能推定品牌回购,未取得无关独立买家用途证据；源品牌不是购买意向,未做逐名权利净空；品牌门是投资证据约束,False,,中外公司及品牌扩扫,https://regery.com/en/bulksearch,,,,,,
2717,anilist.si,,23,仅历史可注册证据（需重查）,,2026-09-30T17:26:34.407Z,来源名AniList；独立转售用途未获支持，不能推定品牌回购,未取得无关独立买家用途证据；源品牌不是购买意向,未做逐名权利净空；品牌门是投资证据约束,False,,中外公司及品牌扩扫,https://regery.com/en/bulksearch,,,,,,
2718,animejs.si,,23,仅历史可注册证据（需重查）,,2026-09-30T17:26:34.407Z,来源名Anime.js；独立转售用途未获支持，不能推定品牌回购,未取得无关独立买家用途证据；源品牌不是购买意向,未做逐名权利净空；品牌门是投资证据约束,False,,中外公司及品牌扩扫,https://regery.com/en/bulksearch,,,,,,
2719,ankermake.si,,23,仅历史可注册证据（需重查）,,2026-09-30T17:26:34.407Z,来源名AnkerMake；独立转售用途未获支持，不能推定品牌回购,未取得无关独立买家用途证据；源品牌不是购买意向,未做逐名权利净空；品牌门是投资证据约束,False,,中外公司及品牌扩扫,https://regery.com/en/bulksearch,,,,,,
2720,antdesign.si,,23,仅历史可注册证据（需重查）,,2026-09-30T17:26:34.407Z,来源名Ant Design；独立转售用途未获支持，不能推定品牌回购,未取得无关独立买家用途证据；源品牌不是购买意向,未做逐名权利净空；品牌门是投资证据约束,False,,中外公司及品牌扩扫,https://regery.com/en/bulksearch,,,,,,
2721,anydesk.si,,23,仅历史可注册证据（需重查）,,2026-09-30T17:26:34.407Z,来源名AnyDesk；独立转售用途未获支持，不能推定品牌回购,未取得无关独立买家用途证据；源品牌不是购买意向,未做逐名权利净空；品牌门是投资证据约束,False,,中外公司及品牌扩扫,https://regery.com/en/bulksearch,,,,,,
2722,anytype.si,,23,仅历史可注册证据（需重查）,,2026-09-30T17:26:34.407Z,来源名Anytype；独立转售用途未获支持，不能推定品牌回购,未取得无关独立买家用途证据；源品牌不是购买意向,未做逐名权利净空；品牌门是投资证据约束,False,,中外公司及品牌扩扫,https://regery.com/en/bulksearch,,,,,,
2723,apacheant.si,,23,仅历史可注册证据（需重查）,,2026-09-30T17:26:34.407Z,来源名Apache Ant；独立转售用途未获支持，不能推定品牌回购,未取得无关独立买家用途证据；源品牌不是购买意向,未做逐名权利净空；品牌门是投资证据约束,False,,中外公司及品牌扩扫,https://regery.com/en/bulksearch,,,,,,
2724,appimage.si,,23,仅历史可注册证据（需重查）,,2026-09-30T17:26:52.907Z,来源名AppImage；独立转售用途未获支持，不能推定品牌回购,未取得无关独立买家用途证据；源品牌不是购买意向,未做逐名权利净空；品牌门是投资证据约束,False,,中外公司及品牌扩扫,https://regery.com/en/bulksearch,,,,,,
2725,appsignal.si,,23,仅历史可注册证据（需重查）,,2026-09-30T17:26:52.907Z,来源名AppSignal；独立转售用途未获支持，不能推定品牌回购,未取得无关独立买家用途证据；源品牌不是购买意向,未做逐名权利净空；品牌门是投资证据约束,False,,中外公司及品牌扩扫,https://regery.com/en/bulksearch,,,,,,
2726,appsmith.si,,23,仅历史可注册证据（需重查）,,2026-09-30T17:26:52.907Z,来源名Appsmith；独立转售用途未获支持，不能推定品牌回购,未取得无关独立买家用途证据；源品牌不是购买意向,未做逐名权利净空；品牌门是投资证据约束,False,,中外公司及品牌扩扫,https://regery.com/en/bulksearch,,,,,,
2727,appveyor.si,,23,仅历史可注册证据（需重查）,,2026-09-30T17:26:52.907Z,来源名AppVeyor；独立转售用途未获支持，不能推定品牌回购,未取得无关独立买家用途证据；源品牌不是购买意向,未做逐名权利净空；品牌门是投资证据约束,False,,中外公司及品牌扩扫,https://regery.com/en/bulksearch,,,,,,
2728,appwrite.si,,23,仅历史可注册证据（需重查）,,2026-09-30T17:26:52.907Z,来源名Appwrite；独立转售用途未获支持，不能推定品牌回购,未取得无关独立买家用途证据；源品牌不是购买意向,未做逐名权利净空；品牌门是投资证据约束,False,,中外公司及品牌扩扫,https://regery.com/en/bulksearch,,,,,,
2729,arangodb.si,,23,仅历史可注册证据（需重查）,,2026-09-30T17:26:52.907Z,来源名ArangoDB；独立转售用途未获支持，不能推定品牌回购,未取得无关独立买家用途证据；源品牌不是购买意向,未做逐名权利净空；品牌门是投资证据约束,False,,中外公司及品牌扩扫,https://regery.com/en/bulksearch,,,,,,
2730,arduino.si,,23,仅历史可注册证据（需重查）,,2026-09-30T17:26:52.907Z,来源名Arduino；独立转售用途未获支持，不能推定品牌回购,未取得无关独立买家用途证据；源品牌不是购买意向,未做逐名权利净空；品牌门是投资证据约束,False,,中外公司及品牌扩扫,https://regery.com/en/bulksearch,,,,,,
2731,ariakit.si,,23,仅历史可注册证据（需重查）,,2026-09-30T17:26:52.907Z,来源名Ariakit；独立转售用途未获支持，不能推定品牌回购,未取得无关独立买家用途证据；源品牌不是购买意向,未做逐名权利净空；品牌门是投资证据约束,False,,中外公司及品牌扩扫,https://regery.com/en/bulksearch,,,,,,
2732,armkeil.si,,23,仅历史可注册证据（需重查）,,2026-09-30T17:26:52.907Z,来源名Arm Keil；独立转售用途未获支持，不能推定品牌回购,未取得无关独立买家用途证据；源品牌不是购买意向,未做逐名权利净空；品牌门是投资证据约束,False,,中外公司及品牌扩扫,https://regery.com/en/bulksearch,,,,,,
2733,asciinema.si,,23,仅历史可注册证据（需重查）,,2026-09-30T17:27:13.533Z,来源名asciinema；独立转售用途未获支持，不能推定品牌回购,未取得无关独立买家用途证据；源品牌不是购买意向,未做逐名权利净空；品牌门是投资证据约束,False,,中外公司及品牌扩扫,https://regery.com/en/bulksearch,,,,,,
2734,aseprite.si,,23,仅历史可注册证据（需重查）,,2026-09-30T17:27:13.533Z,来源名Aseprite；独立转售用途未获支持，不能推定品牌回购,未取得无关独立买家用途证据；源品牌不是购买意向,未做逐名权利净空；品牌门是投资证据约束,False,,中外公司及品牌扩扫,https://regery.com/en/bulksearch,,,,,,
2735,atlasos.si,,23,仅历史可注册证据（需重查）,,2026-09-30T17:27:13.533Z,来源名AtlasOS；独立转售用途未获支持，不能推定品牌回购,未取得无关独立买家用途证据；源品牌不是购买意向,未做逐名权利净空；品牌门是投资证据约束,False,,中外公司及品牌扩扫,https://regery.com/en/bulksearch,,,,,,
2736,atomgit.si,,23,仅历史可注册证据（需重查）,,2026-09-30T17:27:13.533Z,来源名AtomGit；独立转售用途未获支持，不能推定品牌回购,未取得无关独立买家用途证据；源品牌不是购买意向,未做逐名权利净空；品牌门是投资证据约束,False,,中外公司及品牌扩扫,https://regery.com/en/bulksearch,,,,,,
2737,audioboom.si,,23,仅历史可注册证据（需重查）,,2026-09-30T17:27:13.533Z,来源名Audioboom；独立转售用途未获支持，不能推定品牌回购,未取得无关独立买家用途证据；源品牌不是购买意向,未做逐名权利净空；品牌门是投资证据约束,False,,中外公司及品牌扩扫,https://regery.com/en/bulksearch,,,,,,
2738,audiomack.si,,23,仅历史可注册证据（需重查）,,2026-09-30T17:27:13.533Z,来源名Audiomack；独立转售用途未获支持，不能推定品牌回购,未取得无关独立买家用途证据；源品牌不是购买意向,未做逐名权利净空；品牌门是投资证据约束,False,,中外公司及品牌扩扫,https://regery.com/en/bulksearch,,,,,,
2739,authelia.si,,23,仅历史可注册证据（需重查）,,2026-09-30T17:27:13.533Z,来源名Authelia；独立转售用途未获支持，不能推定品牌回购,未取得无关独立买家用途证据；源品牌不是购买意向,未做逐名权利净空；品牌门是投资证据约束,False,,中外公司及品牌扩扫,https://regery.com/en/bulksearch,,,,,,
2740,authentik.si,,23,仅历史可注册证据（需重查）,,2026-09-30T17:27:13.533Z,来源名Authentik；独立转售用途未获支持，不能推定品牌回购,未取得无关独立买家用途证据；源品牌不是购买意向,未做逐名权利净空；品牌门是投资证据约束,False,,中外公司及品牌扩扫,https://regery.com/en/bulksearch,,,,,,
2741,awesomewm.si,,23,仅历史可注册证据（需重查）,,2026-09-30T17:27:13.533Z,来源名awesomeWM；独立转售用途未获支持，不能推定品牌回购,未取得无关独立买家用途证据；源品牌不是购买意向,未做逐名权利净空；品牌门是投资证据约束,False,,中外公司及品牌扩扫,https://regery.com/en/bulksearch,,,,,,
2742,awwwards.si,,23,仅历史可注册证据（需重查）,,2026-09-30T17:27:13.533Z,来源名Awwwards；独立转售用途未获支持，不能推定品牌回购,未取得无关独立买家用途证据；源品牌不是购买意向,未做逐名权利净空；品牌门是投资证据约束,False,,中外公司及品牌扩扫,https://regery.com/en/bulksearch,,,,,,
2743,axisbank.si,,23,仅历史可注册证据（需重查）,,2026-09-30T17:27:13.533Z,来源名Axis Bank；独立转售用途未获支持，不能推定品牌回购,未取得无关独立买家用途证据；源品牌不是购买意向,未做逐名权利净空；品牌门是投资证据约束,False,,中外公司及品牌扩扫,https://regery.com/en/bulksearch,,,,,,
2744,babylonjs.si,,23,仅历史可注册证据（需重查）,,2026-09-30T17:27:13.533Z,来源名Babylon.js；独立转售用途未获支持，不能推定品牌回购,未取得无关独立买家用途证据；源品牌不是购买意向,未做逐名权利净空；品牌门是投资证据约束,False,,中外公司及品牌扩扫,https://regery.com/en/bulksearch,,,,,,
2745,backblaze.si,,23,仅历史可注册证据（需重查）,,2026-09-30T17:27:13.533Z,来源名Backblaze；独立转售用途未获支持，不能推定品牌回购,未取得无关独立买家用途证据；源品牌不是购买意向,未做逐名权利净空；品牌门是投资证据约束,False,,中外公司及品牌扩扫,https://regery.com/en/bulksearch,,,,,,
2746,bakalari.si,,23,仅历史可注册证据（需重查）,,2026-09-30T17:27:13.533Z,来源名Bakaláři；独立转售用途未获支持，不能推定品牌回购,未取得无关独立买家用途证据；源品牌不是购买意向,未做逐名权利净空；品牌门是投资证据约束,False,,中外公司及品牌扩扫,https://regery.com/en/bulksearch,,,,,,
2747,bandcamp.si,,23,仅历史可注册证据（需重查）,,2026-09-30T17:27:42.109Z,来源名Bandcamp；独立转售用途未获支持，不能推定品牌回购,未取得无关独立买家用途证据；源品牌不是购买意向,未做逐名权利净空；品牌门是投资证据约束,False,,中外公司及品牌扩扫,https://regery.com/en/bulksearch,,,,,,
2748,barmenia.si,,23,仅历史可注册证据（需重查）,,2026-09-30T17:27:42.109Z,来源名Barmenia；独立转售用途未获支持，不能推定品牌回购,未取得无关独立买家用途证据；源品牌不是购买意向,未做逐名权利净空；品牌门是投资证据约束,False,,中外公司及品牌扩扫,https://regery.com/en/bulksearch,,,,,,
2749,pocketnet.si,,23,仅历史可注册证据（需重查）,,2026-09-30T17:27:42.109Z,来源名Bastyon；独立转售用途未获支持，不能推定品牌回购,未取得无关独立买家用途证据；源品牌不是购买意向,未做逐名权利净空；品牌门是投资证据约束,False,,中外公司及品牌扩扫,https://regery.com/en/bulksearch,,,,,,
2750,battlenet.si,,23,仅历史可注册证据（需重查）,,2026-09-30T17:27:42.109Z,来源名Battle.net；独立转售用途未获支持，不能推定品牌回购,未取得无关独立买家用途证据；源品牌不是购买意向,未做逐名权利净空；品牌门是投资证据约束,False,,中外公司及品牌扩扫,https://regery.com/en/bulksearch,,,,,,
2751,beatport.si,,23,仅历史可注册证据（需重查）,,2026-09-30T17:27:42.109Z,来源名Beatport；独立转售用途未获支持，不能推定品牌回购,未取得无关独立买家用途证据；源品牌不是购买意向,未做逐名权利净空；品牌门是投资证据约束,False,,中外公司及品牌扩扫,https://regery.com/en/bulksearch,,,,,,
2752,beatstars.si,,23,仅历史可注册证据（需重查）,,2026-09-30T17:27:42.109Z,来源名BeatStars；独立转售用途未获支持，不能推定品牌回购,未取得无关独立买家用途证据；源品牌不是购买意向,未做逐名权利净空；品牌门是投资证据约束,False,,中外公司及品牌扩扫,https://regery.com/en/bulksearch,,,,,,
2753,bigcartel.si,,23,仅历史可注册证据（需重查）,,2026-09-30T17:27:42.109Z,来源名Big Cartel；独立转售用途未获支持，不能推定品牌回购,未取得无关独立买家用途证据；源品牌不是购买意向,未做逐名权利净空；品牌门是投资证据约束,False,,中外公司及品牌扩扫,https://regery.com/en/bulksearch,,,,,,
2754,bitcoinsv.si,,23,仅历史可注册证据（需重查）,,2026-09-30T17:27:42.109Z,来源名Bitcoin SV；独立转售用途未获支持，不能推定品牌回购,未取得无关独立买家用途证据；源品牌不是购买意向,未做逐名权利净空；品牌门是投资证据约束,False,,中外公司及品牌扩扫,https://regery.com/en/bulksearch,,,,,,
2755,bitcomet.si,,23,仅历史可注册证据（需重查）,,2026-09-30T17:27:42.109Z,来源名BitComet；独立转售用途未获支持，不能推定品牌回购,未取得无关独立买家用途证据；源品牌不是购买意向,未做逐名权利净空；品牌门是投资证据约束,False,,中外公司及品牌扩扫,https://regery.com/en/bulksearch,,,,,,
2756,bitwarden.si,,23,仅历史可注册证据（需重查）,,2026-09-30T17:27:42.109Z,来源名Bitwarden；独立转售用途未获支持，不能推定品牌回购,未取得无关独立买家用途证据；源品牌不是购买意向,未做逐名权利净空；品牌门是投资证据约束,False,,中外公司及品牌扩扫,https://regery.com/en/bulksearch,,,,,,
2757,bloglovin.si,,23,仅历史可注册证据（需重查）,,2026-09-30T17:27:42.109Z,来源名Bloglovin；独立转售用途未获支持，不能推定品牌回购,未取得无关独立买家用途证据；源品牌不是购买意向,未做逐名权利净空；品牌门是投资证据约束,False,,中外公司及品牌扩扫,https://regery.com/en/bulksearch,,,,,,
2758,bluesound.si,,23,仅历史可注册证据（需重查）,,2026-09-30T17:27:42.109Z,来源名Bluesound；独立转售用途未获支持，不能推定品牌回购,未取得无关独立买家用途证据；源品牌不是购买意向,未做逐名权利净空；品牌门是投资证据约束,False,,中外公司及品牌扩扫,https://regery.com/en/bulksearch,,,,,,
2759,bookalope.si,,23,仅历史可注册证据（需重查）,,2026-09-30T17:28:07.849Z,来源名Bookalope；独立转售用途未获支持，不能推定品牌回购,未取得无关独立买家用途证据；源品牌不是购买意向,未做逐名权利净空；品牌门是投资证据约束,False,,中外公司及品牌扩扫,https://regery.com/en/bulksearch,,,,,,
2760,bookmeter.si,,23,仅历史可注册证据（需重查）,,2026-09-30T17:28:07.849Z,来源名Bookmeter；独立转售用途未获支持，不能推定品牌回购,未取得无关独立买家用途证据；源品牌不是购买意向,未做逐名权利净空；品牌门是投资证据约束,False,,中外公司及品牌扩扫,https://regery.com/en/bulksearch,,,,,,
2761,botblecms.si,,23,仅历史可注册证据（需重查）,,2026-09-30T17:28:07.849Z,来源名Botble CMS；独立转售用途未获支持，不能推定品牌回购,未取得无关独立买家用途证据；源品牌不是购买意向,未做逐名权利净空；品牌门是投资证据约束,False,,中外公司及品牌扩扫,https://regery.com/en/bulksearch,,,,,,
2762,boulanger.si,,23,仅历史可注册证据（需重查）,,2026-09-30T17:28:07.849Z,来源名boulanger；独立转售用途未获支持，不能推定品牌回购,未取得无关独立买家用途证据；源品牌不是购买意向,未做逐名权利净空；品牌门是投资证据约束,False,,中外公司及品牌扩扫,https://regery.com/en/bulksearch,,,,,,
2763,boxysvg.si,,23,仅历史可注册证据（需重查）,,2026-09-30T17:28:07.849Z,来源名Boxy SVG；独立转售用途未获支持，不能推定品牌回购,未取得无关独立买家用途证据；源品牌不是购买意向,未做逐名权利净空；品牌门是投资证据约束,False,,中外公司及品牌扩扫,https://regery.com/en/bulksearch,,,,,,
2764,budibase.si,,23,仅历史可注册证据（需重查）,,2026-09-30T17:28:07.849Z,来源名Budibase；独立转售用途未获支持，不能推定品牌回购,未取得无关独立买家用途证据；源品牌不是购买意向,未做逐名权利净空；品牌门是投资证据约束,False,,中外公司及品牌扩扫,https://regery.com/en/bulksearch,,,,,,
2765,bugcrowd.si,,23,仅历史可注册证据（需重查）,,2026-09-30T17:28:07.849Z,来源名Bugcrowd；独立转售用途未获支持，不能推定品牌回购,未取得无关独立买家用途证据；源品牌不是购买意向,未做逐名权利净空；品牌门是投资证据约束,False,,中外公司及品牌扩扫,https://regery.com/en/bulksearch,,,,,,
2766,buildkite.si,,23,仅历史可注册证据（需重查）,,2026-09-30T17:28:07.849Z,来源名Buildkite；独立转售用途未获支持，不能推定品牌回购,未取得无关独立买家用途证据；源品牌不是购买意向,未做逐名权利净空；品牌门是投资证据约束,False,,中外公司及品牌扩扫,https://regery.com/en/bulksearch,,,,,,
2767,bukalapak.si,,23,仅历史可注册证据（需重查）,,2026-09-30T17:28:07.849Z,来源名Bukalapak；独立转售用途未获支持，不能推定品牌回购,未取得无关独立买家用途证据；源品牌不是购买意向,未做逐名权利净空；品牌门是投资证据约束,False,,中外公司及品牌扩扫,https://regery.com/en/bulksearch,,,,,,
2768,bunnynet.si,,23,仅历史可注册证据（需重查）,,2026-09-30T17:28:07.849Z,来源名bunny.net；独立转售用途未获支持，不能推定品牌回购,未取得无关独立买家用途证据；源品牌不是购买意向,未做逐名权利净空；品牌门是投资证据约束,False,,中外公司及品牌扩扫,https://regery.com/en/bulksearch,,,,,,
2769,burpsuite.si,,23,仅历史可注册证据（需重查）,,2026-09-30T17:28:07.849Z,来源名Burp Suite；独立转售用途未获支持，不能推定品牌回购,未取得无关独立买家用途证据；源品牌不是购买意向,未做逐名权利净空；品牌门是投资证据约束,False,,中外公司及品牌扩扫,https://regery.com/en/bulksearch,,,,,,
2770,buzzfeed.si,,23,仅历史可注册证据（需重查）,,2026-09-30T17:28:07.849Z,来源名BuzzFeed；独立转售用途未获支持，不能推定品牌回购,未取得无关独立买家用途证据；源品牌不是购买意向,未做逐名权利净空；品牌门是投资证据约束,False,,中外公司及品牌扩扫,https://regery.com/en/bulksearch,,,,,,
2771,cafepress.si,,23,仅历史可注册证据（需重查）,,2026-09-30T17:28:07.849Z,来源名CafePress；独立转售用途未获支持，不能推定品牌回购,未取得无关独立买家用途证据；源品牌不是购买意向,未做逐名权利净空；品牌门是投资证据约束,False,,中外公司及品牌扩扫,https://regery.com/en/bulksearch,,,,,,
2772,caprover.si,,23,仅历史可注册证据（需重查）,,2026-09-30T17:28:07.849Z,来源名CapRover；独立转售用途未获支持，不能推定品牌回购,未取得无关独立买家用途证据；源品牌不是购买意向,未做逐名权利净空；品牌门是投资证据约束,False,,中外公司及品牌扩扫,https://regery.com/en/bulksearch,,,,,,
2773,castorama.si,,23,仅历史可注册证据（需重查）,,2026-09-30T17:28:07.849Z,来源名Castorama；独立转售用途未获支持，不能推定品牌回购,未取得无关独立买家用途证据；源品牌不是购买意向,未做逐名权利净空；品牌门是投资证据约束,False,,中外公司及品牌扩扫,https://regery.com/en/bulksearch,,,,,,
2774,ccleaner.si,,23,仅历史可注册证据（需重查）,,2026-09-30T17:28:34.636Z,来源名CCleaner；独立转售用途未获支持，不能推定品牌回购,未取得无关独立买家用途证据；源品牌不是购买意向,未做逐名权利净空；品牌门是投资证据约束,False,,中外公司及品牌扩扫,https://regery.com/en/bulksearch,,,,,,
2775,cdprojekt.si,,23,仅历史可注册证据（需重查）,,2026-09-30T17:28:34.636Z,来源名CD Projekt；独立转售用途未获支持，不能推定品牌回购,未取得无关独立买家用途证据；源品牌不是购买意向,未做逐名权利净空；品牌门是投资证据约束,False,,中外公司及品牌扩扫,https://regery.com/en/bulksearch,,,,,,
2776,celestron.si,,23,仅历史可注册证据（需重查）,,2026-09-30T17:28:34.636Z,来源名Celestron；独立转售用途未获支持，不能推定品牌回购,未取得无关独立买家用途证据；源品牌不是购买意向,未做逐名权利净空；品牌门是投资证据约束,False,,中外公司及品牌扩扫,https://regery.com/en/bulksearch,,,,,,
2777,chakraui.si,,23,仅历史可注册证据（需重查）,,2026-09-30T17:28:34.636Z,来源名Chakra UI；独立转售用途未获支持，不能推定品牌回购,未取得无关独立买家用途证据；源品牌不是购买意向,未做逐名权利净空；品牌门是投资证据约束,False,,中外公司及品牌扩扫,https://regery.com/en/bulksearch,,,,,,
2778,chartjs.si,,23,仅历史可注册证据（需重查）,,2026-09-30T17:28:34.636Z,来源名Chart.js；独立转售用途未获支持，不能推定品牌回购,未取得无关独立买家用途证据；源品牌不是购买意向,未做逐名权利净空；品牌门是投资证据约束,False,,中外公司及品牌扩扫,https://regery.com/en/bulksearch,,,,,,
2779,chatwoot.si,,23,仅历史可注册证据（需重查）,,2026-09-30T17:28:34.636Z,来源名Chatwoot；独立转售用途未获支持，不能推定品牌回购,未取得无关独立买家用途证据；源品牌不是购买意向,未做逐名权利净空；品牌门是投资证据约束,False,,中外公司及品牌扩扫,https://regery.com/en/bulksearch,,,,,,
2780,checkio.si,,23,仅历史可注册证据（需重查）,,2026-09-30T17:28:34.636Z,来源名CheckiO；独立转售用途未获支持，不能推定品牌回购,未取得无关独立买家用途证据；源品牌不是购买意向,未做逐名权利净空；品牌门是投资证据约束,False,,中外公司及品牌扩扫,https://regery.com/en/bulksearch,,,,,,
2781,checkmarx.si,,23,仅历史可注册证据（需重查）,,2026-09-30T17:28:34.636Z,来源名Checkmarx；独立转售用途未获支持，不能推定品牌回购,未取得无关独立买家用途证据；源品牌不是购买意向,未做逐名权利净空；品牌门是投资证据约束,False,,中外公司及品牌扩扫,https://regery.com/en/bulksearch,,,,,,
2782,chedraui.si,,23,仅历史可注册证据（需重查）,,2026-09-30T17:28:34.636Z,来源名Chedraui；独立转售用途未获支持，不能推定品牌回购,未取得无关独立买家用途证据；源品牌不是购买意向,未做逐名权利净空；品牌门是投资证据约束,False,,中外公司及品牌扩扫,https://regery.com/en/bulksearch,,,,,,
2783,chesscom.si,,23,仅历史可注册证据（需重查）,,2026-09-30T17:28:34.636Z,来源名Chess.com；独立转售用途未获支持，不能推定品牌回购,未取得无关独立买家用途证据；源品牌不是购买意向,未做逐名权利净空；品牌门是投资证据约束,False,,中外公司及品牌扩扫,https://regery.com/en/bulksearch,,,,,,
2784,chrysler.si,,23,仅历史可注册证据（需重查）,,2026-09-30T17:28:34.636Z,来源名Chrysler；独立转售用途未获支持，不能推定品牌回购,未取得无关独立买家用途证据；源品牌不是购买意向,未做逐名权利净空；品牌门是投资证据约束,False,,中外公司及品牌扩扫,https://regery.com/en/bulksearch,,,,,,
2785,circleci.si,,23,仅历史可注册证据（需重查）,,2026-09-30T17:28:34.636Z,来源名CircleCI；独立转售用途未获支持，不能推定品牌回购,未取得无关独立买家用途证据；源品牌不是购买意向,未做逐名权利净空；品牌门是投资证据约束,False,,中外公司及品牌扩扫,https://regery.com/en/bulksearch,,,,,,
2786,cirrusci.si,,23,仅历史可注册证据（需重查）,,2026-09-30T17:28:34.636Z,来源名Cirrus CI；独立转售用途未获支持，不能推定品牌回购,未取得无关独立买家用途证据；源品牌不是购买意向,未做逐名权利净空；品牌门是投资证据约束,False,,中外公司及品牌扩扫,https://regery.com/en/bulksearch,,,,,,
2787,civicrm.si,,23,仅历史可注册证据（需重查）,,2026-09-30T17:28:34.636Z,来源名CiviCRM；独立转售用途未获支持，不能推定品牌回购,未取得无关独立买家用途证据；源品牌不是购买意向,未做逐名权利净空；品牌门是投资证据约束,False,,中外公司及品牌扩扫,https://regery.com/en/bulksearch,,,,,,
2788,clockify.si,,23,仅历史可注册证据（需重查）,,2026-09-30T17:28:34.636Z,来源名Clockify；独立转售用途未获支持，不能推定品牌回购,未取得无关独立买家用途证据；源品牌不是购买意向,未做逐名权利净空；品牌门是投资证据约束,False,,中外公司及品牌扩扫,https://regery.com/en/bulksearch,,,,,,
2789,clojure.si,,23,仅历史可注册证据（需重查）,,2026-09-30T17:28:34.636Z,来源名Clojure；独立转售用途未获支持，不能推定品牌回购,未取得无关独立买家用途证据；源品牌不是购买意向,未做逐名权利净空；品牌门是投资证据约束,False,,中外公司及品牌扩扫,https://regery.com/en/bulksearch,,,,,,
2790,cloudbees.si,,23,仅历史可注册证据（需重查）,,2026-09-30T17:28:34.636Z,来源名CloudBees；独立转售用途未获支持，不能推定品牌回购,未取得无关独立买家用途证据；源品牌不是购买意向,未做逐名权利净空；品牌门是投资证据约束,False,,中外公司及品牌扩扫,https://regery.com/en/bulksearch,,,,,,
2791,cloudron.si,,23,仅历史可注册证据（需重查）,,2026-09-30T17:29:01.568Z,来源名Cloudron；独立转售用途未获支持，不能推定品牌回购,未取得无关独立买家用途证据；源品牌不是购买意向,未做逐名权利净空；品牌门是投资证据约束,False,,中外公司及品牌扩扫,https://regery.com/en/bulksearch,,,,,,
2792,cloudways.si,,23,仅历史可注册证据（需重查）,,2026-09-30T17:29:01.568Z,来源名Cloudways；独立转售用途未获支持，不能推定品牌回购,未取得无关独立买家用途证据；源品牌不是购买意向,未做逐名权利净空；品牌门是投资证据约束,False,,中外公司及品牌扩扫,https://regery.com/en/bulksearch,,,,,,
2793,clubforce.si,,23,仅历史可注册证据（需重查）,,2026-09-30T17:29:01.568Z,来源名Clubforce；独立转售用途未获支持，不能推定品牌回购,未取得无关独立买家用途证据；源品牌不是购买意向,未做逐名权利净空；品牌门是投资证据约束,False,,中外公司及品牌扩扫,https://regery.com/en/bulksearch,,,,,,
2794,cocoapods.si,,23,仅历史可注册证据（需重查）,,2026-09-30T17:29:01.568Z,来源名CocoaPods；独立转售用途未获支持，不能推定品牌回购,未取得无关独立买家用途证据；源品牌不是购买意向,未做逐名权利净空；品牌门是投资证据约束,False,,中外公司及品牌扩扫,https://regery.com/en/bulksearch,,,,,,
2795,codeberg.si,,23,仅历史可注册证据（需重查）,,2026-09-30T17:29:01.568Z,来源名Codeberg；独立转售用途未获支持，不能推定品牌回购,未取得无关独立买家用途证据；源品牌不是购买意向,未做逐名权利净空；品牌门是投资证据约束,False,,中外公司及品牌扩扫,https://regery.com/en/bulksearch,,,,,,
2796,codechef.si,,23,仅历史可注册证据（需重查）,,2026-09-30T17:29:01.568Z,来源名CodeChef；独立转售用途未获支持，不能推定品牌回购,未取得无关独立买家用途证据；源品牌不是购买意向,未做逐名权利净空；品牌门是投资证据约束,False,,中外公司及品牌扩扫,https://regery.com/en/bulksearch,,,,,,
2797,codecov.si,,23,仅历史可注册证据（需重查）,,2026-09-30T17:29:01.568Z,来源名Codecov；独立转售用途未获支持，不能推定品牌回购,未取得无关独立买家用途证据；源品牌不是购买意向,未做逐名权利净空；品牌门是投资证据约束,False,,中外公司及品牌扩扫,https://regery.com/en/bulksearch,,,,,,
2798,codefresh.si,,23,仅历史可注册证据（需重查）,,2026-09-30T17:29:01.568Z,来源名Codefresh；独立转售用途未获支持，不能推定品牌回购,未取得无关独立买家用途证据；源品牌不是购买意向,未做逐名权利净空；品牌门是投资证据约束,False,,中外公司及品牌扩扫,https://regery.com/en/bulksearch,,,,,,
2799,codemagic.si,,23,仅历史可注册证据（需重查）,,2026-09-30T17:29:01.568Z,来源名Codemagic；独立转售用途未获支持，不能推定品牌回购,未取得无关独立买家用途证据；源品牌不是购买意向,未做逐名权利净空；品牌门是投资证据约束,False,,中外公司及品牌扩扫,https://regery.com/en/bulksearch,,,,,,
2800,coderwall.si,,23,仅历史可注册证据（需重查）,,2026-09-30T17:29:01.568Z,来源名Coderwall；独立转售用途未获支持，不能推定品牌回购,未取得无关独立买家用途证据；源品牌不是购买意向,未做逐名权利净空；品牌门是投资证据约束,False,,中外公司及品牌扩扫,https://regery.com/en/bulksearch,,,,,,
2801,codeship.si,,23,仅历史可注册证据（需重查）,,2026-09-30T17:29:01.568Z,来源名Codeship；独立转售用途未获支持，不能推定品牌回购,未取得无关独立买家用途证据；源品牌不是购买意向,未做逐名权利净空；品牌门是投资证据约束,False,,中外公司及品牌扩扫,https://regery.com/en/bulksearch,,,,,,
2802,codewars.si,,23,仅历史可注册证据（需重查）,,2026-09-30T17:29:01.568Z,来源名Codewars；独立转售用途未获支持，不能推定品牌回购,未取得无关独立买家用途证据；源品牌不是购买意向,未做逐名权利净空；品牌门是投资证据约束,False,,中外公司及品牌扩扫,https://regery.com/en/bulksearch,,,,,,
2803,codingame.si,,23,仅历史可注册证据（需重查）,,2026-09-30T17:29:01.568Z,来源名CodinGame；独立转售用途未获支持，不能推定品牌回购,未取得无关独立买家用途证据；源品牌不是购买意向,未做逐名权利净空；品牌门是投资证据约束,False,,中外公司及品牌扩扫,https://regery.com/en/bulksearch,,,,,,
2804,comicfury.si,,23,仅历史可注册证据（需重查）,,2026-09-30T17:29:01.568Z,来源名ComicFury；独立转售用途未获支持，不能推定品牌回购,未取得无关独立买家用途证据；源品牌不是购买意向,未做逐名权利净空；品牌门是投资证据约束,False,,中外公司及品牌扩扫,https://regery.com/en/bulksearch,,,,,,
2805,comptia.si,,23,仅历史可注册证据（需重查）,,2026-09-30T17:29:22.732Z,来源名CompTIA；独立转售用途未获支持，不能推定品牌回购,未取得无关独立买家用途证据；源品牌不是购买意向,未做逐名权利净空；品牌门是投资证据约束,False,,中外公司及品牌扩扫,https://regery.com/en/bulksearch,,,,,,
2806,conekta.si,,23,仅历史可注册证据（需重查）,,2026-09-30T17:29:22.732Z,来源名Conekta；独立转售用途未获支持，不能推定品牌回购,未取得无关独立买家用途证据；源品牌不是购买意向,未做逐名权利净空；品牌门是投资证据约束,False,,中外公司及品牌扩扫,https://regery.com/en/bulksearch,,,,,,
2807,contabo.si,,23,仅历史可注册证据（需重查）,,2026-09-30T17:29:22.732Z,来源名Contabo；独立转售用途未获支持，不能推定品牌回购,未取得无关独立买家用途证据；源品牌不是购买意向,未做逐名权利净空；品牌门是投资证据约束,False,,中外公司及品牌扩扫,https://regery.com/en/bulksearch,,,,,,
2808,contensis.si,,23,仅历史可注册证据（需重查）,,2026-09-30T17:29:22.732Z,来源名Contensis；独立转售用途未获支持，不能推定品牌回购,未取得无关独立买家用途证据；源品牌不是购买意向,未做逐名权利净空；品牌门是投资证据约束,False,,中外公司及品牌扩扫,https://regery.com/en/bulksearch,,,,,,
2809,convertio.si,,23,仅历史可注册证据（需重查）,,2026-09-30T17:29:22.732Z,来源名Convertio；独立转售用途未获支持，不能推定品牌回购,未取得无关独立买家用途证据；源品牌不是购买意向,未做逐名权利净空；品牌门是投资证据约束,False,,中外公司及品牌扩扫,https://regery.com/en/bulksearch,,,,,,
2810,coolify.si,,23,仅历史可注册证据（需重查）,,2026-09-30T17:29:22.732Z,来源名Coolify；独立转售用途未获支持，不能推定品牌回购,未取得无关独立买家用途证据；源品牌不是购买意向,未做逐名权利净空；品牌门是投资证据约束,False,,中外公司及品牌扩扫,https://regery.com/en/bulksearch,,,,,,
2811,coreboot.si,,23,仅历史可注册证据（需重查）,,2026-09-30T17:29:22.732Z,来源名Coreboot；独立转售用途未获支持，不能推定品牌回购,未取得无关独立买家用途证据；源品牌不是购买意向,未做逐名权利净空；品牌门是投资证据约束,False,,中外公司及品牌扩扫,https://regery.com/en/bulksearch,,,,,,
2812,coreldraw.si,,23,仅历史可注册证据（需重查）,,2026-09-30T17:29:22.732Z,来源名CorelDRAW；独立转售用途未获支持，不能推定品牌回购,未取得无关独立买家用途证据；源品牌不是购买意向,未做逐名权利净空；品牌门是投资证据约束,False,,中外公司及品牌扩扫,https://regery.com/en/bulksearch,,,,,,
2813,couchbase.si,,23,仅历史可注册证据（需重查）,,2026-09-30T17:29:22.732Z,来源名Couchbase；独立转售用途未获支持，不能推定品牌回购,未取得无关独立买家用途证据；源品牌不是购买意向,未做逐名权利净空；品牌门是投资证据约束,False,,中外公司及品牌扩扫,https://regery.com/en/bulksearch,,,,,,
2814,craftcms.si,,23,仅历史可注册证据（需重查）,,2026-09-30T17:29:22.732Z,来源名Craft CMS；独立转售用途未获支持，不能推定品牌回购,未取得无关独立买家用途证据；源品牌不是购买意向,未做逐名权利净空；品牌门是投资证据约束,False,,中外公司及品牌扩扫,https://regery.com/en/bulksearch,,,,,,
2815,cratedb.si,,23,仅历史可注册证据（需重查）,,2026-09-30T17:29:22.732Z,来源名CrateDB；独立转售用途未获支持，不能推定品牌回购,未取得无关独立买家用途证据；源品牌不是购买意向,未做逐名权利净空；品牌门是投资证据约束,False,,中外公司及品牌扩扫,https://regery.com/en/bulksearch,,,,,,
2816,crehana.si,,23,仅历史可注册证据（需重查）,,2026-09-30T17:29:22.732Z,来源名Crehana；独立转售用途未获支持，不能推定品牌回购,未取得无关独立买家用途证据；源品牌不是购买意向,未做逐名权利净空；品牌门是投资证据约束,False,,中外公司及品牌扩扫,https://regery.com/en/bulksearch,,,,,,
2817,crowdin.si,,23,仅历史可注册证据（需重查）,,2026-09-30T17:29:22.732Z,来源名Crowdin；独立转售用途未获支持，不能推定品牌回购,未取得无关独立买家用途证据；源品牌不是购买意向,未做逐名权利净空；品牌门是投资证据约束,False,,中外公司及品牌扩扫,https://regery.com/en/bulksearch,,,,,,
2818,cryengine.si,,23,仅历史可注册证据（需重查）,,2026-09-30T17:29:22.732Z,来源名CRYENGINE；独立转售用途未获支持，不能推定品牌回购,未取得无关独立买家用途证据；源品牌不是购买意向,未做逐名权利净空；品牌门是投资证据约束,False,,中外公司及品牌扩扫,https://regery.com/en/bulksearch,,,,,,
2819,cryptpad.si,,23,仅历史可注册证据（需重查）,,2026-09-30T17:29:22.732Z,来源名CryptPad；独立转售用途未获支持，不能推定品牌回购,未取得无关独立买家用途证据；源品牌不是购买意向,未做逐名权利净空；品牌门是投资证据约束,False,,中外公司及品牌扩扫,https://regery.com/en/bulksearch,,,,,,
2820,customink.si,,23,仅历史可注册证据（需重查）,,2026-09-30T17:29:49.585Z,来源名Custom Ink；独立转售用途未获支持，不能推定品牌回购,未取得无关独立买家用途证据；源品牌不是购买意向,未做逐名权利净空；品牌门是投资证据约束,False,,中外公司及品牌扩扫,https://regery.com/en/bulksearch,,,,,,
2821,dailydev.si,,23,仅历史可注册证据（需重查）,,2026-09-30T17:29:49.585Z,来源名daily.dev；独立转售用途未获支持，不能推定品牌回购,未取得无关独立买家用途证据；源品牌不是购买意向,未做逐名权利净空；品牌门是投资证据约束,False,,中外公司及品牌扩扫,https://regery.com/en/bulksearch,,,,,,
2822,daserste.si,,23,仅历史可注册证据（需重查）,,2026-09-30T17:29:49.585Z,来源名Das Erste；独立转售用途未获支持，不能推定品牌回购,未取得无关独立买家用途证据；源品牌不是购买意向,未做逐名权利净空；品牌门是投资证据约束,False,,中外公司及品牌扩扫,https://regery.com/en/bulksearch,,,,,,
2823,dashlane.si,,23,仅历史可注册证据（需重查）,,2026-09-30T17:29:49.585Z,来源名Dashlane；独立转售用途未获支持，不能推定品牌回购,未取得无关独立买家用途证据；源品牌不是购买意向,未做逐名权利净空；品牌门是投资证据约束,False,,中外公司及品牌扩扫,https://regery.com/en/bulksearch,,,,,,
2824,datagrip.si,,23,仅历史可注册证据（需重查）,,2026-09-30T17:29:49.585Z,来源名DataGrip；独立转售用途未获支持，不能推定品牌回购,未取得无关独立买家用途证据；源品牌不是购买意向,未做逐名权利净空；品牌门是投资证据约束,False,,中外公司及品牌扩扫,https://regery.com/en/bulksearch,,,,,,
2825,datastax.si,,23,仅历史可注册证据（需重查）,,2026-09-30T17:29:49.585Z,来源名DataStax；独立转售用途未获支持，不能推定品牌回购,未取得无关独立买家用途证据；源品牌不是购买意向,未做逐名权利净空；品牌门是投资证据约束,False,,中外公司及品牌扩扫,https://regery.com/en/bulksearch,,,,,,
2826,datefns.si,,23,仅历史可注册证据（需重查）,,2026-09-30T17:29:49.585Z,来源名date-fns；独立转售用途未获支持，不能推定品牌回购,未取得无关独立买家用途证据；源品牌不是购买意向,未做逐名权利净空；品牌门是投资证据约束,False,,中外公司及品牌扩扫,https://regery.com/en/bulksearch,,,,,,
2827,decapcms.si,,23,仅历史可注册证据（需重查）,,2026-09-30T17:29:49.585Z,来源名Decap CMS；独立转售用途未获支持，不能推定品牌回购,未取得无关独立买家用途证据；源品牌不是购买意向,未做逐名权利净空；品牌门是投资证据约束,False,,中外公司及品牌扩扫,https://regery.com/en/bulksearch,,,,,,
2828,deepcool.si,,23,仅历史可注册证据（需重查）,,2026-09-30T17:29:49.585Z,来源名DeepCool；独立转售用途未获支持，不能推定品牌回购,未取得无关独立买家用途证据；源品牌不是购买意向,未做逐名权利净空；品牌门是投资证据约束,False,,中外公司及品牌扩扫,https://regery.com/en/bulksearch,,,,,,
2829,deepnote.si,,23,仅历史可注册证据（需重查）,,2026-09-30T17:29:49.585Z,来源名Deepnote；独立转售用途未获支持，不能推定品牌回购,未取得无关独立买家用途证据；源品牌不是购买意向,未做逐名权利净空；品牌门是投资证据约束,False,,中外公司及品牌扩扫,https://regery.com/en/bulksearch,,,,,,
2830,dicebear.si,,23,仅历史可注册证据（需重查）,,2026-09-30T17:30:21.419Z,来源名DiceBear；独立转售用途未获支持，不能推定品牌回购,未取得无关独立买家用途证据；源品牌不是购买意向,未做逐名权利净空；品牌门是投资证据约束,False,,中外公司及品牌扩扫,https://regery.com/en/bulksearch,,,,,,
2831,directus.si,,23,仅历史可注册证据（需重查）,,2026-09-30T17:30:21.419Z,来源名Directus；独立转售用途未获支持，不能推定品牌回购,未取得无关独立买家用途证据；源品牌不是购买意向,未做逐名权利净空；品牌门是投资证据约束,False,,中外公司及品牌扩扫,https://regery.com/en/bulksearch,,,,,,
2832,discordjs.si,,23,仅历史可注册证据（需重查）,,2026-09-30T17:30:21.419Z,来源名discord.js；独立转售用途未获支持，不能推定品牌回购,未取得无关独立买家用途证据；源品牌不是购买意向,未做逐名权利净空；品牌门是投资证据约束,False,,中外公司及品牌扩扫,https://regery.com/en/bulksearch,,,,,,
2833,distrobox.si,,23,仅历史可注册证据（需重查）,,2026-09-30T17:30:21.419Z,来源名Distrobox；独立转售用途未获支持，不能推定品牌回购,未取得无关独立买家用途证据；源品牌不是购买意向,未做逐名权利净空；品牌门是投资证据约束,False,,中外公司及品牌扩扫,https://regery.com/en/bulksearch,,,,,,
2834,distrokid.si,,23,仅历史可注册证据（需重查）,,2026-09-30T17:30:21.419Z,来源名Distrokid；独立转售用途未获支持，不能推定品牌回购,未取得无关独立买家用途证据；源品牌不是购买意向,未做逐名权利净空；品牌门是投资证据约束,False,,中外公司及品牌扩扫,https://regery.com/en/bulksearch,,,,,,
2835,doxygen.si,,23,仅历史可注册证据（需重查）,,2026-09-30T17:30:21.419Z,来源名Doxygen；独立转售用途未获支持，不能推定品牌回购,未取得无关独立买家用途证据；源品牌不是购买意向,未做逐名权利净空；品牌门是投资证据约束,False,,中外公司及品牌扩扫,https://regery.com/en/bulksearch,,,,,,
2836,dribbble.si,,23,仅历史可注册证据（需重查）,,2026-09-30T17:30:21.419Z,来源名Dribbble；独立转售用途未获支持，不能推定品牌回购,未取得无关独立买家用途证据；源品牌不是购买意向,未做逐名权利净空；品牌门是投资证据约束,False,,中外公司及品牌扩扫,https://regery.com/en/bulksearch,,,,,,
2837,drooble.si,,23,仅历史可注册证据（需重查）,,2026-09-30T17:30:21.419Z,来源名Drooble；独立转售用途未获支持，不能推定品牌回购,未取得无关独立买家用途证据；源品牌不是购买意向,未做逐名权利净空；品牌门是投资证据约束,False,,中外公司及品牌扩扫,https://regery.com/en/bulksearch,,,,,,
2838,duplicati.si,,23,仅历史可注册证据（需重查）,,2026-09-30T17:30:21.419Z,来源名Duplicati；独立转售用途未获支持，不能推定品牌回购,未取得无关独立买家用途证据；源品牌不是购买意向,未做逐名权利净空；品牌门是投资证据约束,False,,中外公司及品牌扩扫,https://regery.com/en/bulksearch,,,,,,
2839,emberjs.si,,23,仅历史可注册证据（需重查）,,2026-09-30T17:30:35.858Z,来源名Ember.js；独立转售用途未获支持，不能推定品牌回购,未取得无关独立买家用途证据；源品牌不是购买意向,未做逐名权利净空；品牌门是投资证据约束,False,,中外公司及品牌扩扫,https://regery.com/en/bulksearch,,,,,,
2840,everyorg.si,,23,仅历史可注册证据（需重查）,,2026-09-30T17:30:35.858Z,来源名Every.org；独立转售用途未获支持，不能推定品牌回购,未取得无关独立买家用途证据；源品牌不是购买意向,未做逐名权利净空；品牌门是投资证据约束,False,,中外公司及品牌扩扫,https://regery.com/en/bulksearch,,,,,,
2841,expressjs.si,,23,仅历史可注册证据（需重查）,,2026-09-30T17:30:35.858Z,来源名Express；独立转售用途未获支持，不能推定品牌回购,未取得无关独立买家用途证据；源品牌不是购买意向,未做逐名权利净空；品牌门是投资证据约束,False,,中外公司及品牌扩扫,https://regery.com/en/bulksearch,,,,,,
2842,facepunch.si,,23,仅历史可注册证据（需重查）,,2026-09-30T17:30:35.858Z,来源名Facepunch；独立转售用途未获支持，不能推定品牌回购,未取得无关独立买家用途证据；源品牌不是购买意向,未做逐名权利净空；品牌门是投资证据约束,False,,中外公司及品牌扩扫,https://regery.com/en/bulksearch,,,,,,
2843,fairphone.si,,23,仅历史可注册证据（需重查）,,2026-09-30T17:30:35.858Z,来源名Fairphone；独立转售用途未获支持，不能推定品牌回购,未取得无关独立买家用途证据；源品牌不是购买意向,未做逐名权利净空；品牌门是投资证据约束,False,,中外公司及品牌扩扫,https://regery.com/en/bulksearch,,,,,,
2844,farcaster.si,,23,仅历史可注册证据（需重查）,,2026-09-30T17:30:35.858Z,来源名Farcaster；独立转售用途未获支持，不能推定品牌回购,未取得无关独立买家用途证据；源品牌不是购买意向,未做逐名权利净空；品牌门是投资证据约束,False,,中外公司及品牌扩扫,https://regery.com/en/bulksearch,,,,,,
2845,fastify.si,,23,仅历史可注册证据（需重查）,,2026-09-30T17:30:35.858Z,来源名Fastify；独立转售用途未获支持，不能推定品牌回购,未取得无关独立买家用途证据；源品牌不是购买意向,未做逐名权利净空；品牌门是投资证据约束,False,,中外公司及品牌扩扫,https://regery.com/en/bulksearch,,,,,,
2846,ferrarinv.si,,23,仅历史可注册证据（需重查）,,2026-09-30T17:30:35.858Z,来源名Ferrari N.V.；独立转售用途未获支持，不能推定品牌回购,未取得无关独立买家用途证据；源品牌不是购买意向,未做逐名权利净空；品牌门是投资证据约束,False,,中外公司及品牌扩扫,https://regery.com/en/bulksearch,,,,,,
2847,ferretdb.si,,23,仅历史可注册证据（需重查）,,2026-09-30T17:30:35.858Z,来源名FerretDB；独立转售用途未获支持，不能推定品牌回购,未取得无关独立买家用途证据；源品牌不是购买意向,未做逐名权利净空；品牌门是投资证据约束,False,,中外公司及品牌扩扫,https://regery.com/en/bulksearch,,,,,,
2848,fimoney.si,,23,仅历史可注册证据（需重查）,,2026-09-30T17:30:35.858Z,来源名Fi；独立转售用途未获支持，不能推定品牌回购,未取得无关独立买家用途证据；源品牌不是购买意向,未做逐名权利净空；品牌门是投资证据约束,False,,中外公司及品牌扩扫,https://regery.com/en/bulksearch,,,,,,
2849,figshare.si,,23,仅历史可注册证据（需重查）,,2026-09-30T17:30:35.858Z,来源名figshare；独立转售用途未获支持，不能推定品牌回购,未取得无关独立买家用途证据；源品牌不是购买意向,未做逐名权利净空；品牌门是投资证据约束,False,,中外公司及品牌扩扫,https://regery.com/en/bulksearch,,,,,,
2850,filezilla.si,,23,仅历史可注册证据（需重查）,,2026-09-30T17:30:50.617Z,来源名FileZilla；独立转售用途未获支持，不能推定品牌回购,未取得无关独立买家用途证据；源品牌不是购买意向,未做逐名权利净空；品牌门是投资证据约束,False,,中外公司及品牌扩扫,https://regery.com/en/bulksearch,,,,,,
2851,fillout.si,,23,仅历史可注册证据（需重查）,,2026-09-30T17:30:50.617Z,来源名Fillout；独立转售用途未获支持，不能推定品牌回购,未取得无关独立买家用途证据；源品牌不是购买意向,未做逐名权利净空；品牌门是投资证据约束,False,,中外公司及品牌扩扫,https://regery.com/en/bulksearch,,,,,,
2852,firefish.si,,23,仅历史可注册证据（需重查）,,2026-09-30T17:30:50.617Z,来源名Firefish；独立转售用途未获支持，不能推定品牌回购,未取得无关独立买家用途证据；源品牌不是购买意向,未做逐名权利净空；品牌门是投资证据约束,False,,中外公司及品牌扩扫,https://regery.com/en/bulksearch,,,,,,
2853,fireship.si,,23,仅历史可注册证据（需重查）,,2026-09-30T17:30:50.617Z,来源名Fireship；独立转售用途未获支持，不能推定品牌回购,未取得无关独立买家用途证据；源品牌不是购买意向,未做逐名权利净空；品牌门是投资证据约束,False,,中外公司及品牌扩扫,https://regery.com/en/bulksearch,,,,,,
2854,firewalla.si,,23,仅历史可注册证据（需重查）,,2026-09-30T17:30:50.617Z,来源名Firewalla；独立转售用途未获支持，不能推定品牌回购,未取得无关独立买家用途证据；源品牌不是购买意向,未做逐名权利净空；品牌门是投资证据约束,False,,中外公司及品牌扩扫,https://regery.com/en/bulksearch,,,,,,
2855,fishshell.si,,23,仅历史可注册证据（需重查）,,2026-09-30T17:30:50.617Z,来源名fish shell；独立转售用途未获支持，不能推定品牌回购,未取得无关独立买家用途证据；源品牌不是购买意向,未做逐名权利净空；品牌门是投资证据约束,False,,中外公司及品牌扩扫,https://regery.com/en/bulksearch,,,,,,
2856,flathub.si,,23,仅历史可注册证据（需重查）,,2026-09-30T17:30:50.617Z,来源名Flathub；独立转售用途未获支持，不能推定品牌回购,未取得无关独立买家用途证据；源品牌不是购买意向,未做逐名权利净空；品牌门是投资证据约束,False,,中外公司及品牌扩扫,https://regery.com/en/bulksearch,,,,,,
2857,flatpak.si,,23,仅历史可注册证据（需重查）,,2026-09-30T17:30:50.617Z,来源名Flatpak；独立转售用途未获支持，不能推定品牌回购,未取得无关独立买家用途证据；源品牌不是购买意向,未做逐名权利净空；品牌门是投资证据约束,False,,中外公司及品牌扩扫,https://regery.com/en/bulksearch,,,,,,
2858,flipboard.si,,23,仅历史可注册证据（需重查）,,2026-09-30T17:30:50.617Z,来源名Flipboard；独立转售用途未获支持，不能推定品牌回购,未取得无关独立买家用途证据；源品牌不是购买意向,未做逐名权利净空；品牌门是投资证据约束,False,,中外公司及品牌扩扫,https://regery.com/en/bulksearch,,,,,,
2859,fluentbit.si,,23,仅历史可注册证据（需重查）,,2026-09-30T17:30:50.617Z,来源名Fluent Bit；独立转售用途未获支持，不能推定品牌回购,未取得无关独立买家用途证据；源品牌不是购买意向,未做逐名权利净空；品牌门是投资证据约束,False,,中外公司及品牌扩扫,https://regery.com/en/bulksearch,,,,,,
2860,fluentd.si,,23,仅历史可注册证据（需重查）,,2026-09-30T17:30:50.617Z,来源名Fluentd；独立转售用途未获支持，不能推定品牌回购,未取得无关独立买家用途证据；源品牌不是购买意向,未做逐名权利净空；品牌门是投资证据约束,False,,中外公司及品牌扩扫,https://regery.com/en/bulksearch,,,,,,
2861,fontbase.si,,23,仅历史可注册证据（需重查）,,2026-09-30T17:30:50.617Z,来源名FontBase；独立转售用途未获支持，不能推定品牌回购,未取得无关独立买家用途证据；源品牌不是购买意向,未做逐名权利净空；品牌门是投资证据约束,False,,中外公司及品牌扩扫,https://regery.com/en/bulksearch,,,,,,
2862,fontforge.si,,23,仅历史可注册证据（需重查）,,2026-09-30T17:30:50.617Z,来源名FontForge；独立转售用途未获支持，不能推定品牌回购,未取得无关独立买家用途证据；源品牌不是购买意向,未做逐名权利净空；品牌门是投资证据约束,False,,中外公司及品牌扩扫,https://regery.com/en/bulksearch,,,,,,
2863,forgejo.si,,23,仅历史可注册证据（需重查）,,2026-09-30T17:30:50.617Z,来源名Forgejo；独立转售用途未获支持，不能推定品牌回购,未取得无关独立买家用途证据；源品牌不是购买意向,未做逐名权利净空；品牌门是投资证据约束,False,,中外公司及品牌扩扫,https://regery.com/en/bulksearch,,,,,,
2864,formspree.si,,23,仅历史可注册证据（需重查）,,2026-09-30T17:30:50.617Z,来源名Formspree；独立转售用途未获支持，不能推定品牌回购,未取得无关独立买家用途证据；源品牌不是购买意向,未做逐名权利净空；品牌门是投资证据约束,False,,中外公司及品牌扩扫,https://regery.com/en/bulksearch,,,,,,
2865,formstack.si,,23,仅历史可注册证据（需重查）,,2026-09-30T17:30:50.617Z,来源名Formstack；独立转售用途未获支持，不能推定品牌回购,未取得无关独立买家用途证据；源品牌不是购买意向,未做逐名权利净空；品牌门是投资证据约束,False,,中外公司及品牌扩扫,https://regery.com/en/bulksearch,,,,,,
2866,fossilscm.si,,23,仅历史可注册证据（需重查）,,2026-09-30T17:30:50.617Z,来源名Fossil SCM；独立转售用途未获支持，不能推定品牌回购,未取得无关独立买家用途证据；源品牌不是购买意向,未做逐名权利净空；品牌门是投资证据约束,False,,中外公司及品牌扩扫,https://regery.com/en/bulksearch,,,,,,
2867,franprix.si,,23,仅历史可注册证据（需重查）,,2026-09-30T17:30:50.617Z,来源名Franprix；独立转售用途未获支持，不能推定品牌回购,未取得无关独立买家用途证据；源品牌不是购买意向,未做逐名权利净空；品牌门是投资证据约束,False,,中外公司及品牌扩扫,https://regery.com/en/bulksearch,,,,,,
2868,freecad.si,,23,仅历史可注册证据（需重查）,,2026-09-30T17:30:50.617Z,来源名FreeCAD；独立转售用途未获支持，不能推定品牌回购,未取得无关独立买家用途证据；源品牌不是购买意向,未做逐名权利净空；品牌门是投资证据约束,False,,中外公司及品牌扩扫,https://regery.com/en/bulksearch,,,,,,
2869,freenas.si,,23,仅历史可注册证据（需重查）,,2026-09-30T17:30:50.617Z,来源名FreeNAS；独立转售用途未获支持，不能推定品牌回购,未取得无关独立买家用途证据；源品牌不是购买意向,未做逐名权利净空；品牌门是投资证据约束,False,,中外公司及品牌扩扫,https://regery.com/en/bulksearch,,,,,,
2870,freepik.si,,23,仅历史可注册证据（需重查）,,2026-09-30T17:30:50.617Z,来源名Freepik；独立转售用途未获支持，不能推定品牌回购,未取得无关独立买家用途证据；源品牌不是购买意向,未做逐名权利净空；品牌门是投资证据约束,False,,中外公司及品牌扩扫,https://regery.com/en/bulksearch,,,,,,
2871,freetube.si,,23,仅历史可注册证据（需重查）,,2026-09-30T17:30:50.617Z,来源名FreeTube；独立转售用途未获支持，不能推定品牌回购,未取得无关独立买家用途证据；源品牌不是购买意向,未做逐名权利净空；品牌门是投资证据约束,False,,中外公司及品牌扩扫,https://regery.com/en/bulksearch,,,,,,
2872,freshrss.si,,23,仅历史可注册证据（需重查）,,2026-09-30T17:30:50.617Z,来源名FreshRSS；独立转售用途未获支持，不能推定品牌回购,未取得无关独立买家用途证据；源品牌不是购买意向,未做逐名权利净空；品牌门是投资证据约束,False,,中外公司及品牌扩扫,https://regery.com/en/bulksearch,,,,,,
2873,frontify.si,,23,仅历史可注册证据（需重查）,,2026-09-30T17:31:08.840Z,来源名Frontify；独立转售用途未获支持，不能推定品牌回购,未取得无关独立买家用途证据；源品牌不是购买意向,未做逐名权利净空；品牌门是投资证据约束,False,,中外公司及品牌扩扫,https://regery.com/en/bulksearch,,,,,,
2874,fugacloud.si,,23,仅历史可注册证据（需重查）,,2026-09-30T17:31:08.840Z,来源名Fuga Cloud；独立转售用途未获支持，不能推定品牌回购,未取得无关独立买家用途证据；源品牌不是购买意向,未做逐名权利净空；品牌门是投资证据约束,False,,中外公司及品牌扩扫,https://regery.com/en/bulksearch,,,,,,
2875,gamasutra.si,,23,仅历史可注册证据（需重查）,,2026-09-30T17:31:08.840Z,来源名Game Developer；独立转售用途未获支持，不能推定品牌回购,未取得无关独立买家用途证据；源品牌不是购买意向,未做逐名权利净空；品牌门是投资证据约束,False,,中外公司及品牌扩扫,https://regery.com/en/bulksearch,,,,,,
2876,gamejolt.si,,23,仅历史可注册证据（需重查）,,2026-09-30T17:31:08.840Z,来源名Game Jolt；独立转售用途未获支持，不能推定品牌回购,未取得无关独立买家用途证据；源品牌不是购买意向,未做逐名权利净空；品牌门是投资证据约束,False,,中外公司及品牌扩扫,https://regery.com/en/bulksearch,,,,,,
2877,gameloft.si,,23,仅历史可注册证据（需重查）,,2026-09-30T17:31:08.840Z,来源名Gameloft；独立转售用途未获支持，不能推定品牌回购,未取得无关独立买家用途证据；源品牌不是购买意向,未做逐名权利净空；品牌门是投资证据约束,False,,中外公司及品牌扩扫,https://regery.com/en/bulksearch,,,,,,
2878,geopandas.si,,23,仅历史可注册证据（需重查）,,2026-09-30T17:31:08.840Z,来源名GeoPandas；独立转售用途未获支持，不能推定品牌回购,未取得无关独立买家用途证据；源品牌不是购买意向,未做逐名权利净空；品牌门是投资证据约束,False,,中外公司及品牌扩扫,https://regery.com/en/bulksearch,,,,,,
2879,ghostery.si,,23,仅历史可注册证据（需重查）,,2026-09-30T17:31:08.840Z,来源名Ghostery；独立转售用途未获支持，不能推定品牌回购,未取得无关独立买家用途证据；源品牌不是购买意向,未做逐名权利净空；品牌门是投资证据约束,False,,中外公司及品牌扩扫,https://regery.com/en/bulksearch,,,,,,
2880,gitkraken.si,,23,仅历史可注册证据（需重查）,,2026-09-30T17:31:08.840Z,来源名GitKraken；独立转售用途未获支持，不能推定品牌回购,未取得无关独立买家用途证据；源品牌不是购买意向,未做逐名权利净空；品牌门是投资证据约束,False,,中外公司及品牌扩扫,https://regery.com/en/bulksearch,,,,,,
2881,gnubash.si,,23,仅历史可注册证据（需重查）,,2026-09-30T17:31:08.840Z,来源名GNU Bash；独立转售用途未获支持，不能推定品牌回购,未取得无关独立买家用途证据；源品牌不是购买意向,未做逐名权利净空；品牌门是投资证据约束,False,,中外公司及品牌扩扫,https://regery.com/en/bulksearch,,,,,,
2882,gnuemacs.si,,23,仅历史可注册证据（需重查）,,2026-09-30T17:31:08.840Z,来源名GNU Emacs；独立转售用途未获支持，不能推定品牌回购,未取得无关独立买家用途证据；源品牌不是购买意向,未做逐名权利净空；品牌门是投资证据约束,False,,中外公司及品牌扩扫,https://regery.com/en/bulksearch,,,,,,
2883,gnuicecat.si,,23,仅历史可注册证据（需重查）,,2026-09-30T17:31:08.840Z,来源名GNU IceCat；独立转售用途未获支持，不能推定品牌回购,未取得无关独立买家用途证据；源品牌不是购买意向,未做逐名权利净空；品牌门是投资证据约束,False,,中外公司及品牌扩扫,https://regery.com/en/bulksearch,,,,,,
2884,gnusocial.si,,23,仅历史可注册证据（需重查）,,2026-09-30T17:31:08.840Z,来源名GNU social；独立转售用途未获支持，不能推定品牌回购,未取得无关独立买家用途证据；源品牌不是购买意向,未做逐名权利净空；品牌门是投资证据约束,False,,中外公司及品牌扩扫,https://regery.com/en/bulksearch,,,,,,
2885,googletv.si,,23,仅历史可注册证据（需重查）,,2026-09-30T17:31:42.306Z,来源名Google TV；独立转售用途未获支持，不能推定品牌回购,未取得无关独立买家用途证据；源品牌不是购买意向,未做逐名权利净空；品牌门是投资证据约束,False,,中外公司及品牌扩扫,https://regery.com/en/bulksearch,,,,,,
2886,gravatar.si,,23,仅历史可注册证据（需重查）,,2026-09-30T17:31:42.306Z,来源名Gravatar；独立转售用途未获支持，不能推定品牌回购,未取得无关独立买家用途证据；源品牌不是购买意向,未做逐名权利净空；品牌门是投资证据约束,False,,中外公司及品牌扩扫,https://regery.com/en/bulksearch,,,,,,
2887,greensock.si,,23,仅历史可注册证据（需重查）,,2026-09-30T17:31:42.306Z,来源名GreenSock；独立转售用途未获支持，不能推定品牌回购,未取得无关独立买家用途证据；源品牌不是购买意向,未做逐名权利净空；品牌门是投资证据约束,False,,中外公司及品牌扩扫,https://regery.com/en/bulksearch,,,,,,
2888,gridsome.si,,23,仅历史可注册证据（需重查）,,2026-09-30T17:31:42.306Z,来源名Gridsome；独立转售用途未获支持，不能推定品牌回购,未取得无关独立买家用途证据；源品牌不是购买意向,未做逐名权利净空；品牌门是投资证据约束,False,,中外公司及品牌扩扫,https://regery.com/en/bulksearch,,,,,,
2889,groupme.si,,23,仅历史可注册证据（需重查）,,2026-09-30T17:31:42.306Z,来源名GroupMe；独立转售用途未获支持，不能推定品牌回购,未取得无关独立买家用途证据；源品牌不是购买意向,未做逐名权利净空；品牌门是投资证据约束,False,,中外公司及品牌扩扫,https://regery.com/en/bulksearch,,,,,,
2890,gstreamer.si,,23,仅历史可注册证据（需重查）,,2026-09-30T17:41:34.277Z,来源名GStreamer；独立转售用途未获支持，不能推定品牌回购,未取得无关独立买家用途证据；源品牌不是购买意向,未做逐名权利净空；品牌门是投资证据约束,False,,中外公司及品牌扩扫,https://my.eurodns.com/das/search,,,,,,
2891,guilded.si,,23,仅历史可注册证据（需重查）,,2026-09-30T17:41:34.277Z,来源名Guilded；独立转售用途未获支持，不能推定品牌回购,未取得无关独立买家用途证据；源品牌不是购买意向,未做逐名权利净空；品牌门是投资证据约束,False,,中外公司及品牌扩扫,https://my.eurodns.com/das/search,,,,,,
2892,guitarpro.si,,23,仅历史可注册证据（需重查）,,2026-09-30T17:41:34.277Z,来源名Guitar Pro；独立转售用途未获支持，不能推定品牌回购,未取得无关独立买家用途证据；源品牌不是购买意向,未做逐名权利净空；品牌门是投资证据约束,False,,中外公司及品牌扩扫,https://my.eurodns.com/das/search,,,,,,
2893,gumroad.si,,23,仅历史可注册证据（需重查）,,2026-09-30T17:41:34.277Z,来源名Gumroad；独立转售用途未获支持，不能推定品牌回购,未取得无关独立买家用途证据；源品牌不是购买意向,未做逐名权利净空；品牌门是投资证据约束,False,,中外公司及品牌扩扫,https://my.eurodns.com/das/search,,,,,,
2894,gumtree.si,,23,仅历史可注册证据（需重查）,,2026-09-30T17:41:34.277Z,来源名Gumtree；独立转售用途未获支持，不能推定品牌回购,未取得无关独立买家用途证据；源品牌不是购买意向,未做逐名权利净空；品牌门是投资证据约束,False,,中外公司及品牌扩扫,https://my.eurodns.com/das/search,,,,,,
2895,gunicorn.si,,23,仅历史可注册证据（需重查）,,2026-09-30T17:41:34.277Z,来源名Gunicorn；独立转售用途未获支持，不能推定品牌回购,未取得无关独立买家用途证据；源品牌不是购买意向,未做逐名权利净空；品牌门是投资证据约束,False,,中外公司及品牌扩扫,https://my.eurodns.com/das/search,,,,,,
2896,hackclub.si,,23,仅历史可注册证据（需重查）,,2026-09-30T17:41:34.277Z,来源名Hack Club；独立转售用途未获支持，不能推定品牌回购,未取得无关独立买家用途证据；源品牌不是购买意向,未做逐名权利净空；品牌门是投资证据约束,False,,中外公司及品牌扩扫,https://my.eurodns.com/das/search,,,,,,
2897,harmonyos.si,,23,仅历史可注册证据（需重查）,,2026-09-30T17:41:34.277Z,来源名HarmonyOS；独立转售用途未获支持，不能推定品牌回购,未取得无关独立买家用途证据；源品牌不是购买意向,未做逐名权利净空；品牌门是投资证据约束,False,,中外公司及品牌扩扫,https://my.eurodns.com/das/search,,,,,,
2898,hdfcbank.si,,23,仅历史可注册证据（需重查）,,2026-09-30T17:41:34.277Z,来源名HDFC Bank；独立转售用途未获支持，不能推定品牌回购,未取得无关独立买家用途证据；源品牌不是购买意向,未做逐名权利净空；品牌门是投资证据约束,False,,中外公司及品牌扩扫,https://my.eurodns.com/das/search,,,,,,
2899,honeygain.si,,23,仅历史可注册证据（需重查）,,2026-09-30T17:41:34.277Z,来源名Honeygain；独立转售用途未获支持，不能推定品牌回购,未取得无关独立买家用途证据；源品牌不是购买意向,未做逐名权利净空；品牌门是投资证据约束,False,,中外公司及品牌扩扫,https://my.eurodns.com/das/search,,,,,,
2900,hotelscom.si,,23,仅历史可注册证据（需重查）,,2026-09-30T17:34:47.071Z,来源名Hotels.com；独立转售用途未获支持，不能推定品牌回购,未取得无关独立买家用途证据；源品牌不是购买意向,未做逐名权利净空；品牌门是投资证据约束,False,,中外公司及品牌扩扫,https://regery.com/en/bulksearch,,,,,,
2901,htcvive.si,,23,仅历史可注册证据（需重查）,,2026-09-30T17:34:47.071Z,来源名HTC Vive；独立转售用途未获支持，不能推定品牌回购,未取得无关独立买家用途证据；源品牌不是购买意向,未做逐名权利净空；品牌门是投资证据约束,False,,中外公司及品牌扩扫,https://regery.com/en/bulksearch,,,,,,
2902,icicibank.si,,23,仅历史可注册证据（需重查）,,2026-09-30T17:34:47.071Z,来源名ICICI Bank；独立转售用途未获支持，不能推定品牌回购,未取得无关独立买家用途证据；源品牌不是购买意向,未做逐名权利净空；品牌门是投资证据约束,False,,中外公司及品牌扩扫,https://regery.com/en/bulksearch,,,,,,
2903,imagesc.si,,23,仅历史可注册证据（需重查）,,2026-09-30T17:34:47.071Z,来源名Image.sc；独立转售用途未获支持，不能推定品牌回购,未取得无关独立买家用途证据；源品牌不是购买意向,未做逐名权利净空；品牌门是投资证据约束,False,,中外公司及品牌扩扫,https://regery.com/en/bulksearch,,,,,,
2904,inoreader.si,,23,仅历史可注册证据（需重查）,,2026-09-30T17:34:47.071Z,来源名Inoreader；独立转售用途未获支持，不能推定品牌回购,未取得无关独立买家用途证据；源品牌不是购买意向,未做逐名权利净空；品牌门是投资证据约束,False,,中外公司及品牌扩扫,https://regery.com/en/bulksearch,,,,,,
2905,interbase.si,,23,仅历史可注册证据（需重查）,,2026-09-30T17:34:47.071Z,来源名Interbase；独立转售用途未获支持，不能推定品牌回购,未取得无关独立买家用途证据；源品牌不是购买意向,未做逐名权利净空；品牌门是投资证据约束,False,,中外公司及品牌扩扫,https://regery.com/en/bulksearch,,,,,,
2906,intigriti.si,,23,仅历史可注册证据（需重查）,,2026-09-30T17:34:47.071Z,来源名Intigriti；独立转售用途未获支持，不能推定品牌回购,未取得无关独立买家用途证据；源品牌不是购买意向,未做逐名权利净空；品牌门是投资证据约束,False,,中外公司及品牌扩扫,https://regery.com/en/bulksearch,,,,,,
2907,iobroker.si,,23,仅历史可注册证据（需重查）,,2026-09-30T17:34:47.071Z,来源名ioBroker；独立转售用途未获支持，不能推定品牌回购,未取得无关独立买家用途证据；源品牌不是购买意向,未做逐名权利净空；品牌门是投资证据约束,False,,中外公司及品牌扩扫,https://regery.com/en/bulksearch,,,,,,
2908,kakaotalk.si,,23,仅历史可注册证据（需重查）,,2026-09-30T17:35:30.867Z,来源名KakaoTalk；独立转售用途未获支持，不能推定品牌回购,未取得无关独立买家用途证据；源品牌不是购买意向,未做逐名权利净空；品牌门是投资证据约束,False,,中外公司及品牌扩扫,https://regery.com/en/bulksearch,,,,,,
2909,kalilinux.si,,23,仅历史可注册证据（需重查）,,2026-09-30T17:35:30.867Z,来源名Kali Linux；独立转售用途未获支持，不能推定品牌回购,未取得无关独立买家用途证据；源品牌不是购买意向,未做逐名权利净空；品牌门是投资证据约束,False,,中外公司及品牌扩扫,https://regery.com/en/bulksearch,,,,,,
2910,karakeep.si,,23,仅历史可注册证据（需重查）,,2026-09-30T17:35:30.867Z,来源名Karakeep；独立转售用途未获支持，不能推定品牌回购,未取得无关独立买家用途证据；源品牌不是购买意向,未做逐名权利净空；品牌门是投资证据约束,False,,中外公司及品牌扩扫,https://regery.com/en/bulksearch,,,,,,
2911,kasasmart.si,,23,仅历史可注册证据（需重查）,,2026-09-30T17:35:30.867Z,来源名Kasa Smart；独立转售用途未获支持，不能推定品牌回购,未取得无关独立买家用途证据；源品牌不是购买意向,未做逐名权利净空；品牌门是投资证据约束,False,,中外公司及品牌扩扫,https://regery.com/en/bulksearch,,,,,,
2912,kashflow.si,,23,仅历史可注册证据（需重查）,,2026-09-30T17:35:30.867Z,来源名KashFlow；独立转售用途未获支持，不能推定品牌回购,未取得无关独立买家用途证据；源品牌不是购买意向,未做逐名权利净空；品牌门是投资证据约束,False,,中外公司及品牌扩扫,https://regery.com/en/bulksearch,,,,,,
2913,kdeneon.si,,23,仅历史可注册证据（需重查）,,2026-09-30T17:35:30.867Z,来源名KDE neon；独立转售用途未获支持，不能推定品牌回购,未取得无关独立买家用途证据；源品牌不是购买意向,未做逐名权利净空；品牌门是投资证据约束,False,,中外公司及品牌扩扫,https://regery.com/en/bulksearch,,,,,,
2914,kdeplasma.si,,23,仅历史可注册证据（需重查）,,2026-09-30T17:35:30.867Z,来源名KDE Plasma；独立转售用途未获支持，不能推定品牌回购,未取得无关独立买家用途证据；源品牌不是购买意向,未做逐名权利净空；品牌门是投资证据约束,False,,中外公司及品牌扩扫,https://regery.com/en/bulksearch,,,,,,
2915,kdenlive.si,,23,仅历史可注册证据（需重查）,,2026-09-30T17:35:30.867Z,来源名Kdenlive；独立转售用途未获支持，不能推定品牌回购,未取得无关独立买家用途证据；源品牌不是购买意向,未做逐名权利净空；品牌门是投资证据约束,False,,中外公司及品牌扩扫,https://regery.com/en/bulksearch,,,,,,
2916,keepassxc.si,,23,仅历史可注册证据（需重查）,,2026-09-30T17:35:30.867Z,来源名KeePassXC；独立转售用途未获支持，不能推定品牌回购,未取得无关独立买家用途证据；源品牌不是购买意向,未做逐名权利净空；品牌门是投资证据约束,False,,中外公司及品牌扩扫,https://regery.com/en/bulksearch,,,,,,
2917,keycloak.si,,23,仅历史可注册证据（需重查）,,2026-09-30T17:35:30.867Z,来源名Keycloak；独立转售用途未获支持，不能推定品牌回购,未取得无关独立买家用途证据；源品牌不是购买意向,未做逐名权利净空；品牌门是投资证据约束,False,,中外公司及品牌扩扫,https://regery.com/en/bulksearch,,,,,,
2918,kinopoisk.si,,23,仅历史可注册证据（需重查）,,2026-09-30T17:35:30.867Z,来源名Kinopoisk；独立转售用途未获支持，不能推定品牌回购,未取得无关独立买家用途证据；源品牌不是购买意向,未做逐名权利净空；品牌门是投资证据约束,False,,中外公司及品牌扩扫,https://regery.com/en/bulksearch,,,,,,
2919,koreader.si,,23,仅历史可注册证据（需重查）,,2026-09-30T17:35:30.867Z,来源名KOReader；独立转售用途未获支持，不能推定品牌回购,未取得无关独立买家用途证据；源品牌不是购买意向,未做逐名权利净空；品牌门是投资证据约束,False,,中外公司及品牌扩扫,https://regery.com/en/bulksearch,,,,,,
2920,kubespray.si,,23,仅历史可注册证据（需重查）,,2026-09-30T17:35:30.867Z,来源名Kubespray；独立转售用途未获支持，不能推定品牌回购,未取得无关独立买家用途证据；源品牌不是购买意向,未做逐名权利净空；品牌门是投资证据约束,False,,中外公司及品牌扩扫,https://regery.com/en/bulksearch,,,,,,
2921,lequipe.si,,23,仅历史可注册证据（需重查）,,2026-09-30T17:35:30.867Z,来源名L'Équipe；独立转售用途未获支持，不能推定品牌回购,未取得无关独立买家用途证据；源品牌不是购买意向,未做逐名权利净空；品牌门是投资证据约束,False,,中外公司及品牌扩扫,https://regery.com/en/bulksearch,,,,,,
2922,lefthook.si,,23,仅历史可注册证据（需重查）,,2026-09-30T17:36:09.443Z,来源名Lefthook；独立转售用途未获支持，不能推定品牌回购,未取得无关独立买家用途证据；源品牌不是购买意向,未做逐名权利净空；品牌门是投资证据约束,False,,中外公司及品牌扩扫,https://regery.com/en/bulksearch,,,,,,
2923,levelsfyi.si,,23,仅历史可注册证据（需重查）,,2026-09-30T17:36:09.443Z,来源名levels.fyi；独立转售用途未获支持，不能推定品牌回购,未取得无关独立买家用途证据；源品牌不是购买意向,未做逐名权利净空；品牌门是投资证据约束,False,,中外公司及品牌扩扫,https://regery.com/en/bulksearch,,,,,,
2924,liberapay.si,,23,仅历史可注册证据（需重查）,,2026-09-30T17:36:09.443Z,来源名Liberapay；独立转售用途未获支持，不能推定品牌回购,未取得无关独立买家用途证据；源品牌不是购买意向,未做逐名权利净空；品牌门是投资证据约束,False,,中外公司及品牌扩扫,https://regery.com/en/bulksearch,,,,,,
2925,libretube.si,,23,仅历史可注册证据（需重查）,,2026-09-30T17:36:09.443Z,来源名LibreTube；独立转售用途未获支持，不能推定品牌回购,未取得无关独立买家用途证据；源品牌不是购买意向,未做逐名权利净空；品牌门是投资证据约束,False,,中外公司及品牌扩扫,https://regery.com/en/bulksearch,,,,,,
2926,librewolf.si,,23,仅历史可注册证据（需重查）,,2026-09-30T17:36:09.443Z,来源名LibreWolf；独立转售用途未获支持，不能推定品牌回购,未取得无关独立买家用途证据；源品牌不是购买意向,未做逐名权利净空；品牌门是投资证据约束,False,,中外公司及品牌扩扫,https://regery.com/en/bulksearch,,,,,,
2927,lightburn.si,,23,仅历史可注册证据（需重查）,,2026-09-30T17:36:09.443Z,来源名LightBurn；独立转售用途未获支持，不能推定品牌回购,未取得无关独立买家用途证据；源品牌不是购买意向,未做逐名权利净空；品牌门是投资证据约束,False,,中外公司及品牌扩扫,https://regery.com/en/bulksearch,,,,,,
2928,lineageos.si,,23,仅历史可注册证据（需重查）,,2026-09-30T17:36:09.443Z,来源名LineageOS；独立转售用途未获支持，不能推定品牌回购,未取得无关独立买家用途证据；源品牌不是购买意向,未做逐名权利净空；品牌门是投资证据约束,False,,中外公司及品牌扩扫,https://regery.com/en/bulksearch,,,,,,
2929,linkfire.si,,23,仅历史可注册证据（需重查）,,2026-09-30T17:36:09.443Z,来源名Linkfire；独立转售用途未获支持，不能推定品牌回购,未取得无关独立买家用途证据；源品牌不是购买意向,未做逐名权利净空；品牌门是投资证据约束,False,,中外公司及品牌扩扫,https://regery.com/en/bulksearch,,,,,,
2930,linktree.si,,23,仅历史可注册证据（需重查）,,2026-09-30T17:36:09.443Z,来源名Linktree；独立转售用途未获支持，不能推定品牌回购,未取得无关独立买家用途证据；源品牌不是购买意向,未做逐名权利净空；品牌门是投资证据约束,False,,中外公司及品牌扩扫,https://regery.com/en/bulksearch,,,,,,
2931,linphone.si,,23,仅历史可注册证据（需重查）,,2026-09-30T17:36:09.443Z,来源名Linphone；独立转售用途未获支持，不能推定品牌回购,未取得无关独立买家用途证据；源品牌不是购买意向,未做逐名权利净空；品牌门是投资证据约束,False,,中外公司及品牌扩扫,https://regery.com/en/bulksearch,,,,,,
2932,lintcode.si,,23,仅历史可注册证据（需重查）,,2026-09-30T17:36:09.443Z,来源名LintCode；独立转售用途未获支持，不能推定品牌回购,未取得无关独立买家用途证据；源品牌不是购买意向,未做逐名权利净空；品牌门是投资证据约束,False,,中外公司及品牌扩扫,https://regery.com/en/bulksearch,,,,,,
2933,lionair.si,,23,仅历史可注册证据（需重查）,,2026-09-30T17:36:09.443Z,来源名Lion Air；独立转售用途未获支持，不能推定品牌回购,未取得无关独立买家用途证据；源品牌不是购买意向,未做逐名权利净空；品牌门是投资证据约束,False,,中外公司及品牌扩扫,https://regery.com/en/bulksearch,,,,,,
2934,liquibase.si,,23,仅历史可注册证据（需重查）,,2026-09-30T17:36:09.443Z,来源名Liquibase；独立转售用途未获支持，不能推定品牌回购,未取得无关独立买家用途证据；源品牌不是购买意向,未做逐名权利净空；品牌门是投资证据约束,False,,中外公司及品牌扩扫,https://regery.com/en/bulksearch,,,,,,
2935,listenhub.si,,23,仅历史可注册证据（需重查）,,2026-09-30T17:36:09.443Z,来源名ListenHub；独立转售用途未获支持，不能推定品牌回购,未取得无关独立买家用途证据；源品牌不是购买意向,未做逐名权利净空；品牌门是投资证据约束,False,,中外公司及品牌扩扫,https://regery.com/en/bulksearch,,,,,,
2936,listmonk.si,,23,仅历史可注册证据（需重查）,,2026-09-30T17:36:09.443Z,来源名listmonk；独立转售用途未获支持，不能推定品牌回购,未取得无关独立买家用途证据；源品牌不是购买意向,未做逐名权利净空；品牌门是投资证据约束,False,,中外公司及品牌扩扫,https://regery.com/en/bulksearch,,,,,,
2937,localsend.si,,23,仅历史可注册证据（需重查）,,2026-09-30T17:36:31.187Z,来源名LocalSend；独立转售用途未获支持，不能推定品牌回购,未取得无关独立买家用途证据；源品牌不是购买意向,未做逐名权利净空；品牌门是投资证据约束,False,,中外公司及品牌扩扫,https://regery.com/en/bulksearch,,,,,,
2938,logstash.si,,23,仅历史可注册证据（需重查）,,2026-09-30T17:36:31.187Z,来源名Logstash；独立转售用途未获支持，不能推定品牌回购,未取得无关独立买家用途证据；源品牌不是购买意向,未做逐名权利净空；品牌门是投资证据约束,False,,中外公司及品牌扩扫,https://regery.com/en/bulksearch,,,,,,
2939,lootcrate.si,,23,仅历史可注册证据（需重查）,,2026-09-30T17:36:31.187Z,来源名Loot Crate；独立转售用途未获支持，不能推定品牌回购,未取得无关独立买家用途证据；源品牌不是购买意向,未做逐名权利净空；品牌门是投资证据约束,False,,中外公司及品牌扩扫,https://regery.com/en/bulksearch,,,,,,
2940,macports.si,,23,仅历史可注册证据（需重查）,,2026-09-30T17:36:31.187Z,来源名MacPorts；独立转售用途未获支持，不能推定品牌回购,未取得无关独立买家用途证据；源品牌不是购买意向,未做逐名权利净空；品牌门是投资证据约束,False,,中外公司及品牌扩扫,https://regery.com/en/bulksearch,,,,,,
2941,magasinsu.si,,23,仅历史可注册证据（需重查）,,2026-09-30T17:36:31.187Z,来源名Magasins U；独立转售用途未获支持，不能推定品牌回购,未取得无关独立买家用途证据；源品牌不是购买意向,未做逐名权利净空；品牌门是投资证据约束,False,,中外公司及品牌扩扫,https://regery.com/en/bulksearch,,,,,,
2942,mailcom.si,,23,仅历史可注册证据（需重查）,,2026-09-30T17:36:31.187Z,来源名mail.com；独立转售用途未获支持，不能推定品牌回购,未取得无关独立买家用途证据；源品牌不是购买意向,未做逐名权利净空；品牌门是投资证据约束,False,,中外公司及品牌扩扫,https://regery.com/en/bulksearch,,,,,,
2943,mailgun.si,,23,仅历史可注册证据（需重查）,,2026-09-30T17:36:31.187Z,来源名Mailgun；独立转售用途未获支持，不能推定品牌回购,未取得无关独立买家用途证据；源品牌不是购买意向,未做逐名权利净空；品牌门是投资证据约束,False,,中外公司及品牌扩扫,https://regery.com/en/bulksearch,,,,,,
2944,mailtrap.si,,23,仅历史可注册证据（需重查）,,2026-09-30T17:36:31.187Z,来源名Mailtrap；独立转售用途未获支持，不能推定品牌回购,未取得无关独立买家用途证据；源品牌不是购买意向,未做逐名权利净空；品牌门是投资证据约束,False,,中外公司及品牌扩扫,https://regery.com/en/bulksearch,,,,,,
2945,makerbot.si,,23,仅历史可注册证据（需重查）,,2026-09-30T17:36:31.187Z,来源名MakerBot；独立转售用途未获支持，不能推定品牌回购,未取得无关独立买家用途证据；源品牌不是购买意向,未做逐名权利净空；品牌门是投资证据约束,False,,中外公司及品牌扩扫,https://regery.com/en/bulksearch,,,,,,
2946,mambaui.si,,23,仅历史可注册证据（需重查）,,2026-09-30T17:36:31.187Z,来源名Mamba UI；独立转售用途未获支持，不能推定品牌回购,未取得无关独立买家用途证据；源品牌不是购买意向,未做逐名权利净空；品牌门是投资证据约束,False,,中外公司及品牌扩扫,https://regery.com/en/bulksearch,,,,,,
2947,manageiq.si,,23,仅历史可注册证据（需重查）,,2026-09-30T17:36:31.187Z,来源名ManageIQ；独立转售用途未获支持，不能推定品牌回购,未取得无关独立买家用途证据；源品牌不是购买意向,未做逐名权利净空；品牌门是投资证据约束,False,,中外公司及品牌扩扫,https://regery.com/en/bulksearch,,,,,,
2948,manjaro.si,,23,仅历史可注册证据（需重查）,,2026-09-30T17:36:31.187Z,来源名Manjaro；独立转售用途未获支持，不能推定品牌回购,未取得无关独立买家用途证据；源品牌不是购买意向,未做逐名权利净空；品牌门是投资证据约束,False,,中外公司及品牌扩扫,https://regery.com/en/bulksearch,,,,,,
2949,mantine.si,,23,仅历史可注册证据（需重查）,,2026-09-30T17:36:31.187Z,来源名Mantine；独立转售用途未获支持，不能推定品牌回购,未取得无关独立买家用途证据；源品牌不是购买意向,未做逐名权利净空；品牌门是投资证据约束,False,,中外公司及品牌扩扫,https://regery.com/en/bulksearch,,,,,,
2950,mapillary.si,,23,仅历史可注册证据（需重查）,,2026-09-30T17:36:31.187Z,来源名Mapillary；独立转售用途未获支持，不能推定品牌回购,未取得无关独立买家用途证据；源品牌不是购买意向,未做逐名权利净空；品牌门是投资证据约束,False,,中外公司及品牌扩扫,https://regery.com/en/bulksearch,,,,,,
2951,maplibre.si,,23,仅历史可注册证据（需重查）,,2026-09-30T17:36:31.187Z,来源名MapLibre；独立转售用途未获支持，不能推定品牌回购,未取得无关独立买家用途证据；源品牌不是购买意向,未做逐名权利净空；品牌门是投资证据约束,False,,中外公司及品牌扩扫,https://regery.com/en/bulksearch,,,,,,
2952,maptiler.si,,23,仅历史可注册证据（需重查）,,2026-09-30T17:36:31.187Z,来源名MapTiler；独立转售用途未获支持，不能推定品牌回购,未取得无关独立买家用途证据；源品牌不是购买意向,未做逐名权利净空；品牌门是投资证据约束,False,,中外公司及品牌扩扫,https://regery.com/en/bulksearch,,,,,,
2953,mariadb.si,,23,仅历史可注册证据（需重查）,,2026-09-30T17:36:31.187Z,来源名MariaDB；独立转售用途未获支持，不能推定品牌回购,未取得无关独立买家用途证据；源品牌不是购买意向,未做逐名权利净空；品牌门是投资证据约束,False,,中外公司及品牌扩扫,https://regery.com/en/bulksearch,,,,,,
2954,marvelapp.si,,23,仅历史可注册证据（需重查）,,2026-09-30T17:36:31.187Z,来源名MarvelApp；独立转售用途未获支持，不能推定品牌回购,未取得无关独立买家用途证据；源品牌不是购买意向,未做逐名权利净空；品牌门是投资证据约束,False,,中外公司及品牌扩扫,https://regery.com/en/bulksearch,,,,,,
2955,maserati.si,,23,仅历史可注册证据（需重查）,,2026-09-30T17:36:31.187Z,来源名Maserati；独立转售用途未获支持，不能推定品牌回购,未取得无关独立买家用途证据；源品牌不是购买意向,未做逐名权利净空；品牌门是投资证据约束,False,,中外公司及品牌扩扫,https://regery.com/en/bulksearch,,,,,,
2956,matillion.si,,23,仅历史可注册证据（需重查）,,2026-09-30T17:36:31.187Z,来源名Matillion；独立转售用途未获支持，不能推定品牌回购,未取得无关独立买家用途证据；源品牌不是购买意向,未做逐名权利净空；品牌门是投资证据约束,False,,中外公司及品牌扩扫,https://regery.com/en/bulksearch,,,,,,
2957,matterjs.si,,23,仅历史可注册证据（需重查）,,2026-09-30T17:36:31.187Z,来源名Matter.js；独立转售用途未获支持，不能推定品牌回购,未取得无关独立买家用途证据；源品牌不是购买意向,未做逐名权利净空；品牌门是投资证据约束,False,,中外公司及品牌扩扫,https://regery.com/en/bulksearch,,,,,,
2958,matternet.si,,23,仅历史可注册证据（需重查）,,2026-09-30T17:36:31.187Z,来源名Matternet；独立转售用途未获支持，不能推定品牌回购,未取得无关独立买家用途证据；源品牌不是购买意向,未做逐名权利净空；品牌门是投资证据约束,False,,中外公司及品牌扩扫,https://regery.com/en/bulksearch,,,,,,
2959,mdblist.si,,23,仅历史可注册证据（需重查）,,2026-09-30T17:37:10.063Z,来源名MDBList；独立转售用途未获支持，不能推定品牌回购,未取得无关独立买家用途证据；源品牌不是购买意向,未做逐名权利净空；品牌门是投资证据约束,False,,中外公司及品牌扩扫,https://regery.com/en/bulksearch,,,,,,
2960,mediafire.si,,23,仅历史可注册证据（需重查）,,2026-09-30T17:37:10.063Z,来源名MediaFire；独立转售用途未获支持，不能推定品牌回购,未取得无关独立买家用途证据；源品牌不是购买意向,未做逐名权利净空；品牌门是投资证据约束,False,,中外公司及品牌扩扫,https://regery.com/en/bulksearch,,,,,,
2961,mediapipe.si,,23,仅历史可注册证据（需重查）,,2026-09-30T17:37:10.063Z,来源名MediaPipe；独立转售用途未获支持，不能推定品牌回购,未取得无关独立买家用途证据；源品牌不是购买意向,未做逐名权利净空；品牌门是投资证据约束,False,,中外公司及品牌扩扫,https://regery.com/en/bulksearch,,,,,,
2962,mendeley.si,,23,仅历史可注册证据（需重查）,,2026-09-30T17:37:10.063Z,来源名Mendeley；独立转售用途未获支持，不能推定品牌回购,未取得无关独立买家用途证据；源品牌不是购买意向,未做逐名权利净空；品牌门是投资证据约束,False,,中外公司及品牌扩扫,https://regery.com/en/bulksearch,,,,,,
2963,metager.si,,23,仅历史可注册证据（需重查）,,2026-09-30T17:37:10.063Z,来源名MetaGer；独立转售用途未获支持，不能推定品牌回购,未取得无关独立买家用途证据；源品牌不是购买意向,未做逐名权利净空；品牌门是投资证据约束,False,,中外公司及品牌扩扫,https://regery.com/en/bulksearch,,,,,,
2964,milanote.si,,23,仅历史可注册证据（需重查）,,2026-09-30T17:37:10.063Z,来源名Milanote；独立转售用途未获支持，不能推定品牌回购,未取得无关独立买家用途证据；源品牌不是购买意向,未做逐名权利净空；品牌门是投资证据约束,False,,中外公司及品牌扩扫,https://regery.com/en/bulksearch,,,,,,
2965,miraheze.si,,23,仅历史可注册证据（需重查）,,2026-09-30T17:37:10.063Z,来源名Miraheze；独立转售用途未获支持，不能推定品牌回购,未取得无关独立买家用途证据；源品牌不是购买意向,未做逐名权利净空；品牌门是投资证据约束,False,,中外公司及品牌扩扫,https://regery.com/en/bulksearch,,,,,,
2966,misskey.si,,23,仅历史可注册证据（需重查）,,2026-09-30T17:37:10.063Z,来源名Misskey；独立转售用途未获支持，不能推定品牌回购,未取得无关独立买家用途证据；源品牌不是购买意向,未做逐名权利净空；品牌门是投资证据约束,False,,中外公司及品牌扩扫,https://regery.com/en/bulksearch,,,,,,
2967,mixcloud.si,,23,仅历史可注册证据（需重查）,,2026-09-30T17:37:10.063Z,来源名Mixcloud；独立转售用途未获支持，不能推定品牌回购,未取得无关独立买家用途证据；源品牌不是购买意向,未做逐名权利净空；品牌门是投资证据约束,False,,中外公司及品牌扩扫,https://regery.com/en/bulksearch,,,,,,
2968,modrinth.si,,23,仅历史可注册证据（需重查）,,2026-09-30T17:37:10.063Z,来源名Modrinth；独立转售用途未获支持，不能推定品牌回购,未取得无关独立买家用途证据；源品牌不是购买意向,未做逐名权利净空；品牌门是投资证据约束,False,,中外公司及品牌扩扫,https://regery.com/en/bulksearch,,,,,,
2969,moleculer.si,,23,仅历史可注册证据（需重查）,,2026-09-30T17:37:47.483Z,来源名Moleculer；独立转售用途未获支持，不能推定品牌回购,未取得无关独立买家用途证据；源品牌不是购买意向,未做逐名权利净空；品牌门是投资证据约束,False,,中外公司及品牌扩扫,https://regery.com/en/bulksearch,,,,,,
2970,momenteo.si,,23,仅历史可注册证据（需重查）,,2026-09-30T17:37:47.483Z,来源名Momenteo；独立转售用途未获支持，不能推定品牌回购,未取得无关独立买家用途证据；源品牌不是购买意向,未做逐名权利净空；品牌门是投资证据约束,False,,中外公司及品牌扩扫,https://regery.com/en/bulksearch,,,,,,
2971,monkeytie.si,,23,仅历史可注册证据（需重查）,,2026-09-30T17:37:47.483Z,来源名monkey tie；独立转售用途未获支持，不能推定品牌回购,未取得无关独立买家用途证据；源品牌不是购买意向,未做逐名权利净空；品牌门是投资证据约束,False,,中外公司及品牌扩扫,https://regery.com/en/bulksearch,,,,,,
2972,monogame.si,,23,仅历史可注册证据（需重查）,,2026-09-30T17:37:47.483Z,来源名MonoGame；独立转售用途未获支持，不能推定品牌回购,未取得无关独立买家用途证据；源品牌不是购买意向,未做逐名权利净空；品牌门是投资证据约束,False,,中外公司及品牌扩扫,https://regery.com/en/bulksearch,,,,,,
2973,monoprix.si,,23,仅历史可注册证据（需重查）,,2026-09-30T17:37:47.483Z,来源名Monoprix；独立转售用途未获支持，不能推定品牌回购,未取得无关独立买家用途证据；源品牌不是购买意向,未做逐名权利净空；品牌门是投资证据约束,False,,中外公司及品牌扩扫,https://regery.com/en/bulksearch,,,,,,
2974,moonrepo.si,,23,仅历史可注册证据（需重查）,,2026-09-30T17:37:47.483Z,来源名Moonrepo；独立转售用途未获支持，不能推定品牌回购,未取得无关独立买家用途证据；源品牌不是购买意向,未做逐名权利净空；品牌门是投资证据约束,False,,中外公司及品牌扩扫,https://regery.com/en/bulksearch,,,,,,
2975,morrisons.si,,23,仅历史可注册证据（需重查）,,2026-09-30T17:37:47.483Z,来源名Morrisons；独立转售用途未获支持，不能推定品牌回购,未取得无关独立买家用途证据；源品牌不是购买意向,未做逐名权利净空；品牌门是投资证据约束,False,,中外公司及品牌扩扫,https://regery.com/en/bulksearch,,,,,,
2976,mullvad.si,,23,仅历史可注册证据（需重查）,,2026-09-30T17:37:47.483Z,来源名Mullvad；独立转售用途未获支持，不能推定品牌回购,未取得无关独立买家用途证据；源品牌不是购买意向,未做逐名权利净空；品牌门是投资证据约束,False,,中外公司及品牌扩扫,https://regery.com/en/bulksearch,,,,,,
2977,multisim.si,,23,仅历史可注册证据（需重查）,,2026-09-30T17:37:47.483Z,来源名Multisim；独立转售用途未获支持，不能推定品牌回购,未取得无关独立买家用途证据；源品牌不是购买意向,未做逐名权利净空；品牌门是投资证据约束,False,,中外公司及品牌扩扫,https://regery.com/en/bulksearch,,,,,,
2978,makeuseof.si,,23,仅历史可注册证据（需重查）,,2026-09-30T17:37:47.483Z,来源名MUO；独立转售用途未获支持，不能推定品牌回购,未取得无关独立买家用途证据；源品牌不是购买意向,未做逐名权利净空；品牌门是投资证据约束,False,,中外公司及品牌扩扫,https://regery.com/en/bulksearch,,,,,,
2979,mxlinux.si,,23,仅历史可注册证据（需重查）,,2026-09-30T17:37:47.483Z,来源名MX Linux；独立转售用途未获支持，不能推定品牌回购,未取得无关独立买家用途证据；源品牌不是购买意向,未做逐名权利净空；品牌门是投资证据约束,False,,中外公司及品牌扩扫,https://regery.com/en/bulksearch,,,,,,
2980,myshows.si,,23,仅历史可注册证据（需重查）,,2026-09-30T17:37:47.483Z,来源名MyShows；独立转售用途未获支持，不能推定品牌回购,未取得无关独立买家用途证据；源品牌不是购买意向,未做逐名权利净空；品牌门是投资证据约束,False,,中外公司及品牌扩扫,https://regery.com/en/bulksearch,,,,,,
2981,namebase.si,,23,仅历史可注册证据（需重查）,,2026-09-30T17:37:47.483Z,来源名Namebase；独立转售用途未获支持，不能推定品牌回购,未取得无关独立买家用途证据；源品牌不是购买意向,未做逐名权利净空；品牌门是投资证据约束,False,,中外公司及品牌扩扫,https://regery.com/en/bulksearch,,,,,,
2982,namuwiki.si,,23,仅历史可注册证据（需重查）,,2026-09-30T17:37:47.483Z,来源名Namu Wiki；独立转售用途未获支持，不能推定品牌回购,未取得无关独立买家用途证据；源品牌不是购买意向,未做逐名权利净空；品牌门是投资证据约束,False,,中外公司及品牌扩扫,https://regery.com/en/bulksearch,,,,,,
2983,netdata.si,,23,仅历史可注册证据（需重查）,,2026-09-30T17:37:47.483Z,来源名Netdata；独立转售用途未获支持，不能推定品牌回购,未取得无关独立买家用途证据；源品牌不是购买意向,未做逐名权利净空；品牌门是投资证据约束,False,,中外公司及品牌扩扫,https://regery.com/en/bulksearch,,,,,,
2984,netgear.si,,23,仅历史可注册证据（需重查）,,2026-09-30T17:37:47.483Z,来源名NETGEAR；独立转售用途未获支持，不能推定品牌回购,未取得无关独立买家用途证据；源品牌不是购买意向,未做逐名权利净空；品牌门是投资证据约束,False,,中外公司及品牌扩扫,https://regery.com/en/bulksearch,,,,,,
2985,newpipe.si,,23,仅历史可注册证据（需重查）,,2026-09-30T17:38:10.317Z,来源名NewPipe；独立转售用途未获支持，不能推定品牌回购,未取得无关独立买家用途证据；源品牌不是购买意向,未做逐名权利净空；品牌门是投资证据约束,False,,中外公司及品牌扩扫,https://regery.com/en/bulksearch,,,,,,
2986,nextdns.si,,23,仅历史可注册证据（需重查）,,2026-09-30T17:38:10.317Z,来源名NextDNS；独立转售用途未获支持，不能推定品牌回购,未取得无关独立买家用途证据；源品牌不是购买意向,未做逐名权利净空；品牌门是投资证据约束,False,,中外公司及品牌扩扫,https://regery.com/en/bulksearch,,,,,,
2987,niconico.si,,23,仅历史可注册证据（需重查）,,2026-09-30T17:38:10.317Z,来源名niconico；独立转售用途未获支持，不能推定品牌回购,未取得无关独立买家用途证据；源品牌不是购买意向,未做逐名权利净空；品牌门是投资证据约束,False,,中外公司及品牌扩扫,https://regery.com/en/bulksearch,,,,,,
2988,nodered.si,,23,仅历史可注册证据（需重查）,,2026-09-30T17:38:10.317Z,来源名Node-RED；独立转售用途未获支持，不能推定品牌回购,未取得无关独立买家用途证据；源品牌不是购买意向,未做逐名权利净空；品牌门是投资证据约束,False,,中外公司及品牌扩扫,https://regery.com/en/bulksearch,,,,,,
2989,nodegui.si,,23,仅历史可注册证据（需重查）,,2026-09-30T17:38:10.317Z,来源名NodeGui；独立转售用途未获支持，不能推定品牌回购,未取得无关独立买家用途证据；源品牌不是购买意向,未做逐名权利净空；品牌门是投资证据约束,False,,中外公司及品牌扩扫,https://regery.com/en/bulksearch,,,,,,
2990,nodemon.si,,23,仅历史可注册证据（需重查）,,2026-09-30T17:38:10.317Z,来源名Nodemon；独立转售用途未获支持，不能推定品牌回购,未取得无关独立买家用途证据；源品牌不是购买意向,未做逐名权利净空；品牌门是投资证据约束,False,,中外公司及品牌扩扫,https://regery.com/en/bulksearch,,,,,,
2991,notesnook.si,,23,仅历史可注册证据（需重查）,,2026-09-30T17:38:10.317Z,来源名Notesnook；独立转售用途未获支持，不能推定品牌回购,未取得无关独立买家用途证据；源品牌不是购买意向,未做逐名权利净空；品牌门是投资证据约束,False,,中外公司及品牌扩扫,https://regery.com/en/bulksearch,,,,,,
2992,nunjucks.si,,23,仅历史可注册证据（需重查）,,2026-09-30T17:38:10.317Z,来源名Nunjucks；独立转售用途未获支持，不能推定品牌回购,未取得无关独立买家用途证据；源品牌不是购买意向,未做逐名权利净空；品牌门是投资证据约束,False,,中外公司及品牌扩扫,https://regery.com/en/bulksearch,,,,,,
2993,nushell.si,,23,仅历史可注册证据（需重查）,,2026-09-30T17:38:10.317Z,来源名Nushell；独立转售用途未获支持，不能推定品牌回购,未取得无关独立买家用途证据；源品牌不是购买意向,未做逐名权利净空；品牌门是投资证据约束,False,,中外公司及品牌扩扫,https://regery.com/en/bulksearch,,,,,,
2994,oreilly.si,,23,仅历史可注册证据（需重查）,,2026-09-30T17:38:10.317Z,来源名O'Reilly；独立转售用途未获支持，不能推定品牌回购,未取得无关独立买家用途证据；源品牌不是购买意向,未做逐名权利净空；品牌门是投资证据约束,False,,中外公司及品牌扩扫,https://regery.com/en/bulksearch,,,,,,
2995,obsstudio.si,,23,仅历史可注册证据（需重查）,,2026-09-30T17:38:10.317Z,来源名OBS Studio；独立转售用途未获支持，不能推定品牌回购,未取得无关独立买家用途证据；源品牌不是购买意向,未做逐名权利净空；品牌门是投资证据约束,False,,中外公司及品牌扩扫,https://regery.com/en/bulksearch,,,,,,
2996,obtainium.si,,23,仅历史可注册证据（需重查）,,2026-09-30T17:38:10.317Z,来源名Obtainium；独立转售用途未获支持，不能推定品牌回购,未取得无关独立买家用途证据；源品牌不是购买意向,未做逐名权利净空；品牌门是投资证据约束,False,,中外公司及品牌扩扫,https://regery.com/en/bulksearch,,,,,,
2997,octoprint.si,,23,仅历史可注册证据（需重查）,,2026-09-30T17:38:10.317Z,来源名OctoPrint；独立转售用途未获支持，不能推定品牌回购,未取得无关独立买家用途证据；源品牌不是购买意向,未做逐名权利净空；品牌门是投资证据约束,False,,中外公司及品牌扩扫,https://regery.com/en/bulksearch,,,,,,
2998,openaigym.si,,23,仅历史可注册证据（需重查）,,2026-09-30T17:38:53.972Z,来源名OpenAI Gym；独立转售用途未获支持，不能推定品牌回购,未取得无关独立买家用途证据；源品牌不是购买意向,未做逐名权利净空；品牌门是投资证据约束,False,,中外公司及品牌扩扫,https://regery.com/en/bulksearch,,,,,,
2999,operagx.si,,23,仅历史可注册证据（需重查）,,2026-09-30T17:38:53.972Z,来源名Opera GX；独立转售用途未获支持，不能推定品牌回购,未取得无关独立买家用途证据；源品牌不是购买意向,未做逐名权利净空；品牌门是投资证据约束,False,,中外公司及品牌扩扫,https://regery.com/en/bulksearch,,,,,,
3000,opsgenie.si,,23,仅历史可注册证据（需重查）,,2026-09-30T17:38:53.972Z,来源名Opsgenie；独立转售用途未获支持，不能推定品牌回购,未取得无关独立买家用途证据；源品牌不是购买意向,未做逐名权利净空；品牌门是投资证据约束,False,,中外公司及品牌扩扫,https://regery.com/en/bulksearch,,,,,,
3001,opslevel.si,,23,仅历史可注册证据（需重查）,,2026-09-30T17:38:53.972Z,来源名OpsLevel；独立转售用途未获支持，不能推定品牌回购,未取得无关独立买家用途证据；源品牌不是购买意向,未做逐名权利净空；品牌门是投资证据约束,False,,中外公司及品牌扩扫,https://regery.com/en/bulksearch,,,,,,
3002,packagist.si,,23,仅历史可注册证据（需重查）,,2026-09-30T17:38:53.972Z,来源名Packagist；独立转售用途未获支持，不能推定品牌回购,未取得无关独立买家用途证据；源品牌不是购买意向,未做逐名权利净空；品牌门是投资证据约束,False,,中外公司及品牌扩扫,https://regery.com/en/bulksearch,,,,,,
3003,pagekit.si,,23,仅历史可注册证据（需重查）,,2026-09-30T17:38:53.972Z,来源名Pagekit；独立转售用途未获支持，不能推定品牌回购,未取得无关独立买家用途证据；源品牌不是购买意向,未做逐名权利净空；品牌门是投资证据约束,False,,中外公司及品牌扩扫,https://regery.com/en/bulksearch,,,,,,
3004,pagseguro.si,,23,仅历史可注册证据（需重查）,,2026-09-30T17:38:53.972Z,来源名PagSeguro；独立转售用途未获支持，不能推定品牌回购,未取得无关独立买家用途证据；源品牌不是购买意向,未做逐名权利净空；品牌门是投资证据约束,False,,中外公司及品牌扩扫,https://regery.com/en/bulksearch,,,,,,
3005,parsely.si,,23,仅历史可注册证据（需重查）,,2026-09-30T17:39:16.743Z,来源名Parse.ly；独立转售用途未获支持，不能推定品牌回购,未取得无关独立买家用途证据；源品牌不是购买意向,未做逐名权利净空；品牌门是投资证据约束,False,,中外公司及品牌扩扫,https://regery.com/en/bulksearch,,,,,,
3006,passbolt.si,,23,仅历史可注册证据（需重查）,,2026-09-30T17:39:16.743Z,来源名Passbolt；独立转售用途未获支持，不能推定品牌回购,未取得无关独立买家用途证据；源品牌不是购买意向,未做逐名权利净空；品牌门是投资证据约束,False,,中外公司及品牌扩扫,https://regery.com/en/bulksearch,,,,,,
3007,paychex.si,,23,仅历史可注册证据（需重查）,,2026-09-30T17:39:16.743Z,来源名Paychex；独立转售用途未获支持，不能推定品牌回购,未取得无关独立买家用途证据；源品牌不是购买意向,未做逐名权利净空；品牌门是投资证据约束,False,,中外公司及品牌扩扫,https://regery.com/en/bulksearch,,,,,,
3008,peerlist.si,,23,仅历史可注册证据（需重查）,,2026-09-30T17:39:16.743Z,来源名Peerlist；独立转售用途未获支持，不能推定品牌回购,未取得无关独立买家用途证据；源品牌不是购买意向,未做逐名权利净空；品牌门是投资证据约束,False,,中外公司及品牌扩扫,https://regery.com/en/bulksearch,,,,,,
3009,peertube.si,,23,仅历史可注册证据（需重查）,,2026-09-30T17:39:16.743Z,来源名PeerTube；独立转售用途未获支持，不能推定品牌回购,未取得无关独立买家用途证据；源品牌不是购买意向,未做逐名权利净空；品牌门是投资证据约束,False,,中外公司及品牌扩扫,https://regery.com/en/bulksearch,,,,,,
3010,pfsense.si,,23,仅历史可注册证据（需重查）,,2026-09-30T17:39:16.743Z,来源名pfSense；独立转售用途未获支持，不能推定品牌回购,未取得无关独立买家用途证据；源品牌不是购买意向,未做逐名权利净空；品牌门是投资证据约束,False,,中外公司及品牌扩扫,https://regery.com/en/bulksearch,,,,,,
3011,photopea.si,,23,仅历史可注册证据（需重查）,,2026-09-30T17:39:16.743Z,来源名Photopea；独立转售用途未获支持，不能推定品牌回购,未取得无关独立买家用途证据；源品牌不是购买意向,未做逐名权利净空；品牌门是投资证据约束,False,,中外公司及品牌扩扫,https://regery.com/en/bulksearch,,,,,,
3012,phpstorm.si,,23,仅历史可注册证据（需重查）,,2026-09-30T17:39:16.743Z,来源名PhpStorm；独立转售用途未获支持，不能推定品牌回购,未取得无关独立买家用途证据；源品牌不是购买意向,未做逐名权利净空；品牌门是投资证据约束,False,,中外公司及品牌扩扫,https://regery.com/en/bulksearch,,,,,,
3013,picartotv.si,,23,仅历史可注册证据（需重查）,,2026-09-30T17:39:41.505Z,来源名Picarto.TV；独立转售用途未获支持，不能推定品牌回购,未取得无关独立买家用途证据；源品牌不是购买意向,未做逐名权利净空；品牌门是投资证据约束,False,,中外公司及品牌扩扫,https://regery.com/en/bulksearch,,,,,,
3014,pingdom.si,,23,仅历史可注册证据（需重查）,,2026-09-30T17:39:41.505Z,来源名Pingdom；独立转售用途未获支持，不能推定品牌回购,未取得无关独立买家用途证据；源品牌不是购买意向,未做逐名权利净空；品牌门是投资证据约束,False,,中外公司及品牌扩扫,https://regery.com/en/bulksearch,,,,,,
3015,pioneerdj.si,,23,仅历史可注册证据（需重查）,,2026-09-30T17:39:41.505Z,来源名Pioneer DJ；独立转售用途未获支持，不能推定品牌回购,未取得无关独立买家用途证据；源品牌不是购买意向,未做逐名权利净空；品牌门是投资证据约束,False,,中外公司及品牌扩扫,https://regery.com/en/bulksearch,,,,,,
3016,pipecat.si,,23,仅历史可注册证据（需重查）,,2026-09-30T17:39:41.505Z,来源名Pipecat；独立转售用途未获支持，不能推定品牌回购,未取得无关独立买家用途证据；源品牌不是购买意向,未做逐名权利净空；品牌门是投资证据约束,False,,中外公司及品牌扩扫,https://regery.com/en/bulksearch,,,,,,
3017,pixabay.si,,23,仅历史可注册证据（需重查）,,2026-09-30T17:39:41.505Z,来源名Pixabay；独立转售用途未获支持，不能推定品牌回购,未取得无关独立买家用途证据；源品牌不是购买意向,未做逐名权利净空；品牌门是投资证据约束,False,,中外公司及品牌扩扫,https://regery.com/en/bulksearch,,,,,,
3018,plangrid.si,,23,仅历史可注册证据（需重查）,,2026-09-30T17:39:41.505Z,来源名PlanGrid；独立转售用途未获支持，不能推定品牌回购,未取得无关独立买家用途证据；源品牌不是购买意向,未做逐名权利净空；品牌门是投资证据约束,False,,中外公司及品牌扩扫,https://regery.com/en/bulksearch,,,,,,
3019,playerfm.si,,23,仅历史可注册证据（需重查）,,2026-09-30T17:39:41.505Z,来源名Player FM；独立转售用途未获支持，不能推定品牌回购,未取得无关独立买家用途证据；源品牌不是购买意向,未做逐名权利净空；品牌门是投资证据约束,False,,中外公司及品牌扩扫,https://regery.com/en/bulksearch,,,,,,
3020,playerme.si,,23,仅历史可注册证据（需重查）,,2026-09-30T17:39:41.505Z,来源名Player.me；独立转售用途未获支持，不能推定品牌回购,未取得无关独立买家用途证据；源品牌不是购买意向,未做逐名权利净空；品牌门是投资证据约束,False,,中外公司及品牌扩扫,https://regery.com/en/bulksearch,,,,,,
3021,polywork.si,,23,仅历史可注册证据（需重查）,,2026-09-30T17:39:41.505Z,来源名Polywork；独立转售用途未获支持，不能推定品牌回购,未取得无关独立买家用途证据；源品牌不是购买意向,未做逐名权利净空；品牌门是投资证据约束,False,,中外公司及品牌扩扫,https://regery.com/en/bulksearch,,,,,,
3022,portainer.si,,23,仅历史可注册证据（需重查）,,2026-09-30T17:39:41.505Z,来源名Portainer；独立转售用途未获支持，不能推定品牌回购,未取得无关独立买家用途证据；源品牌不是购买意向,未做逐名权利净空；品牌门是投资证据约束,False,,中外公司及品牌扩扫,https://regery.com/en/bulksearch,,,,,,
3023,postcss.si,,23,仅历史可注册证据（需重查）,,2026-09-30T17:39:41.505Z,来源名PostCSS；独立转售用途未获支持，不能推定品牌回购,未取得无关独立买家用途证据；源品牌不是购买意向,未做逐名权利净空；品牌门是投资证据约束,False,,中外公司及品牌扩扫,https://regery.com/en/bulksearch,,,,,,
3024,postmates.si,,23,仅历史可注册证据（需重查）,,2026-09-30T17:40:02.310Z,来源名Postmates；独立转售用途未获支持，不能推定品牌回购,未取得无关独立买家用途证据；源品牌不是购买意向,未做逐名权利净空；品牌门是投资证据约束,False,,中外公司及品牌扩扫,https://regery.com/en/bulksearch,,,,,,
3025,prepbytes.si,,23,仅历史可注册证据（需重查）,,2026-09-30T17:40:02.310Z,来源名PrepBytes；独立转售用途未获支持，不能推定品牌回购,未取得无关独立买家用途证据；源品牌不是购买意向,未做逐名权利净空；品牌门是投资证据约束,False,,中外公司及品牌扩扫,https://regery.com/en/bulksearch,,,,,,
3026,primeng.si,,23,仅历史可注册证据（需重查）,,2026-09-30T17:40:02.310Z,来源名PrimeNG；独立转售用途未获支持，不能推定品牌回购,未取得无关独立买家用途证据；源品牌不是购买意向,未做逐名权利净空；品牌门是投资证据约束,False,,中外公司及品牌扩扫,https://regery.com/en/bulksearch,,,,,,
3027,primevue.si,,23,仅历史可注册证据（需重查）,,2026-09-30T17:40:02.310Z,来源名PrimeVue；独立转售用途未获支持，不能推定品牌回购,未取得无关独立买家用途证据；源品牌不是购买意向,未做逐名权利净空；品牌门是投资证据约束,False,,中外公司及品牌扩扫,https://regery.com/en/bulksearch,,,,,,
3028,prismic.si,,23,仅历史可注册证据（需重查）,,2026-09-30T17:40:02.310Z,来源名Prismic；独立转售用途未获支持，不能推定品牌回购,未取得无关独立买家用途证据；源品牌不是购买意向,未做逐名权利净空；品牌门是投资证据约束,False,,中外公司及品牌扩扫,https://regery.com/en/bulksearch,,,,,,
3029,processon.si,,23,仅历史可注册证据（需重查）,,2026-09-30T17:40:02.310Z,来源名ProcessOn；独立转售用途未获支持，不能推定品牌回购,未取得无关独立买家用途证据；源品牌不是购买意向,未做逐名权利净空；品牌门是投资证据约束,False,,中外公司及品牌扩扫,https://regery.com/en/bulksearch,,,,,,
3030,prosieben.si,,23,仅历史可注册证据（需重查）,,2026-09-30T17:40:02.310Z,来源名ProSieben；独立转售用途未获支持，不能推定品牌回购,未取得无关独立买家用途证据；源品牌不是购买意向,未做逐名权利净空；品牌门是投资证据约束,False,,中外公司及品牌扩扫,https://regery.com/en/bulksearch,,,,,,
3031,protoio.si,,23,仅历史可注册证据（需重查）,,2026-09-30T17:40:02.310Z,来源名Proto.io；独立转售用途未获支持，不能推定品牌回购,未取得无关独立买家用途证据；源品牌不是购买意向,未做逐名权利净空；品牌门是投资证据约束,False,,中外公司及品牌扩扫,https://regery.com/en/bulksearch,,,,,,
3032,protonvpn.si,,23,仅历史可注册证据（需重查）,,2026-09-30T17:40:02.310Z,来源名Proton VPN；独立转售用途未获支持，不能推定品牌回购,未取得无关独立买家用途证据；源品牌不是购买意向,未做逐名权利净空；品牌门是投资证据约束,False,,中外公司及品牌扩扫,https://regery.com/en/bulksearch,,,,,,
3033,protondb.si,,23,仅历史可注册证据（需重查）,,2026-09-30T17:40:02.310Z,来源名ProtonDB；独立转售用途未获支持，不能推定品牌回购,未取得无关独立买家用途证据；源品牌不是购买意向,未做逐名权利净空；品牌门是投资证据约束,False,,中外公司及品牌扩扫,https://regery.com/en/bulksearch,,,,,,
3034,publons.si,,23,仅历史可注册证据（需重查）,,2026-09-30T17:40:02.310Z,来源名Publons；独立转售用途未获支持，不能推定品牌回购,未取得无关独立买家用途证据；源品牌不是购买意向,未做逐名权利净空；品牌门是投资证据约束,False,,中外公司及品牌扩扫,https://regery.com/en/bulksearch,,,,,,
3035,purgecss.si,,23,仅历史可注册证据（需重查）,,2026-09-30T17:40:41.689Z,来源名PurgeCSS；独立转售用途未获支持，不能推定品牌回购,未取得无关独立买家用途证据；源品牌不是购买意向,未做逐名权利净空；品牌门是投资证据约束,False,,中外公司及品牌扩扫,https://regery.com/en/bulksearch,,,,,,
3036,pycharm.si,,23,仅历史可注册证据（需重查）,,2026-09-30T17:40:41.689Z,来源名PyCharm；独立转售用途未获支持，不能推定品牌回购,未取得无关独立买家用途证据；源品牌不是购买意向,未做逐名权利净空；品牌门是投资证据约束,False,,中外公司及品牌扩扫,https://regery.com/en/bulksearch,,,,,,
3037,qubesos.si,,23,仅历史可注册证据（需重查）,,2026-09-30T17:40:41.689Z,来源名Qubes OS；独立转售用途未获支持，不能推定品牌回购,未取得无关独立买家用途证据；源品牌不是购买意向,未做逐名权利净空；品牌门是投资证据约束,False,,中外公司及品牌扩扫,https://regery.com/en/bulksearch,,,,,,
3038,rabbitmq.si,,23,仅历史可注册证据（需重查）,,2026-09-30T17:40:41.689Z,来源名RabbitMQ；独立转售用途未获支持，不能推定品牌回购,未取得无关独立买家用途证据；源品牌不是购买意向,未做逐名权利净空；品牌门是投资证据约束,False,,中外公司及品牌扩扫,https://regery.com/en/bulksearch,,,,,,
3039,radstudio.si,,23,仅历史可注册证据（需重查）,,2026-09-30T17:40:41.689Z,来源名RAD Studio；独立转售用途未获支持，不能推定品牌回购,未取得无关独立买家用途证据；源品牌不是购买意向,未做逐名权利净空；品牌门是投资证据约束,False,,中外公司及品牌扩扫,https://regery.com/en/bulksearch,,,,,,
3040,radixui.si,,23,仅历史可注册证据（需重查）,,2026-09-30T17:40:41.689Z,来源名Radix UI；独立转售用途未获支持，不能推定品牌回购,未取得无关独立买家用途证据；源品牌不是购买意向,未做逐名权利净空；品牌门是投资证据约束,False,,中外公司及品牌扩扫,https://regery.com/en/bulksearch,,,,,,
3041,rainmeter.si,,23,仅历史可注册证据（需重查）,,2026-09-30T17:40:41.689Z,来源名Rainmeter；独立转售用途未获支持，不能推定品牌回购,未取得无关独立买家用途证据；源品牌不是购买意向,未做逐名权利净空；品牌门是投资证据约束,False,,中外公司及品牌扩扫,https://regery.com/en/bulksearch,,,,,,
3042,rainyun.si,,23,仅历史可注册证据（需重查）,,2026-09-30T17:40:41.689Z,来源名RainYun；独立转售用途未获支持，不能推定品牌回购,未取得无关独立买家用途证据；源品牌不是购买意向,未做逐名权利净空；品牌门是投资证据约束,False,,中外公司及品牌扩扫,https://regery.com/en/bulksearch,,,,,,
3043,rarible.si,,23,仅历史可注册证据（需重查）,,2026-09-30T17:40:41.689Z,来源名Rarible；独立转售用途未获支持，不能推定品牌回购,未取得无关独立买家用途证据；源品牌不是购买意向,未做逐名权利净空；品牌门是投资证据约束,False,,中外公司及品牌扩扫,https://regery.com/en/bulksearch,,,,,,
3044,ratatui.si,,23,仅历史可注册证据（需重查）,,2026-09-30T17:40:41.689Z,来源名Ratatui；独立转售用途未获支持，不能推定品牌回购,未取得无关独立买家用途证据；源品牌不是购买意向,未做逐名权利净空；品牌门是投资证据约束,False,,中外公司及品牌扩扫,https://regery.com/en/bulksearch,,,,,,
3045,ravelry.si,,23,仅历史可注册证据（需重查）,,2026-09-30T17:40:41.689Z,来源名Ravelry；独立转售用途未获支持，不能推定品牌回购,未取得无关独立买家用途证据；源品牌不是购买意向,未做逐名权利净空；品牌门是投资证据约束,False,,中外公司及品牌扩扫,https://regery.com/en/bulksearch,,,,,,
3046,reactivex.si,,23,仅历史可注册证据（需重查）,,2026-09-30T17:40:41.689Z,来源名ReactiveX；独立转售用途未获支持，不能推定品牌回购,未取得无关独立买家用途证据；源品牌不是购买意向,未做逐名权利净空；品牌门是投资证据约束,False,,中外公司及品牌扩扫,https://regery.com/en/bulksearch,,,,,,
3047,reactos.si,,23,仅历史可注册证据（需重查）,,2026-09-30T17:40:41.689Z,来源名ReactOS；独立转售用途未获支持，不能推定品牌回购,未取得无关独立买家用途证据；源品牌不是购买意向,未做逐名权利净空；品牌门是投资证据约束,False,,中外公司及品牌扩扫,https://regery.com/en/bulksearch,,,,,,
3048,redbubble.si,,23,仅历史可注册证据（需重查）,,2026-09-30T17:41:03.512Z,来源名Redbubble；独立转售用途未获支持，不能推定品牌回购,未取得无关独立买家用途证据；源品牌不是购买意向,未做逐名权利净空；品牌门是投资证据约束,False,,中外公司及品牌扩扫,https://regery.com/en/bulksearch,,,,,,
3049,redmine.si,,23,仅历史可注册证据（需重查）,,2026-09-30T17:41:03.512Z,来源名Redmine；独立转售用途未获支持，不能推定品牌回购,未取得无关独立买家用途证据；源品牌不是购买意向,未做逐名权利净空；品牌门是投资证据约束,False,,中外公司及品牌扩扫,https://regery.com/en/bulksearch,,,,,,
3050,reduxsaga.si,,23,仅历史可注册证据（需重查）,,2026-09-30T17:41:03.512Z,来源名Redux-Saga；独立转售用途未获支持，不能推定品牌回购,未取得无关独立买家用途证据；源品牌不是购买意向,未做逐名权利净空；品牌门是投资证据约束,False,,中外公司及品牌扩扫,https://regery.com/en/bulksearch,,,,,,
3051,redwoodjs.si,,23,仅历史可注册证据（需重查）,,2026-09-30T17:41:03.512Z,来源名RedwoodJS；独立转售用途未获支持，不能推定品牌回购,未取得无关独立买家用途证据；源品牌不是购买意向,未做逐名权利净空；品牌门是投资证据约束,False,,中外公司及品牌扩扫,https://regery.com/en/bulksearch,,,,,,
3052,removebg.si,,23,仅历史可注册证据（需重查）,,2026-09-30T17:41:03.512Z,来源名remove.bg；独立转售用途未获支持，不能推定品牌回购,未取得无关独立买家用途证据；源品牌不是购买意向,未做逐名权利净空；品牌门是投资证据约束,False,,中外公司及品牌扩扫,https://regery.com/en/bulksearch,,,,,,
3053,asusrog.si,,23,仅历史可注册证据（需重查）,,2026-09-30T17:41:03.512Z,来源名Republic of Gamers；独立转售用途未获支持，不能推定品牌回购,未取得无关独立买家用途证据；源品牌不是购买意向,未做逐名权利净空；品牌门是投资证据约束,False,,中外公司及品牌扩扫,https://regery.com/en/bulksearch,,,,,,
3054,resharper.si,,23,仅历史可注册证据（需重查）,,2026-09-30T17:41:03.512Z,来源名ReSharper；独立转售用途未获支持，不能推定品牌回购,未取得无关独立买家用途证据；源品牌不是购买意向,未做逐名权利净空；品牌门是投资证据约束,False,,中外公司及品牌扩扫,https://regery.com/en/bulksearch,,,,,,
3055,retroarch.si,,23,仅历史可注册证据（需重查）,,2026-09-30T17:41:03.512Z,来源名RetroArch；独立转售用途未获支持，不能推定品牌回购,未取得无关独立买家用途证据；源品牌不是购买意向,未做逐名权利净空；品牌门是投资证据约束,False,,中外公司及品牌扩扫,https://regery.com/en/bulksearch,,,,,,
3056,retropie.si,,23,仅历史可注册证据（需重查）,,2026-09-30T17:41:03.512Z,来源名RetroPie；独立转售用途未获支持，不能推定品牌回购,未取得无关独立买家用途证据；源品牌不是购买意向,未做逐名权利净空；品牌门是投资证据约束,False,,中外公司及品牌扩扫,https://regery.com/en/bulksearch,,,,,,
3057,revanced.si,,23,仅历史可注册证据（需重查）,,2026-09-30T17:41:03.512Z,来源名ReVanced；独立转售用途未获支持，不能推定品牌回购,未取得无关独立买家用途证据；源品牌不是购买意向,未做逐名权利净空；品牌门是投资证据约束,False,,中外公司及品牌扩扫,https://regery.com/en/bulksearch,,,,,,
3058,revealjs.si,,23,仅历史可注册证据（需重查）,,2026-09-30T17:41:03.512Z,来源名reveal.js；独立转售用途未获支持，不能推定品牌回购,未取得无关独立买家用途证据；源品牌不是购买意向,未做逐名权利净空；品牌门是投资证据约束,False,,中外公司及品牌扩扫,https://regery.com/en/bulksearch,,,,,,
3059,riotgames.si,,23,仅历史可注册证据（需重查）,,2026-09-30T17:41:03.512Z,来源名Riot Games；独立转售用途未获支持，不能推定品牌回购,未取得无关独立买家用途证据；源品牌不是购买意向,未做逐名权利净空；品牌门是投资证据约束,False,,中外公司及品牌扩扫,https://regery.com/en/bulksearch,,,,,,
3060,roadmapsh.si,,23,仅历史可注册证据（需重查）,,2026-09-30T17:41:03.512Z,来源名roadmap.sh；独立转售用途未获支持，不能推定品牌回购,未取得无关独立买家用途证据；源品牌不是购买意向,未做逐名权利净空；品牌门是投资证据约束,False,,中外公司及品牌扩扫,https://regery.com/en/bulksearch,,,,,,
3061,rocksdb.si,,23,仅历史可注册证据（需重查）,,2026-09-30T17:41:03.512Z,来源名RocksDB；独立转售用途未获支持，不能推定品牌回购,未取得无关独立买家用途证据；源品牌不是购买意向,未做逐名权利净空；品牌门是投资证据约束,False,,中外公司及品牌扩扫,https://regery.com/en/bulksearch,,,,,,
3062,rolldown.si,,23,仅历史可注册证据（需重查）,,2026-09-30T17:41:46.229Z,来源名Rolldown；独立转售用途未获支持，不能推定品牌回购,未取得无关独立买家用途证据；源品牌不是购买意向,未做逐名权利净空；品牌门是投资证据约束,False,,中外公司及品牌扩扫,https://regery.com/en/bulksearch,,,,,,
3063,rollupjs.si,,23,仅历史可注册证据（需重查）,,2026-09-30T17:41:46.229Z,来源名rollup.js；独立转售用途未获支持，不能推定品牌回购,未取得无关独立买家用途证据；源品牌不是购买意向,未做逐名权利净空；品牌门是投资证据约束,False,,中外公司及品牌扩扫,https://regery.com/en/bulksearch,,,,,,
3064,rootssage.si,,23,仅历史可注册证据（需重查）,,2026-09-30T17:41:46.229Z,来源名Roots Sage；独立转售用途未获支持，不能推定品牌回购,未取得无关独立买家用途证据；源品牌不是购买意向,未做逐名权利净空；品牌门是投资证据约束,False,,中外公司及品牌扩扫,https://regery.com/en/bulksearch,,,,,,
3065,roundcube.si,,23,仅历史可注册证据（需重查）,,2026-09-30T17:41:46.229Z,来源名Roundcube；独立转售用途未获支持，不能推定品牌回购,未取得无关独立买家用途证据；源品牌不是购买意向,未做逐名权利净空；品牌门是投资证据约束,False,,中外公司及品牌扩扫,https://regery.com/en/bulksearch,,,,,,
3066,rtlzwei.si,,23,仅历史可注册证据（需重查）,,2026-09-30T17:41:46.229Z,来源名RTLZWEI；独立转售用途未获支持，不能推定品牌回购,未取得无关独立买家用途证据；源品牌不是购买意向,未做逐名权利净空；品牌门是投资证据约束,False,,中外公司及品牌扩扫,https://regery.com/en/bulksearch,,,,,,
3067,rubocop.si,,23,仅历史可注册证据（需重查）,,2026-09-30T17:41:46.229Z,来源名RuboCop；独立转售用途未获支持，不能推定品牌回购,未取得无关独立买家用途证据；源品牌不是购买意向,未做逐名权利净空；品牌门是投资证据约束,False,,中外公司及品牌扩扫,https://regery.com/en/bulksearch,,,,,,
3068,rubygems.si,,23,仅历史可注册证据（需重查）,,2026-09-30T17:41:46.229Z,来源名RubyGems；独立转售用途未获支持，不能推定品牌回购,未取得无关独立买家用途证据；源品牌不是购买意向,未做逐名权利净空；品牌门是投资证据约束,False,,中外公司及品牌扩扫,https://regery.com/en/bulksearch,,,,,,
3069,rubymine.si,,23,仅历史可注册证据（需重查）,,2026-09-30T17:41:46.229Z,来源名RubyMine；独立转售用途未获支持，不能推定品牌回购,未取得无关独立买家用途证据；源品牌不是购买意向,未做逐名权利净空；品牌门是投资证据约束,False,,中外公司及品牌扩扫,https://regery.com/en/bulksearch,,,,,,
3070,rumahweb.si,,23,仅历史可注册证据（需重查）,,2026-09-30T17:41:46.229Z,来源名Rumahweb；独立转售用途未获支持，不能推定品牌回购,未取得无关独立买家用途证据；源品牌不是购买意向,未做逐名权利净空；品牌门是投资证据约束,False,,中外公司及品牌扩扫,https://regery.com/en/bulksearch,,,,,,
3071,rundeck.si,,23,仅历史可注册证据（需重查）,,2026-09-30T17:41:46.229Z,来源名Rundeck；独立转售用途未获支持，不能推定品牌回购,未取得无关独立买家用途证据；源品牌不是购买意向,未做逐名权利净空；品牌门是投资证据约束,False,,中外公司及品牌扩扫,https://regery.com/en/bulksearch,,,,,,
3072,runkeeper.si,,23,仅历史可注册证据（需重查）,,2026-09-30T17:41:46.229Z,来源名Runkeeper；独立转售用途未获支持，不能推定品牌回购,未取得无关独立买家用途证据；源品牌不是购买意向,未做逐名权利净空；品牌门是投资证据约束,False,,中外公司及品牌扩扫,https://regery.com/en/bulksearch,,,,,,
3073,runrunit.si,,23,仅历史可注册证据（需重查）,,2026-09-30T17:41:46.229Z,来源名Runrun.it；独立转售用途未获支持，不能推定品牌回购,未取得无关独立买家用途证据；源品牌不是购买意向,未做逐名权利净空；品牌门是投资证据约束,False,,中外公司及品牌扩扫,https://regery.com/en/bulksearch,,,,,,
3074,rustdesk.si,,23,仅历史可注册证据（需重查）,,2026-09-30T17:41:46.229Z,来源名RustDesk；独立转售用途未获支持，不能推定品牌回购,未取得无关独立买家用途证据；源品牌不是购买意向,未做逐名权利净空；品牌门是投资证据约束,False,,中外公司及品牌扩扫,https://regery.com/en/bulksearch,,,,,,
3075,sabanci.si,,23,仅历史可注册证据（需重查）,,2026-09-30T17:41:46.229Z,来源名Sabanci；独立转售用途未获支持，不能推定品牌回购,未取得无关独立买家用途证据；源品牌不是购买意向,未做逐名权利净空；品牌门是投资证据约束,False,,中外公司及品牌扩扫,https://regery.com/en/bulksearch,,,,,,
3076,sagemath.si,,23,仅历史可注册证据（需重查）,,2026-09-30T17:41:46.229Z,来源名SageMath；独立转售用途未获支持，不能推定品牌回购,未取得无关独立买家用途证据；源品牌不是购买意向,未做逐名权利净空；品牌门是投资证据约束,False,,中外公司及品牌扩扫,https://regery.com/en/bulksearch,,,,,,
3077,sailsjs.si,,23,仅历史可注册证据（需重查）,,2026-09-30T17:41:46.229Z,来源名Sails.js；独立转售用途未获支持，不能推定品牌回购,未取得无关独立买家用途证据；源品牌不是购买意向,未做逐名权利净空；品牌门是投资证据约束,False,,中外公司及品牌扩扫,https://regery.com/en/bulksearch,,,,,,
3078,saucelabs.si,,23,仅历史可注册证据（需重查）,,2026-09-30T17:41:46.229Z,来源名Sauce Labs；独立转售用途未获支持，不能推定品牌回购,未取得无关独立买家用途证据；源品牌不是购买意向,未做逐名权利净空；品牌门是投资证据约束,False,,中外公司及品牌扩扫,https://regery.com/en/bulksearch,,,,,,
3079,scrapbox.si,,23,仅历史可注册证据（需重查）,,2026-09-30T17:41:46.229Z,来源名Scrapbox；独立转售用途未获支持，不能推定品牌回购,未取得无关独立买家用途证据；源品牌不是购买意向,未做逐名权利净空；品牌门是投资证据约束,False,,中外公司及品牌扩扫,https://regery.com/en/bulksearch,,,,,,
3080,scrimba.si,,23,仅历史可注册证据（需重查）,,2026-09-30T17:41:46.229Z,来源名Scrimba；独立转售用途未获支持，不能推定品牌回购,未取得无关独立买家用途证据；源品牌不是购买意向,未做逐名权利净空；品牌门是投资证据约束,False,,中外公司及品牌扩扫,https://regery.com/en/bulksearch,,,,,,
3081,scylladb.si,,23,仅历史可注册证据（需重查）,,2026-09-30T17:42:20.376Z,来源名ScyllaDB；独立转售用途未获支持，不能推定品牌回购,未取得无关独立买家用途证据；源品牌不是购买意向,未做逐名权利净空；品牌门是投资证据约束,False,,中外公司及品牌扩扫,https://regery.com/en/bulksearch,,,,,,
3082,seafile.si,,23,仅历史可注册证据（需重查）,,2026-09-30T17:42:20.376Z,来源名Seafile；独立转售用途未获支持，不能推定品牌回购,未取得无关独立买家用途证据；源品牌不是购买意向,未做逐名权利净空；品牌门是投资证据约束,False,,中外公司及品牌扩扫,https://regery.com/en/bulksearch,,,,,,
3083,searxng.si,,23,仅历史可注册证据（需重查）,,2026-09-30T17:42:20.376Z,来源名SearXNG；独立转售用途未获支持，不能推定品牌回购,未取得无关独立买家用途证据；源品牌不是购买意向,未做逐名权利净空；品牌门是投资证据约束,False,,中外公司及品牌扩扫,https://regery.com/en/bulksearch,,,,,,
3084,seatgeek.si,,23,仅历史可注册证据（需重查）,,2026-09-30T17:42:20.376Z,来源名SeatGeek；独立转售用途未获支持，不能推定品牌回购,未取得无关独立买家用途证据；源品牌不是购买意向,未做逐名权利净空；品牌门是投资证据约束,False,,中外公司及品牌扩扫,https://regery.com/en/bulksearch,,,,,,
3085,sefaria.si,,23,仅历史可注册证据（需重查）,,2026-09-30T17:42:20.376Z,来源名Sefaria；独立转售用途未获支持，不能推定品牌回购,未取得无关独立买家用途证据；源品牌不是购买意向,未做逐名权利净空；品牌门是投资证据约束,False,,中外公司及品牌扩扫,https://regery.com/en/bulksearch,,,,,,
3086,sequelize.si,,23,仅历史可注册证据（需重查）,,2026-09-30T17:42:20.376Z,来源名Sequelize；独立转售用途未获支持，不能推定品牌回购,未取得无关独立买家用途证据；源品牌不是购买意向,未做逐名权利净空；品牌门是投资证据约束,False,,中外公司及品牌扩扫,https://regery.com/en/bulksearch,,,,,,
3087,servbay.si,,23,仅历史可注册证据（需重查）,,2026-09-30T17:42:20.376Z,来源名ServBay；独立转售用途未获支持，不能推定品牌回购,未取得无关独立买家用途证据；源品牌不是购买意向,未做逐名权利净空；品牌门是投资证据约束,False,,中外公司及品牌扩扫,https://regery.com/en/bulksearch,,,,,,
3088,shadcnui.si,,23,仅历史可注册证据（需重查）,,2026-09-30T17:42:20.376Z,来源名shadcn/ui；独立转售用途未获支持，不能推定品牌回购,未取得无关独立买家用途证据；源品牌不是购买意向,未做逐名权利净空；品牌门是投资证据约束,False,,中外公司及品牌扩扫,https://regery.com/en/bulksearch,,,,,,
3089,shieldsio.si,,23,仅历史可注册证据（需重查）,,2026-09-30T17:42:20.376Z,来源名Shields.io；独立转售用途未获支持，不能推定品牌回购,未取得无关独立买家用途证据；源品牌不是购买意向,未做逐名权利净空；品牌门是投资证据约束,False,,中外公司及品牌扩扫,https://regery.com/en/bulksearch,,,,,,
3090,shikimori.si,,23,仅历史可注册证据（需重查）,,2026-09-30T17:42:20.376Z,来源名Shikimori；独立转售用途未获支持，不能推定品牌回购,未取得无关独立买家用途证据；源品牌不是购买意向,未做逐名权利净空；品牌门是投资证据约束,False,,中外公司及品牌扩扫,https://regery.com/en/bulksearch,,,,,,
3091,showpad.si,,23,仅历史可注册证据（需重查）,,2026-09-30T17:42:20.376Z,来源名Showpad；独立转售用途未获支持，不能推定品牌回购,未取得无关独立买家用途证据；源品牌不是购买意向,未做逐名权利净空；品牌门是投资证据约束,False,,中外公司及品牌扩扫,https://regery.com/en/bulksearch,,,,,,
3092,showwcase.si,,23,仅历史可注册证据（需重查）,,2026-09-30T17:42:20.376Z,来源名Showwcase；独立转售用途未获支持，不能推定品牌回购,未取得无关独立买家用途证据；源品牌不是购买意向,未做逐名权利净空；品牌门是投资证据约束,False,,中外公司及品牌扩扫,https://regery.com/en/bulksearch,,,,,,
3093,sidekiq.si,,23,仅历史可注册证据（需重查）,,2026-09-30T17:42:20.376Z,来源名Sidekiq；独立转售用途未获支持，不能推定品牌回购,未取得无关独立买家用途证据；源品牌不是购买意向,未做逐名权利净空；品牌门是投资证据约束,False,,中外公司及品牌扩扫,https://regery.com/en/bulksearch,,,,,,
3094,sinaweibo.si,,23,仅历史可注册证据（需重查）,,2026-09-30T17:42:20.376Z,来源名Sina Weibo；独立转售用途未获支持，不能推定品牌回购,未取得无关独立买家用途证据；源品牌不是购买意向,未做逐名权利净空；品牌门是投资证据约束,False,,中外公司及品牌扩扫,https://regery.com/en/bulksearch,,,,,,
3095,sitecore.si,,23,仅历史可注册证据（需重查）,,2026-09-30T17:42:47.219Z,来源名Sitecore；独立转售用途未获支持，不能推定品牌回购,未取得无关独立买家用途证据；源品牌不是购买意向,未做逐名权利净空；品牌门是投资证据约束,False,,中外公司及品牌扩扫,https://regery.com/en/bulksearch,,,,,,
3096,sitepoint.si,,23,仅历史可注册证据（需重查）,,2026-09-30T17:42:47.219Z,来源名SitePoint；独立转售用途未获支持，不能推定品牌回购,未取得无关独立买家用途证据；源品牌不是购买意向,未做逐名权利净空；品牌门是投资证据约束,False,,中外公司及品牌扩扫,https://regery.com/en/bulksearch,,,,,,
3097,skaffold.si,,23,仅历史可注册证据（需重查）,,2026-09-30T17:42:47.219Z,来源名Skaffold；独立转售用途未获支持，不能推定品牌回购,未取得无关独立买家用途证据；源品牌不是购买意向,未做逐名权利净空；品牌门是投资证据约束,False,,中外公司及品牌扩扫,https://regery.com/en/bulksearch,,,,,,
3098,sketchfab.si,,23,仅历史可注册证据（需重查）,,2026-09-30T17:42:47.219Z,来源名Sketchfab；独立转售用途未获支持，不能推定品牌回购,未取得无关独立买家用途证据；源品牌不是购买意向,未做逐名权利净空；品牌门是投资证据约束,False,,中外公司及品牌扩扫,https://regery.com/en/bulksearch,,,,,,
3099,skypack.si,,23,仅历史可注册证据（需重查）,,2026-09-30T17:42:47.219Z,来源名Skypack；独立转售用途未获支持，不能推定品牌回购,未取得无关独立买家用途证据；源品牌不是购买意向,未做逐名权利净空；品牌门是投资证据约束,False,,中外公司及品牌扩扫,https://regery.com/en/bulksearch,,,,,,
3100,slackware.si,,23,仅历史可注册证据（需重查）,,2026-09-30T17:42:47.219Z,来源名Slackware；独立转售用途未获支持，不能推定品牌回购,未取得无关独立买家用途证据；源品牌不是购买意向,未做逐名权利净空；品牌门是投资证据约束,False,,中外公司及品牌扩扫,https://regery.com/en/bulksearch,,,,,,
3101,slashdot.si,,23,仅历史可注册证据（需重查）,,2026-09-30T17:42:47.219Z,来源名Slashdot；独立转售用途未获支持，不能推定品牌回购,未取得无关独立买家用途证据；源品牌不是购买意向,未做逐名权利净空；品牌门是投资证据约束,False,,中外公司及品牌扩扫,https://regery.com/en/bulksearch,,,,,,
3102,slickpic.si,,23,仅历史可注册证据（需重查）,,2026-09-30T17:42:47.219Z,来源名SlickPic；独立转售用途未获支持，不能推定品牌回购,未取得无关独立买家用途证据；源品牌不是购买意向,未做逐名权利净空；品牌门是投资证据约束,False,,中外公司及品牌扩扫,https://regery.com/en/bulksearch,,,,,,
3103,smugmug.si,,23,仅历史可注册证据（需重查）,,2026-09-30T17:42:47.219Z,来源名SmugMug；独立转售用途未获支持，不能推定品牌回购,未取得无关独立买家用途证据；源品牌不是购买意向,未做逐名权利净空；品牌门是投资证据约束,False,,中外公司及品牌扩扫,https://regery.com/en/bulksearch,,,,,,
3104,snapcraft.si,,23,仅历史可注册证据（需重查）,,2026-09-30T17:42:47.219Z,来源名Snapcraft；独立转售用途未获支持，不能推定品牌回购,未取得无关独立买家用途证据；源品牌不是购买意向,未做逐名权利净空；品牌门是投资证据约束,False,,中外公司及品牌扩扫,https://regery.com/en/bulksearch,,,,,,
3105,socketio.si,,23,仅历史可注册证据（需重查）,,2026-09-30T17:42:47.219Z,来源名Socket.io；独立转售用途未获支持，不能推定品牌回购,未取得无关独立买家用途证据；源品牌不是购买意向,未做逐名权利净空；品牌门是投资证据约束,False,,中外公司及品牌扩扫,https://regery.com/en/bulksearch,,,,,,
3106,softpedia.si,,23,仅历史可注册证据（需重查）,,2026-09-30T17:42:47.219Z,来源名Softpedia；独立转售用途未获支持，不能推定品牌回购,未取得无关独立买家用途证据；源品牌不是购买意向,未做逐名权利净空；品牌门是投资证据约束,False,,中外公司及品牌扩扫,https://regery.com/en/bulksearch,,,,,,
3107,sololearn.si,,23,仅历史可注册证据（需重查）,,2026-09-30T17:42:47.219Z,来源名Sololearn；独立转售用途未获支持，不能推定品牌回购,未取得无关独立买家用途证据；源品牌不是购买意向,未做逐名权利净空；品牌门是投资证据约束,False,,中外公司及品牌扩扫,https://regery.com/en/bulksearch,,,,,,
3108,solvedac.si,,23,仅历史可注册证据（需重查）,,2026-09-30T17:42:47.219Z,来源名solved.ac；独立转售用途未获支持，不能推定品牌回购,未取得无关独立买家用途证据；源品牌不是购买意向,未做逐名权利净空；品牌门是投资证据约束,False,,中外公司及品牌扩扫,https://regery.com/en/bulksearch,,,,,,
3109,sonatype.si,,23,仅历史可注册证据（需重查）,,2026-09-30T17:42:47.219Z,来源名Sonatype；独立转售用途未获支持，不能推定品牌回购,未取得无关独立买家用途证据；源品牌不是购买意向,未做逐名权利净空；品牌门是投资证据约束,False,,中外公司及品牌扩扫,https://regery.com/en/bulksearch,,,,,,
3110,songkick.si,,23,仅历史可注册证据（需重查）,,2026-09-30T17:42:47.219Z,来源名Songkick；独立转售用途未获支持，不能推定品牌回购,未取得无关独立买家用途证据；源品牌不是购买意向,未做逐名权利净空；品牌门是投资证据约束,False,,中外公司及品牌扩扫,https://regery.com/en/bulksearch,,,,,,
3111,songoda.si,,23,仅历史可注册证据（需重查）,,2026-09-30T17:42:47.219Z,来源名Songoda；独立转售用途未获支持，不能推定品牌回购,未取得无关独立买家用途证据；源品牌不是购买意向,未做逐名权利净空；品牌门是投资证据约束,False,,中外公司及品牌扩扫,https://regery.com/en/bulksearch,,,,,,
3112,sonicwall.si,,23,仅历史可注册证据（需重查）,,2026-09-30T17:42:47.219Z,来源名SonicWall；独立转售用途未获支持，不能推定品牌回购,未取得无关独立买家用途证据；源品牌不是购买意向,未做逐名权利净空；品牌门是投资证据约束,False,,中外公司及品牌扩扫,https://regery.com/en/bulksearch,,,,,,
3113,soriana.si,,23,仅历史可注册证据（需重查）,,2026-09-30T17:42:47.219Z,来源名Soriana；独立转售用途未获支持，不能推定品牌回购,未取得无关独立买家用途证据；源品牌不是购买意向,未做逐名权利净空；品牌门是投资证据约束,False,,中外公司及品牌扩扫,https://regery.com/en/bulksearch,,,,,,
3114,sourcehut.si,,23,仅历史可注册证据（需重查）,,2026-09-30T17:42:47.219Z,来源名SourceHut；独立转售用途未获支持，不能推定品牌回购,未取得无关独立买家用途证据；源品牌不是购买意向,未做逐名权利净空；品牌门是投资证据约束,False,,中外公司及品牌扩扫,https://regery.com/en/bulksearch,,,,,,
3115,spacemacs.si,,23,仅历史可注册证据（需重查）,,2026-09-30T17:42:47.219Z,来源名Spacemacs；独立转售用途未获支持，不能推定品牌回购,未取得无关独立买家用途证据；源品牌不是购买意向,未做逐名权利净空；品牌门是投资证据约束,False,,中外公司及品牌扩扫,https://regery.com/en/bulksearch,,,,,,
3116,sparkar.si,,23,仅历史可注册证据（需重查）,,2026-09-30T17:43:09.329Z,来源名Spark AR；独立转售用途未获支持，不能推定品牌回购,未取得无关独立买家用途证据；源品牌不是购买意向,未做逐名权利净空；品牌门是投资证据约束,False,,中外公司及品牌扩扫,https://regery.com/en/bulksearch,,,,,,
3117,sparkfun.si,,23,仅历史可注册证据（需重查）,,2026-09-30T17:43:09.329Z,来源名SparkFun；独立转售用途未获支持，不能推定品牌回购,未取得无关独立买家用途证据；源品牌不是购买意向,未做逐名权利净空；品牌门是投资证据约束,False,,中外公司及品牌扩扫,https://regery.com/en/bulksearch,,,,,,
3118,sparkpost.si,,23,仅历史可注册证据（需重查）,,2026-09-30T17:43:09.329Z,来源名SparkPost；独立转售用途未获支持，不能推定品牌回购,未取得无关独立买家用途证据；源品牌不是购买意向,未做逐名权利净空；品牌门是投资证据约束,False,,中外公司及品牌扩扫,https://regery.com/en/bulksearch,,,,,,
3119,spigotmc.si,,23,仅历史可注册证据（需重查）,,2026-09-30T17:43:09.329Z,来源名SpigotMC；独立转售用途未获支持，不能推定品牌回购,未取得无关独立买家用途证据；源品牌不是购买意向,未做逐名权利净空；品牌门是投资证据约束,False,,中外公司及品牌扩扫,https://regery.com/en/bulksearch,,,,,,
3120,spreaker.si,,23,仅历史可注册证据（需重查）,,2026-09-30T17:43:09.329Z,来源名Spreaker；独立转售用途未获支持，不能推定品牌回购,未取得无关独立买家用途证据；源品牌不是购买意向,未做逐名权利净空；品牌门是投资证据约束,False,,中外公司及品牌扩扫,https://regery.com/en/bulksearch,,,,,,
3121,spyderide.si,,23,仅历史可注册证据（需重查）,,2026-09-30T17:43:09.329Z,来源名Spyder IDE；独立转售用途未获支持，不能推定品牌回购,未取得无关独立买家用途证据；源品牌不是购买意向,未做逐名权利净空；品牌门是投资证据约束,False,,中外公司及品牌扩扫,https://regery.com/en/bulksearch,,,,,,
3122,stackbit.si,,23,仅历史可注册证据（需重查）,,2026-09-30T17:43:09.329Z,来源名Stackbit；独立转售用途未获支持，不能推定品牌回购,未取得无关独立买家用途证据；源品牌不是购买意向,未做逐名权利净空；品牌门是投资证据约束,False,,中外公司及品牌扩扫,https://regery.com/en/bulksearch,,,,,,
3123,stackedit.si,,23,仅历史可注册证据（需重查）,,2026-09-30T17:43:09.329Z,来源名StackEdit；独立转售用途未获支持，不能推定品牌回购,未取得无关独立买家用途证据；源品牌不是购买意向,未做逐名权利净空；品牌门是投资证据约束,False,,中外公司及品牌扩扫,https://regery.com/en/bulksearch,,,,,,
3124,stackhawk.si,,23,仅历史可注册证据（需重查）,,2026-09-30T17:43:09.329Z,来源名StackHawk；独立转售用途未获支持，不能推定品牌回购,未取得无关独立买家用途证据；源品牌不是购买意向,未做逐名权利净空；品牌门是投资证据约束,False,,中外公司及品牌扩扫,https://regery.com/en/bulksearch,,,,,,
3125,staffbase.si,,23,仅历史可注册证据（需重查）,,2026-09-30T17:43:09.329Z,来源名Staffbase；独立转售用途未获支持，不能推定品牌回购,未取得无关独立买家用途证据；源品牌不是购买意向,未做逐名权利净空；品牌门是投资证据约束,False,,中外公司及品牌扩扫,https://regery.com/en/bulksearch,,,,,,
3126,stardock.si,,23,仅历史可注册证据（需重查）,,2026-09-30T17:43:09.329Z,来源名Stardock；独立转售用途未获支持，不能推定品牌回购,未取得无关独立买家用途证据；源品牌不是购买意向,未做逐名权利净空；品牌门是投资证据约束,False,,中外公司及品牌扩扫,https://regery.com/en/bulksearch,,,,,,
3127,startgg.si,,23,仅历史可注册证据（需重查）,,2026-09-30T17:43:09.329Z,来源名start.gg；独立转售用途未获支持，不能推定品牌回购,未取得无关独立买家用途证据；源品牌不是购买意向,未做逐名权利净空；品牌门是投资证据约束,False,,中外公司及品牌扩扫,https://regery.com/en/bulksearch,,,,,,
3128,statamic.si,,23,仅历史可注册证据（需重查）,,2026-09-30T17:43:09.329Z,来源名Statamic；独立转售用途未获支持，不能推定品牌回购,未取得无关独立买家用途证据；源品牌不是购买意向,未做逐名权利净空；品牌门是投资证据约束,False,,中外公司及品牌扩扫,https://regery.com/en/bulksearch,,,,,,
3129,statuspal.si,,23,仅历史可注册证据（需重查）,,2026-09-30T17:43:09.329Z,来源名Statuspal；独立转售用途未获支持，不能推定品牌回购,未取得无关独立买家用途证据；源品牌不是购买意向,未做逐名权利净空；品牌门是投资证据约束,False,,中外公司及品牌扩扫,https://regery.com/en/bulksearch,,,,,,
3130,steamdeck.si,,23,仅历史可注册证据（需重查）,,2026-09-30T17:43:09.329Z,来源名Steam Deck；独立转售用途未获支持，不能推定品牌回购,未取得无关独立买家用途证据；源品牌不是购买意向,未做逐名权利净空；品牌门是投资证据约束,False,,中外公司及品牌扩扫,https://regery.com/en/bulksearch,,,,,,
3131,steamdb.si,,23,仅历史可注册证据（需重查）,,2026-09-30T17:43:09.329Z,来源名SteamDB；独立转售用途未获支持，不能推定品牌回购,未取得无关独立买家用途证据；源品牌不是购买意向,未做逐名权利净空；品牌门是投资证据约束,False,,中外公司及品牌扩扫,https://regery.com/en/bulksearch,,,,,,
3132,steemit.si,,23,仅历史可注册证据（需重查）,,2026-09-30T17:43:55.237Z,来源名Steemit；独立转售用途未获支持，不能推定品牌回购,未取得无关独立买家用途证据；源品牌不是购买意向,未做逐名权利净空；品牌门是投资证据约束,False,,中外公司及品牌扩扫,https://regery.com/en/bulksearch,,,,,,
3133,steinberg.si,,23,仅历史可注册证据（需重查）,,2026-09-30T17:43:55.237Z,来源名Steinberg；独立转售用途未获支持，不能推定品牌回购,未取得无关独立买家用途证据；源品牌不是购买意向,未做逐名权利净空；品牌门是投资证据约束,False,,中外公司及品牌扩扫,https://regery.com/en/bulksearch,,,,,,
3134,stencyl.si,,23,仅历史可注册证据（需重查）,,2026-09-30T17:43:55.237Z,来源名Stencyl；独立转售用途未获支持，不能推定品牌回购,未取得无关独立买家用途证据；源品牌不是购买意向,未做逐名权利净空；品牌门是投资证据约束,False,,中外公司及品牌扩扫,https://regery.com/en/bulksearch,,,,,,
3135,stopstalk.si,,23,仅历史可注册证据（需重查）,,2026-09-30T17:43:55.237Z,来源名StopStalk；独立转售用途未获支持，不能推定品牌回购,未取得无关独立买家用途证据；源品牌不是购买意向,未做逐名权利净空；品牌门是投资证据约束,False,,中外公司及品牌扩扫,https://regery.com/en/bulksearch,,,,,,
3136,storyblok.si,,23,仅历史可注册证据（需重查）,,2026-09-30T17:43:55.237Z,来源名Storyblok；独立转售用途未获支持，不能推定品牌回购,未取得无关独立买家用途证据；源品牌不是购买意向,未做逐名权利净空；品牌门是投资证据约束,False,,中外公司及品牌扩扫,https://regery.com/en/bulksearch,,,,,,
3137,streamlit.si,,23,仅历史可注册证据（需重查）,,2026-09-30T17:43:55.237Z,来源名Streamlit；独立转售用途未获支持，不能推定品牌回购,未取得无关独立买家用途证据；源品牌不是购买意向,未做逐名权利净空；品牌门是投资证据约束,False,,中外公司及品牌扩扫,https://regery.com/en/bulksearch,,,,,,
3138,stremio.si,,23,仅历史可注册证据（需重查）,,2026-09-30T17:43:55.237Z,来源名Stremio；独立转售用途未获支持，不能推定品牌回购,未取得无关独立买家用途证据；源品牌不是购买意向,未做逐名权利净空；品牌门是投资证据约束,False,,中外公司及品牌扩扫,https://regery.com/en/bulksearch,,,,,,
3139,stylelint.si,,23,仅历史可注册证据（需重查）,,2026-09-30T17:43:55.237Z,来源名stylelint；独立转售用途未获支持，不能推定品牌回购,未取得无关独立买家用途证据；源品牌不是购买意向,未做逐名权利净空；品牌门是投资证据约束,False,,中外公司及品牌扩扫,https://regery.com/en/bulksearch,,,,,,
3140,suckless.si,,23,仅历史可注册证据（需重查）,,2026-09-30T17:43:55.237Z,来源名suckless；独立转售用途未获支持，不能推定品牌回购,未取得无关独立买家用途证据；源品牌不是购买意向,未做逐名权利净空；品牌门是投资证据约束,False,,中外公司及品牌扩扫,https://regery.com/en/bulksearch,,,,,,
3141,suitest.si,,23,仅历史可注册证据（需重查）,,2026-09-30T17:43:55.237Z,来源名Suitest；独立转售用途未获支持，不能推定品牌回购,未取得无关独立买家用途证据；源品牌不是购买意向,未做逐名权利净空；品牌门是投资证据约束,False,,中外公司及品牌扩扫,https://regery.com/en/bulksearch,,,,,,
3142,sumologic.si,,23,仅历史可注册证据（需重查）,,2026-09-30T17:43:55.237Z,来源名Sumo Logic；独立转售用途未获支持，不能推定品牌回购,未取得无关独立买家用途证据；源品牌不是购买意向,未做逐名权利净空；品牌门是投资证据约束,False,,中外公司及品牌扩扫,https://regery.com/en/bulksearch,,,,,,
3143,surfshark.si,,23,仅历史可注册证据（需重查）,,2026-09-30T17:43:55.237Z,来源名Surfshark；独立转售用途未获支持，不能推定品牌回购,未取得无关独立买家用途证据；源品牌不是购买意向,未做逐名权利净空；品牌门是投资证据约束,False,,中外公司及品牌扩扫,https://regery.com/en/bulksearch,,,,,,
3144,surrealdb.si,,23,仅历史可注册证据（需重查）,,2026-09-30T17:43:55.237Z,来源名SurrealDB；独立转售用途未获支持，不能推定品牌回购,未取得无关独立买家用途证据；源品牌不是购买意向,未做逐名权利净空；品牌门是投资证据约束,False,,中外公司及品牌扩扫,https://regery.com/en/bulksearch,,,,,,
3145,svgtrace.si,,23,仅历史可注册证据（需重查）,,2026-09-30T17:43:55.237Z,来源名SvgTrace；独立转售用途未获支持，不能推定品牌回购,未取得无关独立买家用途证据；源品牌不是购买意向,未做逐名权利净空；品牌门是投资证据约束,False,,中外公司及品牌扩扫,https://regery.com/en/bulksearch,,,,,,
3146,swisscows.si,,23,仅历史可注册证据（需重查）,,2026-09-30T17:43:55.237Z,来源名Swisscows；独立转售用途未获支持，不能推定品牌回购,未取得无关独立买家用途证据；源品牌不是购买意向,未做逐名权利净空；品牌门是投资证据约束,False,,中外公司及品牌扩扫,https://regery.com/en/bulksearch,,,,,,
3147,syncthing.si,,23,仅历史可注册证据（需重查）,,2026-09-30T17:44:29.838Z,来源名Syncthing；独立转售用途未获支持，不能推定品牌回购,未取得无关独立买家用途证据；源品牌不是购买意向,未做逐名权利净空；品牌门是投资证据约束,False,,中外公司及品牌扩扫,https://regery.com/en/bulksearch,,,,,,
3148,tabelog.si,,23,仅历史可注册证据（需重查）,,2026-09-30T17:44:29.838Z,来源名Tabelog；独立转售用途未获支持，不能推定品牌回购,未取得无关独立买家用途证据；源品牌不是购买意向,未做逐名权利净空；品牌门是投资证据约束,False,,中外公司及品牌扩扫,https://regery.com/en/bulksearch,,,,,,
3149,tanstack.si,,23,仅历史可注册证据（需重查）,,2026-09-30T17:44:29.838Z,来源名TanStack；独立转售用途未获支持，不能推定品牌回购,未取得无关独立买家用途证据；源品牌不是购买意向,未做逐名权利净空；品牌门是投资证据约束,False,,中外公司及品牌扩扫,https://regery.com/en/bulksearch,,,,,,
3150,tasmota.si,,23,仅历史可注册证据（需重查）,,2026-09-30T17:44:29.838Z,来源名Tasmota；独立转售用途未获支持，不能推定品牌回购,未取得无关独立买家用途证据；源品牌不是购买意向,未做逐名权利净空；品牌门是投资证据约束,False,,中外公司及品牌扩扫,https://regery.com/en/bulksearch,,,,,,
3151,taxbuzz.si,,23,仅历史可注册证据（需重查）,,2026-09-30T17:44:29.838Z,来源名TaxBuzz；独立转售用途未获支持，不能推定品牌回购,未取得无关独立买家用途证据；源品牌不是购买意向,未做逐名权利净空；品牌门是投资证据约束,False,,中外公司及品牌扩扫,https://regery.com/en/bulksearch,,,,,,
3152,teamspeak.si,,23,仅历史可注册证据（需重查）,,2026-09-30T17:44:29.838Z,来源名TeamSpeak；独立转售用途未获支持，不能推定品牌回购,未取得无关独立买家用途证据；源品牌不是购买意向,未做逐名权利净空；品牌门是投资证据约束,False,,中外公司及品牌扩扫,https://regery.com/en/bulksearch,,,,,,
3153,teepublic.si,,23,仅历史可注册证据（需重查）,,2026-09-30T17:44:29.838Z,来源名TeePublic；独立转售用途未获支持，不能推定品牌回购,未取得无关独立买家用途证据；源品牌不是购买意向,未做逐名权利净空；品牌门是投资证据约束,False,,中外公司及品牌扩扫,https://regery.com/en/bulksearch,,,,,,
3154,teespring.si,,23,仅历史可注册证据（需重查）,,2026-09-30T17:44:29.838Z,来源名Teespring；独立转售用途未获支持，不能推定品牌回购,未取得无关独立买家用途证据；源品牌不是购买意向,未做逐名权利净空；品牌门是投资证据约束,False,,中外公司及品牌扩扫,https://regery.com/en/bulksearch,,,,,,
3155,tencenthy.si,,23,仅历史可注册证据（需重查）,,2026-09-30T17:44:29.838Z,来源名Tencent Hy；独立转售用途未获支持，不能推定品牌回购,未取得无关独立买家用途证据；源品牌不是购买意向,未做逐名权利净空；品牌门是投资证据约束,False,,中外公司及品牌扩扫,https://regery.com/en/bulksearch,,,,,,
3156,teratail.si,,23,仅历史可注册证据（需重查）,,2026-09-30T17:44:29.838Z,来源名teratail；独立转售用途未获支持，不能推定品牌回购,未取得无关独立买家用途证据；源品牌不是购买意向,未做逐名权利净空；品牌门是投资证据约束,False,,中外公司及品牌扩扫,https://regery.com/en/bulksearch,,,,,,
3157,termius.si,,23,仅历史可注册证据（需重查）,,2026-09-30T17:44:29.838Z,来源名Termius；独立转售用途未获支持，不能推定品牌回购,未取得无关独立买家用途证据；源品牌不是购买意向,未做逐名权利净空；品牌门是投资证据约束,False,,中外公司及品牌扩扫,https://regery.com/en/bulksearch,,,,,,
3158,testrail.si,,23,仅历史可注册证据（需重查）,,2026-09-30T17:44:29.838Z,来源名TestRail；独立转售用途未获支持，不能推定品牌回购,未取得无关独立买家用途证据；源品牌不是购买意向,未做逐名权利净空；品牌门是投资证据约束,False,,中外公司及品牌扩扫,https://regery.com/en/bulksearch,,,,,,
3159,thefinals.si,,23,仅历史可注册证据（需重查）,,2026-09-30T17:44:29.838Z,来源名THE FINALS；独立转售用途未获支持，不能推定品牌回购,未取得无关独立买家用途证据；源品牌不是购买意向,未做逐名权利净空；品牌门是投资证据约束,False,,中外公司及品牌扩扫,https://regery.com/en/bulksearch,,,,,,
3160,thinkpad.si,,23,仅历史可注册证据（需重查）,,2026-09-30T17:44:57.014Z,来源名ThinkPad；独立转售用途未获支持，不能推定品牌回购,未取得无关独立买家用途证据；源品牌不是购买意向,未做逐名权利净空；品牌门是投资证据约束,False,,中外公司及品牌扩扫,https://regery.com/en/bulksearch,,,,,,
3161,thirdweb.si,,23,仅历史可注册证据（需重查）,,2026-09-30T17:44:57.014Z,来源名thirdweb；独立转售用途未获支持，不能推定品牌回购,未取得无关独立买家用途证据；源品牌不是购买意向,未做逐名权利净空；品牌门是投资证据约束,False,,中外公司及品牌扩扫,https://regery.com/en/bulksearch,,,,,,
3162,threejs.si,,23,仅历史可注册证据（需重查）,,2026-09-30T17:44:57.014Z,来源名Three.js；独立转售用途未获支持，不能推定品牌回购,未取得无关独立买家用途证据；源品牌不是购买意向,未做逐名权利净空；品牌门是投资证据约束,False,,中外公司及品牌扩扫,https://regery.com/en/bulksearch,,,,,,
3163,threema.si,,23,仅历史可注册证据（需重查）,,2026-09-30T17:44:57.014Z,来源名Threema；独立转售用途未获支持，不能推定品牌回购,未取得无关独立买家用途证据；源品牌不是购买意向,未做逐名权利净空；品牌门是投资证据约束,False,,中外公司及品牌扩扫,https://regery.com/en/bulksearch,,,,,,
3164,ticktick.si,,23,仅历史可注册证据（需重查）,,2026-09-30T17:44:57.014Z,来源名TickTick；独立转售用途未获支持，不能推定品牌回购,未取得无关独立买家用途证据；源品牌不是购买意向,未做逐名权利净空；品牌门是投资证据约束,False,,中外公司及品牌扩扫,https://regery.com/en/bulksearch,,,,,,
3165,tidyverse.si,,23,仅历史可注册证据（需重查）,,2026-09-30T17:44:57.014Z,来源名Tidyverse；独立转售用途未获支持，不能推定品牌回购,未取得无关独立买家用途证据；源品牌不是购买意向,未做逐名权利净空；品牌门是投资证据约束,False,,中外公司及品牌扩扫,https://regery.com/en/bulksearch,,,,,,
3166,tinkercad.si,,23,仅历史可注册证据（需重查）,,2026-09-30T17:44:57.014Z,来源名Tinkercad；独立转售用途未获支持，不能推定品牌回购,未取得无关独立买家用途证据；源品牌不是购买意向,未做逐名权利净空；品牌门是投资证据约束,False,,中外公司及品牌扩扫,https://regery.com/en/bulksearch,,,,,,
3167,tinygrad.si,,23,仅历史可注册证据（需重查）,,2026-09-30T17:44:57.014Z,来源名tinygrad；独立转售用途未获支持，不能推定品牌回购,未取得无关独立买家用途证据；源品牌不是购买意向,未做逐名权利净空；品牌门是投资证据约束,False,,中外公司及品牌扩扫,https://regery.com/en/bulksearch,,,,,,
3168,tistory.si,,23,仅历史可注册证据（需重查）,,2026-09-30T17:44:57.014Z,来源名Tistory；独立转售用途未获支持，不能推定品牌回购,未取得无关独立买家用途证据；源品牌不是购买意向,未做逐名权利净空；品牌门是投资证据约束,False,,中外公司及品牌扩扫,https://regery.com/en/bulksearch,,,,,,
3169,todoist.si,,23,仅历史可注册证据（需重查）,,2026-09-30T17:44:57.014Z,来源名Todoist；独立转售用途未获支持，不能推定品牌回购,未取得无关独立买家用途证据；源品牌不是购买意向,未做逐名权利净空；品牌门是投资证据约束,False,,中外公司及品牌扩扫,https://regery.com/en/bulksearch,,,,,,
3170,topcoder.si,,23,仅历史可注册证据（需重查）,,2026-09-30T17:44:57.014Z,来源名Topcoder；独立转售用途未获支持，不能推定品牌回购,未取得无关独立买家用途证据；源品牌不是购买意向,未做逐名权利净空；品牌门是投资证据约束,False,,中外公司及品牌扩扫,https://regery.com/en/bulksearch,,,,,,
3171,torizon.si,,23,仅历史可注册证据（需重查）,,2026-09-30T17:44:57.014Z,来源名Torizon；独立转售用途未获支持，不能推定品牌回购,未取得无关独立买家用途证据；源品牌不是购买意向,未做逐名权利净空；品牌门是投资证据约束,False,,中外公司及品牌扩扫,https://regery.com/en/bulksearch,,,,,,
3172,tourbox.si,,23,仅历史可注册证据（需重查）,,2026-09-30T17:44:57.014Z,来源名TourBox；独立转售用途未获支持，不能推定品牌回购,未取得无关独立买家用途证据；源品牌不是购买意向,未做逐名权利净空；品牌门是投资证据约束,False,,中外公司及品牌扩扫,https://regery.com/en/bulksearch,,,,,,
3173,traccar.si,,23,仅历史可注册证据（需重查）,,2026-09-30T17:44:57.014Z,来源名Traccar；独立转售用途未获支持，不能推定品牌回购,未取得无关独立买家用途证据；源品牌不是购买意向,未做逐名权利净空；品牌门是投资证据约束,False,,中外公司及品牌扩扫,https://regery.com/en/bulksearch,,,,,,
3174,transifex.si,,23,仅历史可注册证据（需重查）,,2026-09-30T17:45:31.230Z,来源名Transifex；独立转售用途未获支持，不能推定品牌回购,未取得无关独立买家用途证据；源品牌不是购买意向,未做逐名权利净空；品牌门是投资证据约束,False,,中外公司及品牌扩扫,https://regery.com/en/bulksearch,,,,,,
3175,tresorit.si,,23,仅历史可注册证据（需重查）,,2026-09-30T17:45:31.230Z,来源名Tresorit；独立转售用途未获支持，不能推定品牌回购,未取得无关独立买家用途证据；源品牌不是购买意向,未做逐名权利净空；品牌门是投资证据约束,False,,中外公司及品牌扩扫,https://regery.com/en/bulksearch,,,,,,
3176,treyarch.si,,23,仅历史可注册证据（需重查）,,2026-09-30T17:45:31.230Z,来源名Treyarch；独立转售用途未获支持，不能推定品牌回购,未取得无关独立买家用途证据；源品牌不是购买意向,未做逐名权利净空；品牌门是投资证据约束,False,,中外公司及品牌扩扫,https://regery.com/en/bulksearch,,,,,,
3177,tricentis.si,,23,仅历史可注册证据（需重查）,,2026-09-30T17:45:31.230Z,来源名Tricentis；独立转售用途未获支持，不能推定品牌回购,未取得无关独立买家用途证据；源品牌不是购买意向,未做逐名权利净空；品牌门是投资证据约束,False,,中外公司及品牌扩扫,https://regery.com/en/bulksearch,,,,,,
3178,trilium.si,,23,仅历史可注册证据（需重查）,,2026-09-30T17:45:31.230Z,来源名Trilium；独立转售用途未获支持，不能推定品牌回购,未取得无关独立买家用途证据；源品牌不是购买意向,未做逐名权利净空；品牌门是投资证据约束,False,,中外公司及品牌扩扫,https://regery.com/en/bulksearch,,,,,,
3179,trillertv.si,,23,仅历史可注册证据（需重查）,,2026-09-30T17:45:31.230Z,来源名TrillerTV；独立转售用途未获支持，不能推定品牌回购,未取得无关独立买家用途证据；源品牌不是购买意向,未做逐名权利净空；品牌门是投资证据约束,False,,中外公司及品牌扩扫,https://regery.com/en/bulksearch,,,,,,
3180,truenas.si,,23,仅历史可注册证据（需重查）,,2026-09-30T17:45:31.230Z,来源名TrueNAS；独立转售用途未获支持，不能推定品牌回购,未取得无关独立买家用途证据；源品牌不是购买意向,未做逐名权利净空；品牌门是投资证据约束,False,,中外公司及品牌扩扫,https://regery.com/en/bulksearch,,,,,,
3181,tryhackme.si,,23,仅历史可注册证据（需重查）,,2026-09-30T17:45:31.230Z,来源名TryHackMe；独立转售用途未获支持，不能推定品牌回购,未取得无关独立买家用途证据；源品牌不是购买意向,未做逐名权利净空；品牌门是投资证据约束,False,,中外公司及品牌扩扫,https://regery.com/en/bulksearch,,,,,,
3182,turborepo.si,,23,仅历史可注册证据（需重查）,,2026-09-30T17:45:31.230Z,来源名Turborepo；独立转售用途未获支持，不能推定品牌回购,未取得无关独立买家用途证据；源品牌不是购买意向,未做逐名权利净空；品牌门是投资证据约束,False,,中外公司及品牌扩扫,https://regery.com/en/bulksearch,,,,,,
3183,tutanota.si,,23,仅历史可注册证据（需重查）,,2026-09-30T17:45:31.230Z,来源名Tuta；独立转售用途未获支持，不能推定品牌回购,未取得无关独立买家用途证据；源品牌不是购买意向,未做逐名权利净空；品牌门是投资证据约束,False,,中外公司及品牌扩扫,https://regery.com/en/bulksearch,,,,,,
3184,typeorm.si,,23,仅历史可注册证据（需重查）,,2026-09-30T17:45:31.230Z,来源名TypeORM；独立转售用途未获支持，不能推定品牌回购,未取得无关独立买家用途证据；源品牌不是购买意向,未做逐名权利净空；品牌门是投资证据约束,False,,中外公司及品牌扩扫,https://regery.com/en/bulksearch,,,,,,
3185,verdaccio.si,,23,仅历史可注册证据（需重查）,,2026-09-30T17:45:54.684Z,来源名Verdaccio；独立转售用途未获支持，不能推定品牌回购,未取得无关独立买家用途证据；源品牌不是购买意向,未做逐名权利净空；品牌门是投资证据约束,False,,中外公司及品牌扩扫,https://regery.com/en/bulksearch,,,,,,
3186,vitepress.si,,23,仅历史可注册证据（需重查）,,2026-09-30T17:45:54.684Z,来源名VitePress；独立转售用途未获支持，不能推定品牌回购,未取得无关独立买家用途证据；源品牌不是购买意向,未做逐名权利净空；品牌门是投资证据约束,False,,中外公司及品牌扩扫,https://regery.com/en/bulksearch,,,,,,
3187,voidlinux.si,,23,仅历史可注册证据（需重查）,,2026-09-30T17:45:54.684Z,来源名Void Linux；独立转售用途未获支持，不能推定品牌回购,未取得无关独立买家用途证据；源品牌不是购买意向,未做逐名权利净空；品牌门是投资证据约束,False,,中外公司及品牌扩扫,https://regery.com/en/bulksearch,,,,,,
3188,wheniwork.si,,23,仅历史可注册证据（需重查）,,2026-09-30T17:45:54.684Z,来源名When I Work；独立转售用途未获支持，不能推定品牌回购,未取得无关独立买家用途证据；源品牌不是购买意向,未做逐名权利净空；品牌门是投资证据约束,False,,中外公司及品牌扩扫,https://regery.com/en/bulksearch,,,,,,
3189,wpengine.si,,23,仅历史可注册证据（需重查）,,2026-09-30T17:46:23.933Z,来源名WP Engine；独立转售用途未获支持，不能推定品牌回购,未取得无关独立买家用途证据；源品牌不是购买意向,未做逐名权利净空；品牌门是投资证据约束,False,,中外公司及品牌扩扫,https://regery.com/en/bulksearch,,,,,,
3190,wprocket.si,,23,仅历史可注册证据（需重查）,,2026-09-30T17:46:23.933Z,来源名WP Rocket；独立转售用途未获支持，不能推定品牌回购,未取得无关独立买家用途证据；源品牌不是购买意向,未做逐名权利净空；品牌门是投资证据约束,False,,中外公司及品牌扩扫,https://regery.com/en/bulksearch,,,,,,
3191,writeas.si,,23,仅历史可注册证据（需重查）,,2026-09-30T17:46:23.933Z,来源名Write.as；独立转售用途未获支持，不能推定品牌回购,未取得无关独立买家用途证据；源品牌不是购买意向,未做逐名权利净空；品牌门是投资证据约束,False,,中外公司及品牌扩扫,https://regery.com/en/bulksearch,,,,,,
3192,reactflow.si,,23,仅历史可注册证据（需重查）,,2026-09-30T17:46:23.933Z,来源名xyflow；独立转售用途未获支持，不能推定品牌回购,未取得无关独立买家用途证据；源品牌不是购买意向,未做逐名权利净空；品牌门是投资证据约束,False,,中外公司及品牌扩扫,https://regery.com/en/bulksearch,,,,,,
3193,youtubetv.si,,23,仅历史可注册证据（需重查）,,2026-09-30T17:46:23.933Z,来源名YouTube TV；独立转售用途未获支持，不能推定品牌回购,未取得无关独立买家用途证据；源品牌不是购买意向,未做逐名权利净空；品牌门是投资证据约束,False,,中外公司及品牌扩扫,https://regery.com/en/bulksearch,,,,,,
3194,nttgroup.si,,23,仅历史可注册证据（需重查）,,2026-09-30T17:47:08.694Z,来源名NTT Group；独立转售用途未获支持，不能推定品牌回购,未取得无关独立买家用途证据；源品牌不是购买意向,未做逐名权利净空；品牌门是投资证据约束,False,,中外公司及品牌扩扫,https://regery.com/en/bulksearch,,,,,,
3195,tatagroup.si,,23,仅历史可注册证据（需重查）,,2026-09-30T17:47:08.694Z,来源名TATA Group；独立转售用途未获支持，不能推定品牌回购,未取得无关独立买家用途证据；源品牌不是购买意向,未做逐名权利净空；品牌门是投资证据约束,False,,中外公司及品牌扩扫,https://regery.com/en/bulksearch,,,,,,
3196,sumitomo.si,,23,仅历史可注册证据（需重查）,,2026-09-30T17:47:08.694Z,来源名Sumitomo Group；独立转售用途未获支持，不能推定品牌回购,未取得无关独立买家用途证据；源品牌不是购买意向,未做逐名权利净空；品牌门是投资证据约束,False,,中外公司及品牌扩扫,https://regery.com/en/bulksearch,,,,,,
3197,sinopec.si,,23,仅历史可注册证据（需重查）,,2026-09-30T17:47:08.694Z,来源名Sinopec Group / SINOPEC；独立转售用途未获支持，不能推定品牌回购,未取得无关独立买家用途证据；源品牌不是购买意向,未做逐名权利净空；品牌门是投资证据约束,False,,中外公司及品牌扩扫,https://regery.com/en/bulksearch,,,,,,
3198,skgroup.si,,23,仅历史可注册证据（需重查）,,2026-09-30T17:47:08.694Z,来源名SK Group；独立转售用途未获支持，不能推定品牌回购,未取得无关独立买家用途证据；源品牌不是购买意向,未做逐名权利净空；品牌门是投资证据约束,False,,中外公司及品牌扩扫,https://regery.com/en/bulksearch,,,,,,
3199,wuliangye.si,,23,仅历史可注册证据（需重查）,,2026-09-30T17:47:08.694Z,来源名Wuliangye / WU LIANG YE；独立转售用途未获支持，不能推定品牌回购,未取得无关独立买家用途证据；源品牌不是购买意向,未做逐名权利净空；品牌门是投资证据约束,False,,中外公司及品牌扩扫,https://regery.com/en/bulksearch,,,,,,
3200,ibmgroup.si,,23,仅历史可注册证据（需重查）,,2026-09-30T17:47:08.694Z,来源名IBM Group；独立转售用途未获支持，不能推定品牌回购,未取得无关独立买家用途证据；源品牌不是购买意向,未做逐名权利净空；品牌门是投资证据约束,False,,中外公司及品牌扩扫,https://regery.com/en/bulksearch,,,,,,
3201,xfinity.si,,23,仅历史可注册证据（需重查）,,2026-09-30T17:47:08.694Z,来源名Xfinity；独立转售用途未获支持，不能推定品牌回购,未取得无关独立买家用途证据；源品牌不是购买意向,未做逐名权利净空；品牌门是投资证据约束,False,,中外公司及品牌扩扫,https://regery.com/en/bulksearch,,,,,,
3202,chinalife.si,,23,仅历史可注册证据（需重查）,,2026-09-30T17:47:08.694Z,来源名China Life / CHINA LIFE；独立转售用途未获支持，不能推定品牌回购,未取得无关独立买家用途证据；源品牌不是购买意向,未做逐名权利净空；品牌门是投资证据约束,False,,中外公司及品牌扩扫,https://regery.com/en/bulksearch,,,,,,
3203,lggroup.si,,23,仅历史可注册证据（需重查）,,2026-09-30T17:47:08.694Z,来源名LG Group；独立转售用途未获支持，不能推定品牌回购,未取得无关独立买家用途证据；源品牌不是购买意向,未做逐名权利净空；品牌门是投资证据约束,False,,中外公司及品牌扩扫,https://regery.com/en/bulksearch,,,,,,
3204,allstate.si,,23,仅历史可注册证据（需重查）,,2026-09-30T17:47:08.694Z,来源名Allstate；独立转售用途未获支持，不能推定品牌回购,未取得无关独立买家用途证据；源品牌不是购买意向,未做逐名权利净空；品牌门是投资证据约束,False,,中外公司及品牌扩扫,https://regery.com/en/bulksearch,,,,,,
3205,hdfcgroup.si,,23,仅历史可注册证据（需重查）,,2026-09-30T17:47:59.644Z,来源名HDFC Group；独立转售用途未获支持，不能推定品牌回购,未取得无关独立买家用途证据；源品牌不是购买意向,未做逐名权利净空；品牌门是投资证据约束,False,,中外公司及品牌扩扫,https://regery.com/en/bulksearch,,,,,,
3206,rabobank.si,,23,仅历史可注册证据（需重查）,,2026-09-30T17:48:54.626Z,来源名Rabobank；独立转售用途未获支持，不能推定品牌回购,未取得无关独立买家用途证据；源品牌不是购买意向,未做逐名权利净空；品牌门是投资证据约束,False,,中外公司及品牌扩扫,https://regery.com/en/bulksearch,,,,,,
3207,sbigroup.si,,23,仅历史可注册证据（需重查）,,2026-09-30T17:48:54.626Z,来源名SBI Group；独立转售用途未获支持，不能推定品牌回购,未取得无关独立买家用途证据；源品牌不是购买意向,未做逐名权利净空；品牌门是投资证据约束,False,,中外公司及品牌扩扫,https://regery.com/en/bulksearch,,,,,,
3208,gatorade.si,,23,仅历史可注册证据（需重查）,,2026-09-30T17:49:20.862Z,来源名Gatorade；独立转售用途未获支持，不能推定品牌回购,未取得无关独立买家用途证据；源品牌不是购买意向,未做逐名权利净空；品牌门是投资证据约束,False,,中外公司及品牌扩扫,https://regery.com/en/bulksearch,,,,,,
3209,coupang.si,,23,仅历史可注册证据（需重查）,,2026-09-30T17:49:20.862Z,来源名Coupang；独立转售用途未获支持，不能推定品牌回购,未取得无关独立买家用途证据；源品牌不是购买意向,未做逐名权利净空；品牌门是投资证据约束,False,,中外公司及品牌扩扫,https://regery.com/en/bulksearch,,,,,,
3210,marubeni.si,,23,仅历史可注册证据（需重查）,,2026-09-30T17:49:20.862Z,来源名Marubeni；独立转售用途未获支持，不能推定品牌回购,未取得无关独立买家用途证据；源品牌不是购买意向,未做逐名权利净空；品牌门是投资证据约束,False,,中外公司及品牌扩扫,https://regery.com/en/bulksearch,,,,,,
3211,bouygues.si,,23,仅历史可注册证据（需重查）,,2026-09-30T17:49:20.862Z,来源名Bouygues；独立转售用途未获支持，不能推定品牌回购,未取得无关独立买家用途证据；源品牌不是购买意向,未做逐名权利净空；品牌门是投资证据约束,False,,中外公司及品牌扩扫,https://regery.com/en/bulksearch,,,,,,
3212,budweiser.si,,23,仅历史可注册证据（需重查）,,2026-09-30T17:49:49.268Z,来源名Budweiser；独立转售用途未获支持，不能推定品牌回购,未取得无关独立买家用途证据；源品牌不是购买意向,未做逐名权利净空；品牌门是投资证据约束,False,,中外公司及品牌扩扫,https://regery.com/en/bulksearch,,,,,,
3213,jiogroup.si,,23,仅历史可注册证据（需重查）,,2026-09-30T17:49:49.268Z,来源名Jio Group；独立转售用途未获支持，不能推定品牌回购,未取得无关独立买家用途证据；源品牌不是购买意向,未做逐名权利净空；品牌门是投资证据约束,False,,中外公司及品牌扩扫,https://regery.com/en/bulksearch,,,,,,
3214,kelloggs.si,,23,仅历史可注册证据（需重查）,,2026-09-30T17:49:49.268Z,来源名Kellogg's；独立转售用途未获支持，不能推定品牌回购,未取得无关独立买家用途证据；源品牌不是购买意向,未做逐名权利净空；品牌门是投资证据约束,False,,中外公司及品牌扩扫,https://regery.com/en/bulksearch,,,,,,
3215,swisscom.si,,23,仅历史可注册证据（需重查）,,2026-09-30T17:49:49.268Z,来源名Swisscom；独立转售用途未获支持，不能推定品牌回购,未取得无关独立买家用途证据；源品牌不是购买意向,未做逐名权利净空；品牌门是投资证据约束,False,,中外公司及品牌扩扫,https://regery.com/en/bulksearch,,,,,,
3216,ocbcbank.si,,23,仅历史可注册证据（需重查）,,2026-09-30T17:49:49.268Z,来源名OCBC Bank；独立转售用途未获支持，不能推定品牌回购,未取得无关独立买家用途证据；源品牌不是购买意向,未做逐名权利净空；品牌门是投资证据约束,False,,中外公司及品牌扩扫,https://regery.com/en/bulksearch,,,,,,
3217,guerlain.si,,23,仅历史可注册证据（需重查）,,2026-09-30T17:49:49.268Z,来源名Guerlain；独立转售用途未获支持，不能推定品牌回购,未取得无关独立买家用途证据；源品牌不是购买意向,未做逐名权利净空；品牌门是投资证据约束,False,,中外公司及品牌扩扫,https://regery.com/en/bulksearch,,,,,,
3218,doritos.si,,23,仅历史可注册证据（需重查）,,2026-09-30T17:49:49.268Z,来源名Doritos；独立转售用途未获支持，不能推定品牌回购,未取得无关独立买家用途证据；源品牌不是购买意向,未做逐名权利净空；品牌门是投资证据约束,False,,中外公司及品牌扩扫,https://regery.com/en/bulksearch,,,,,,
3219,cjgroup.si,,23,仅历史可注册证据（需重查）,,2026-09-30T17:49:49.268Z,来源名CJ Group；独立转售用途未获支持，不能推定品牌回购,未取得无关独立买家用途证据；源品牌不是购买意向,未做逐名权利净空；品牌门是投资证据约束,False,,中外公司及品牌扩扫,https://regery.com/en/bulksearch,,,,,,
3220,sfexpress.si,,23,仅历史可注册证据（需重查）,,2026-09-30T17:50:28.959Z,来源名SF Express / SF EXPRESS；独立转售用途未获支持，不能推定品牌回购,未取得无关独立买家用途证据；源品牌不是购买意向,未做逐名权利净空；品牌门是投资证据约束,False,,中外公司及品牌扩扫,https://regery.com/en/bulksearch,,,,,,
3221,drpepper.si,,23,仅历史可注册证据（需重查）,,2026-09-30T17:50:28.959Z,来源名Dr Pepper；独立转售用途未获支持，不能推定品牌回购,未取得无关独立买家用途证据；源品牌不是购买意向,未做逐名权利净空；品牌门是投资证据约束,False,,中外公司及品牌扩扫,https://regery.com/en/bulksearch,,,,,,
3222,genting.si,,23,仅历史可注册证据（需重查）,,2026-09-30T17:50:28.959Z,来源名Genting；独立转售用途未获支持，不能推定品牌回购,未取得无关独立买家用途证据；源品牌不是购买意向,未做逐名权利净空；品牌门是投资证据约束,False,,中外公司及品牌扩扫,https://regery.com/en/bulksearch,,,,,,
3223,evernorth.si,,23,仅历史可注册证据（需重查）,,2026-09-30T17:50:28.959Z,来源名Evernorth；独立转售用途未获支持，不能推定品牌回购,未取得无关独立买家用途证据；源品牌不是购买意向,未做逐名权利净空；品牌门是投资证据约束,False,,中外公司及品牌扩扫,https://regery.com/en/bulksearch,,,,,,
3224,iberdrola.si,,23,仅历史可注册证据（需重查）,,2026-09-30T17:50:28.959Z,来源名Iberdrola；独立转售用途未获支持，不能推定品牌回购,未取得无关独立买家用途证据；源品牌不是购买意向,未做逐名权利净空；品牌门是投资证据约束,False,,中外公司及品牌扩扫,https://regery.com/en/bulksearch,,,,,,
3225,chinapost.si,,23,仅历史可注册证据（需重查）,,2026-09-30T17:50:28.959Z,来源名China Post；独立转售用途未获支持，不能推定品牌回购,未取得无关独立买家用途证据；源品牌不是购买意向,未做逐名权利净空；品牌门是投资证据约束,False,,中外公司及品牌扩扫,https://regery.com/en/bulksearch,,,,,,
3226,bdoglobal.si,,23,仅历史可注册证据（需重查）,,2026-09-30T17:50:28.959Z,来源名BDO Global；独立转售用途未获支持，不能推定品牌回购,未取得无关独立买家用途证据；源品牌不是购买意向,未做逐名权利净空；品牌门是投资证据约束,False,,中外公司及品牌扩扫,https://regery.com/en/bulksearch,,,,,,
3227,maybank.si,,23,仅历史可注册证据（需重查）,,2026-09-30T17:51:02.096Z,来源名Maybank；独立转售用途未获支持，不能推定品牌回购,未取得无关独立买家用途证据；源品牌不是购买意向,未做逐名权利净空；品牌门是投资证据约束,False,,中外公司及品牌扩扫,https://regery.com/en/bulksearch,,,,,,
3228,marshalls.si,,23,仅历史可注册证据（需重查）,,2026-09-30T17:51:02.096Z,来源名Marshalls；独立转售用途未获支持，不能推定品牌回购,未取得无关独立买家用途证据；源品牌不是购买意向,未做逐名权利净空；品牌门是投资证据约束,False,,中外公司及品牌扩扫,https://regery.com/en/bulksearch,,,,,,
3229,cadbury.si,,23,仅历史可注册证据（需重查）,,2026-09-30T17:51:02.096Z,来源名Cadbury；独立转售用途未获支持，不能推定品牌回购,未取得无关独立买家用途证据；源品牌不是购买意向,未做逐名权利净空；品牌门是投资证据约束,False,,中外公司及品牌扩扫,https://regery.com/en/bulksearch,,,,,,
3230,freshippo.si,,23,仅历史可注册证据（需重查）,,2026-09-30T17:51:02.096Z,来源名FRESHIPPO；独立转售用途未获支持，不能推定品牌回购,未取得无关独立买家用途证据；源品牌不是购买意向,未做逐名权利净空；品牌门是投资证据约束,False,,中外公司及品牌扩扫,https://regery.com/en/bulksearch,,,,,,
3231,mengniu.si,,23,近期有普通注册报价（需再确认）,2026-10-01T04:11:22.036Z,2026-09-30T17:51:02.096Z,来源名MENGNIU；独立转售用途未获支持，不能推定品牌回购,未取得无关独立买家用途证据；源品牌不是购买意向,未做逐名权利净空；品牌门是投资证据约束,False,,中外公司及品牌扩扫,https://regery.com/en/bulksearch,,https://regery.com/en/bulksearch,,,,13.99
3232,haidilao.si,,23,近期有普通注册报价（需再确认）,2026-10-01T04:11:22.036Z,2026-09-30T17:51:02.096Z,来源名HAIDILAO；独立转售用途未获支持，不能推定品牌回购,未取得无关独立买家用途证据；源品牌不是购买意向,未做逐名权利净空；品牌门是投资证据约束,False,,中外公司及品牌扩扫,https://regery.com/en/bulksearch,,https://regery.com/en/bulksearch,,,,13.99
3233,taikang.si,,23,仅历史可注册证据（需重查）,,2026-09-30T17:51:02.096Z,来源名TAIKANG；独立转售用途未获支持，不能推定品牌回购,未取得无关独立买家用途证据；源品牌不是购买意向,未做逐名权利净空；品牌门是投资证据约束,False,,中外公司及品牌扩扫,https://regery.com/en/bulksearch,,,,,,
3234,shuanghui.si,,23,仅历史可注册证据（需重查）,,2026-09-30T17:51:39.916Z,来源名SHUANGHUI；独立转售用途未获支持，不能推定品牌回购,未取得无关独立买家用途证据；源品牌不是购买意向,未做逐名权利净空；品牌门是投资证据约束,False,,中外公司及品牌扩扫,https://regery.com/en/bulksearch,,,,,,
3235,tsingtao.si,,23,仅历史可注册证据（需重查）,,2026-09-30T17:51:39.916Z,来源名TSINGTAO；独立转售用途未获支持，不能推定品牌回购,未取得无关独立买家用途证据；源品牌不是购买意向,未做逐名权利净空；品牌门是投资证据约束,False,,中外公司及品牌扩扫,https://regery.com/en/bulksearch,,,,,,
3236,mangotv.si,,23,仅历史可注册证据（需重查）,,2026-09-30T17:51:39.916Z,来源名MANGO TV；独立转售用途未获支持，不能推定品牌回购,未取得无关独立买家用途证据；源品牌不是购买意向,未做逐名权利净空；品牌门是投资证据约束,False,,中外公司及品牌扩扫,https://regery.com/en/bulksearch,,,,,,
3237,crsanjiu.si,,23,仅历史可注册证据（需重查）,,2026-09-30T17:51:39.916Z,来源名CR SANJIU；独立转售用途未获支持，不能推定品牌回购,未取得无关独立买家用途证据；源品牌不是购买意向,未做逐名权利净空；品牌门是投资证据约束,False,,中外公司及品牌扩扫,https://regery.com/en/bulksearch,,,,,,
3238,lianjia.si,,23,近期有普通注册报价（需再确认）,2026-10-01T04:11:22.036Z,2026-09-30T17:51:39.916Z,来源名LIANJIA；独立转售用途未获支持，不能推定品牌回购,未取得无关独立买家用途证据；源品牌不是购买意向,未做逐名权利净空；品牌门是投资证据约束,False,,中外公司及品牌扩扫,https://regery.com/en/bulksearch,,https://regery.com/en/bulksearch,,,,13.99
3239,pipechina.si,,23,仅历史可注册证据（需重查）,,2026-09-30T17:34:09.683Z,来源名国家石油天然气管网集团有限公司；独立转售用途未获支持，不能推定品牌回购,未取得无关独立买家用途证据；源品牌不是购买意向,未做逐名权利净空；品牌门是投资证据约束,False,,中外公司及品牌扩扫,https://my.eurodns.com/das/search,,,,,,
3240,sinomach.si,,23,仅历史可注册证据（需重查）,,2026-09-30T17:34:09.683Z,来源名中国机械工业集团有限公司；独立转售用途未获支持，不能推定品牌回购,未取得无关独立买家用途证据；源品牌不是购买意向,未做逐名权利净空；品牌门是投资证据约束,False,,中外公司及品牌扩扫,https://my.eurodns.com/das/search,,,,,,
3241,ansteel.si,,23,仅历史可注册证据（需重查）,,2026-09-30T17:34:09.683Z,来源名鞍钢集团有限公司；独立转售用途未获支持，不能推定品牌回购,未取得无关独立买家用途证据；源品牌不是购买意向,未做逐名权利净空；品牌门是投资证据约束,False,,中外公司及品牌扩扫,https://my.eurodns.com/das/search,,,,,,
3242,chinalco.si,,23,仅历史可注册证据（需重查）,,2026-09-30T17:34:09.683Z,来源名中国铝业集团有限公司；独立转售用途未获支持，不能推定品牌回购,未取得无关独立买家用途证据；源品牌不是购买意向,未做逐名权利净空；品牌门是投资证据约束,False,,中外公司及品牌扩扫,https://my.eurodns.com/das/search,,,,,,
3243,sinochem.si,,23,仅历史可注册证据（需重查）,,2026-09-30T17:34:09.683Z,来源名中国中化控股有限责任公司；独立转售用途未获支持，不能推定品牌回购,未取得无关独立买家用途证据；源品牌不是购买意向,未做逐名权利净空；品牌门是投资证据约束,False,,中外公司及品牌扩扫,https://my.eurodns.com/das/search,,,,,,
3244,minmetals.si,,23,仅历史可注册证据（需重查）,,2026-09-30T17:34:09.683Z,来源名中国五矿集团有限公司；独立转售用途未获支持，不能推定品牌回购,未取得无关独立买家用途证据；源品牌不是购买意向,未做逐名权利净空；品牌门是投资证据约束,False,,中外公司及品牌扩扫,https://my.eurodns.com/das/search,,,,,,
3245,sinograin.si,,23,仅历史可注册证据（需重查）,,2026-09-30T17:34:09.683Z,来源名中国储备粮管理集团有限公司；独立转售用途未获支持，不能推定品牌回购,未取得无关独立买家用途证据；源品牌不是购买意向,未做逐名权利净空；品牌门是投资证据约束,False,,中外公司及品牌扩扫,https://my.eurodns.com/das/search,,,,,,
3246,cctgroup.si,,23,仅历史可注册证据（需重查）,,2026-09-30T17:34:09.683Z,来源名中国诚通控股集团有限公司；独立转售用途未获支持，不能推定品牌回购,未取得无关独立买家用途证据；源品牌不是购买意向,未做逐名权利净空；品牌门是投资证据约束,False,,中外公司及品牌扩扫,https://my.eurodns.com/das/search,,,,,,
3247,chinacoal.si,,23,仅历史可注册证据（需重查）,,2026-09-30T17:34:09.683Z,来源名中国中煤能源集团有限公司；独立转售用途未获支持，不能推定品牌回购,未取得无关独立买家用途证据；源品牌不是购买意向,未做逐名权利净空；品牌门是投资证据约束,False,,中外公司及品牌扩扫,https://my.eurodns.com/das/search,,,,,,
3248,chinasalt.si,,23,仅历史可注册证据（需重查）,,2026-09-30T17:34:09.683Z,来源名中国盐业集团有限公司；独立转售用途未获支持，不能推定品牌回购,未取得无关独立买家用途证据；源品牌不是购买意向,未做逐名权利净空；品牌门是投资证据约束,False,,中外公司及品牌扩扫,https://my.eurodns.com/das/search,,,,,,
3249,ccccltd.si,,23,仅历史可注册证据（需重查）,,2026-09-30T17:34:09.683Z,来源名中国交通建设集团有限公司；独立转售用途未获支持，不能推定品牌回购,未取得无关独立买家用途证据；源品牌不是购买意向,未做逐名权利净空；品牌门是投资证据约束,False,,中外公司及品牌扩扫,https://my.eurodns.com/das/search,,,,,,
3250,sinopharm.si,,23,仅历史可注册证据（需重查）,,2026-09-30T17:34:09.683Z,来源名中国医药集团有限公司；独立转售用途未获支持，不能推定品牌回购,未取得无关独立买家用途证据；源品牌不是购买意向,未做逐名权利净空；品牌门是投资证据约束,False,,中外公司及品牌扩扫,https://my.eurodns.com/das/search,,,,,,
3251,chinaoct.si,,23,仅历史可注册证据（需重查）,,2026-09-30T17:34:09.683Z,来源名华侨城集团有限公司；独立转售用途未获支持，不能推定品牌回购,未取得无关独立买家用途证据；源品牌不是购买意向,未做逐名权利净空；品牌门是投资证据约束,False,,中外公司及品牌扩扫,https://my.eurodns.com/das/search,,,,,,
3252,namkwong.si,,23,仅历史可注册证据（需重查）,,2026-09-30T17:34:09.683Z,来源名南光（集团）有限公司[中国南光集团有限公司]；独立转售用途未获支持，不能推定品牌回购,未取得无关独立买家用途证据；源品牌不是购买意向,未做逐名权利净空；品牌门是投资证据约束,False,,中外公司及品牌扩扫,https://my.eurodns.com/das/search,,,,,,
3253,travelsky.si,,23,仅历史可注册证据（需重查）,,2026-09-30T17:46:58.164Z,来源名中国民航信息集团有限公司；独立转售用途未获支持，不能推定品牌回购,未取得无关独立买家用途证据；源品牌不是购买意向,未做逐名权利净空；品牌门是投资证据约束,False,,中外公司及品牌扩扫,https://my.eurodns.com/das/search,,,,,,
3254,weiqiaocy.si,,23,仅历史可注册证据（需重查）,,2026-09-30T17:52:49.506Z,来源名山东魏桥创业集团有限公司；独立转售用途未获支持，不能推定品牌回购,未取得无关独立买家用途证据；源品牌不是购买意向,未做逐名权利净空；品牌门是投资证据约束,False,,中外公司及品牌扩扫,https://my.eurodns.com/das/search,,,,,,
3255,chandon.si,,23,仅历史可注册证据（需重查）,,2026-09-30T17:51:39.916Z,来源名Chandon；独立转售用途未获支持，不能推定品牌回购,未取得无关独立买家用途证据；源品牌不是购买意向,未做逐名权利净空；品牌门是投资证据约束,False,,中外公司及品牌扩扫,https://regery.com/en/bulksearch,,,,,,
3256,berluti.si,,23,仅历史可注册证据（需重查）,,2026-09-30T17:51:39.916Z,来源名Berluti；独立转售用途未获支持，不能推定品牌回购,未取得无关独立买家用途证据；源品牌不是购买意向,未做逐名权利净空；品牌门是投资证据约束,False,,中外公司及品牌扩扫,https://regery.com/en/bulksearch,,,,,,
3257,loropiana.si,,23,仅历史可注册证据（需重查）,,2026-09-30T17:52:02.418Z,来源名Loro Piana；独立转售用途未获支持，不能推定品牌回购,未取得无关独立买家用途证据；源品牌不是购买意向,未做逐名权利净空；品牌门是投资证据约束,False,,中外公司及品牌扩扫,https://regery.com/en/bulksearch,,,,,,
3258,bvlgari.si,,23,近期有普通注册报价（需再确认）,2026-10-01T04:11:22.036Z,2026-09-30T17:52:02.418Z,来源名Bvlgari；独立转售用途未获支持，不能推定品牌回购,未取得无关独立买家用途证据；源品牌不是购买意向,未做逐名权利净空；品牌门是投资证据约束,False,,中外公司及品牌扩扫,https://regery.com/en/bulksearch,,https://regery.com/en/bulksearch,,,,13.99
3259,chaumet.si,,23,仅历史可注册证据（需重查）,,2026-09-30T17:52:02.418Z,来源名Chaumet；独立转售用途未获支持，不能推定品牌回购,未取得无关独立买家用途证据；源品牌不是购买意向,未做逐名权利净空；品牌门是投资证据约束,False,,中外公司及品牌扩扫,https://regery.com/en/bulksearch,,,,,,
3260,repossi.si,,23,仅历史可注册证据（需重查）,,2026-09-30T17:52:02.418Z,来源名Repossi；独立转售用途未获支持，不能推定品牌回购,未取得无关独立买家用途证据；源品牌不是购买意向,未做逐名权利净空；品牌门是投资证据约束,False,,中外公司及品牌扩扫,https://regery.com/en/bulksearch,,,,,,
3261,tagheuer.si,,23,仅历史可注册证据（需重查）,,2026-09-30T17:52:02.418Z,来源名TAG Heuer；独立转售用途未获支持，不能推定品牌回购,未取得无关独立买家用途证据；源品牌不是购买意向,未做逐名权利净空；品牌门是投资证据约束,False,,中外公司及品牌扩扫,https://regery.com/en/bulksearch,,,,,,
3262,tiffanyco.si,,23,仅历史可注册证据（需重查）,,2026-09-30T17:52:02.418Z,来源名Tiffany & Co.；独立转售用途未获支持，不能推定品牌回购,未取得无关独立买家用途证据；源品牌不是购买意向,未做逐名权利净空；品牌门是投资证据约束,False,,中外公司及品牌扩扫,https://regery.com/en/bulksearch,,,,,,
3263,mcqueen.si,,23,仅历史可注册证据（需重查）,,2026-09-30T17:52:02.418Z,来源名McQueen；独立转售用途未获支持，不能推定品牌回购,未取得无关独立买家用途证据；源品牌不是购买意向,未做逐名权利净空；品牌门是投资证据约束,False,,中外公司及品牌扩扫,https://regery.com/en/bulksearch,,,,,,
3264,boucheron.si,,23,仅历史可注册证据（需重查）,,2026-09-30T17:52:02.418Z,来源名Boucheron；独立转售用途未获支持，不能推定品牌回购,未取得无关独立买家用途证据；源品牌不是购买意向,未做逐名权利净空；品牌门是投资证据约束,False,,中外公司及品牌扩扫,https://regery.com/en/bulksearch,,,,,,
3265,pomellato.si,,23,仅历史可注册证据（需重查）,,2026-09-30T17:52:02.418Z,来源名Pomellato；独立转售用途未获支持，不能推定品牌回购,未取得无关独立买家用途证据；源品牌不是购买意向,未做逐名权利净空；品牌门是投资证据约束,False,,中外公司及品牌扩扫,https://regery.com/en/bulksearch,,,,,,
3266,ninjamas.si,,23,仅历史可注册证据（需重查）,,2026-09-30T17:52:50.451Z,来源名Ninjamas；独立转售用途未获支持，不能推定品牌回购,未取得无关独立买家用途证据；源品牌不是购买意向,未做逐名权利净空；品牌门是投资证据约束,False,,中外公司及品牌扩扫,https://regery.com/en/bulksearch,,,,,,
3267,thisisl.si,,23,仅历史可注册证据（需重查）,,2026-09-30T17:52:50.451Z,来源名This is L；独立转售用途未获支持，不能推定品牌回购,未取得无关独立买家用途证据；源品牌不是购买意向,未做逐名权利净空；品牌门是投资证据约束,False,,中外公司及品牌扩扫,https://regery.com/en/bulksearch,,,,,,
3268,joyglee.si,,23,仅历史可注册证据（需重查）,,2026-09-30T17:52:50.451Z,来源名joy+glee；独立转售用途未获支持，不能推定品牌回购,未取得无关独立买家用途证据；源品牌不是购买意向,未做逐名权利净空；品牌门是投资证据约束,False,,中外公司及品牌扩扫,https://regery.com/en/bulksearch,,,,,,
3269,ambipur.si,,23,仅历史可注册证据（需重查）,,2026-09-30T17:52:50.451Z,来源名Ambi Pur；独立转售用途未获支持，不能推定品牌回购,未取得无关独立买家用途证据；源品牌不是购买意向,未做逐名权利净空；品牌门是投资证据约束,False,,中外公司及品牌扩扫,https://regery.com/en/bulksearch,,,,,,
3270,febreze.si,,23,仅历史可注册证据（需重查）,,2026-09-30T17:52:50.451Z,来源名Febreze；独立转售用途未获支持，不能推定品牌回购,未取得无关独立买家用途证据；源品牌不是购买意向,未做逐名权利净空；品牌门是投资证据约束,False,,中外公司及品牌扩扫,https://regery.com/en/bulksearch,,,,,,
3271,mrclean.si,,23,仅历史可注册证据（需重查）,,2026-09-30T17:52:50.451Z,来源名Mr. Clean；独立转售用途未获支持，不能推定品牌回购,未取得无关独立买家用途证据；源品牌不是购买意向,未做逐名权利净空；品牌门是投资证据约束,False,,中外公司及品牌扩扫,https://regery.com/en/bulksearch,,,,,,
3272,swiffer.si,,23,仅历史可注册证据（需重查）,,2026-09-30T17:52:50.451Z,来源名Swiffer；独立转售用途未获支持，不能推定品牌回购,未取得无关独立买家用途证据；源品牌不是购买意向,未做逐名权利净空；品牌门是投资证据约束,False,,中外公司及品牌扩扫,https://regery.com/en/bulksearch,,,,,,
3273,fixodent.si,,23,仅历史可注册证据（需重查）,,2026-09-30T17:52:50.451Z,来源名Fixodent；独立转售用途未获支持，不能推定品牌回购,未取得无关独立买家用途证据；源品牌不是购买意向,未做逐名权利净空；品牌门是投资证据约束,False,,中外公司及品牌扩扫,https://regery.com/en/bulksearch,,,,,,
3274,nervive.si,,23,仅历史可注册证据（需重查）,,2026-09-30T17:52:50.451Z,来源名Nervive；独立转售用途未获支持，不能推定品牌回购,未取得无关独立买家用途证据；源品牌不是购买意向,未做逐名权利净空；品牌门是投资证据约束,False,,中外公司及品牌扩扫,https://regery.com/en/bulksearch,,,,,,
3275,zzzquil.si,,23,仅历史可注册证据（需重查）,,2026-09-30T17:52:50.451Z,来源名ZzzQuil；独立转售用途未获支持，不能推定品牌回购,未取得无关独立买家用途证据；源品牌不是购买意向,未做逐名权利净空；品牌门是投资证据约束,False,,中外公司及品牌扩扫,https://regery.com/en/bulksearch,,,,,,
3276,domestos.si,,23,仅历史可注册证据（需重查）,,2026-09-30T17:52:50.451Z,来源名Domestos；独立转售用途未获支持，不能推定品牌回购,未取得无关独立买家用途证据；源品牌不是购买意向,未做逐名权利净空；品牌门是投资证据约束,False,,中外公司及品牌扩扫,https://regery.com/en/bulksearch,,,,,,
3277,hellmanns.si,,23,仅历史可注册证据（需重查）,,2026-09-30T17:52:50.451Z,来源名Hellmann's；独立转售用途未获支持，不能推定品牌回购,未取得无关独立买家用途证据；源品牌不是购买意向,未做逐名权利净空；品牌门是投资证据约束,False,,中外公司及品牌扩扫,https://regery.com/en/bulksearch,,,,,,
3278,liquidiv.si,,23,仅历史可注册证据（需重查）,,2026-09-30T17:52:50.451Z,来源名Liquid I.V.；独立转售用途未获支持，不能推定品牌回购,未取得无关独立买家用途证据；源品牌不是购买意向,未做逐名权利净空；品牌门是投资证据约束,False,,中外公司及品牌扩扫,https://regery.com/en/bulksearch,,,,,,
3279,nutrafol.si,,23,仅历史可注册证据（需重查）,,2026-09-30T17:53:17.970Z,来源名Nutrafol；独立转售用途未获支持，不能推定品牌回购,未取得无关独立买家用途证据；源品牌不是购买意向,未做逐名权利净空；品牌门是投资证据约束,False,,中外公司及品牌扩扫,https://regery.com/en/bulksearch,,,,,,
3280,pepsodent.si,,23,仅历史可注册证据（需重查）,,2026-09-30T17:53:17.970Z,来源名Pepsodent；独立转售用途未获支持，不能推定品牌回购,未取得无关独立买家用途证据；源品牌不是购买意向,未做逐名权利净空；品牌门是投资证据约束,False,,中外公司及品牌扩扫,https://regery.com/en/bulksearch,,,,,,
3281,sunsilk.si,,23,仅历史可注册证据（需重查）,,2026-09-30T17:53:17.970Z,来源名Sunsilk；独立转售用途未获支持，不能推定品牌回购,未取得无关独立买家用途证据；源品牌不是购买意向,未做逐名权利净空；品牌门是投资证据约束,False,,中外公司及品牌扩扫,https://regery.com/en/bulksearch,,,,,,
3282,vaseline.si,,23,近期有普通注册报价（需再确认）,2026-10-01T04:11:22.036Z,2026-09-30T17:53:17.970Z,来源名Vaseline；独立转售用途未获支持，不能推定品牌回购,未取得无关独立买家用途证据；源品牌不是购买意向,未做逐名权利净空；品牌门是投资证据约束,False,,中外公司及品牌扩扫,https://regery.com/en/bulksearch,,https://regery.com/en/bulksearch,,,,13.99
3283,alfamino.si,,23,仅历史可注册证据（需重查）,,2026-09-30T17:53:17.970Z,来源名Alfamino；独立转售用途未获支持，不能推定品牌回购,未取得无关独立买家用途证据；源品牌不是购买意向,未做逐名权利净空；品牌门是投资证据约束,False,,中外公司及品牌扩扫,https://regery.com/en/bulksearch,,,,,,
3284,bearbrand.si,,23,仅历史可注册证据（需重查）,,2026-09-30T17:53:17.970Z,来源名Bear Brand；独立转售用途未获支持，不能推定品牌回购,未取得无关独立买家用途证据；源品牌不是购买意向,未做逐名权利净空；品牌门是投资证据约束,False,,中外公司及品牌扩扫,https://regery.com/en/bulksearch,,,,,,
3285,beneful.si,,23,仅历史可注册证据（需重查）,,2026-09-30T17:53:17.970Z,来源名Beneful；独立转售用途未获支持，不能推定品牌回购,未取得无关独立买家用途证据；源品牌不是购买意向,未做逐名权利净空；品牌门是投资证据约束,False,,中外公司及品牌扩扫,https://regery.com/en/bulksearch,,,,,,
3286,buitoni.si,,23,仅历史可注册证据（需重查）,,2026-09-30T17:53:17.970Z,来源名Buitoni；独立转售用途未获支持，不能推定品牌回购,未取得无关独立买家用途证据；源品牌不是购买意向,未做逐名权利净空；品牌门是投资证据约束,False,,中外公司及品牌扩扫,https://regery.com/en/bulksearch,,,,,,
3287,busybone.si,,23,仅历史可注册证据（需重查）,,2026-09-30T17:53:17.970Z,来源名Busy Bone；独立转售用途未获支持，不能推定品牌回购,未取得无关独立买家用途证据；源品牌不是购买意向,未做逐名权利净空；品牌门是投资证据约束,False,,中外公司及品牌扩扫,https://regery.com/en/bulksearch,,,,,,
3288,cailler.si,,23,仅历史可注册证据（需重查）,,2026-09-30T17:53:17.970Z,来源名Cailler；独立转售用途未获支持，不能推定品牌回购,未取得无关独立买家用途证据；源品牌不是购买意向,未做逐名权利净空；品牌门是投资证据约束,False,,中外公司及品牌扩扫,https://regery.com/en/bulksearch,,,,,,
3289,catchow.si,,23,仅历史可注册证据（需重查）,,2026-09-30T17:53:17.970Z,来源名Cat Chow；独立转售用途未获支持，不能推定品牌回购,未取得无关独立买家用途证据；源品牌不是购买意向,未做逐名权利净空；品牌门是投资证据约束,False,,中外公司及品牌扩扫,https://regery.com/en/bulksearch,,,,,,
3290,cerelac.si,,23,仅历史可注册证据（需重查）,,2026-09-30T17:53:17.970Z,来源名Cerelac；独立转售用途未获支持，不能推定品牌回购,未取得无关独立买家用途证据；源品牌不是购买意向,未做逐名权利净空；品牌门是投资证据约束,False,,中外公司及品牌扩扫,https://regery.com/en/bulksearch,,,,,,
3291,cheerios.si,,23,仅历史可注册证据（需重查）,,2026-09-30T17:53:17.970Z,来源名Cheerios；独立转售用途未获支持，不能推定品牌回购,未取得无关独立买家用途证据；源品牌不是购买意向,未做逐名权利净空；品牌门是投资证据约束,False,,中外公司及品牌扩扫,https://regery.com/en/bulksearch,,,,,,
3292,chocapic.si,,23,仅历史可注册证据（需重查）,,2026-09-30T17:53:17.970Z,来源名Chocapic；独立转售用途未获支持，不能推定品牌回购,未取得无关独立买家用途证据；源品牌不是购买意向,未做逐名权利净空；品牌门是投资证据约束,False,,中外公司及品牌扩扫,https://regery.com/en/bulksearch,,,,,,
3293,ciniminis.si,,23,仅历史可注册证据（需重查）,,2026-09-30T17:53:17.970Z,来源名Cini Minis；独立转售用途未获支持，不能推定品牌回购,未取得无关独立买家用途证据；源品牌不是购买意向,未做逐名权利净空；品牌门是投资证据约束,False,,中外公司及品牌扩扫,https://regery.com/en/bulksearch,,,,,,
3294,compleat.si,,23,仅历史可注册证据（需重查）,,2026-09-30T17:53:17.970Z,来源名Compleat；独立转售用途未获支持，不能推定品牌回购,未取得无关独立买家用途证据；源品牌不是购买意向,未做逐名权利净空；品牌门是投资证据约束,False,,中外公司及品牌扩扫,https://regery.com/en/bulksearch,,,,,,
3295,dentalife.si,,23,仅历史可注册证据（需重查）,,2026-09-30T17:53:17.970Z,来源名Dentalife；独立转售用途未获支持，不能推定品牌回购,未取得无关独立买家用途证据；源品牌不是购买意向,未做逐名权利净空；品牌门是投资证据约束,False,,中外公司及品牌扩扫,https://regery.com/en/bulksearch,,,,,,
3296,dogchow.si,,23,仅历史可注册证据（需重查）,,2026-09-30T17:53:17.970Z,来源名Dog Chow；独立转售用途未获支持，不能推定品牌回购,未取得无关独立买家用途证据；源品牌不是购买意向,未做逐名权利净空；品牌门是投资证据约束,False,,中外公司及品牌扩扫,https://regery.com/en/bulksearch,,,,,,
3297,henniez.si,,23,仅历史可注册证据（需重查）,,2026-09-30T17:53:17.970Z,来源名HENNIEZ；独立转售用途未获支持，不能推定品牌回购,未取得无关独立买家用途证据；源品牌不是购买意向,未做逐名权利净空；品牌门是投资证据约束,False,,中外公司及品牌扩扫,https://regery.com/en/bulksearch,,,,,,
3298,hsufuchi.si,,23,近期有普通注册报价（需再确认）,2026-10-01T04:11:22.036Z,2026-09-30T17:53:54.161Z,来源名Hsu Fu Chi；独立转售用途未获支持，不能推定品牌回购,未取得无关独立买家用途证据；源品牌不是购买意向,未做逐名权利净空；品牌门是投资证据约束,False,,中外公司及品牌扩扫,https://regery.com/en/bulksearch,,https://regery.com/en/bulksearch,,,,13.99
3299,lalechera.si,,23,仅历史可注册证据（需重查）,,2026-09-30T17:53:54.161Z,来源名La Lechera；独立转售用途未获支持，不能推定品牌回购,未取得无关独立买家用途证据；源品牌不是购买意向,未做逐名权利净空；品牌门是投资证据约束,False,,中外公司及品牌扩扫,https://regery.com/en/bulksearch,,,,,,
3300,levissima.si,,23,仅历史可注册证据（需重查）,,2026-09-30T17:53:54.161Z,来源名Levissima；独立转售用途未获支持，不能推定品牌回购,未取得无关独立买家用途证据；源品牌不是购买意向,未做逐名权利净空；品牌门是投资证据约束,False,,中外公司及品牌扩扫,https://regery.com/en/bulksearch,,,,,,
3301,materna.si,,23,仅历史可注册证据（需重查）,,2026-09-30T17:53:54.161Z,来源名Materna；独立转售用途未获支持，不能推定品牌回购,未取得无关独立买家用途证据；源品牌不是购买意向,未做逐名权利净空；品牌门是投资证据约束,False,,中外公司及品牌扩扫,https://regery.com/en/bulksearch,,,,,,
3302,maxibon.si,,23,仅历史可注册证据（需重查）,,2026-09-30T17:53:54.161Z,来源名Maxibon；独立转售用途未获支持，不能推定品牌回购,未取得无关独立买家用途证据；源品牌不是购买意向,未做逐名权利净空；品牌门是投资证据约束,False,,中外公司及品牌扩扫,https://regery.com/en/bulksearch,,,,,,
3303,merrick.si,,23,仅历史可注册证据（需重查）,,2026-09-30T17:53:54.161Z,来源名Merrick；独立转售用途未获支持，不能推定品牌回购,未取得无关独立买家用途证据；源品牌不是购买意向,未做逐名权利净空；品牌门是投资证据约束,False,,中外公司及品牌扩扫,https://regery.com/en/bulksearch,,,,,,
3304,milkybar.si,,23,仅历史可注册证据（需重查）,,2026-09-30T17:53:54.161Z,来源名Milkybar；独立转售用途未获支持，不能推定品牌回购,未取得无关独立买家用途证据；源品牌不是购买意向,未做逐名权利净空；品牌门是投资证据约束,False,,中外公司及品牌扩扫,https://regery.com/en/bulksearch,,,,,,
3305,movenpick.si,,23,仅历史可注册证据（需重查）,,2026-09-30T17:53:54.161Z,来源名Mövenpick；独立转售用途未获支持，不能推定品牌回购,未取得无关独立买家用途证据；源品牌不是购买意向,未做逐名权利净空；品牌门是投资证据约束,False,,中外公司及品牌扩扫,https://regery.com/en/bulksearch,,,,,,
3306,nancare.si,,23,仅历史可注册证据（需重查）,,2026-09-30T17:53:54.161Z,来源名Nancare；独立转售用途未获支持，不能推定品牌回购,未取得无关独立买家用途证据；源品牌不是购买意向,未做逐名权利净空；品牌门是投资证据约束,False,,中外公司及品牌扩扫,https://regery.com/en/bulksearch,,,,,,
3307,peptamen.si,,23,仅历史可注册证据（需重查）,,2026-09-30T17:53:54.161Z,来源名Peptamen；独立转售用途未获支持，不能推定品牌回购,未取得无关独立买家用途证据；源品牌不是购买意向,未做逐名权利净空；品牌门是投资证据约束,False,,中外公司及品牌扩扫,https://regery.com/en/bulksearch,,,,,,
3308,perrier.si,,23,仅历史可注册证据（需重查）,,2026-09-30T17:53:54.161Z,来源名Perrier；独立转售用途未获支持，不能推定品牌回购,未取得无关独立买家用途证据；源品牌不是购买意向,未做逐名权利净空；品牌门是投资证据约束,False,,中外公司及品牌扩扫,https://regery.com/en/bulksearch,,,,,,
3309,sahnenuss.si,,23,仅历史可注册证据（需重查）,,2026-09-30T17:53:54.161Z,来源名Sahne Nuss；独立转售用途未获支持，不能推定品牌回购,未取得无关独立买家用途证据；源品牌不是购买意向,未做逐名权利净空；品牌门是投资证据约束,False,,中外公司及品牌扩扫,https://regery.com/en/bulksearch,,,,,,
3310,shreddies.si,,23,仅历史可注册证据（需重查）,,2026-09-30T17:53:54.161Z,来源名Shreddies；独立转售用途未获支持，不能推定品牌回购,未取得无关独立买家用途证据；源品牌不是购买意向,未做逐名权利净空；品牌门是投资证据约束,False,,中外公司及品牌扩扫,https://regery.com/en/bulksearch,,,,,,
3311,stouffers.si,,23,仅历史可注册证据（需重查）,,2026-09-30T17:53:54.161Z,来源名Stouffer's；独立转售用途未获支持，不能推定品牌回购,未取得无关独立买家用途证据；源品牌不是购买意向,未做逐名权利净空；品牌门是投资证据约束,False,,中外公司及品牌扩扫,https://regery.com/en/bulksearch,,,,,,
3312,supercoat.si,,23,仅历史可注册证据（需重查）,,2026-09-30T17:53:54.161Z,来源名Supercoat；独立转售用途未获支持，不能推定品牌回购,未取得无关独立买家用途证据；源品牌不是购买意向,未做逐名权利净空；品牌门是投资证据约束,False,,中外公司及品牌扩扫,https://regery.com/en/bulksearch,,,,,,
3313,tidycats.si,,23,仅历史可注册证据（需重查）,,2026-09-30T17:53:54.161Z,来源名Tidy Cats；独立转售用途未获支持，不能推定品牌回购,未取得无关独立买家用途证据；源品牌不是购买意向,未做逐名权利净空；品牌门是投资证据约束,False,,中外公司及品牌扩扫,https://regery.com/en/bulksearch,,,,,,
3314,vitaflo.si,,23,仅历史可注册证据（需重查）,,2026-09-30T17:53:54.161Z,来源名Vitaflo；独立转售用途未获支持，不能推定品牌回购,未取得无关独立买家用途证据；源品牌不是购买意向,未做逐名权利净空；品牌门是投资证据约束,False,,中外公司及品牌扩扫,https://regery.com/en/bulksearch,,,,,,
3315,sofitel.si,,23,仅历史可注册证据（需重查）,,2026-09-30T17:54:12.258Z,来源名Sofitel；独立转售用途未获支持，不能推定品牌回购,未取得无关独立买家用途证据；源品牌不是购买意向,未做逐名权利净空；品牌门是投资证据约束,False,,中外公司及品牌扩扫,https://regery.com/en/bulksearch,,,,,,
3316,mondrian.si,,23,仅历史可注册证据（需重查）,,2026-09-30T17:54:12.258Z,来源名Mondrian；独立转售用途未获支持，不能推定品牌回购,未取得无关独立买家用途证据；源品牌不是购买意向,未做逐名权利净空；品牌门是投资证据约束,False,,中外公司及品牌扩扫,https://regery.com/en/bulksearch,,,,,,
3317,thehoxton.si,,23,仅历史可注册证据（需重查）,,2026-09-30T17:54:12.258Z,来源名The Hoxton；独立转售用途未获支持，不能推定品牌回购,未取得无关独立买家用途证据；源品牌不是购买意向,未做逐名权利净空；品牌门是投资证据约束,False,,中外公司及品牌扩扫,https://regery.com/en/bulksearch,,,,,,
3318,swissotel.si,,23,仅历史可注册证据（需重查）,,2026-09-30T17:54:12.258Z,来源名Swissôtel；独立转售用途未获支持，不能推定品牌回购,未取得无关独立买家用途证据；源品牌不是购买意向,未做逐名权利净空；品牌门是投资证据约束,False,,中外公司及品牌扩扫,https://regery.com/en/bulksearch,,,,,,
3319,artseries.si,,23,仅历史可注册证据（需重查）,,2026-09-30T17:54:12.258Z,来源名Art Series；独立转售用途未获支持，不能推定品牌回购,未取得无关独立买家用途证据；源品牌不是购买意向,未做逐名权利净空；品牌门是投资证据约束,False,,中外公司及品牌扩扫,https://regery.com/en/bulksearch,,,,,,
3320,thesebel.si,,23,仅历史可注册证据（需重查）,,2026-09-30T17:54:12.258Z,来源名The Sebel；独立转售用途未获支持，不能推定品牌回购,未取得无关独立买家用途证据；源品牌不是购买意向,未做逐名权利净空；品牌门是投资证据约束,False,,中外公司及品牌扩扫,https://regery.com/en/bulksearch,,,,,,
3321,mercure.si,,23,仅历史可注册证据（需重查）,,2026-09-30T17:54:12.258Z,来源名Mercure；独立转售用途未获支持，不能推定品牌回购,未取得无关独立买家用途证据；源品牌不是购买意向,未做逐名权利净空；品牌门是投资证据约束,False,,中外公司及品牌扩扫,https://regery.com/en/bulksearch,,,,,,
3322,angsana.si,,23,仅历史可注册证据（需重查）,,2026-09-30T17:54:12.258Z,来源名Angsana；独立转售用途未获支持，不能推定品牌回购,未取得无关独立买家用途证据；源品牌不是购买意向,未做逐名权利净空；品牌门是投资证据约束,False,,中外公司及品牌扩扫,https://regery.com/en/bulksearch,,,,,,
3323,stregis.si,,23,仅历史可注册证据（需重查）,,2026-09-30T17:54:12.258Z,来源名St. Regis；独立转售用途未获支持，不能推定品牌回购,未取得无关独立买家用途证据；源品牌不是购买意向,未做逐名权利净空；品牌门是投资证据约束,False,,中外公司及品牌扩扫,https://regery.com/en/bulksearch,,,,,,
3324,whotels.si,,23,仅历史可注册证据（需重查）,,2026-09-30T17:54:12.258Z,来源名W Hotels；独立转售用途未获支持，不能推定品牌回购,未取得无关独立买家用途证据；源品牌不是购买意向,未做逐名权利净空；品牌门是投资证据约束,False,,中外公司及品牌扩扫,https://regery.com/en/bulksearch,,,,,,
3325,sheraton.si,,23,仅历史可注册证据（需重查）,,2026-09-30T17:54:12.258Z,来源名Sheraton；独立转售用途未获支持，不能推定品牌回购,未取得无关独立买家用途证据；源品牌不是购买意向,未做逐名权利净空；品牌门是投资证据约束,False,,中外公司及品牌扩扫,https://regery.com/en/bulksearch,,,,,,
3326,achotels.si,,23,仅历史可注册证据（需重查）,,2026-09-30T17:55:13.614Z,来源名AC Hotels；独立转售用途未获支持，不能推定品牌回购,未取得无关独立买家用途证据；源品牌不是购买意向,未做逐名权利净空；品牌门是投资证据约束,False,,中外公司及品牌扩扫,https://regery.com/en/bulksearch,,,,,,
3327,citizenm.si,,23,仅历史可注册证据（需重查）,,2026-09-30T17:55:13.614Z,来源名citizenM；独立转售用途未获支持，不能推定品牌回购,未取得无关独立买家用途证据；源品牌不是购买意向,未做逐名权利净空；品牌门是投资证据约束,False,,中外公司及品牌扩扫,https://regery.com/en/bulksearch,,,,,,
3328,studiores.si,,23,仅历史可注册证据（需重查）,,2026-09-30T17:55:13.614Z,来源名StudioRes；独立转售用途未获支持，不能推定品牌回购,未取得无关独立买家用途证据；源品牌不是购买意向,未做逐名权利净空；品牌门是投资证据约束,False,,中外公司及品牌扩扫,https://regery.com/en/bulksearch,,,,,,
3329,filtrete.si,,23,仅历史可注册证据（需重查）,,2026-09-30T17:55:13.614Z,来源名Filtrete；独立转售用途未获支持，不能推定品牌回购,未取得无关独立买家用途证据；源品牌不是购买意向,未做逐名权利净空；品牌门是投资证据约束,False,,中外公司及品牌扩扫,https://regery.com/en/bulksearch,,,,,,
3330,nexcare.si,,23,仅历史可注册证据（需重查）,,2026-09-30T17:55:13.614Z,来源名Nexcare；独立转售用途未获支持，不能推定品牌回购,未取得无关独立买家用途证据；源品牌不是购买意向,未做逐名权利净空；品牌门是投资证据约束,False,,中外公司及品牌扩扫,https://regery.com/en/bulksearch,,,,,,
3331,amerace.si,,23,仅历史可注册证据（需重查）,,2026-09-30T17:55:47.847Z,来源名Amerace；独立转售用途未获支持，不能推定品牌回购,未取得无关独立买家用途证据；源品牌不是购买意向,未做逐名权利净空；品牌门是投资证据约束,False,,中外公司及品牌扩扫,https://regery.com/en/bulksearch,,,,,,
3332,iberville.si,,23,仅历史可注册证据（需重查）,,2026-09-30T17:55:47.847Z,来源名Iberville；独立转售用途未获支持，不能推定品牌回购,未取得无关独立买家用途证据；源品牌不是购买意向,未做逐名权利净空；品牌门是投资证据约束,False,,中外公司及品牌扩扫,https://regery.com/en/bulksearch,,,,,,
3333,kopexex.si,,23,仅历史可注册证据（需重查）,,2026-09-30T17:55:47.847Z,来源名Kopex-Ex；独立转售用途未获支持，不能推定品牌回购,未取得无关独立买家用途证据；源品牌不是购买意向,未做逐名权利净空；品牌门是投资证据约束,False,,中外公司及品牌扩扫,https://regery.com/en/bulksearch,,,,,,
3334,lumacell.si,,23,仅历史可注册证据（需重查）,,2026-09-30T17:55:47.847Z,来源名Lumacell；独立转售用途未获支持，不能推定品牌回购,未取得无关独立买家用途证据；源品牌不是购买意向,未做逐名权利净空；品牌门是投资证据约束,False,,中外公司及品牌扩扫,https://regery.com/en/bulksearch,,,,,,
3335,marrette.si,,23,仅历史可注册证据（需重查）,,2026-09-30T17:55:47.847Z,来源名Marrette；独立转售用途未获支持，不能推定品牌回购,未取得无关独立买家用途证据；源品牌不是购买意向,未做逐名权利净空；品牌门是投资证据约束,False,,中外公司及品牌扩扫,https://regery.com/en/bulksearch,,,,,,
3336,posekon.si,,23,仅历史可注册证据（需重查）,,2026-09-30T17:55:47.847Z,来源名Pos-E-Kon；独立转售用途未获支持，不能推定品牌回购,未取得无关独立买家用途证据；源品牌不是购买意向,未做逐名权利净空；品牌门是投资证据约束,False,,中外公司及品牌扩扫,https://regery.com/en/bulksearch,,,,,,
3337,readylite.si,,23,仅历史可注册证据（需重查）,,2026-09-30T17:55:47.847Z,来源名Ready-Lite；独立转售用途未获支持，不能推定品牌回购,未取得无关独立买家用途证据；源品牌不是购买意向,未做逐名权利净空；品牌门是投资证据约束,False,,中外公司及品牌扩扫,https://regery.com/en/bulksearch,,,,,,
3338,shrinkkon.si,,23,仅历史可注册证据（需重查）,,2026-09-30T17:55:47.847Z,来源名Shrink-Kon；独立转售用途未获支持，不能推定品牌回购,未取得无关独立买家用途证据；源品牌不是购买意向,未做逐名权利净空；品牌门是投资证据约束,False,,中外公司及品牌扩扫,https://regery.com/en/bulksearch,,,,,,
3339,starteck.si,,23,仅历史可注册证据（需重查）,,2026-09-30T17:55:47.847Z,来源名Star Teck；独立转售用途未获支持，不能推定品牌回购,未取得无关独立买家用途证据；源品牌不是购买意向,未做逐名权利净空；品牌门是投资证据约束,False,,中外公司及品牌扩扫,https://regery.com/en/bulksearch,,,,,,
3340,adakveo.si,,23,仅历史可注册证据（需重查）,,2026-09-30T17:55:47.847Z,来源名Adakveo；独立转售用途未获支持，不能推定品牌回购,未取得无关独立买家用途证据；源品牌不是购买意向,未做逐名权利净空；品牌门是投资证据约束,False,,中外公司及品牌扩扫,https://regery.com/en/bulksearch,,,,,,
3341,afinitor.si,,23,仅历史可注册证据（需重查）,,2026-09-30T17:55:47.847Z,来源名Afinitor；独立转售用途未获支持，不能推定品牌回购,未取得无关独立买家用途证据；源品牌不是购买意向,未做逐名权利净空；品牌门是投资证据约束,False,,中外公司及品牌扩扫,https://regery.com/en/bulksearch,,,,,,
3342,aimovig.si,,23,仅历史可注册证据（需重查）,,2026-09-30T17:55:47.847Z,来源名Aimovig；独立转售用途未获支持，不能推定品牌回购,未取得无关独立买家用途证据；源品牌不是购买意向,未做逐名权利净空；品牌门是投资证据约束,False,,中外公司及品牌扩扫,https://regery.com/en/bulksearch,,,,,,
3343,betoptics.si,,23,仅历史可注册证据（需重查）,,2026-09-30T17:55:47.847Z,来源名Betoptic S；独立转售用途未获支持，不能推定品牌回购,未取得无关独立买家用途证据；源品牌不是购买意向,未做逐名权利净空；品牌门是投资证据约束,False,,中外公司及品牌扩扫,https://regery.com/en/bulksearch,,,,,,
3344,coartem.si,,23,仅历史可注册证据（需重查）,,2026-09-30T17:55:47.847Z,来源名Coartem；独立转售用途未获支持，不能推定品牌回购,未取得无关独立买家用途证据；源品牌不是购买意向,未做逐名权利净空；品牌门是投资证据约束,False,,中外公司及品牌扩扫,https://regery.com/en/bulksearch,,,,,,
3345,cosentyx.si,,23,仅历史可注册证据（需重查）,,2026-09-30T17:55:47.847Z,来源名Cosentyx；独立转售用途未获支持，不能推定品牌回购,未取得无关独立买家用途证据；源品牌不是购买意向,未做逐名权利净空；品牌门是投资证据约束,False,,中外公司及品牌扩扫,https://regery.com/en/bulksearch,,,,,,
3346,desferal.si,,23,仅历史可注册证据（需重查）,,2026-09-30T17:55:47.847Z,来源名Desferal；独立转售用途未获支持，不能推定品牌回购,未取得无关独立买家用途证据；源品牌不是购买意向,未做逐名权利净空；品牌门是投资证据约束,False,,中外公司及品牌扩扫,https://regery.com/en/bulksearch,,,,,,
3347,diovanhct.si,,23,仅历史可注册证据（需重查）,,2026-09-30T17:55:47.847Z,来源名Diovan HCT；独立转售用途未获支持，不能推定品牌回购,未取得无关独立买家用途证据；源品牌不是购买意向,未做逐名权利净空；品牌门是投资证据约束,False,,中外公司及品牌扩扫,https://regery.com/en/bulksearch,,,,,,
3348,hath.si,词义/用途尚待补充,23,仅历史可注册证据（需重查）,,2026-09-30T15:44:11.577Z,古英语动词形式完整，但现代商业传播须额外解释,无明确独立买家画像,未做逐名净空,False,,英语普通词大池,https://regery.com/en/bulksearch,,,,,,
3349,suspicion.si,词义/用途尚待补充,22,仅历史可注册证据（需重查）,,2026-09-30T13:32:34.526Z,词义清楚但负面或争议联想强，适用品类受限制,特定公益或议题内容团队,未做逐名净空,False,,英语普通词大池,https://regery.com/en/bulksearch,,,,,,
3350,traumatic.si,词义/用途尚待补充,22,仅历史可注册证据（需重查）,,2026-09-30T13:36:04.286Z,词义清楚但负面或争议联想强，适用品类受限制,特定公益或议题内容团队,未做逐名净空,False,,英语普通词大池,https://regery.com/en/bulksearch,,,,,,
3351,uncertain.si,词义/用途尚待补充,22,仅历史可注册证据（需重查）,,2026-09-30T13:37:55.251Z,词义清楚但负面或争议联想强，适用品类受限制,特定公益或议题内容团队,未做逐名净空,False,,英语普通词大池,https://regery.com/en/bulksearch,,,,,,
3352,undermine.si,词义/用途尚待补充,22,仅历史可注册证据（需重查）,,2026-09-30T13:37:55.251Z,词义清楚但负面或争议联想强，适用品类受限制,特定公益或议题内容团队,未做逐名净空,False,,英语普通词大池,https://regery.com/en/bulksearch,,,,,,
3353,bowel.si,词义/用途尚待补充,22,仅历史可注册证据（需重查）,,2026-09-30T15:47:56.716Z,词义清楚但负面或争议联想强，适用品类受限制,特定公益或议题内容团队,未做逐名净空,False,,英语普通词大池,https://regery.com/en/bulksearch,,,,,,
3354,whore.si,词义/用途尚待补充,22,仅历史可注册证据（需重查）,,2026-09-30T15:51:47.559Z,词义清楚但负面或争议联想强，适用品类受限制,特定公益或议题内容团队,未做逐名净空,False,,英语普通词大池,https://regery.com/en/bulksearch,,,,,,
3355,blamed.si,词义/用途尚待补充,22,仅历史可注册证据（需重查）,,2026-09-30T15:53:03.676Z,词义清楚但负面或争议联想强，适用品类受限制,特定公益或议题内容团队,未做逐名净空,False,,英语普通词大池,https://regery.com/en/bulksearch,,,,,,
3356,bombed.si,词义/用途尚待补充,22,仅历史可注册证据（需重查）,,2026-09-30T15:53:03.676Z,词义清楚但负面或争议联想强，适用品类受限制,特定公益或议题内容团队,未做逐名净空,False,,英语普通词大池,https://regery.com/en/bulksearch,,,,,,
3357,burned.si,词义/用途尚待补充,22,仅历史可注册证据（需重查）,,2026-09-30T15:53:03.676Z,词义清楚但负面或争议联想强，适用品类受限制,特定公益或议题内容团队,未做逐名净空,False,,英语普通词大池,https://regery.com/en/bulksearch,,,,,,
3358,busted.si,词义/用途尚待补充,22,仅历史可注册证据（需重查）,,2026-09-30T15:53:03.676Z,词义清楚但负面或争议联想强，适用品类受限制,特定公益或议题内容团队,未做逐名净空,False,,英语普通词大池,https://regery.com/en/bulksearch,,,,,,
3359,damned.si,词义/用途尚待补充,22,仅历史可注册证据（需重查）,,2026-09-30T15:53:56.043Z,词义清楚但负面或争议联想强，适用品类受限制,特定公益或议题内容团队,未做逐名净空,False,,英语普通词大池,https://regery.com/en/bulksearch,,,,,,
3360,felony.si,词义/用途尚待补充,22,仅历史可注册证据（需重查）,,2026-09-30T15:53:56.043Z,词义清楚但负面或争议联想强，适用品类受限制,特定公益或议题内容团队,未做逐名净空,False,,英语普通词大池,https://regery.com/en/bulksearch,,,,,,
3361,flawed.si,词义/用途尚待补充,22,仅历史可注册证据（需重查）,,2026-09-30T15:53:56.043Z,词义清楚但负面或争议联想强，适用品类受限制,特定公益或议题内容团队,未做逐名净空,False,,英语普通词大池,https://regery.com/en/bulksearch,,,,,,
3362,hatred.si,词义/用途尚待补充,22,仅历史可注册证据（需重查）,,2026-09-30T15:54:35.957Z,词义清楚但负面或争议联想强，适用品类受限制,特定公益或议题内容团队,未做逐名净空,False,,英语普通词大池,https://regery.com/en/bulksearch,,,,,,
3363,heroin.si,词义/用途尚待补充,22,仅历史可注册证据（需重查）,,2026-09-30T15:54:35.957Z,词义清楚但负面或争议联想强，适用品类受限制,特定公益或议题内容团队,未做逐名净空,False,,英语普通词大池,https://regery.com/en/bulksearch,,,,,,
3364,hooker.si,词义/用途尚待补充,22,仅历史可注册证据（需重查）,,2026-09-30T15:54:35.957Z,词义清楚但负面或争议联想强，适用品类受限制,特定公益或议题内容团队,未做逐名净空,False,,英语普通词大池,https://regery.com/en/bulksearch,,,,,,
3365,nausea.si,词义/用途尚待补充,22,仅历史可注册证据（需重查）,,2026-09-30T15:55:25.200Z,词义清楚但负面或争议联想强，适用品类受限制,特定公益或议题内容团队,未做逐名净空,False,,英语普通词大池,https://regery.com/en/bulksearch,,,,,,
3366,offend.si,词义/用途尚待补充,22,仅历史可注册证据（需重查）,,2026-09-30T15:55:25.200Z,词义清楚但负面或争议联想强，适用品类受限制,特定公益或议题内容团队,未做逐名净空,False,,英语普通词大池,https://regery.com/en/bulksearch,,,,,,
3367,raping.si,词义/用途尚待补充,22,仅历史可注册证据（需重查）,,2026-09-30T15:57:01.157Z,词义清楚但负面或争议联想强，适用品类受限制,特定公益或议题内容团队,未做逐名净空,False,,英语普通词大池,https://regery.com/en/bulksearch,,,,,,
3368,rapist.si,词义/用途尚待补充,22,仅历史可注册证据（需重查）,,2026-09-30T15:57:01.157Z,词义清楚但负面或争议联想强，适用品类受限制,特定公益或议题内容团队,未做逐名净空,False,,英语普通词大池,https://regery.com/en/bulksearch,,,,,,
3369,ruined.si,词义/用途尚待补充,22,仅历史可注册证据（需重查）,,2026-09-30T15:57:01.157Z,词义清楚但负面或争议联想强，适用品类受限制,特定公益或议题内容团队,未做逐名净空,False,,英语普通词大池,https://regery.com/en/bulksearch,,,,,,
3370,sacked.si,词义/用途尚待补充,22,仅历史可注册证据（需重查）,,2026-09-30T15:57:01.157Z,词义清楚但负面或争议联想强，适用品类受限制,特定公益或议题内容团队,未做逐名净空,False,,英语普通词大池,https://regery.com/en/bulksearch,,,,,,
3371,soviet.si,词义/用途尚待补充,22,仅历史可注册证据（需重查）,,2026-09-30T15:57:51.823Z,词义清楚但负面或争议联想强，适用品类受限制,特定公益或议题内容团队,未做逐名净空,False,,英语普通词大池,https://regery.com/en/bulksearch,,,,,,
3372,starve.si,词义/用途尚待补充,22,仅历史可注册证据（需重查）,,2026-09-30T15:57:51.823Z,词义清楚但负面或争议联想强，适用品类受限制,特定公益或议题内容团队,未做逐名净空,False,,英语普通词大池,https://regery.com/en/bulksearch,,,,,,
3373,sweaty.si,词义/用途尚待补充,22,仅历史可注册证据（需重查）,,2026-09-30T15:57:51.823Z,词义清楚但负面或争议联想强，适用品类受限制,特定公益或议题内容团队,未做逐名净空,False,,英语普通词大池,https://regery.com/en/bulksearch,,,,,,
3374,wounds.si,词义/用途尚待补充,22,仅历史可注册证据（需重查）,,2026-09-30T15:59:13.820Z,词义清楚但负面或争议联想强，适用品类受限制,特定公益或议题内容团队,未做逐名净空,False,,英语普通词大池,https://regery.com/en/bulksearch,,,,,,
3375,abusive.si,词义/用途尚待补充,22,仅历史可注册证据（需重查）,,2026-09-30T15:59:13.820Z,词义清楚但负面或争议联想强，适用品类受限制,特定公益或议题内容团队,未做逐名净空,False,,英语普通词大池,https://regery.com/en/bulksearch,,,,,,
3376,ashamed.si,词义/用途尚待补充,22,仅历史可注册证据（需重查）,,2026-09-30T15:59:13.820Z,词义清楚但负面或争议联想强，适用品类受限制,特定公益或议题内容团队,未做逐名净空,False,,英语普通词大池,https://regery.com/en/bulksearch,,,,,,
3377,banning.si,词义/用途尚待补充,22,仅历史可注册证据（需重查）,,2026-09-30T15:59:13.820Z,词义清楚但负面或争议联想强，适用品类受限制,特定公益或议题内容团队,未做逐名净空,False,,英语普通词大池,https://regery.com/en/bulksearch,,,,,,
3378,begging.si,词义/用途尚待补充,22,仅历史可注册证据（需重查）,,2026-09-30T15:59:13.820Z,词义清楚但负面或争议联想强，适用品类受限制,特定公益或议题内容团队,未做逐名净空,False,,英语普通词大池,https://regery.com/en/bulksearch,,,,,,
3379,choking.si,词义/用途尚待补充,22,仅历史可注册证据（需重查）,,2026-09-30T15:59:41.625Z,词义清楚但负面或争议联想强，适用品类受限制,特定公益或议题内容团队,未做逐名净空,False,,英语普通词大池,https://regery.com/en/bulksearch,,,,,,
3380,cruelty.si,词义/用途尚待补充,22,仅历史可注册证据（需重查）,,2026-09-30T16:01:17.807Z,词义清楚但负面或争议联想强，适用品类受限制,特定公益或议题内容团队,未做逐名净空,False,,英语普通词大池,https://regery.com/en/bulksearch,,,,,,
3381,crushed.si,词义/用途尚待补充,22,仅历史可注册证据（需重查）,,2026-09-30T16:01:17.807Z,词义清楚但负面或争议联想强，适用品类受限制,特定公益或议题内容团队,未做逐名净空,False,,英语普通词大池,https://regery.com/en/bulksearch,,,,,,
3382,despair.si,词义/用途尚待补充,22,仅历史可注册证据（需重查）,,2026-09-30T16:01:17.807Z,词义清楚但负面或争议联想强，适用品类受限制,特定公益或议题内容团队,未做逐名净空,False,,英语普通词大池,https://regery.com/en/bulksearch,,,,,,
3383,despise.si,词义/用途尚待补充,22,仅历史可注册证据（需重查）,,2026-09-30T16:01:17.807Z,词义清楚但负面或争议联想强，适用品类受限制,特定公益或议题内容团队,未做逐名净空,False,,英语普通词大池,https://regery.com/en/bulksearch,,,,,,
3384,disgust.si,词义/用途尚待补充,22,仅历史可注册证据（需重查）,,2026-09-30T16:01:17.807Z,词义清楚但负面或争议联想强，适用品类受限制,特定公益或议题内容团队,未做逐名净空,False,,英语普通词大池,https://regery.com/en/bulksearch,,,,,,
3385,drunken.si,词义/用途尚待补充,22,仅历史可注册证据（需重查）,,2026-09-30T16:01:17.807Z,词义清楚但负面或争议联想强，适用品类受限制,特定公益或议题内容团队,未做逐名净空,False,,英语普通词大池,https://regery.com/en/bulksearch,,,,,,
3386,failing.si,词义/用途尚待补充,22,仅历史可注册证据（需重查）,,2026-09-30T16:01:17.807Z,词义清楚但负面或争议联想强，适用品类受限制,特定公益或议题内容团队,未做逐名净空,False,,英语普通词大池,https://regery.com/en/bulksearch,,,,,,
3387,falsely.si,词义/用途尚待补充,22,仅历史可注册证据（需重查）,,2026-09-30T16:01:38.453Z,词义清楚但负面或争议联想强，适用品类受限制,特定公益或议题内容团队,未做逐名净空,False,,英语普通词大池,https://regery.com/en/bulksearch,,,,,,
3388,fascist.si,词义/用途尚待补充,22,仅历史可注册证据（需重查）,,2026-09-30T16:01:38.453Z,词义清楚但负面或争议联想强，适用品类受限制,特定公益或议题内容团队,未做逐名净空,False,,英语普通词大池,https://regery.com/en/bulksearch,,,,,,
3389,fearful.si,词义/用途尚待补充,22,仅历史可注册证据（需重查）,,2026-09-30T16:01:38.453Z,词义清楚但负面或争议联想强，适用品类受限制,特定公益或议题内容团队,未做逐名净空,False,,英语普通词大池,https://regery.com/en/bulksearch,,,,,,
3390,gunfire.si,词义/用途尚待补充,22,仅历史可注册证据（需重查）,,2026-09-30T16:01:38.453Z,词义清楚但负面或争议联想强，适用品类受限制,特定公益或议题内容团队,未做逐名净空,False,,英语普通词大池,https://regery.com/en/bulksearch,,,,,,
3391,hateful.si,词义/用途尚待补充,22,仅历史可注册证据（需重查）,,2026-09-30T16:02:52.198Z,词义清楚但负面或争议联想强，适用品类受限制,特定公益或议题内容团队,未做逐名净空,False,,英语普通词大池,https://regery.com/en/bulksearch,,,,,,
3392,hostage.si,词义/用途尚待补充,22,仅历史可注册证据（需重查）,,2026-09-30T16:02:52.198Z,词义清楚但负面或争议联想强，适用品类受限制,特定公益或议题内容团队,未做逐名净空,False,,英语普通词大池,https://regery.com/en/bulksearch,,,,,,
3393,hurting.si,词义/用途尚待补充,22,仅历史可注册证据（需重查）,,2026-09-30T16:02:52.198Z,词义清楚但负面或争议联想强，适用品类受限制,特定公益或议题内容团队,未做逐名净空,False,,英语普通词大池,https://regery.com/en/bulksearch,,,,,,
3394,malaria.si,词义/用途尚待补充,22,仅历史可注册证据（需重查）,,2026-09-30T16:04:33.666Z,词义清楚但负面或争议联想强，适用品类受限制,特定公益或议题内容团队,未做逐名净空,False,,英语普通词大池,https://regery.com/en/bulksearch,,,,,,
3395,outrage.si,词义/用途尚待补充,22,仅历史可注册证据（需重查）,,2026-09-30T16:04:33.666Z,词义清楚但负面或争议联想强，适用品类受限制,特定公益或议题内容团队,未做逐名净空,False,,英语普通词大池,https://regery.com/en/bulksearch,,,,,,
3396,painful.si,词义/用途尚待补充,22,仅历史可注册证据（需重查）,,2026-09-30T16:04:33.666Z,词义清楚但负面或争议联想强，适用品类受限制,特定公益或议题内容团队,未做逐名净空,False,,英语普通词大池,https://regery.com/en/bulksearch,,,,,,
3397,rampant.si,词义/用途尚待补充,22,仅历史可注册证据（需重查）,,2026-09-30T16:05:24.957Z,词义清楚但负面或争议联想强，适用品类受限制,特定公益或议题内容团队,未做逐名净空,False,,英语普通词大池,https://regery.com/en/bulksearch,,,,,,
3398,ripping.si,词义/用途尚待补充,22,仅历史可注册证据（需重查）,,2026-09-30T16:05:24.957Z,词义清楚但负面或争议联想强，适用品类受限制,特定公益或议题内容团队,未做逐名净空,False,,英语普通词大池,https://regery.com/en/bulksearch,,,,,,
3399,sadness.si,词义/用途尚待补充,22,仅历史可注册证据（需重查）,,2026-09-30T16:06:01.537Z,词义清楚但负面或争议联想强，适用品类受限制,特定公益或议题内容团队,未做逐名净空,False,,英语普通词大池,https://regery.com/en/bulksearch,,,,,,
3400,screwed.si,词义/用途尚待补充,22,仅历史可注册证据（需重查）,,2026-09-30T16:06:01.537Z,词义清楚但负面或争议联想强，适用品类受限制,特定公益或议题内容团队,未做逐名净空,False,,英语普通词大池,https://regery.com/en/bulksearch,,,,,,
3401,seizure.si,词义/用途尚待补充,22,仅历史可注册证据（需重查）,,2026-09-30T16:06:01.537Z,词义清楚但负面或争议联想强，适用品类受限制,特定公益或议题内容团队,未做逐名净空,False,,英语普通词大池,https://regery.com/en/bulksearch,,,,,,
3402,skinned.si,词义/用途尚待补充,22,仅历史可注册证据（需重查）,,2026-09-30T16:06:01.537Z,词义清楚但负面或争议联想强，适用品类受限制,特定公益或议题内容团队,未做逐名净空,False,,英语普通词大池,https://regery.com/en/bulksearch,,,,,,
3403,slavery.si,词义/用途尚待补充,22,仅历史可注册证据（需重查）,,2026-09-30T16:06:01.537Z,词义清楚但负面或争议联想强，适用品类受限制,特定公益或议题内容团队,未做逐名净空,False,,英语普通词大池,https://regery.com/en/bulksearch,,,,,,
3404,sucking.si,词义/用途尚待补充,22,仅历史可注册证据（需重查）,,2026-09-30T16:06:37.958Z,词义清楚但负面或争议联想强，适用品类受限制,特定公益或议题内容团队,未做逐名净空,False,,英语普通词大池,https://regery.com/en/bulksearch,,,,,,
3405,traitor.si,词义/用途尚待补充,22,仅历史可注册证据（需重查）,,2026-09-30T16:06:37.958Z,词义清楚但负面或争议联想强，适用品类受限制,特定公益或议题内容团队,未做逐名净空,False,,英语普通词大池,https://regery.com/en/bulksearch,,,,,,
3406,trapped.si,词义/用途尚待补充,22,仅历史可注册证据（需重查）,,2026-09-30T16:06:37.958Z,词义清楚但负面或争议联想强，适用品类受限制,特定公益或议题内容团队,未做逐名净空,False,,英语普通词大池,https://regery.com/en/bulksearch,,,,,,
3407,turmoil.si,词义/用途尚待补充,22,仅历史可注册证据（需重查）,,2026-09-30T16:06:37.958Z,词义清楚但负面或争议联想强，适用品类受限制,特定公益或议题内容团队,未做逐名净空,False,,英语普通词大池,https://regery.com/en/bulksearch,,,,,,
3408,tyranny.si,词义/用途尚待补充,22,仅历史可注册证据（需重查）,,2026-09-30T16:06:37.958Z,词义清楚但负面或争议联想强，适用品类受限制,特定公益或议题内容团队,未做逐名净空,False,,英语普通词大池,https://regery.com/en/bulksearch,,,,,,
3409,unlucky.si,词义/用途尚待补充,22,仅历史可注册证据（需重查）,,2026-09-30T16:07:01.192Z,词义清楚但负面或争议联想强，适用品类受限制,特定公益或议题内容团队,未做逐名净空,False,,英语普通词大池,https://regery.com/en/bulksearch,,,,,,
3410,wartime.si,词义/用途尚待补充,22,仅历史可注册证据（需重查）,,2026-09-30T16:07:01.192Z,词义清楚但负面或争议联想强，适用品类受限制,特定公益或议题内容团队,未做逐名净空,False,,英语普通词大池,https://regery.com/en/bulksearch,,,,,,
3411,whipped.si,词义/用途尚待补充,22,仅历史可注册证据（需重查）,,2026-09-30T16:07:01.192Z,词义清楚但负面或争议联想强，适用品类受限制,特定公益或议题内容团队,未做逐名净空,False,,英语普通词大池,https://regery.com/en/bulksearch,,,,,,
3412,wounded.si,词义/用途尚待补充,22,仅历史可注册证据（需重查）,,2026-09-30T16:07:01.192Z,词义清楚但负面或争议联想强，适用品类受限制,特定公益或议题内容团队,未做逐名净空,False,,英语普通词大池,https://regery.com/en/bulksearch,,,,,,
3413,arrogant.si,词义/用途尚待补充,22,仅历史可注册证据（需重查）,,2026-09-30T16:07:40.849Z,词义清楚但负面或争议联想强，适用品类受限制,特定公益或议题内容团队,未做逐名净空,False,,英语普通词大池,https://regery.com/en/bulksearch,,,,,,
3414,blasting.si,词义/用途尚待补充,22,仅历史可注册证据（需重查）,,2026-09-30T16:07:40.849Z,词义清楚但负面或争议联想强，适用品类受限制,特定公益或议题内容团队,未做逐名净空,False,,英语普通词大池,https://regery.com/en/bulksearch,,,,,,
3415,bleeding.si,词义/用途尚待补充,22,仅历史可注册证据（需重查）,,2026-09-30T16:07:40.849Z,词义清楚但负面或争议联想强，适用品类受限制,特定公益或议题内容团队,未做逐名净空,False,,英语普通词大池,https://regery.com/en/bulksearch,,,,,,
3416,brutally.si,词义/用途尚待补充,22,仅历史可注册证据（需重查）,,2026-09-30T16:07:40.849Z,词义清楚但负面或争议联想强，适用品类受限制,特定公益或议题内容团队,未做逐名净空,False,,英语普通词大池,https://regery.com/en/bulksearch,,,,,,
3417,bullying.si,词义/用途尚待补充,22,仅历史可注册证据（需重查）,,2026-09-30T16:07:40.849Z,词义清楚但负面或争议联想强，适用品类受限制,特定公益或议题内容团队,未做逐名净空,False,,英语普通词大池,https://regery.com/en/bulksearch,,,,,,
3418,cheating.si,词义/用途尚待补充,22,仅历史可注册证据（需重查）,,2026-09-30T16:07:40.849Z,词义清楚但负面或争议联想强，适用品类受限制,特定公益或议题内容团队,未做逐名净空,False,,英语普通词大池,https://regery.com/en/bulksearch,,,,,,
3419,contempt.si,词义/用途尚待补充,22,仅历史可注册证据（需重查）,,2026-09-30T16:09:01.339Z,词义清楚但负面或争议联想强，适用品类受限制,特定公益或议题内容团队,未做逐名净空,False,,英语普通词大池,https://regery.com/en/bulksearch,,,,,,
3420,cracking.si,词义/用途尚待补充,22,仅历史可注册证据（需重查）,,2026-09-30T16:09:01.339Z,词义清楚但负面或争议联想强，适用品类受限制,特定公益或议题内容团队,未做逐名净空,False,,英语普通词大池,https://regery.com/en/bulksearch,,,,,,
3421,crushing.si,词义/用途尚待补充,22,仅历史可注册证据（需重查）,,2026-09-30T16:09:01.339Z,词义清楚但负面或争议联想强，适用品类受限制,特定公益或议题内容团队,未做逐名净空,False,,英语普通词大池,https://regery.com/en/bulksearch,,,,,,
3422,deceased.si,词义/用途尚待补充,22,仅历史可注册证据（需重查）,,2026-09-30T16:09:01.339Z,词义清楚但负面或争议联想强，适用品类受限制,特定公益或议题内容团队,未做逐名净空,False,,英语普通词大池,https://regery.com/en/bulksearch,,,,,,
3423,diarrhea.si,词义/用途尚待补充,22,仅历史可注册证据（需重查）,,2026-09-30T16:09:01.339Z,词义清楚但负面或争议联想强，适用品类受限制,特定公益或议题内容团队,未做逐名净空,False,,英语普通词大池,https://regery.com/en/bulksearch,,,,,,
3424,disgrace.si,词义/用途尚待补充,22,仅历史可注册证据（需重查）,,2026-09-30T16:09:01.339Z,词义清楚但负面或争议联想强，适用品类受限制,特定公益或议题内容团队,未做逐名净空,False,,英语普通词大池,https://regery.com/en/bulksearch,,,,,,
3425,distress.si,词义/用途尚待补充,22,仅历史可注册证据（需重查）,,2026-09-30T16:09:54.847Z,词义清楚但负面或争议联想强，适用品类受限制,特定公益或议题内容团队,未做逐名净空,False,,英语普通词大池,https://regery.com/en/bulksearch,,,,,,
3426,dreadful.si,词义/用途尚待补充,22,仅历史可注册证据（需重查）,,2026-09-30T16:09:54.847Z,词义清楚但负面或争议联想强，适用品类受限制,特定公益或议题内容团队,未做逐名净空,False,,英语普通词大池,https://regery.com/en/bulksearch,,,,,,
3427,fugitive.si,词义/用途尚待补充,22,仅历史可注册证据（需重查）,,2026-09-30T16:09:54.847Z,词义清楚但负面或争议联想强，适用品类受限制,特定公益或议题内容团队,未做逐名净空,False,,英语普通词大池,https://regery.com/en/bulksearch,,,,,,
3428,genocide.si,词义/用途尚待补充,22,仅历史可注册证据（需重查）,,2026-09-30T16:09:54.847Z,词义清楚但负面或争议联想强，适用品类受限制,特定公益或议题内容团队,未做逐名净空,False,,英语普通词大池,https://regery.com/en/bulksearch,,,,,,
3429,homicide.si,词义/用途尚待补充,22,仅历史可注册证据（需重查）,,2026-09-30T16:11:07.884Z,词义清楚但负面或争议联想强，适用品类受限制,特定公益或议题内容团队,未做逐名净空,False,,英语普通词大池,https://regery.com/en/bulksearch,,,,,,
3430,hopeless.si,词义/用途尚待补充,22,仅历史可注册证据（需重查）,,2026-09-30T16:11:07.884Z,词义清楚但负面或争议联想强，适用品类受限制,特定公益或议题内容团队,未做逐名净空,False,,英语普通词大池,https://regery.com/en/bulksearch,,,,,,
3431,horrific.si,词义/用途尚待补充,22,仅历史可注册证据（需重查）,,2026-09-30T16:11:07.884Z,词义清楚但负面或争议联想强，适用品类受限制,特定公益或议题内容团队,未做逐名净空,False,,英语普通词大池,https://regery.com/en/bulksearch,,,,,,
3432,ignorant.si,词义/用途尚待补充,22,仅历史可注册证据（需重查）,,2026-09-30T16:11:07.884Z,词义清楚但负面或争议联想强，适用品类受限制,特定公益或议题内容团队,未做逐名净空,False,,英语普通词大池,https://regery.com/en/bulksearch,,,,,,
3433,immature.si,词义/用途尚待补充,22,仅历史可注册证据（需重查）,,2026-09-30T16:11:07.884Z,词义清楚但负面或争议联想强，适用品类受限制,特定公益或议题内容团队,未做逐名净空,False,,英语普通词大池,https://regery.com/en/bulksearch,,,,,,
3434,infamous.si,词义/用途尚待补充,22,仅历史可注册证据（需重查）,,2026-09-30T16:11:07.884Z,词义清楚但负面或争议联想强，适用品类受限制,特定公益或议题内容团队,未做逐名净空,False,,英语普通词大池,https://regery.com/en/bulksearch,,,,,,
3435,infected.si,词义/用途尚待补充,22,仅历史可注册证据（需重查）,,2026-09-30T16:11:07.884Z,词义清楚但负面或争议联想强，适用品类受限制,特定公益或议题内容团队,未做逐名净空,False,,英语普通词大池,https://regery.com/en/bulksearch,,,,,,
3436,inferior.si,词义/用途尚待补充,22,仅历史可注册证据（需重查）,,2026-09-30T16:11:07.884Z,词义清楚但负面或争议联想强，适用品类受限制,特定公益或议题内容团队,未做逐名净空,False,,英语普通词大池,https://regery.com/en/bulksearch,,,,,,
3437,jealousy.si,词义/用途尚待补充,22,仅历史可注册证据（需重查）,,2026-09-30T16:11:07.884Z,词义清楚但负面或争议联想强，适用品类受限制,特定公益或议题内容团队,未做逐名净空,False,,英语普通词大池,https://regery.com/en/bulksearch,,,,,,
3438,massacre.si,词义/用途尚待补充,22,仅历史可注册证据（需重查）,,2026-09-30T16:11:07.884Z,词义清楚但负面或争议联想强，适用品类受限制,特定公益或议题内容团队,未做逐名净空,False,,英语普通词大池,https://regery.com/en/bulksearch,,,,,,
3439,murderer.si,词义/用途尚待补充,22,仅历史可注册证据（需重查）,,2026-09-30T16:12:37.465Z,词义清楚但负面或争议联想强，适用品类受限制,特定公益或议题内容团队,未做逐名净空,False,,英语普通词大池,https://regery.com/en/bulksearch,,,,,,
3440,obsolete.si,词义/用途尚待补充,22,仅历史可注册证据（需重查）,,2026-09-30T16:12:37.465Z,词义清楚但负面或争议联想强，适用品类受限制,特定公益或议题内容团队,未做逐名净空,False,,英语普通词大池,https://regery.com/en/bulksearch,,,,,,
3441,offender.si,词义/用途尚待补充,22,仅历史可注册证据（需重查）,,2026-09-30T16:12:37.465Z,词义清楚但负面或争议联想强，适用品类受限制,特定公益或议题内容团队,未做逐名净空,False,,英语普通词大池,https://regery.com/en/bulksearch,,,,,,
3442,shameful.si,词义/用途尚待补充,22,仅历史可注册证据（需重查）,,2026-09-30T16:14:44.873Z,词义清楚但负面或争议联想强，适用品类受限制,特定公益或议题内容团队,未做逐名净空,False,,英语普通词大池,https://regery.com/en/bulksearch,,,,,,
3443,stabbing.si,词义/用途尚待补充,22,仅历史可注册证据（需重查）,,2026-09-30T16:15:59.848Z,词义清楚但负面或争议联想强，适用品类受限制,特定公益或议题内容团队,未做逐名净空,False,,英语普通词大池,https://regery.com/en/bulksearch,,,,,,
3444,suicidal.si,词义/用途尚待补充,22,仅历史可注册证据（需重查）,,2026-09-30T16:15:59.848Z,词义清楚但负面或争议联想强，适用品类受限制,特定公益或议题内容团队,未做逐名净空,False,,英语普通词大池,https://regery.com/en/bulksearch,,,,,,
3445,threaten.si,词义/用途尚待补充,22,仅历史可注册证据（需重查）,,2026-09-30T16:15:59.848Z,词义清楚但负面或争议联想强，适用品类受限制,特定公益或议题内容团队,未做逐名净空,False,,英语普通词大池,https://regery.com/en/bulksearch,,,,,,
3446,tortured.si,词义/用途尚待补充,22,仅历史可注册证据（需重查）,,2026-09-30T16:17:03.320Z,词义清楚但负面或争议联想强，适用品类受限制,特定公益或议题内容团队,未做逐名净空,False,,英语普通词大池,https://regery.com/en/bulksearch,,,,,,
3447,unlawful.si,词义/用途尚待补充,22,仅历史可注册证据（需重查）,,2026-09-30T16:17:03.320Z,词义清楚但负面或争议联想强，适用品类受限制,特定公益或议题内容团队,未做逐名净空,False,,英语普通词大池,https://regery.com/en/bulksearch,,,,,,
3448,vomiting.si,词义/用途尚待补充,22,仅历史可注册证据（需重查）,,2026-09-30T16:17:03.320Z,词义清楚但负面或争议联想强，适用品类受限制,特定公益或议题内容团队,未做逐名净空,False,,英语普通词大池,https://regery.com/en/bulksearch,,,,,,
3449,apartheid.si,词义/用途尚待补充,22,仅历史可注册证据（需重查）,,2026-09-30T16:17:48.596Z,词义清楚但负面或争议联想强，适用品类受限制,特定公益或议题内容团队,未做逐名净空,False,,英语普通词大池,https://regery.com/en/bulksearch,,,,,,
3450,condemned.si,词义/用途尚待补充,22,仅历史可注册证据（需重查）,,2026-09-30T16:17:48.596Z,词义清楚但负面或争议联想强，适用品类受限制,特定公益或议题内容团队,未做逐名净空,False,,英语普通词大池,https://regery.com/en/bulksearch,,,,,,
3451,disgusted.si,词义/用途尚待补充,22,仅历史可注册证据（需重查）,,2026-09-30T16:18:10.592Z,词义清楚但负面或争议联想强，适用品类受限制,特定公益或议题内容团队,未做逐名净空,False,,英语普通词大池,https://regery.com/en/bulksearch,,,,,,
3452,dishonest.si,词义/用途尚待补充,22,仅历史可注册证据（需重查）,,2026-09-30T16:18:10.592Z,词义清楚但负面或争议联想强，适用品类受限制,特定公益或议题内容团队,未做逐名净空,False,,英语普通词大池,https://regery.com/en/bulksearch,,,,,,
3453,disregard.si,词义/用途尚待补充,22,仅历史可注册证据（需重查）,,2026-09-30T16:18:10.592Z,词义清楚但负面或争议联想强，适用品类受限制,特定公益或议题内容团队,未做逐名净空,False,,英语普通词大池,https://regery.com/en/bulksearch,,,,,,
3454,distorted.si,词义/用途尚待补充,22,仅历史可注册证据（需重查）,,2026-09-30T16:18:10.592Z,词义清楚但负面或争议联想强，适用品类受限制,特定公益或议题内容团队,未做逐名净空,False,,英语普通词大池,https://regery.com/en/bulksearch,,,,,,
3455,exhausted.si,词义/用途尚待补充,22,仅历史可注册证据（需重查）,,2026-09-30T16:18:10.592Z,词义清楚但负面或争议联想强，适用品类受限制,特定公益或议题内容团队,未做逐名净空,False,,英语普通词大池,https://regery.com/en/bulksearch,,,,,,
3456,hepatitis.si,词义/用途尚待补充,22,仅历史可注册证据（需重查）,,2026-09-30T16:18:10.592Z,词义清楚但负面或争议联想强，适用品类受限制,特定公益或议题内容团队,未做逐名净空,False,,英语普通词大池,https://regery.com/en/bulksearch,,,,,,
3457,holocaust.si,词义/用途尚待补充,22,仅历史可注册证据（需重查）,,2026-09-30T16:18:10.592Z,词义清楚但负面或争议联想强，适用品类受限制,特定公益或议题内容团队,未做逐名净空,False,,英语普通词大池,https://regery.com/en/bulksearch,,,,,,
3458,hostility.si,词义/用途尚待补充,22,仅历史可注册证据（需重查）,,2026-09-30T16:19:17.899Z,词义清楚但负面或争议联想强，适用品类受限制,特定公益或议题内容团队,未做逐名净空,False,,英语普通词大池,https://regery.com/en/bulksearch,,,,,,
3459,hypocrisy.si,词义/用途尚待补充,22,仅历史可注册证据（需重查）,,2026-09-30T16:19:17.899Z,词义清楚但负面或争议联想强，适用品类受限制,特定公益或议题内容团队,未做逐名净空,False,,英语普通词大池,https://regery.com/en/bulksearch,,,,,,
3460,ignorance.si,词义/用途尚待补充,22,仅历史可注册证据（需重查）,,2026-09-30T16:19:17.899Z,词义清楚但负面或争议联想强，适用品类受限制,特定公益或议题内容团队,未做逐名净空,False,,英语普通词大池,https://regery.com/en/bulksearch,,,,,,
3461,illegally.si,词义/用途尚待补充,22,仅历史可注册证据（需重查）,,2026-09-30T16:19:17.899Z,词义清楚但负面或争议联想强，适用品类受限制,特定公益或议题内容团队,未做逐名净空,False,,英语普通词大池,https://regery.com/en/bulksearch,,,,,,
3462,incapable.si,词义/用途尚待补充,22,仅历史可注册证据（需重查）,,2026-09-30T16:19:17.899Z,词义清楚但负面或争议联想强，适用品类受限制,特定公益或议题内容团队,未做逐名净空,False,,英语普通词大池,https://regery.com/en/bulksearch,,,,,,
3463,incorrect.si,词义/用途尚待补充,22,仅历史可注册证据（需重查）,,2026-09-30T16:19:17.899Z,词义清楚但负面或争议联想强，适用品类受限制,特定公益或议题内容团队,未做逐名净空,False,,英语普通词大池,https://regery.com/en/bulksearch,,,,,,
3464,insulting.si,词义/用途尚待补充,22,仅历史可注册证据（需重查）,,2026-09-30T16:19:17.899Z,词义清楚但负面或争议联想强，适用品类受限制,特定公益或议题内容团队,未做逐名净空,False,,英语普通词大池,https://regery.com/en/bulksearch,,,,,,
3465,miserable.si,词义/用途尚待补充,22,仅历史可注册证据（需重查）,,2026-09-30T16:19:17.899Z,词义清楚但负面或争议联想强，适用品类受限制,特定公益或议题内容团队,未做逐名净空,False,,英语普通词大池,https://regery.com/en/bulksearch,,,,,,
3466,murdering.si,词义/用途尚待补充,22,仅历史可注册证据（需重查）,,2026-09-30T16:19:17.899Z,词义清楚但负面或争议联想强，适用品类受限制,特定公益或议题内容团队,未做逐名净空,False,,英语普通词大池,https://regery.com/en/bulksearch,,,,,,
3467,oppressed.si,词义/用途尚待补充,22,仅历史可注册证据（需重查）,,2026-09-30T16:19:17.899Z,词义清楚但负面或争议联想强，适用品类受限制,特定公益或议题内容团队,未做逐名净空,False,,英语普通词大池,https://regery.com/en/bulksearch,,,,,,
3468,poisoning.si,词义/用途尚待补充,22,仅历史可注册证据（需重查）,,2026-09-30T16:19:39.066Z,词义清楚但负面或争议联想强，适用品类受限制,特定公益或议题内容团队,未做逐名净空,False,,英语普通词大池,https://regery.com/en/bulksearch,,,,,,
3469,screaming.si,词义/用途尚待补充,22,仅历史可注册证据（需重查）,,2026-09-30T16:19:39.066Z,词义清楚但负面或争议联想强，适用品类受限制,特定公益或议题内容团队,未做逐名净空,False,,英语普通词大池,https://regery.com/en/bulksearch,,,,,,
3470,slaughter.si,词义/用途尚待补充,22,仅历史可注册证据（需重查）,,2026-09-30T16:20:14.857Z,词义清楚但负面或争议联想强，适用品类受限制,特定公益或议题内容团队,未做逐名净空,False,,英语普通词大池,https://regery.com/en/bulksearch,,,,,,
3471,smuggling.si,词义/用途尚待补充,22,仅历史可注册证据（需重查）,,2026-09-30T16:20:14.857Z,词义清楚但负面或争议联想强，适用品类受限制,特定公益或议题内容团队,未做逐名净空,False,,英语普通词大池,https://regery.com/en/bulksearch,,,,,,
3472,stressful.si,词义/用途尚待补充,22,仅历史可注册证据（需重查）,,2026-09-30T16:20:14.857Z,词义清楚但负面或争议联想强，适用品类受限制,特定公益或议题内容团队,未做逐名净空,False,,英语普通词大池,https://regery.com/en/bulksearch,,,,,,
3473,stupidity.si,词义/用途尚待补充,22,仅历史可注册证据（需重查）,,2026-09-30T16:20:14.857Z,词义清楚但负面或争议联想强，适用品类受限制,特定公益或议题内容团队,未做逐名净空,False,,英语普通词大池,https://regery.com/en/bulksearch,,,,,,
3474,suffering.si,词义/用途尚待补充,22,仅历史可注册证据（需重查）,,2026-09-30T16:20:14.857Z,词义清楚但负面或争议联想强，适用品类受限制,特定公益或议题内容团队,未做逐名净空,False,,英语普通词大池,https://regery.com/en/bulksearch,,,,,,
3475,violently.si,词义/用途尚待补充,22,仅历史可注册证据（需重查）,,2026-09-30T16:20:51.261Z,词义清楚但负面或争议联想强，适用品类受限制,特定公益或议题内容团队,未做逐名净空,False,,英语普通词大池,https://regery.com/en/bulksearch,,,,,,
3476,withdrawn.si,词义/用途尚待补充,22,仅历史可注册证据（需重查）,,2026-09-30T16:20:51.261Z,词义清楚但负面或争议联想强，适用品类受限制,特定公益或议题内容团队,未做逐名净空,False,,英语普通词大池,https://regery.com/en/bulksearch,,,,,,
3477,worthless.si,词义/用途尚待补充,22,仅历史可注册证据（需重查）,,2026-09-30T16:20:51.261Z,词义清楚但负面或争议联想强，适用品类受限制,特定公益或议题内容团队,未做逐名净空,False,,英语普通词大池,https://regery.com/en/bulksearch,,,,,,
3478,doxxed.si,项目成员公开身份,22,仅历史可注册证据（需重查）,,2026-09-30T15:41:19.769Z,负面或敏感语义限制品牌场景，独立商业需求较窄,特定公益或议题内容团队,未做逐名净空,False,,币圈术语与本土叙事,https://regery.com/en/bulksearch,,,,,,
3479,fakeout.si,突破后迅速反转的假信号,22,仅历史可注册证据（需重查）,,2026-09-30T15:41:19.769Z,负面或敏感语义限制品牌场景，独立商业需求较窄,特定公益或议题内容团队,未做逐名净空,False,,币圈术语与本土叙事,https://regery.com/en/bulksearch,,,,,,
3480,condemn.si,词义/用途尚待补充,22,仅历史可注册证据（需重查）,,2026-09-30T15:59:41.625Z,谴责动词语气强硬，普通商业品牌难以采用,法律评论与议题内容团队,未做逐名净空,False,,英语普通词大池,https://regery.com/en/bulksearch,,,,,,
3481,antena3.si,,21,仅历史可注册证据（需重查）,,2026-09-30T17:26:34.407Z,来源名Antena 3；独立转售用途未获支持，不能推定品牌回购,未取得无关独立买家用途证据；源品牌不是购买意向,未做逐名权利净空；品牌门是投资证据约束,False,,中外公司及品牌扩扫,https://regery.com/en/bulksearch,,,,,,
3482,channel4.si,,21,仅历史可注册证据（需重查）,,2026-09-30T17:28:34.636Z,来源名Channel 4；独立转售用途未获支持，不能推定品牌回购,未取得无关独立买家用途证据；源品牌不是购买意向,未做逐名权利净空；品牌门是投资证据约束,False,,中外公司及品牌扩扫,https://regery.com/en/bulksearch,,,,,,
3483,cinema4d.si,,21,仅历史可注册证据（需重查）,,2026-09-30T17:28:34.636Z,来源名Cinema 4D；独立转售用途未获支持，不能推定品牌回购,未取得无关独立买家用途证据；源品牌不是购买意向,未做逐名权利净空；品牌门是投资证据约束,False,,中外公司及品牌扩扫,https://regery.com/en/bulksearch,,,,,,
3484,cloud66.si,,21,仅历史可注册证据（需重查）,,2026-09-30T17:28:34.636Z,来源名Cloud 66；独立转售用途未获支持，不能推定品牌回购,未取得无关独立买家用途证据；源品牌不是购买意向,未做逐名权利净空；品牌门是投资证据约束,False,,中外公司及品牌扩扫,https://regery.com/en/bulksearch,,,,,,
3485,cycling74.si,,21,仅历史可注册证据（需重查）,,2026-09-30T17:29:49.585Z,来源名Cycling '74；独立转售用途未获支持，不能推定品牌回购,未取得无关独立买家用途证据；源品牌不是购买意向,未做逐名权利净空；品牌门是投资证据约束,False,,中外公司及品牌扩扫,https://regery.com/en/bulksearch,,,,,,
3486,grafanak6.si,,21,仅历史可注册证据（需重查）,,2026-09-30T17:35:30.867Z,来源名k6；独立转售用途未获支持，不能推定品牌回购,未取得无关独立买家用途证据；源品牌不是购买意向,未做逐名权利净空；品牌门是投资证据约束,False,,中外公司及品牌扩扫,https://regery.com/en/bulksearch,,,,,,
3487,m5stack.si,,21,仅历史可注册证据（需重查）,,2026-09-30T17:36:31.187Z,来源名M5Stack；独立转售用途未获支持，不能推定品牌回购,未取得无关独立买家用途证据；源品牌不是购买意向,未做逐名权利净空；品牌门是投资证据约束,False,,中外公司及品牌扩扫,https://regery.com/en/bulksearch,,,,,,
3488,mingww64.si,,21,仅历史可注册证据（需重查）,,2026-09-30T17:37:10.063Z,来源名MinGW-w64；独立转售用途未获支持，不能推定品牌回购,未取得无关独立买家用途证据；源品牌不是购买意向,未做逐名权利净空；品牌门是投资证据约束,False,,中外公司及品牌扩扫,https://regery.com/en/bulksearch,,,,,,
3489,quad9dns.si,,21,仅历史可注册证据（需重查）,,2026-09-30T17:40:41.689Z,来源名Quad9；独立转售用途未获支持，不能推定品牌回购,未取得无关独立买家用途证据；源品牌不是购买意向,未做逐名权利净空；品牌门是投资证据约束,False,,中外公司及品牌扩扫,https://regery.com/en/bulksearch,,,,,,
3490,society6.si,,21,仅历史可注册证据（需重查）,,2026-09-30T17:42:47.219Z,来源名Society6；独立转售用途未获支持，不能推定品牌回购,未取得无关独立买家用途证据；源品牌不是购买意向,未做逐名权利净空；品牌门是投资证据约束,False,,中外公司及品牌扩扫,https://regery.com/en/bulksearch,,,,,,
3491,studio3t.si,,21,仅历史可注册证据（需重查）,,2026-09-30T17:43:55.237Z,来源名Studio 3T；独立转售用途未获支持，不能推定品牌回购,未取得无关独立买家用途证据；源品牌不是购买意向,未做逐名权利净空；品牌门是投资证据约束,False,,中外公司及品牌扩扫,https://regery.com/en/bulksearch,,,,,,
3492,system76.si,,21,仅历史可注册证据（需重查）,,2026-09-30T17:44:29.838Z,来源名System76；独立转售用途未获支持，不能推定品牌回购,未取得无关独立买家用途证据；源品牌不是购买意向,未做逐名权利净空；品牌门是投资证据约束,False,,中外公司及品牌扩扫,https://regery.com/en/bulksearch,,,,,,
3493,tv4play.si,,21,仅历史可注册证据（需重查）,,2026-09-30T17:45:31.230Z,来源名TV4 Play；独立转售用途未获支持，不能推定品牌回购,未取得无关独立买家用途证据；源品牌不是购买意向,未做逐名权利净空；品牌门是投资证据约束,False,,中外公司及品牌扩扫,https://regery.com/en/bulksearch,,,,,,
3494,china-cdt.si,,21,仅历史可注册证据（需重查）,,2026-09-30T17:34:09.683Z,来源名中国大唐集团有限公司；独立转售用途未获支持，不能推定品牌回购,未取得无关独立买家用途证据；源品牌不是购买意向,未做逐名权利净空；品牌门是投资证据约束,False,,中外公司及品牌扩扫,https://my.eurodns.com/das/search,,,,,,
3495,china-an.si,,21,仅历史可注册证据（需重查）,,2026-09-30T17:34:09.683Z,来源名中国安能建设集团有限公司；独立转售用途未获支持，不能推定品牌回购,未取得无关独立买家用途证据；源品牌不是购买意向,未做逐名权利净空；品牌门是投资证据约束,False,,中外公司及品牌扩扫,https://my.eurodns.com/das/search,,,,,,
3496,cee-group.si,,21,仅历史可注册证据（需重查）,,2026-09-30T17:34:09.683Z,来源名中国电气装备集团有限公司；独立转售用途未获支持，不能推定品牌回购,未取得无关独立买家用途证据；源品牌不是购买意向,未做逐名权利净空；品牌门是投资证据约束,False,,中外公司及品牌扩扫,https://my.eurodns.com/das/search,,,,,,
3497,lepee1839.si,,21,仅历史可注册证据（需重查）,,2026-09-30T17:52:02.418Z,来源名L'Epée 1839；独立转售用途未获支持，不能推定品牌回购,未取得无关独立买家用途证据；源品牌不是购买意向,未做逐名权利净空；品牌门是投资证据约束,False,,中外公司及品牌扩扫,https://regery.com/en/bulksearch,,,,,,
3498,hotelf1.si,,21,仅历史可注册证据（需重查）,,2026-09-30T17:54:12.258Z,来源名Hotel F1；独立转售用途未获支持，不能推定品牌回购,未取得无关独立买家用途证据；源品牌不是购买意向,未做逐名权利净空；品牌门是投资证据约束,False,,中外公司及品牌扩扫,https://regery.com/en/bulksearch,,,,,,
3499,3mbondo.si,,21,仅历史可注册证据（需重查）,,2026-09-30T17:55:13.614Z,来源名3M Bondo；独立转售用途未获支持，不能推定品牌回购,未取得无关独立买家用途证据；源品牌不是购买意向,未做逐名权利净空；品牌门是投资证据约束,False,,中外公司及品牌扩扫,https://regery.com/en/bulksearch,,,,,,
3500,3mdbisala.si,,21,仅历史可注册证据（需重查）,,2026-09-30T17:55:13.614Z,来源名3M DBI-SALA；独立转售用途未获支持，不能推定品牌回购,未取得无关独立买家用途证据；源品牌不是购买意向,未做逐名权利净空；品牌门是投资证据约束,False,,中外公司及品牌扩扫,https://regery.com/en/bulksearch,,,,,,
3501,3mdinoc.si,,21,仅历史可注册证据（需重查）,,2026-09-30T17:55:13.614Z,来源名3M DI-NOC；独立转售用途未获支持，不能推定品牌回购,未取得无关独立买家用途证据；源品牌不是购买意向,未做逐名权利净空；品牌门是投资证据约束,False,,中外公司及品牌扩扫,https://regery.com/en/bulksearch,,,,,,
3502,3mpeltor.si,,21,仅历史可注册证据（需重查）,,2026-09-30T17:55:13.614Z,来源名3M PELTOR；独立转售用途未获支持，不能推定品牌回购,未取得无关独立买家用途证据；源品牌不是购买意向,未做逐名权利净空；品牌门是投资证据约束,False,,中外公司及品牌扩扫,https://regery.com/en/bulksearch,,,,,,
3503,3mscott.si,,21,仅历史可注册证据（需重查）,,2026-09-30T17:55:13.614Z,来源名3M Scott；独立转售用途未获支持，不能推定品牌回购,未取得无关独立买家用途证据；源品牌不是购买意向,未做逐名权利净空；品牌门是投资证据约束,False,,中外公司及品牌扩扫,https://regery.com/en/bulksearch,,,,,,
3504,3mtrizact.si,,21,仅历史可注册证据（需重查）,,2026-09-30T17:55:13.614Z,来源名3M Trizact；独立转售用途未获支持，不能推定品牌回购,未取得无关独立买家用途证据；源品牌不是购买意向,未做逐名权利净空；品牌门是投资证据约束,False,,中外公司及品牌扩扫,https://regery.com/en/bulksearch,,,,,,
3505,3mxtract.si,,21,仅历史可注册证据（需重查）,,2026-09-30T17:55:13.614Z,来源名3M Xtract；独立转售用途未获支持，不能推定品牌回购,未取得无关独立买家用途证据；源品牌不是购买意向,未做逐名权利净空；品牌门是投资证据约束,False,,中外公司及品牌扩扫,https://regery.com/en/bulksearch,,,,,,
3506,ccip.si,跨链互操作协议,20,仅历史可注册证据（需重查）,,2026-09-30T10:32:04.562Z,协议缩写依赖特定项目；独立买家不足,获授权协议团队,未做逐名净空,False,,币圈术语与本土叙事,https://porkbun.com/checkout/search,,,,,,
3507,accuweather.si,,18,仅历史可注册证据（需重查）,,2026-09-30T17:26:11.946Z,来源名AccuWeather；独立转售用途未获支持，不能推定品牌回购,未取得无关独立买家用途证据；源品牌不是购买意向,未做逐名权利净空；品牌门是投资证据约束,False,,中外公司及品牌扩扫,https://regery.com/en/bulksearch,,,,,,
3508,activision.si,,18,仅历史可注册证据（需重查）,,2026-09-30T17:26:11.946Z,来源名Activision；独立转售用途未获支持，不能推定品牌回购,未取得无关独立买家用途证据；源品牌不是购买意向,未做逐名权利净空；品牌门是投资证据约束,False,,中外公司及品牌扩扫,https://regery.com/en/bulksearch,,,,,,
3509,actualbudget.si,,18,仅历史可注册证据（需重查）,,2026-09-30T17:26:11.946Z,来源名Actual Budget；独立转售用途未获支持，不能推定品牌回购,未取得无关独立买家用途证据；源品牌不是购买意向,未做逐名权利净空；品牌门是投资证据约束,False,,中外公司及品牌扩扫,https://regery.com/en/bulksearch,,,,,,
3510,adblockplus.si,,18,仅历史可注册证据（需重查）,,2026-09-30T17:26:11.946Z,来源名Adblock Plus；独立转售用途未获支持，不能推定品牌回购,未取得无关独立买家用途证据；源品牌不是购买意向,未做逐名权利净空；品牌门是投资证据约束,False,,中外公司及品牌扩扫,https://regery.com/en/bulksearch,,,,,,
3511,adventofcode.si,,18,仅历史可注册证据（需重查）,,2026-09-30T17:26:11.946Z,来源名Advent Of Code；独立转售用途未获支持，不能推定品牌回购,未取得无关独立买家用途证据；源品牌不是购买意向,未做逐名权利净空；品牌门是投资证据约束,False,,中外公司及品牌扩扫,https://regery.com/en/bulksearch,,,,,,
3512,aeromexico.si,,18,仅历史可注册证据（需重查）,,2026-09-30T17:26:11.946Z,来源名Aeroméxico；独立转售用途未获支持，不能推定品牌回购,未取得无关独立买家用途证据；源品牌不是购买意向,未做逐名权利净空；品牌门是投资证据约束,False,,中外公司及品牌扩扫,https://regery.com/en/bulksearch,,,,,,
3513,airtransat.si,,18,仅历史可注册证据（需重查）,,2026-09-30T17:26:11.946Z,来源名Air Transat；独立转售用途未获支持，不能推定品牌回购,未取得无关独立买家用途证据；源品牌不是购买意向,未做逐名权利净空；品牌门是投资证据约束,False,,中外公司及品牌扩扫,https://regery.com/en/bulksearch,,,,,,
3514,airplayaudio.si,,18,仅历史可注册证据（需重查）,,2026-09-30T17:26:11.946Z,来源名AirPlay Audio；独立转售用途未获支持，不能推定品牌回购,未取得无关独立买家用途证据；源品牌不是购买意向,未做逐名权利净空；品牌门是投资证据约束,False,,中外公司及品牌扩扫,https://regery.com/en/bulksearch,,,,,,
3515,airplayvideo.si,,18,仅历史可注册证据（需重查）,,2026-09-30T17:26:11.946Z,来源名AirPlay Video；独立转售用途未获支持，不能推定品牌回购,未取得无关独立买家用途证据；源品牌不是购买意向,未做逐名权利净空；品牌门是投资证据约束,False,,中外公司及品牌扩扫,https://regery.com/en/bulksearch,,,,,,
3516,albertheijn.si,,18,仅历史可注册证据（需重查）,,2026-09-30T17:26:34.407Z,来源名Albert Heijn；独立转售用途未获支持，不能推定品牌回购,未取得无关独立买家用途证据；源品牌不是购买意向,未做逐名权利净空；品牌门是投资证据约束,False,,中外公司及品牌扩扫,https://regery.com/en/bulksearch,,,,,,
3517,alibabacom.si,,18,仅历史可注册证据（需重查）,,2026-09-30T17:26:34.407Z,来源名Alibaba.com；独立转售用途未获支持，不能推定品牌回购,未取得无关独立买家用途证据；源品牌不是购买意向,未做逐名权利净空；品牌门是投资证据约束,False,,中外公司及品牌扩扫,https://regery.com/en/bulksearch,,,,,,
3518,alpinelinux.si,,18,仅历史可注册证据（需重查）,,2026-09-30T17:26:34.407Z,来源名Alpine Linux；独立转售用途未获支持，不能推定品牌回购,未取得无关独立买家用途证据；源品牌不是购买意向,未做逐名权利净空；品牌门是投资证据约束,False,,中外公司及品牌扩扫,https://regery.com/en/bulksearch,,,,,,
3519,alwaysdata.si,,18,仅历史可注册证据（需重查）,,2026-09-30T17:26:34.407Z,来源名Alwaysdata；独立转售用途未获支持，不能推定品牌回购,未取得无关独立买家用途证据；源品牌不是购买意向,未做逐名权利净空；品牌门是投资证据约束,False,,中外公司及品牌扩扫,https://regery.com/en/bulksearch,,,,,,
3520,animalplanet.si,,18,仅历史可注册证据（需重查）,,2026-09-30T17:26:34.407Z,来源名Animal Planet；独立转售用途未获支持，不能推定品牌回购,未取得无关独立买家用途证据；源品牌不是购买意向,未做逐名权利净空；品牌门是投资证据约束,False,,中外公司及品牌扩扫,https://regery.com/en/bulksearch,,,,,,
3521,antennapod.si,,18,仅历史可注册证据（需重查）,,2026-09-30T17:26:34.407Z,来源名AntennaPod；独立转售用途未获支持，不能推定品牌回购,未取得无关独立买家用途证据；源品牌不是购买意向,未做逐名权利净空；品牌门是投资证据约束,False,,中外公司及品牌扩扫,https://regery.com/en/bulksearch,,,,,,
3522,apachearrow.si,,18,仅历史可注册证据（需重查）,,2026-09-30T17:26:34.407Z,来源名Apache Arrow；独立转售用途未获支持，不能推定品牌回购,未取得无关独立买家用途证据；源品牌不是购买意向,未做逐名权利净空；品牌门是投资证据约束,False,,中外公司及品牌扩扫,https://regery.com/en/bulksearch,,,,,,
3523,apacheavro.si,,18,仅历史可注册证据（需重查）,,2026-09-30T17:26:34.407Z,来源名Apache Avro；独立转售用途未获支持，不能推定品牌回购,未取得无关独立买家用途证据；源品牌不是购买意向,未做逐名权利净空；品牌门是投资证据约束,False,,中外公司及品牌扩扫,https://regery.com/en/bulksearch,,,,,,
3524,apachedoris.si,,18,仅历史可注册证据（需重查）,,2026-09-30T17:26:52.907Z,来源名Apache Doris；独立转售用途未获支持，不能推定品牌回购,未取得无关独立买家用途证据；源品牌不是购买意向,未做逐名权利净空；品牌门是投资证据约束,False,,中外公司及品牌扩扫,https://regery.com/en/bulksearch,,,,,,
3525,apachedruid.si,,18,仅历史可注册证据（需重查）,,2026-09-30T17:26:52.907Z,来源名Apache Druid；独立转售用途未获支持，不能推定品牌回购,未取得无关独立买家用途证据；源品牌不是购买意向,未做逐名权利净空；品牌门是投资证据约束,False,,中外公司及品牌扩扫,https://regery.com/en/bulksearch,,,,,,
3526,apacheflink.si,,18,仅历史可注册证据（需重查）,,2026-09-30T17:26:52.907Z,来源名Apache Flink；独立转售用途未获支持，不能推定品牌回购,未取得无关独立买家用途证据；源品牌不是购买意向,未做逐名权利净空；品牌门是投资证据约束,False,,中外公司及品牌扩扫,https://regery.com/en/bulksearch,,,,,,
3527,apachegroovy.si,,18,仅历史可注册证据（需重查）,,2026-09-30T17:26:52.907Z,来源名Apache Groovy；独立转售用途未获支持，不能推定品牌回购,未取得无关独立买家用途证据；源品牌不是购买意向,未做逐名权利净空；品牌门是投资证据约束,False,,中外公司及品牌扩扫,https://regery.com/en/bulksearch,,,,,,
3528,apachehadoop.si,,18,仅历史可注册证据（需重查）,,2026-09-30T17:26:52.907Z,来源名Apache Hadoop；独立转售用途未获支持，不能推定品牌回购,未取得无关独立买家用途证据；源品牌不是购买意向,未做逐名权利净空；品牌门是投资证据约束,False,,中外公司及品牌扩扫,https://regery.com/en/bulksearch,,,,,,
3529,apachehbase.si,,18,仅历史可注册证据（需重查）,,2026-09-30T17:26:52.907Z,来源名Apache HBase；独立转售用途未获支持，不能推定品牌回购,未取得无关独立买家用途证据；源品牌不是购买意向,未做逐名权利净空；品牌门是投资证据约束,False,,中外公司及品牌扩扫,https://regery.com/en/bulksearch,,,,,,
3530,apachehive.si,,18,仅历史可注册证据（需重查）,,2026-09-30T17:26:52.907Z,来源名Apache Hive；独立转售用途未获支持，不能推定品牌回购,未取得无关独立买家用途证据；源品牌不是购买意向,未做逐名权利净空；品牌门是投资证据约束,False,,中外公司及品牌扩扫,https://regery.com/en/bulksearch,,,,,,
3531,apachejmeter.si,,18,仅历史可注册证据（需重查）,,2026-09-30T17:26:52.907Z,来源名Apache JMeter；独立转售用途未获支持，不能推定品牌回购,未取得无关独立买家用途证据；源品牌不是购买意向,未做逐名权利净空；品牌门是投资证据约束,False,,中外公司及品牌扩扫,https://regery.com/en/bulksearch,,,,,,
3532,apachekafka.si,,18,仅历史可注册证据（需重查）,,2026-09-30T17:26:52.907Z,来源名Apache Kafka；独立转售用途未获支持，不能推定品牌回购,未取得无关独立买家用途证据；源品牌不是购买意向,未做逐名权利净空；品牌门是投资证据约束,False,,中外公司及品牌扩扫,https://regery.com/en/bulksearch,,,,,,
3533,apachekylin.si,,18,仅历史可注册证据（需重查）,,2026-09-30T17:26:52.907Z,来源名Apache Kylin；独立转售用途未获支持，不能推定品牌回购,未取得无关独立买家用途证据；源品牌不是购买意向,未做逐名权利净空；品牌门是投资证据约束,False,,中外公司及品牌扩扫,https://regery.com/en/bulksearch,,,,,,
3534,apachelucene.si,,18,仅历史可注册证据（需重查）,,2026-09-30T17:26:52.907Z,来源名Apache Lucene；独立转售用途未获支持，不能推定品牌回购,未取得无关独立买家用途证据；源品牌不是购买意向,未做逐名权利净空；品牌门是投资证据约束,False,,中外公司及品牌扩扫,https://regery.com/en/bulksearch,,,,,,
3535,apachemaven.si,,18,仅历史可注册证据（需重查）,,2026-09-30T17:26:52.907Z,来源名Apache Maven；独立转售用途未获支持，不能推定品牌回购,未取得无关独立买家用途证据；源品牌不是购买意向,未做逐名权利净空；品牌门是投资证据约束,False,,中外公司及品牌扩扫,https://regery.com/en/bulksearch,,,,,,
3536,apachenifi.si,,18,仅历史可注册证据（需重查）,,2026-09-30T17:26:52.907Z,来源名Apache NiFi；独立转售用途未获支持，不能推定品牌回购,未取得无关独立买家用途证据；源品牌不是购买意向,未做逐名权利净空；品牌门是投资证据约束,False,,中外公司及品牌扩扫,https://regery.com/en/bulksearch,,,,,,
3537,apachepdfbox.si,,18,仅历史可注册证据（需重查）,,2026-09-30T17:26:52.907Z,来源名Apache PDFBox；独立转售用途未获支持，不能推定品牌回购,未取得无关独立买家用途证据；源品牌不是购买意向,未做逐名权利净空；品牌门是投资证据约束,False,,中外公司及品牌扩扫,https://regery.com/en/bulksearch,,,,,,
3538,apachepulsar.si,,18,仅历史可注册证据（需重查）,,2026-09-30T17:26:52.907Z,来源名Apache Pulsar；独立转售用途未获支持，不能推定品牌回购,未取得无关独立买家用途证据；源品牌不是购买意向,未做逐名权利净空；品牌门是投资证据约束,False,,中外公司及品牌扩扫,https://regery.com/en/bulksearch,,,,,,
3539,apachesolr.si,,18,仅历史可注册证据（需重查）,,2026-09-30T17:26:52.907Z,来源名Apache Solr；独立转售用途未获支持，不能推定品牌回购,未取得无关独立买家用途证据；源品牌不是购买意向,未做逐名权利净空；品牌门是投资证据约束,False,,中外公司及品牌扩扫,https://regery.com/en/bulksearch,,,,,,
3540,apachespark.si,,18,仅历史可注册证据（需重查）,,2026-09-30T17:26:52.907Z,来源名Apache Spark；独立转售用途未获支持，不能推定品牌回购,未取得无关独立买家用途证据；源品牌不是购买意向,未做逐名权利净空；品牌门是投资证据约束,False,,中外公司及品牌扩扫,https://regery.com/en/bulksearch,,,,,,
3541,apachestorm.si,,18,仅历史可注册证据（需重查）,,2026-09-30T17:26:52.907Z,来源名Apache Storm；独立转售用途未获支持，不能推定品牌回购,未取得无关独立买家用途证据；源品牌不是购买意向,未做逐名权利净空；品牌门是投资证据约束,False,,中外公司及品牌扩扫,https://regery.com/en/bulksearch,,,,,,
3542,apachetomcat.si,,18,仅历史可注册证据（需重查）,,2026-09-30T17:26:52.907Z,来源名Apache Tomcat；独立转售用途未获支持，不能推定品牌回购,未取得无关独立买家用途证据；源品牌不是购买意向,未做逐名权利净空；品牌门是投资证据约束,False,,中外公司及品牌扩扫,https://regery.com/en/bulksearch,,,,,,
3543,apmterminals.si,,18,仅历史可注册证据（需重查）,,2026-09-30T17:26:52.907Z,来源名APM Terminals；独立转售用途未获支持，不能推定品牌回购,未取得无关独立买家用途证据；源品牌不是购买意向,未做逐名权利净空；品牌门是投资证据约束,False,,中外公司及品牌扩扫,https://regery.com/en/bulksearch,,,,,,
3544,appgallery.si,,18,仅历史可注册证据（需重查）,,2026-09-30T17:26:52.907Z,来源名AppGallery；独立转售用途未获支持，不能推定品牌回购,未取得无关独立买家用途证据；源品牌不是购买意向,未做逐名权利净空；品牌门是投资证据约束,False,,中外公司及品牌扩扫,https://regery.com/en/bulksearch,,,,,,
3545,appmanager.si,,18,仅历史可注册证据（需重查）,,2026-09-30T17:26:52.907Z,来源名AppManager；独立转售用途未获支持，不能推定品牌回购,未取得无关独立买家用途证据；源品牌不是购买意向,未做逐名权利净空；品牌门是投资证据约束,False,,中外公司及品牌扩扫,https://regery.com/en/bulksearch,,,,,,
3546,arkecosystem.si,,18,仅历史可注册证据（需重查）,,2026-09-30T17:26:52.907Z,来源名ARK Ecosystem；独立转售用途未获支持，不能推定品牌回购,未取得无关独立买家用途证据；源品牌不是购买意向,未做逐名权利净空；品牌门是投资证据约束,False,,中外公司及品牌扩扫,https://regery.com/en/bulksearch,,,,,,
3547,arstechnica.si,,18,仅历史可注册证据（需重查）,,2026-09-30T17:27:13.533Z,来源名Ars Technica；独立转售用途未获支持，不能推定品牌回购,未取得无关独立买家用途证据；源品牌不是购买意向,未做逐名权利净空；品牌门是投资证据约束,False,,中外公司及品牌扩扫,https://regery.com/en/bulksearch,,,,,,
3548,artifacthub.si,,18,仅历史可注册证据（需重查）,,2026-09-30T17:27:13.533Z,来源名Artifact Hub；独立转售用途未获支持，不能推定品牌回购,未取得无关独立买家用途证据；源品牌不是购买意向,未做逐名权利净空；品牌门是投资证据约束,False,,中外公司及品牌扩扫,https://regery.com/en/bulksearch,,,,,,
3549,artixlinux.si,,18,仅历史可注册证据（需重查）,,2026-09-30T17:27:13.533Z,来源名Artix Linux；独立转售用途未获支持，不能推定品牌回购,未取得无关独立买家用途证据；源品牌不是购买意向,未做逐名权利净空；品牌门是投资证据约束,False,,中外公司及品牌扩扫,https://regery.com/en/bulksearch,,,,,,
3550,artstation.si,,18,仅历史可注册证据（需重查）,,2026-09-30T17:27:13.533Z,来源名ArtStation；独立转售用途未获支持，不能推定品牌回购,未取得无关独立买家用途证据；源品牌不是购买意向,未做逐名权利净空；品牌门是投资证据约束,False,,中外公司及品牌扩扫,https://regery.com/en/bulksearch,,,,,,
3551,asahilinux.si,,18,仅历史可注册证据（需重查）,,2026-09-30T17:27:13.533Z,来源名Asahi Linux；独立转售用途未获支持，不能推定品牌回购,未取得无关独立买家用途证据；源品牌不是购买意向,未做逐名权利净空；品牌门是投资证据约束,False,,中外公司及品牌扩扫,https://regery.com/en/bulksearch,,,,,,
3552,asciidoctor.si,,18,仅历史可注册证据（需重查）,,2026-09-30T17:27:13.533Z,来源名Asciidoctor；独立转售用途未获支持，不能推定品牌回购,未取得无关独立买家用途证据；源品牌不是购买意向,未做逐名权利净空；品牌门是投资证据约束,False,,中外公司及品牌扩扫,https://regery.com/en/bulksearch,,,,,,
3553,astonmartin.si,,18,仅历史可注册证据（需重查）,,2026-09-30T17:27:13.533Z,来源名Aston Martin；独立转售用途未获支持，不能推定品牌回购,未取得无关独立买家用途证据；源品牌不是购买意向,未做逐名权利净空；品牌门是投资证据约束,False,,中外公司及品牌扩扫,https://regery.com/en/bulksearch,,,,,,
3554,autentique.si,,18,仅历史可注册证据（需重查）,,2026-09-30T17:27:13.533Z,来源名Autentique；独立转售用途未获支持，不能推定品牌回购,未取得无关独立买家用途证据；源品牌不是购买意向,未做逐名权利净空；品牌门是投资证据约束,False,,中外公司及品牌扩扫,https://regery.com/en/bulksearch,,,,,,
3555,autodeskmaya.si,,18,仅历史可注册证据（需重查）,,2026-09-30T17:27:13.533Z,来源名Autodesk Maya；独立转售用途未获支持，不能推定品牌回购,未取得无关独立买家用途证据；源品牌不是购买意向,未做逐名权利净空；品牌门是投资证据约束,False,,中外公司及品牌扩扫,https://regery.com/en/bulksearch,,,,,,
3556,autohotkey.si,,18,仅历史可注册证据（需重查）,,2026-09-30T17:27:13.533Z,来源名AutoHotkey；独立转售用途未获支持，不能推定品牌回购,未取得无关独立买家用途证据；源品牌不是购买意向,未做逐名权利净空；品牌门是投资证据约束,False,,中外公司及品牌扩扫,https://regery.com/en/bulksearch,,,,,,
3557,autoprefixer.si,,18,仅历史可注册证据（需重查）,,2026-09-30T17:27:13.533Z,来源名Autoprefixer；独立转售用途未获支持，不能推定品牌回购,未取得无关独立买家用途证据；源品牌不是购买意向,未做逐名权利净空；品牌门是投资证据约束,False,,中外公司及品牌扩扫,https://regery.com/en/bulksearch,,,,,,
3558,avaloniaui.si,,18,仅历史可注册证据（需重查）,,2026-09-30T17:27:13.533Z,来源名AvaloniaUI；独立转售用途未获支持，不能推定品牌回购,未取得无关独立买家用途证据；源品牌不是购买意向,未做逐名权利净空；品牌门是投资证据约束,False,,中外公司及品牌扩扫,https://regery.com/en/bulksearch,,,,,,
3559,awesomelists.si,,18,仅历史可注册证据（需重查）,,2026-09-30T17:27:13.533Z,来源名Awesome Lists；独立转售用途未获支持，不能推定品牌回购,未取得无关独立买家用途证据；源品牌不是购买意向,未做逐名权利净空；品牌门是投资证据约束,False,,中外公司及品牌扩扫,https://regery.com/en/bulksearch,,,,,,
3560,backbonejs.si,,18,仅历史可注册证据（需重查）,,2026-09-30T17:27:13.533Z,来源名Backbone.js；独立转售用途未获支持，不能推定品牌回购,未取得无关独立买家用途证据；源品牌不是购买意向,未做逐名权利净空；品牌门是投资证据约束,False,,中外公司及品牌扩扫,https://regery.com/en/bulksearch,,,,,,
3561,backendless.si,,18,仅历史可注册证据（需重查）,,2026-09-30T17:27:13.533Z,来源名Backendless；独立转售用途未获支持，不能推定品牌回购,未取得无关独立买家用途证据；源品牌不是购买意向,未做逐名权利净空；品牌门是投资证据约束,False,,中外公司及品牌扩扫,https://regery.com/en/bulksearch,,,,,,
3562,bandsintown.si,,18,仅历史可注册证据（需重查）,,2026-09-30T17:27:42.109Z,来源名Bandsintown；独立转售用途未获支持，不能推定品牌回购,未取得无关独立买家用途证据；源品牌不是购买意向,未做逐名权利净空；品牌门是投资证据约束,False,,中外公司及品牌扩扫,https://regery.com/en/bulksearch,,,,,,
3563,baremetrics.si,,18,仅历史可注册证据（需重查）,,2026-09-30T17:27:42.109Z,来源名Baremetrics；独立转售用途未获支持，不能推定品牌回购,未取得无关独立买家用途证据；源品牌不是购买意向,未做逐名权利净空；品牌门是投资证据约束,False,,中外公司及品牌扩扫,https://regery.com/en/bulksearch,,,,,,
3564,beatsbydre.si,,18,仅历史可注册证据（需重查）,,2026-09-30T17:27:42.109Z,来源名Beats by Dre；独立转售用途未获支持，不能推定品牌回购,未取得无关独立买家用途证据；源品牌不是购买意向,未做逐名权利净空；品牌门是投资证据约束,False,,中外公司及品牌扩扫,https://regery.com/en/bulksearch,,,,,,
3565,betterauth.si,,18,仅历史可注册证据（需重查）,,2026-09-30T17:27:42.109Z,来源名Better Auth；独立转售用途未获支持，不能推定品牌回购,未取得无关独立买家用途证据；源品牌不是购买意向,未做逐名权利净空；品牌门是投资证据约束,False,,中外公司及品牌扩扫,https://regery.com/en/bulksearch,,,,,,
3566,betterstack.si,,18,仅历史可注册证据（需重查）,,2026-09-30T17:27:42.109Z,来源名Better Stack；独立转售用途未获支持，不能推定品牌回购,未取得无关独立买家用途证据；源品牌不是购买意向,未做逐名权利净空；品牌门是投资证据约束,False,,中外公司及品牌扩扫,https://regery.com/en/bulksearch,,,,,,
3567,bioconductor.si,,18,仅历史可注册证据（需重查）,,2026-09-30T17:27:42.109Z,来源名Bioconductor；独立转售用途未获支持，不能推定品牌回购,未取得无关独立买家用途证据；源品牌不是购买意向,未做逐名权利净空；品牌门是投资证据约束,False,,中外公司及品牌扩扫,https://regery.com/en/bulksearch,,,,,,
3568,bittorrent.si,,18,仅历史可注册证据（需重查）,,2026-09-30T17:27:42.109Z,来源名BitTorrent；独立转售用途未获支持，不能推定品牌回购,未取得无关独立买家用途证据；源品牌不是购买意向,未做逐名权利净空；品牌门是投资证据约束,False,,中外公司及品牌扩扫,https://regery.com/en/bulksearch,,,,,,
3569,blazemeter.si,,18,仅历史可注册证据（需重查）,,2026-09-30T17:27:42.109Z,来源名Blazemeter；独立转售用途未获支持，不能推定品牌回购,未取得无关独立买家用途证据；源品牌不是购买意向,未做逐名权利净空；品牌门是投资证据约束,False,,中外公司及品牌扩扫,https://regery.com/en/bulksearch,,,,,,
3570,blockbench.si,,18,仅历史可注册证据（需重查）,,2026-09-30T17:27:42.109Z,来源名Blockbench；独立转售用途未获支持，不能推定品牌回购,未取得无关独立买家用途证据；源品牌不是购买意向,未做逐名权利净空；品牌门是投资证据约束,False,,中外公司及品牌扩扫,https://regery.com/en/bulksearch,,,,,,
3571,bmcsoftware.si,,18,仅历史可注册证据（需重查）,,2026-09-30T17:27:42.109Z,来源名BMC Software；独立转售用途未获支持，不能推定品牌回购,未取得无关独立买家用途证据；源品牌不是购买意向,未做逐名权利净空；品牌门是投资证据约束,False,,中外公司及品牌扩扫,https://regery.com/en/bulksearch,,,,,,
3572,borgbackup.si,,18,仅历史可注册证据（需重查）,,2026-09-30T17:28:07.849Z,来源名BorgBackup；独立转售用途未获支持，不能推定品牌回购,未取得无关独立买家用途证据；源品牌不是购买意向,未做逐名权利净空；品牌门是投资证据约束,False,,中外公司及品牌扩扫,https://regery.com/en/bulksearch,,,,,,
3573,brandfetch.si,,18,仅历史可注册证据（需重查）,,2026-09-30T17:28:07.849Z,来源名Brandfetch；独立转售用途未获支持，不能推定品牌回购,未取得无关独立买家用途证据；源品牌不是购买意向,未做逐名权利净空；品牌门是投资证据约束,False,,中外公司及品牌扩扫,https://regery.com/en/bulksearch,,,,,,
3574,brandfolder.si,,18,仅历史可注册证据（需重查）,,2026-09-30T17:28:07.849Z,来源名Brandfolder；独立转售用途未获支持，不能推定品牌回购,未取得无关独立买家用途证据；源品牌不是购买意向,未做逐名权利净空；品牌门是投资证据约束,False,,中外公司及品牌扩扫,https://regery.com/en/bulksearch,,,,,,
3575,builtbybit.si,,18,仅历史可注册证据（需重查）,,2026-09-30T17:28:07.849Z,来源名BuiltByBit；独立转售用途未获支持，不能推定品牌回购,未取得无关独立买家用途证据；源品牌不是购买意向,未做逐名权利净空；品牌门是投资证据约束,False,,中外公司及品牌扩扫,https://regery.com/en/bulksearch,,,,,,
3576,buymeacoffee.si,,18,仅历史可注册证据（需重查）,,2026-09-30T17:28:07.849Z,来源名Buy Me A Coffee；独立转售用途未获支持，不能推定品牌回购,未取得无关独立买家用途证据；源品牌不是购买意向,未做逐名权利净空；品牌门是投资证据约束,False,,中外公司及品牌扩扫,https://regery.com/en/bulksearch,,,,,,
3577,buysellads.si,,18,仅历史可注册证据（需重查）,,2026-09-30T17:28:07.849Z,来源名BuySellAds；独立转售用途未获支持，不能推定品牌回购,未取得无关独立买家用途证据；源品牌不是购买意向,未做逐名权利净空；品牌门是投资证据约束,False,,中外公司及品牌扩扫,https://regery.com/en/bulksearch,,,,,,
3578,cairometro.si,,18,仅历史可注册证据（需重查）,,2026-09-30T17:28:07.849Z,来源名Cairo Metro；独立转售用途未获支持，不能推定品牌回购,未取得无关独立买家用途证据；源品牌不是购买意向,未做逐名权利净空；品牌门是投资证据约束,False,,中外公司及品牌扩扫,https://regery.com/en/bulksearch,,,,,,
3579,calibreweb.si,,18,仅历史可注册证据（需重查）,,2026-09-30T17:28:07.849Z,来源名Calibre-Web；独立转售用途未获支持，不能推定品牌回购,未取得无关独立买家用途证据；源品牌不是购买意向,未做逐名权利净空；品牌门是投资证据约束,False,,中外公司及品牌扩扫,https://regery.com/en/bulksearch,,,,,,
3580,carthrottle.si,,18,仅历史可注册证据（需重查）,,2026-09-30T17:28:07.849Z,来源名Car Throttle；独立转售用途未获支持，不能推定品牌回购,未取得无关独立买家用途证据；源品牌不是购买意向,未做逐名权利净空；品牌门是投资证据约束,False,,中外公司及品牌扩扫,https://regery.com/en/bulksearch,,,,,,
3581,cardmarket.si,,18,仅历史可注册证据（需重查）,,2026-09-30T17:28:07.849Z,来源名Cardmarket；独立转售用途未获支持，不能推定品牌回购,未取得无关独立买家用途证据；源品牌不是购买意向,未做逐名权利净空；品牌门是投资证据约束,False,,中外公司及品牌扩扫,https://regery.com/en/bulksearch,,,,,,
3582,chartmogul.si,,18,仅历史可注册证据（需重查）,,2026-09-30T17:28:34.636Z,来源名ChartMogul；独立转售用途未获支持，不能推定品牌回购,未取得无关独立买家用途证据；源品牌不是购买意向,未做逐名权利净空；品牌门是投资证据约束,False,,中外公司及品牌扩扫,https://regery.com/en/bulksearch,,,,,,
3583,chianetwork.si,,18,仅历史可注册证据（需重查）,,2026-09-30T17:28:34.636Z,来源名Chia Network；独立转售用途未获支持，不能推定品牌回购,未取得无关独立买家用途证据；源品牌不是购买意向,未做逐名权利净空；品牌门是投资证据约束,False,,中外公司及品牌扩扫,https://regery.com/en/bulksearch,,,,,,
3584,chinarailway.si,,18,仅历史可注册证据（需重查）,,2026-09-30T17:28:34.636Z,来源名China Railway；独立转售用途未获支持，不能推定品牌回购,未取得无关独立买家用途证据；源品牌不是购买意向,未做逐名权利净空；品牌门是投资证据约束,False,,中外公司及品牌扩扫,https://regery.com/en/bulksearch,,,,,,
3585,chocolatey.si,,18,仅历史可注册证据（需重查）,,2026-09-30T17:28:34.636Z,来源名Chocolatey；独立转售用途未获支持，不能推定品牌回购,未取得无关独立买家用途证据；源品牌不是购买意向,未做逐名权利净空；品牌门是投资证据约束,False,,中外公司及品牌扩扫,https://regery.com/en/bulksearch,,,,,,
3586,circuitverse.si,,18,仅历史可注册证据（需重查）,,2026-09-30T17:28:34.636Z,来源名CircuitVerse；独立转售用途未获支持，不能推定品牌回购,未取得无关独立买家用途证据；源品牌不是购买意向,未做逐名权利净空；品牌门是投资证据约束,False,,中外公司及品牌扩扫,https://regery.com/en/bulksearch,,,,,,
3587,clevercloud.si,,18,仅历史可注册证据（需重查）,,2026-09-30T17:28:34.636Z,来源名Clever Cloud；独立转售用途未获支持，不能推定品牌回购,未取得无关独立买家用途证据；源品牌不是购买意向,未做逐名权利净空；品牌门是投资证据约束,False,,中外公司及品牌扩扫,https://regery.com/en/bulksearch,,,,,,
3588,cloudfoundry.si,,18,仅历史可注册证据（需重查）,,2026-09-30T17:28:34.636Z,来源名Cloud Foundry；独立转售用途未获支持，不能推定品牌回购,未取得无关独立买家用途证据；源品牌不是购买意向,未做逐名权利净空；品牌门是投资证据约束,False,,中外公司及品牌扩扫,https://regery.com/en/bulksearch,,,,,,
3589,cloudcannon.si,,18,仅历史可注册证据（需重查）,,2026-09-30T17:28:34.636Z,来源名CloudCannon；独立转售用途未获支持，不能推定品牌回购,未取得无关独立买家用途证据；源品牌不是购买意向,未做逐名权利净空；品牌门是投资证据约束,False,,中外公司及品牌扩扫,https://regery.com/en/bulksearch,,,,,,
3590,cloudsmith.si,,18,仅历史可注册证据（需重查）,,2026-09-30T17:29:01.568Z,来源名Cloudsmith；独立转售用途未获支持，不能推定品牌回购,未取得无关独立买家用途证据；源品牌不是购买意向,未做逐名权利净空；品牌门是投资证据约束,False,,中外公司及品牌扩扫,https://regery.com/en/bulksearch,,,,,,
3591,codeclimate.si,,18,仅历史可注册证据（需重查）,,2026-09-30T17:29:01.568Z,来源名Code Climate；独立转售用途未获支持，不能推定品牌回购,未取得无关独立买家用途证据；源品牌不是购买意向,未做逐名权利净空；品牌门是投资证据约束,False,,中外公司及品牌扩扫,https://regery.com/en/bulksearch,,,,,,
3592,codeblocks.si,,18,仅历史可注册证据（需重查）,,2026-09-30T17:29:01.568Z,来源名Code::Blocks；独立转售用途未获支持，不能推定品牌回购,未取得无关独立买家用途证据；源品牌不是购买意向,未做逐名权利净空；品牌门是投资证据约束,False,,中外公司及品牌扩扫,https://regery.com/en/bulksearch,,,,,,
3593,codecademy.si,,18,仅历史可注册证据（需重查）,,2026-09-30T17:29:01.568Z,来源名Codecademy；独立转售用途未获支持，不能推定品牌回购,未取得无关独立买家用途证据；源品牌不是购买意向,未做逐名权利净空；品牌门是投资证据约束,False,,中外公司及品牌扩扫,https://regery.com/en/bulksearch,,,,,,
3594,codeceptjs.si,,18,仅历史可注册证据（需重查）,,2026-09-30T17:29:01.568Z,来源名CodeceptJS；独立转售用途未获支持，不能推定品牌回购,未取得无关独立买家用途证据；源品牌不是购买意向,未做逐名权利净空；品牌门是投资证据约束,False,,中外公司及品牌扩扫,https://regery.com/en/bulksearch,,,,,,
3595,codecrafters.si,,18,仅历史可注册证据（需重查）,,2026-09-30T17:29:01.568Z,来源名CodeCrafters；独立转售用途未获支持，不能推定品牌回购,未取得无关独立买家用途证据；源品牌不是购买意向,未做逐名权利净空；品牌门是投资证据约束,False,,中外公司及品牌扩扫,https://regery.com/en/bulksearch,,,,,,
3596,codefactor.si,,18,仅历史可注册证据（需重查）,,2026-09-30T17:29:01.568Z,来源名CodeFactor；独立转售用途未获支持，不能推定品牌回购,未取得无关独立买家用途证据；源品牌不是购买意向,未做逐名权利净空；品牌门是投资证据约束,False,,中外公司及品牌扩扫,https://regery.com/en/bulksearch,,,,,,
3597,codeforces.si,,18,仅历史可注册证据（需重查）,,2026-09-30T17:29:01.568Z,来源名Codeforces；独立转售用途未获支持，不能推定品牌回购,未取得无关独立买家用途证据；源品牌不是购买意向,未做逐名权利净空；品牌门是投资证据约束,False,,中外公司及品牌扩扫,https://regery.com/en/bulksearch,,,,,,
3598,codeigniter.si,,18,仅历史可注册证据（需重查）,,2026-09-30T17:29:01.568Z,来源名CodeIgniter；独立转售用途未获支持，不能推定品牌回购,未取得无关独立买家用途证据；源品牌不是购买意向,未做逐名权利净空；品牌门是投资证据约束,False,,中外公司及品牌扩扫,https://regery.com/en/bulksearch,,,,,,
3599,codementor.si,,18,仅历史可注册证据（需重查）,,2026-09-30T17:29:01.568Z,来源名Codementor；独立转售用途未获支持，不能推定品牌回购,未取得无关独立买家用途证据；源品牌不是购买意向,未做逐名权利净空；品牌门是投资证据约束,False,,中外公司及品牌扩扫,https://regery.com/en/bulksearch,,,,,,
3600,codemirror.si,,18,仅历史可注册证据（需重查）,,2026-09-30T17:29:01.568Z,来源名CodeMirror；独立转售用途未获支持，不能推定品牌回购,未取得无关独立买家用途证据；源品牌不是购买意向,未做逐名权利净空；品牌门是投资证据约束,False,,中外公司及品牌扩扫,https://regery.com/en/bulksearch,,,,,,
3601,codenewbie.si,,18,仅历史可注册证据（需重查）,,2026-09-30T17:29:01.568Z,来源名CodeNewbie；独立转售用途未获支持，不能推定品牌回购,未取得无关独立买家用途证据；源品牌不是购买意向,未做逐名权利净空；品牌门是投资证据约束,False,,中外公司及品牌扩扫,https://regery.com/en/bulksearch,,,,,,
3602,codeproject.si,,18,仅历史可注册证据（需重查）,,2026-09-30T17:29:01.568Z,来源名CodeProject；独立转售用途未获支持，不能推定品牌回购,未取得无关独立买家用途证据；源品牌不是购买意向,未做逐名权利净空；品牌门是投资证据约束,False,,中外公司及品牌扩扫,https://regery.com/en/bulksearch,,,,,,
3603,codersrank.si,,18,仅历史可注册证据（需重查）,,2026-09-30T17:29:01.568Z,来源名CodersRank；独立转售用途未获支持，不能推定品牌回购,未取得无关独立买家用途证据；源品牌不是购买意向,未做逐名权利净空；品牌门是投资证据约束,False,,中外公司及品牌扩扫,https://regery.com/en/bulksearch,,,,,,
3604,codesandbox.si,,18,仅历史可注册证据（需重查）,,2026-09-30T17:29:01.568Z,来源名CodeSandbox；独立转售用途未获支持，不能推定品牌回购,未取得无关独立买家用途证据；源品牌不是购买意向,未做逐名权利净空；品牌门是投资证据约束,False,,中外公司及品牌扩扫,https://regery.com/en/bulksearch,,,,,,
3605,codesignal.si,,18,仅历史可注册证据（需重查）,,2026-09-30T17:29:01.568Z,来源名CodeSignal；独立转售用途未获支持，不能推定品牌回购,未取得无关独立买家用途证据；源品牌不是购买意向,未做逐名权利净空；品牌门是投资证据约束,False,,中外公司及品牌扩扫,https://regery.com/en/bulksearch,,,,,,
3606,codestream.si,,18,仅历史可注册证据（需重查）,,2026-09-30T17:29:01.568Z,来源名CodeStream；独立转售用途未获支持，不能推定品牌回购,未取得无关独立买家用途证据；源品牌不是购买意向,未做逐名权利净空；品牌门是投资证据约束,False,,中外公司及品牌扩扫,https://regery.com/en/bulksearch,,,,,,
3607,codingninjas.si,,18,仅历史可注册证据（需重查）,,2026-09-30T17:29:01.568Z,来源名Coding Ninjas；独立转售用途未获支持，不能推定品牌回购,未取得无关独立买家用途证据；源品牌不是购买意向,未做逐名权利净空；品牌门是投资证据约束,False,,中外公司及品牌扩扫,https://regery.com/en/bulksearch,,,,,,
3608,coffeescript.si,,18,仅历史可注册证据（需重查）,,2026-09-30T17:29:01.568Z,来源名CoffeeScript；独立转售用途未获支持，不能推定品牌回购,未取得无关独立买家用途证据；源品牌不是购买意向,未做逐名权利净空；品牌门是投资证据约束,False,,中外公司及品牌扩扫,https://regery.com/en/bulksearch,,,,,,
3609,commerzbank.si,,18,仅历史可注册证据（需重查）,,2026-09-30T17:29:01.568Z,来源名Commerzbank；独立转售用途未获支持，不能推定品牌回购,未取得无关独立买家用途证据；源品牌不是购买意向,未做逐名权利净空；品牌门是投资证据约束,False,,中外公司及品牌扩扫,https://regery.com/en/bulksearch,,,,,,
3610,commitlint.si,,18,仅历史可注册证据（需重查）,,2026-09-30T17:29:01.568Z,来源名commitlint；独立转售用途未获支持，不能推定品牌回购,未取得无关独立买家用途证据；源品牌不是购买意向,未做逐名权利净空；品牌门是投资证据约束,False,,中外公司及品牌扩扫,https://regery.com/en/bulksearch,,,,,,
3611,condaforge.si,,18,仅历史可注册证据（需重查）,,2026-09-30T17:29:22.732Z,来源名Conda-Forge；独立转售用途未获支持，不能推定品牌回购,未取得无关独立买家用途证据；源品牌不是购买意向,未做逐名权利净空；品牌门是投资证据约束,False,,中外公司及品牌扩扫,https://regery.com/en/bulksearch,,,,,,
3612,containerd.si,,18,仅历史可注册证据（需重查）,,2026-09-30T17:29:22.732Z,来源名containerd；独立转售用途未获支持，不能推定品牌回购,未取得无关独立买家用途证据；源品牌不是购买意向,未做逐名权利净空；品牌门是投资证据约束,False,,中外公司及品牌扩扫,https://regery.com/en/bulksearch,,,,,,
3613,contentstack.si,,18,仅历史可注册证据（需重查）,,2026-09-30T17:29:22.732Z,来源名Contentstack；独立转售用途未获支持，不能推定品牌回购,未取得无关独立买家用途证据；源品牌不是购买意向,未做逐名权利净空；品牌门是投资证据约束,False,,中外公司及品牌扩扫,https://regery.com/en/bulksearch,,,,,,
3614,continente.si,,18,仅历史可注册证据（需重查）,,2026-09-30T17:29:22.732Z,来源名Continente；独立转售用途未获支持，不能推定品牌回购,未取得无关独立买家用途证据；源品牌不是购买意向,未做逐名权利净空；品牌门是投资证据约束,False,,中外公司及品牌扩扫,https://regery.com/en/bulksearch,,,,,,
3615,copaairlines.si,,18,仅历史可注册证据（需重查）,,2026-09-30T17:29:22.732Z,来源名Copa Airlines；独立转售用途未获支持，不能推定品牌回购,未取得无关独立买家用途证据；源品牌不是购买意向,未做逐名权利净空；品牌门是投资证据约束,False,,中外公司及品牌扩扫,https://regery.com/en/bulksearch,,,,,,
3616,coronaengine.si,,18,仅历史可注册证据（需重查）,,2026-09-30T17:29:22.732Z,来源名Corona Engine；独立转售用途未获支持，不能推定品牌回购,未取得无关独立买家用途证据；源品牌不是购买意向,未做逐名权利净空；品牌门是投资证据约束,False,,中外公司及品牌扩扫,https://regery.com/en/bulksearch,,,,,,
3617,crewunited.si,,18,仅历史可注册证据（需重查）,,2026-09-30T17:29:22.732Z,来源名Crew United；独立转售用途未获支持，不能推定品牌回购,未取得无关独立买家用途证据；源品牌不是购买意向,未做逐名权利净空；品牌门是投资证据约束,False,,中外公司及品牌扩扫,https://regery.com/en/bulksearch,,,,,,
3618,criticalrole.si,,18,仅历史可注册证据（需重查）,,2026-09-30T17:29:22.732Z,来源名Critical Role；独立转售用途未获支持，不能推定品牌回购,未取得无关独立买家用途证据；源品牌不是购买意向,未做逐名权利净空；品牌门是投资证据约束,False,,中外公司及品牌扩扫,https://regery.com/en/bulksearch,,,,,,
3619,crunchyroll.si,,18,仅历史可注册证据（需重查）,,2026-09-30T17:29:22.732Z,来源名Crunchyroll；独立转售用途未获支持，不能推定品牌回购,未取得无关独立买家用途证据；源品牌不是购买意向,未做逐名权利净空；品牌门是投资证据约束,False,,中外公司及品牌扩扫,https://regery.com/en/bulksearch,,,,,,
3620,cryptomator.si,,18,仅历史可注册证据（需重查）,,2026-09-30T17:29:22.732Z,来源名Cryptomator；独立转售用途未获支持，不能推定品牌回购,未取得无关独立买家用途证据；源品牌不是购买意向,未做逐名权利净空；品牌门是投资证据约束,False,,中外公司及品牌扩扫,https://regery.com/en/bulksearch,,,,,,
3621,csswizardry.si,,18,仅历史可注册证据（需重查）,,2026-09-30T17:29:49.585Z,来源名CSS Wizardry；独立转售用途未获支持，不能推定品牌回购,未取得无关独立买家用途证据；源品牌不是购买意向,未做逐名权利净空；品牌门是投资证据约束,False,,中外公司及品牌扩扫,https://regery.com/en/bulksearch,,,,,,
3622,curseforge.si,,18,仅历史可注册证据（需重查）,,2026-09-30T17:29:49.585Z,来源名CurseForge；独立转售用途未获支持，不能推定品牌回购,未取得无关独立买家用途证据；源品牌不是购买意向,未做逐名权利净空；品牌门是投资证据约束,False,,中外公司及品牌扩扫,https://regery.com/en/bulksearch,,,,,,
3623,cytoscapejs.si,,18,仅历史可注册证据（需重查）,,2026-09-30T17:29:49.585Z,来源名Cytoscape.js；独立转售用途未获支持，不能推定品牌回购,未取得无关独立买家用途证据；源品牌不是购买意向,未做逐名权利净空；品牌门是投资证据约束,False,,中外公司及品牌扩扫,https://regery.com/en/bulksearch,,,,,,
3624,dwavesystems.si,,18,仅历史可注册证据（需重查）,,2026-09-30T17:29:49.585Z,来源名D-Wave Systems；独立转售用途未获支持，不能推定品牌回购,未取得无关独立买家用途证据；源品牌不是购买意向,未做逐名权利净空；品牌门是投资证据约束,False,,中外公司及品牌扩扫,https://regery.com/en/bulksearch,,,,,,
3625,dailymotion.si,,18,仅历史可注册证据（需重查）,,2026-09-30T17:29:49.585Z,来源名Dailymotion；独立转售用途未获支持，不能推定品牌回购,未取得无关独立买家用途证据；源品牌不是购买意向,未做逐名权利净空；品牌门是投资证据约束,False,,中外公司及品牌扩扫,https://regery.com/en/bulksearch,,,,,,
3626,darkreader.si,,18,仅历史可注册证据（需重查）,,2026-09-30T17:29:49.585Z,来源名Dark Reader；独立转售用途未获支持，不能推定品牌回购,未取得无关独立买家用途证据；源品牌不是购买意向,未做逐名权利净空；品牌门是投资证据约束,False,,中外公司及品牌扩扫,https://regery.com/en/bulksearch,,,,,,
3627,debridlink.si,,18,仅历史可注册证据（需重查）,,2026-09-30T17:29:49.585Z,来源名Debrid-Link；独立转售用途未获支持，不能推定品牌回购,未取得无关独立买家用途证据；源品牌不是购买意向,未做逐名权利净空；品牌门是投资证据约束,False,,中外公司及品牌扩扫,https://regery.com/en/bulksearch,,,,,,
3628,denodeploy.si,,18,仅历史可注册证据（需重查）,,2026-09-30T17:29:49.585Z,来源名Deno Deploy；独立转售用途未获支持，不能推定品牌回购,未取得无关独立买家用途证据；源品牌不是购买意向,未做逐名权利净空；品牌门是投资证据约束,False,,中外公司及品牌扩扫,https://regery.com/en/bulksearch,,,,,,
3629,dependabot.si,,18,仅历史可注册证据（需重查）,,2026-09-30T17:29:49.585Z,来源名Dependabot；独立转售用途未获支持，不能推定品牌回购,未取得无关独立买家用途证据；源品牌不是购买意向,未做逐名权利净空；品牌门是投资证据约束,False,,中外公司及品牌扩扫,https://regery.com/en/bulksearch,,,,,,
3630,derspiegel.si,,18,仅历史可注册证据（需重查）,,2026-09-30T17:29:49.585Z,来源名Der Spiegel；独立转售用途未获支持，不能推定品牌回购,未取得无关独立买家用途证据；源品牌不是购买意向,未做逐名权利净空；品牌门是投资证据约束,False,,中外公司及品牌扩扫,https://regery.com/en/bulksearch,,,,,,
3631,deutschebank.si,,18,仅历史可注册证据（需重查）,,2026-09-30T17:29:49.585Z,来源名Deutsche Bank；独立转售用途未获支持，不能推定品牌回购,未取得无关独立买家用途证据；源品牌不是购买意向,未做逐名权利净空；品牌门是投资证据约束,False,,中外公司及品牌扩扫,https://regery.com/en/bulksearch,,,,,,
3632,devexpress.si,,18,仅历史可注册证据（需重查）,,2026-09-30T17:30:21.419Z,来源名DevExpress；独立转售用途未获支持，不能推定品牌回购,未取得无关独立买家用途证据；源品牌不是购买意向,未做逐名权利净空；品牌门是投资证据约束,False,,中外公司及品牌扩扫,https://regery.com/en/bulksearch,,,,,,
3633,deviantart.si,,18,仅历史可注册证据（需重查）,,2026-09-30T17:30:21.419Z,来源名DeviantArt；独立转售用途未获支持，不能推定品牌回购,未取得无关独立买家用途证据；源品牌不是购买意向,未做逐名权利净空；品牌门是投资证据约束,False,,中外公司及品牌扩扫,https://regery.com/en/bulksearch,,,,,,
3634,diagramsnet.si,,18,仅历史可注册证据（需重查）,,2026-09-30T17:30:21.419Z,来源名diagrams.net；独立转售用途未获支持，不能推定品牌回购,未取得无关独立买家用途证据；源品牌不是购买意向,未做逐名权利净空；品牌门是投资证据约束,False,,中外公司及品牌扩扫,https://regery.com/en/bulksearch,,,,,,
3635,dialogflow.si,,18,仅历史可注册证据（需重查）,,2026-09-30T17:30:21.419Z,来源名Dialogflow；独立转售用途未获支持，不能推定品牌回购,未取得无关独立买家用途证据；源品牌不是购买意向,未做逐名权利净空；品牌门是投资证据约束,False,,中外公司及品牌扩扫,https://regery.com/en/bulksearch,,,,,,
3636,docusaurus.si,,18,仅历史可注册证据（需重查）,,2026-09-30T17:30:21.419Z,来源名Docusaurus；独立转售用途未获支持，不能推定品牌回购,未取得无关独立买家用途证据；源品牌不是购买意向,未做逐名权利净空；品牌门是投资证据约束,False,,中外公司及品牌扩扫,https://regery.com/en/bulksearch,,,,,,
3637,dodopayments.si,,18,仅历史可注册证据（需重查）,,2026-09-30T17:30:21.419Z,来源名Dodo Payments；独立转售用途未获支持，不能推定品牌回购,未取得无关独立买家用途证据；源品牌不是购买意向,未做逐名权利净空；品牌门是投资证据约束,False,,中外公司及品牌扩扫,https://regery.com/en/bulksearch,,,,,,
3638,doubanread.si,,18,仅历史可注册证据（需重查）,,2026-09-30T17:30:21.419Z,来源名Douban Read；独立转售用途未获支持，不能推定品牌回购,未取得无关独立买家用途证据；源品牌不是购买意向,未做逐名权利净空；品牌门是投资证据约束,False,,中外公司及品牌扩扫,https://regery.com/en/bulksearch,,,,,,
3639,dragonframe.si,,18,仅历史可注册证据（需重查）,,2026-09-30T17:30:21.419Z,来源名Dragonframe；独立转售用途未获支持，不能推定品牌回购,未取得无关独立买家用途证据；源品牌不是购买意向,未做逐名权利净空；品牌门是投资证据约束,False,,中外公司及品牌扩扫,https://regery.com/en/bulksearch,,,,,,
3640,draugiemlv.si,,18,仅历史可注册证据（需重查）,,2026-09-30T17:30:21.419Z,来源名Draugiem.lv；独立转售用途未获支持，不能推定品牌回购,未取得无关独立买家用途证据；源品牌不是购买意向,未做逐名权利净空；品牌门是投资证据约束,False,,中外公司及品牌扩扫,https://regery.com/en/bulksearch,,,,,,
3641,dreamstime.si,,18,仅历史可注册证据（需重查）,,2026-09-30T17:30:21.419Z,来源名Dreamstime；独立转售用途未获支持，不能推定品牌回购,未取得无关独立买家用途证据；源品牌不是购买意向,未做逐名权利净空；品牌门是投资证据约束,False,,中外公司及品牌扩扫,https://regery.com/en/bulksearch,,,,,,
3642,eclipseche.si,,18,仅历史可注册证据（需重查）,,2026-09-30T17:30:21.419Z,来源名Eclipse Che；独立转售用途未获支持，不能推定品牌回购,未取得无关独立买家用途证据；源品牌不是购买意向,未做逐名权利净空；品牌门是投资证据约束,False,,中外公司及品牌扩扫,https://regery.com/en/bulksearch,,,,,,
3643,eclipseide.si,,18,仅历史可注册证据（需重查）,,2026-09-30T17:30:21.419Z,来源名Eclipse IDE；独立转售用途未获支持，不能推定品牌回购,未取得无关独立买家用途证据；源品牌不是购买意向,未做逐名权利净空；品牌门是投资证据约束,False,,中外公司及品牌扩扫,https://regery.com/en/bulksearch,,,,,,
3644,eclipsejetty.si,,18,仅历史可注册证据（需重查）,,2026-09-30T17:30:21.419Z,来源名Eclipse Jetty；独立转售用途未获支持，不能推定品牌回购,未取得无关独立买家用途证据；源品牌不是购买意向,未做逐名权利净空；品牌门是投资证据约束,False,,中外公司及品牌扩扫,https://regery.com/en/bulksearch,,,,,,
3645,eclipsevertx.si,,18,仅历史可注册证据（需重查）,,2026-09-30T17:30:35.858Z,来源名Eclipse Vert.x；独立转售用途未获支持，不能推定品牌回购,未取得无关独立买家用途证据；源品牌不是购买意向,未做逐名权利净空；品牌门是投资证据约束,False,,中外公司及品牌扩扫,https://regery.com/en/bulksearch,,,,,,
3646,edgeimpulse.si,,18,仅历史可注册证据（需重查）,,2026-09-30T17:30:35.858Z,来源名Edge Impulse；独立转售用途未获支持，不能推定品牌回购,未取得无关独立买家用途证据；源品牌不是购买意向,未做逐名权利净空；品牌门是投资证据约束,False,,中外公司及品牌扩扫,https://regery.com/en/bulksearch,,,,,,
3647,eightsleep.si,,18,仅历史可注册证据（需重查）,,2026-09-30T17:30:35.858Z,来源名Eight Sleep；独立转售用途未获支持，不能推定品牌回购,未取得无关独立买家用途证据；源品牌不是购买意向,未做逐名权利净空；品牌门是投资证据约束,False,,中外公司及品牌扩扫,https://regery.com/en/bulksearch,,,,,,
3648,elasticcloud.si,,18,仅历史可注册证据（需重查）,,2026-09-30T17:30:35.858Z,来源名Elastic Cloud；独立转售用途未获支持，不能推定品牌回购,未取得无关独立买家用途证据；源品牌不是购买意向,未做逐名权利净空；品牌门是投资证据约束,False,,中外公司及品牌扩扫,https://regery.com/en/bulksearch,,,,,,
3649,elasticstack.si,,18,仅历史可注册证据（需重查）,,2026-09-30T17:30:35.858Z,来源名Elastic Stack；独立转售用途未获支持，不能推定品牌回购,未取得无关独立买家用途证据；源品牌不是购买意向,未做逐名权利净空；品牌门是投资证据约束,False,,中外公司及品牌扩扫,https://regery.com/en/bulksearch,,,,,,
3650,embarcadero.si,,18,仅历史可注册证据（需重查）,,2026-09-30T17:30:35.858Z,来源名Embarcadero；独立转售用途未获支持，不能推定品牌回购,未取得无关独立买家用途证据；源品牌不是购买意向,未做逐名权利净空；品牌门是投资证据约束,False,,中外公司及品牌扩扫,https://regery.com/en/bulksearch,,,,,,
3651,endeavouros.si,,18,仅历史可注册证据（需重查）,,2026-09-30T17:30:35.858Z,来源名EndeavourOS；独立转售用途未获支持，不能推定品牌回购,未取得无关独立买家用途证据；源品牌不是购买意向,未做逐名权利净空；品牌门是投资证据约束,False,,中外公司及品牌扩扫,https://regery.com/en/bulksearch,,,,,,
3652,envoyproxy.si,,18,仅历史可注册证据（需重查）,,2026-09-30T17:30:35.858Z,来源名Envoy Proxy；独立转售用途未获支持，不能推定品牌回购,未取得无关独立买家用途证据；源品牌不是购买意向,未做逐名权利净空；品牌门是投资证据约束,False,,中外公司及品牌扩扫,https://regery.com/en/bulksearch,,,,,,
3653,equinixmetal.si,,18,仅历史可注册证据（需重查）,,2026-09-30T17:30:35.858Z,来源名Equinix Metal；独立转售用途未获支持，不能推定品牌回购,未取得无关独立买家用途证据；源品牌不是购买意向,未做逐名权利净空；品牌门是投资证据约束,False,,中外公司及品牌扩扫,https://regery.com/en/bulksearch,,,,,,
3654,eventstore.si,,18,仅历史可注册证据（需重查）,,2026-09-30T17:30:35.858Z,来源名Event Store；独立转售用途未获支持，不能推定品牌回购,未取得无关独立买家用途证据；源品牌不是购买意向,未做逐名权利净空；品牌门是投资证据约束,False,,中外公司及品牌扩扫,https://regery.com/en/bulksearch,,,,,,
3655,excalidraw.si,,18,仅历史可注册证据（需重查）,,2026-09-30T17:30:35.858Z,来源名Excalidraw；独立转售用途未获支持，不能推定品牌回购,未取得无关独立买家用途证据；源品牌不是购买意向,未做逐名权利净空；品牌门是投资证据约束,False,,中外公司及品牌扩扫,https://regery.com/en/bulksearch,,,,,,
3656,expresscom.si,,18,仅历史可注册证据（需重查）,,2026-09-30T17:30:35.858Z,来源名Express.com；独立转售用途未获支持，不能推定品牌回购,未取得无关独立买家用途证据；源品牌不是购买意向,未做逐名权利净空；品牌门是投资证据约束,False,,中外公司及品牌扩扫,https://regery.com/en/bulksearch,,,,,,
3657,facebooklive.si,,18,仅历史可注册证据（需重查）,,2026-09-30T17:30:35.858Z,来源名Facebook Live；独立转售用途未获支持，不能推定品牌回购,未取得无关独立买家用途证据；源品牌不是购买意向,未做逐名权利净空；品牌门是投资证据约束,False,,中外公司及品牌扩扫,https://regery.com/en/bulksearch,,,,,,
3658,fareharbor.si,,18,仅历史可注册证据（需重查）,,2026-09-30T17:30:35.858Z,来源名FareHarbor；独立转售用途未获支持，不能推定品牌回购,未取得无关独立买家用途证据；源品牌不是购买意向,未做逐名权利净空；品牌门是投资证据约束,False,,中外公司及品牌扩扫,https://regery.com/en/bulksearch,,,,,,
3659,fidoalliance.si,,18,仅历史可注册证据（需重查）,,2026-09-30T17:30:35.858Z,来源名Fido Alliance；独立转售用途未获支持，不能推定品牌回购,未取得无关独立买家用途证据；源品牌不是购买意向,未做逐名权利净空；品牌门是投资证据约束,False,,中外公司及品牌扩扫,https://regery.com/en/bulksearch,,,,,,
3660,fireflyiii.si,,18,仅历史可注册证据（需重查）,,2026-09-30T17:30:50.617Z,来源名Firefly III；独立转售用途未获支持，不能推定品牌回购,未取得无关独立买家用途证据；源品牌不是购买意向,未做逐名权利净空；品牌门是投资证据约束,False,,中外公司及品牌扩扫,https://regery.com/en/bulksearch,,,,,,
3661,flightaware.si,,18,仅历史可注册证据（需重查）,,2026-09-30T17:30:50.617Z,来源名Flightaware；独立转售用途未获支持，不能推定品牌回购,未取得无关独立买家用途证据；源品牌不是购买意向,未做逐名权利净空；品牌门是投资证据约束,False,,中外公司及品牌扩扫,https://regery.com/en/bulksearch,,,,,,
3662,fontawesome.si,,18,仅历史可注册证据（需重查）,,2026-09-30T17:30:50.617Z,来源名Font Awesome；独立转售用途未获支持，不能推定品牌回购,未取得无关独立买家用途证据；源品牌不是购买意向,未做逐名权利净空；品牌门是投资证据约束,False,,中外公司及品牌扩扫,https://regery.com/en/bulksearch,,,,,,
3663,formbricks.si,,18,仅历史可注册证据（需重查）,,2026-09-30T17:30:50.617Z,来源名Formbricks；独立转售用途未获支持，不能推定品牌回购,未取得无关独立买家用途证据；源品牌不是购买意向,未做逐名权利净空；品牌门是投资证据约束,False,,中外公司及品牌扩扫,https://regery.com/en/bulksearch,,,,,,
3664,furaffinity.si,,18,仅历史可注册证据（需重查）,,2026-09-30T17:31:08.840Z,来源名Fur Affinity；独立转售用途未获支持，不能推定品牌回购,未取得无关独立买家用途证据；源品牌不是购买意向,未做逐名权利净空；品牌门是投资证据约束,False,,中外公司及品牌扩扫,https://regery.com/en/bulksearch,,,,,,
3665,furrynetwork.si,,18,仅历史可注册证据（需重查）,,2026-09-30T17:31:08.840Z,来源名Furry Network；独立转售用途未获支持，不能推定品牌回购,未取得无关独立买家用途证据；源品牌不是购买意向,未做逐名权利净空；品牌门是投资证据约束,False,,中外公司及品牌扩扫,https://regery.com/en/bulksearch,,,,,,
3666,fusionauth.si,,18,仅历史可注册证据（需重查）,,2026-09-30T17:31:08.840Z,来源名FusionAuth；独立转售用途未获支持，不能推定品牌回购,未取得无关独立买家用途证据；源品牌不是购买意向,未做逐名权利净空；品牌门是投资证据约束,False,,中外公司及品牌扩扫,https://regery.com/en/bulksearch,,,,,,
3667,gamescience.si,,18,仅历史可注册证据（需重查）,,2026-09-30T17:31:08.840Z,来源名Game Science；独立转售用途未获支持，不能推定品牌回购,未取得无关独立买家用途证据；源品牌不是购买意向,未做逐名权利净空；品牌门是投资证据约束,False,,中外公司及品牌扩扫,https://regery.com/en/bulksearch,,,,,,
3668,gamebanana.si,,18,仅历史可注册证据（需重查）,,2026-09-30T17:31:08.840Z,来源名GameBanana；独立转售用途未获支持，不能推定品牌回购,未取得无关独立买家用途证据；源品牌不是购买意向,未做逐名权利净空；品牌门是投资证据约束,False,,中外公司及品牌扩扫,https://regery.com/en/bulksearch,,,,,,
3669,garudalinux.si,,18,仅历史可注册证据（需重查）,,2026-09-30T17:31:08.840Z,来源名Garuda Linux；独立转售用途未获支持，不能推定品牌回购,未取得无关独立买家用途证据；源品牌不是购买意向,未做逐名权利净空；品牌门是投资证据约束,False,,中外公司及品牌扩扫,https://regery.com/en/bulksearch,,,,,,
3670,ghostfolio.si,,18,仅历史可注册证据（需重查）,,2026-09-30T17:31:08.840Z,来源名Ghostfolio；独立转售用途未获支持，不能推定品牌回购,未取得无关独立买家用途证据；源品牌不是购买意向,未做逐名权利净空；品牌门是投资证据约束,False,,中外公司及品牌扩扫,https://regery.com/en/bulksearch,,,,,,
3671,gitconnected.si,,18,仅历史可注册证据（需重查）,,2026-09-30T17:31:08.840Z,来源名Gitconnected；独立转售用途未获支持，不能推定品牌回购,未取得无关独立买家用途证据；源品牌不是购买意向,未做逐名权利净空；品牌门是投资证据约束,False,,中外公司及品牌扩扫,https://regery.com/en/bulksearch,,,,,,
3672,githubpages.si,,18,仅历史可注册证据（需重查）,,2026-09-30T17:31:08.840Z,来源名GitHub Pages；独立转售用途未获支持，不能推定品牌回购,未取得无关独立买家用途证据；源品牌不是购买意向,未做逐名权利净空；品牌门是投资证据约束,False,,中外公司及品牌扩扫,https://regery.com/en/bulksearch,,,,,,
3673,gitignoreio.si,,18,仅历史可注册证据（需重查）,,2026-09-30T17:31:08.840Z,来源名gitignore.io；独立转售用途未获支持，不能推定品牌回购,未取得无关独立买家用途证据；源品牌不是购买意向,未做逐名权利净空；品牌门是投资证据约束,False,,中外公司及品牌扩扫,https://regery.com/en/bulksearch,,,,,,
3674,godotengine.si,,18,仅历史可注册证据（需重查）,,2026-09-30T17:31:08.840Z,来源名Godot Engine；独立转售用途未获支持，不能推定品牌回购,未取得无关独立买家用途证据；源品牌不是购买意向,未做逐名权利净空；品牌门是投资证据约束,False,,中外公司及品牌扩扫,https://regery.com/en/bulksearch,,,,,,
3675,googleadmob.si,,18,仅历史可注册证据（需重查）,,2026-09-30T17:31:08.840Z,来源名Google AdMob；独立转售用途未获支持，不能推定品牌回购,未取得无关独立买家用途证据；源品牌不是购买意向,未做逐名权利净空；品牌门是投资证据约束,False,,中外公司及品牌扩扫,https://regery.com/en/bulksearch,,,,,,
3676,googlecast.si,,18,仅历史可注册证据（需重查）,,2026-09-30T17:31:42.306Z,来源名Google Cast；独立转售用途未获支持，不能推定品牌回购,未取得无关独立买家用途证据；源品牌不是购买意向,未做逐名权利净空；品牌门是投资证据约束,False,,中外公司及品牌扩扫,https://regery.com/en/bulksearch,,,,,,
3677,googlecolab.si,,18,仅历史可注册证据（需重查）,,2026-09-30T17:31:42.306Z,来源名Google Colab；独立转售用途未获支持，不能推定品牌回购,未取得无关独立买家用途证据；源品牌不是购买意向,未做逐名权利净空；品牌门是投资证据约束,False,,中外公司及品牌扩扫,https://regery.com/en/bulksearch,,,,,,
3678,googlegemini.si,,18,仅历史可注册证据（需重查）,,2026-09-30T17:31:42.306Z,来源名Google Gemini；独立转售用途未获支持，不能推定品牌回购,未取得无关独立买家用途证据；源品牌不是购买意向,未做逐名权利净空；品牌门是投资证据约束,False,,中外公司及品牌扩扫,https://regery.com/en/bulksearch,,,,,,
3679,googlejules.si,,18,仅历史可注册证据（需重查）,,2026-09-30T17:31:42.306Z,来源名Google Jules；独立转售用途未获支持，不能推定品牌回购,未取得无关独立买家用途证据；源品牌不是购买意向,未做逐名权利净空；品牌门是投资证据约束,False,,中外公司及品牌扩扫,https://regery.com/en/bulksearch,,,,,,
3680,googlelens.si,,18,仅历史可注册证据（需重查）,,2026-09-30T17:31:42.306Z,来源名Google Lens；独立转售用途未获支持，不能推定品牌回购,未取得无关独立买家用途证据；源品牌不是购买意向,未做逐名权利净空；品牌门是投资证据约束,False,,中外公司及品牌扩扫,https://regery.com/en/bulksearch,,,,,,
3681,googlenearby.si,,18,仅历史可注册证据（需重查）,,2026-09-30T17:31:42.306Z,来源名Google Nearby；独立转售用途未获支持，不能推定品牌回购,未取得无关独立买家用途证据；源品牌不是购买意向,未做逐名权利净空；品牌门是投资证据约束,False,,中外公司及品牌扩扫,https://regery.com/en/bulksearch,,,,,,
3682,googlepubsub.si,,18,仅历史可注册证据（需重查）,,2026-09-30T17:31:42.306Z,来源名Google Pub/Sub；独立转售用途未获支持，不能推定品牌回购,未取得无关独立买家用途证据；源品牌不是购买意向,未做逐名权利净空；品牌门是投资证据约束,False,,中外公司及品牌扩扫,https://regery.com/en/bulksearch,,,,,,
3683,googlesheets.si,,18,仅历史可注册证据（需重查）,,2026-09-30T17:31:42.306Z,来源名Google Sheets；独立转售用途未获支持，不能推定品牌回购,未取得无关独立买家用途证据；源品牌不是购买意向,未做逐名权利净空；品牌门是投资证据约束,False,,中外公司及品牌扩扫,https://regery.com/en/bulksearch,,,,,,
3684,googleslides.si,,18,仅历史可注册证据（需重查）,,2026-09-30T17:31:42.306Z,来源名Google Slides；独立转售用途未获支持，不能推定品牌回购,未取得无关独立买家用途证据；源品牌不是购买意向,未做逐名权利净空；品牌门是投资证据约束,False,,中外公司及品牌扩扫,https://regery.com/en/bulksearch,,,,,,
3685,googletasks.si,,18,仅历史可注册证据（需重查）,,2026-09-30T17:31:42.306Z,来源名Google Tasks；独立转售用途未获支持，不能推定品牌回购,未取得无关独立买家用途证据；源品牌不是购买意向,未做逐名权利净空；品牌门是投资证据约束,False,,中外公司及品牌扩扫,https://regery.com/en/bulksearch,,,,,,
3686,gotomeeting.si,,18,仅历史可注册证据（需重查）,,2026-09-30T17:31:42.306Z,来源名GoToMeeting；独立转售用途未获支持，不能推定品牌回购,未取得无关独立买家用途证据；源品牌不是购买意向,未做逐名权利净空；品牌门是投资证据约束,False,,中外公司及品牌扩扫,https://regery.com/en/bulksearch,,,,,,
3687,grapheneos.si,,18,仅历史可注册证据（需重查）,,2026-09-30T17:31:42.306Z,来源名GrapheneOS；独立转售用途未获支持，不能推定品牌回购,未取得无关独立买家用途证据；源品牌不是购买意向,未做逐名权利净空；品牌门是投资证据约束,False,,中外公司及品牌扩扫,https://regery.com/en/bulksearch,,,,,,
3688,greasyfork.si,,18,仅历史可注册证据（需重查）,,2026-09-30T17:31:42.306Z,来源名Greasy Fork；独立转售用途未获支持，不能推定品牌回购,未取得无关独立买家用途证据；源品牌不是购买意向,未做逐名权利净空；品牌门是投资证据约束,False,,中外公司及品牌扩扫,https://regery.com/en/bulksearch,,,,,,
3689,greptimedb.si,,18,仅历史可注册证据（需重查）,,2026-09-30T17:31:42.306Z,来源名GreptimeDB；独立转售用途未获支持，不能推定品牌回购,未取得无关独立买家用途证据；源品牌不是购买意向,未做逐名权利净空；品牌门是投资证据约束,False,,中外公司及品牌扩扫,https://regery.com/en/bulksearch,,,,,,
3690,gsmarenacom.si,,18,仅历史可注册证据（需重查）,,2026-09-30T17:41:34.277Z,来源名GSMArena.com；独立转售用途未获支持，不能推定品牌回购,未取得无关独立买家用途证据；源品牌不是购买意向,未做逐名权利净空；品牌门是投资证据约束,False,,中外公司及品牌扩扫,https://my.eurodns.com/das/search,,,,,,
3691,hackthebox.si,,18,仅历史可注册证据（需重查）,,2026-09-30T17:41:34.277Z,来源名Hack The Box；独立转售用途未获支持，不能推定品牌回购,未取得无关独立买家用途证据；源品牌不是购买意向,未做逐名权利净空；品牌门是投资证据约束,False,,中外公司及品牌扩扫,https://my.eurodns.com/das/search,,,,,,
3692,hackernoon.si,,18,仅历史可注册证据（需重查）,,2026-09-30T17:41:34.277Z,来源名Hacker Noon；独立转售用途未获支持，不能推定品牌回购,未取得无关独立买家用途证据；源品牌不是购买意向,未做逐名权利净空；品牌门是投资证据约束,False,,中外公司及品牌扩扫,https://my.eurodns.com/das/search,,,,,,
3693,hackerearth.si,,18,仅历史可注册证据（需重查）,,2026-09-30T17:41:34.277Z,来源名HackerEarth；独立转售用途未获支持，不能推定品牌回购,未取得无关独立买家用途证据；源品牌不是购买意向,未做逐名权利净空；品牌门是投资证据约束,False,,中外公司及品牌扩扫,https://my.eurodns.com/das/search,,,,,,
3694,hackerrank.si,,18,仅历史可注册证据（需重查）,,2026-09-30T17:41:34.277Z,来源名HackerRank；独立转售用途未获支持，不能推定品牌回购,未取得无关独立买家用途证据；源品牌不是购买意向,未做逐名权利净空；品牌门是投资证据约束,False,,中外公司及品牌扩扫,https://my.eurodns.com/das/search,,,,,,
3695,handlebarsjs.si,,18,仅历史可注册证据（需重查）,,2026-09-30T17:41:34.277Z,来源名Handlebars.js；独立转售用途未获支持，不能推定品牌回购,未取得无关独立买家用途证据；源品牌不是购买意向,未做逐名权利净空；品牌门是投资证据约束,False,,中外公司及品牌扩扫,https://my.eurodns.com/das/search,,,,,,
3696,headlessui.si,,18,仅历史可注册证据（需重查）,,2026-09-30T17:41:34.277Z,来源名Headless UI；独立转售用途未获支持，不能推定品牌回购,未取得无关独立买家用途证据；源品牌不是购买意向,未做逐名权利净空；品牌门是投资证据约束,False,,中外公司及品牌扩扫,https://my.eurodns.com/das/search,,,,,,
3697,hearthisat.si,,18,仅历史可注册证据（需重查）,,2026-09-30T17:41:34.277Z,来源名hearthis.at；独立转售用途未获支持，不能推定品牌回购,未取得无关独立买家用途证据；源品牌不是购买意向,未做逐名权利净空；品牌门是投资证据约束,False,,中外公司及品牌扩扫,https://my.eurodns.com/das/search,,,,,,
3698,hellofresh.si,,18,仅历史可注册证据（需重查）,,2026-09-30T17:41:34.277Z,来源名HelloFresh；独立转售用途未获支持，不能推定品牌回购,未取得无关独立买家用途证据；源品牌不是购买意向,未做逐名权利净空；品牌门是投资证据约束,False,,中外公司及品牌扩扫,https://my.eurodns.com/das/search,,,,,,
3699,hepsiemlak.si,,18,仅历史可注册证据（需重查）,,2026-09-30T17:41:34.277Z,来源名Hepsiemlak；独立转售用途未获支持，不能推定品牌回购,未取得无关独立买家用途证据；源品牌不是购买意向,未做逐名权利净空；品牌门是投资证据约束,False,,中外公司及品牌扩扫,https://my.eurodns.com/das/search,,,,,,
3700,homeadvisor.si,,18,仅历史可注册证据（需重查）,,2026-09-30T17:41:34.277Z,来源名HomeAdvisor；独立转售用途未获支持，不能推定品牌回购,未取得无关独立买家用途证据；源品牌不是购买意向,未做逐名权利净空；品牌门是投资证据约束,False,,中外公司及品牌扩扫,https://my.eurodns.com/das/search,,,,,,
3701,homebridge.si,,18,仅历史可注册证据（需重查）,,2026-09-30T17:41:34.277Z,来源名Homebridge；独立转售用途未获支持，不能推定品牌回购,未取得无关独立买家用途证据；源品牌不是购买意向,未做逐名权利净空；品牌门是投资证据约束,False,,中外公司及品牌扩扫,https://my.eurodns.com/das/search,,,,,,
3702,hoppscotch.si,,18,仅历史可注册证据（需重查）,,2026-09-30T17:34:47.071Z,来源名Hoppscotch；独立转售用途未获支持，不能推定品牌回购,未取得无关独立买家用途证据；源品牌不是购买意向,未做逐名权利净空；品牌门是投资证据约束,False,,中外公司及品牌扩扫,https://regery.com/en/bulksearch,,,,,,
3703,htmlacademy.si,,18,仅历史可注册证据（需重查）,,2026-09-30T17:34:47.071Z,来源名HTML Academy；独立转售用途未获支持，不能推定品牌回购,未取得无关独立买家用途证据；源品牌不是购买意向,未做逐名权利净空；品牌门是投资证据约束,False,,中外公司及品牌扩扫,https://regery.com/en/bulksearch,,,,,,
3704,humblebundle.si,,18,仅历史可注册证据（需重查）,,2026-09-30T17:34:47.071Z,来源名Humble Bundle；独立转售用途未获支持，不能推定品牌回购,未取得无关独立买家用途证据；源品牌不是购买意向,未做逐名权利净空；品牌门是投资证据约束,False,,中外公司及品牌扩扫,https://regery.com/en/bulksearch,,,,,,
3705,hungryjacks.si,,18,仅历史可注册证据（需重查）,,2026-09-30T17:34:47.071Z,来源名Hungry Jack's；独立转售用途未获支持，不能推定品牌回购,未取得无关独立买家用途证据；源品牌不是购买意向,未做逐名权利净空；品牌门是投资证据约束,False,,中外公司及品牌扩扫,https://regery.com/en/bulksearch,,,,,,
3706,hyperskill.si,,18,仅历史可注册证据（需重查）,,2026-09-30T17:34:47.071Z,来源名Hyperskill；独立转售用途未获支持，不能推定品牌回购,未取得无关独立买家用途证据；源品牌不是购买意向,未做逐名权利净空；品牌门是投资证据约束,False,,中外公司及品牌扩扫,https://regery.com/en/bulksearch,,,,,,
3707,iconfinder.si,,18,仅历史可注册证据（需重查）,,2026-09-30T17:34:47.071Z,来源名Iconfinder；独立转售用途未获支持，不能推定品牌回购,未取得无关独立买家用途证据；源品牌不是购买意向,未做逐名权利净空；品牌门是投资证据约束,False,,中外公司及品牌扩扫,https://regery.com/en/bulksearch,,,,,,
3708,iheartradio.si,,18,仅历史可注册证据（需重查）,,2026-09-30T17:34:47.071Z,来源名iHeartRadio；独立转售用途未获支持，不能推定品牌回购,未取得无关独立买家用途证据；源品牌不是购买意向,未做逐名权利净空；品牌门是投资证据约束,False,,中外公司及品牌扩扫,https://regery.com/en/bulksearch,,,,,,
3709,imagetoolbox.si,,18,仅历史可注册证据（需重查）,,2026-09-30T17:34:47.071Z,来源名Image Toolbox；独立转售用途未获支持，不能推定品牌回购,未取得无关独立买家用途证据；源品牌不是购买意向,未做逐名权利净空；品牌门是投资证据约束,False,,中外公司及品牌扩扫,https://regery.com/en/bulksearch,,,,,,
3710,indiehackers.si,,18,仅历史可注册证据（需重查）,,2026-09-30T17:34:47.071Z,来源名Indie Hackers；独立转售用途未获支持，不能推定品牌回购,未取得无关独立买家用途证据；源品牌不是购买意向,未做逐名权利净空；品牌门是投资证据约束,False,,中外公司及品牌扩扫,https://regery.com/en/bulksearch,,,,,,
3711,infinityfree.si,,18,仅历史可注册证据（需重查）,,2026-09-30T17:34:47.071Z,来源名InfinityFree；独立转售用途未获支持，不能推定品牌回购,未取得无关独立买家用途证据；源品牌不是购买意向,未做逐名权利净空；品牌门是投资证据约束,False,,中外公司及品牌扩扫,https://regery.com/en/bulksearch,,,,,,
3712,instapaper.si,,18,仅历史可注册证据（需重查）,,2026-09-30T17:34:47.071Z,来源名Instapaper；独立转售用途未获支持，不能推定品牌回购,未取得无关独立买家用途证据；源品牌不是购买意向,未做逐名权利净空；品牌门是投资证据约束,False,,中外公司及品牌扩扫,https://regery.com/en/bulksearch,,,,,,
3713,instructure.si,,18,仅历史可注册证据（需重查）,,2026-09-30T17:34:47.071Z,来源名Instructure；独立转售用途未获支持，不能推定品牌回购,未取得无关独立买家用途证据；源品牌不是购买意向,未做逐名权利净空；品牌门是投资证据约束,False,,中外公司及品牌扩扫,https://regery.com/en/bulksearch,,,,,,
3714,intellijidea.si,,18,仅历史可注册证据（需重查）,,2026-09-30T17:34:47.071Z,来源名IntelliJ IDEA；独立转售用途未获支持，不能推定品牌回购,未取得无关独立买家用途证据；源品牌不是购买意向,未做逐名权利净空；品牌门是投资证据约束,False,,中外公司及品牌扩扫,https://regery.com/en/bulksearch,,,,,,
3715,interactjs.si,,18,仅历史可注册证据（需重查）,,2026-09-30T17:34:47.071Z,来源名InteractJS；独立转售用途未获支持，不能推定品牌回购,未取得无关独立买家用途证据；源品牌不是购买意向,未做逐名权利净空；品牌门是投资证据约束,False,,中外公司及品牌扩扫,https://regery.com/en/bulksearch,,,,,,
3716,intermarche.si,,18,仅历史可注册证据（需重查）,,2026-09-30T17:34:47.071Z,来源名Intermarche；独立转售用途未获支持，不能推定品牌回购,未取得无关独立买家用途证据；源品牌不是购买意向,未做逐名权利净空；品牌门是投资证据约束,False,,中外公司及品牌扩扫,https://regery.com/en/bulksearch,,,,,,
3717,invoiceninja.si,,18,仅历史可注册证据（需重查）,,2026-09-30T17:34:47.071Z,来源名Invoice Ninja；独立转售用途未获支持，不能推定品牌回购,未取得无关独立买家用途证据；源品牌不是购买意向,未做逐名权利净空；品牌门是投资证据约束,False,,中外公司及品牌扩扫,https://regery.com/en/bulksearch,,,,,,
3718,jirasoftware.si,,18,仅历史可注册证据（需重查）,,2026-09-30T17:34:47.071Z,来源名Jira Software；独立转售用途未获支持，不能推定品牌回购,未取得无关独立买家用途证据；源品牌不是购买意向,未做逐名权利净空；品牌门是投资证据约束,False,,中外公司及品牌扩扫,https://regery.com/en/bulksearch,,,,,,
3719,justgiving.si,,18,仅历史可注册证据（需重查）,,2026-09-30T17:35:30.867Z,来源名JustGiving；独立转售用途未获支持，不能推定品牌回购,未取得无关独立买家用途证据；源品牌不是购买意向,未做逐名权利净空；品牌门是投资证据约束,False,,中外公司及品牌扩扫,https://regery.com/en/bulksearch,,,,,,
3720,khronosgroup.si,,18,仅历史可注册证据（需重查）,,2026-09-30T17:35:30.867Z,来源名Khronos Group；独立转售用途未获支持，不能推定品牌回购,未取得无关独立买家用途证据；源品牌不是购买意向,未做逐名权利净空；品牌门是投资证据约束,False,,中外公司及品牌扩扫,https://regery.com/en/bulksearch,,,,,,
3721,koenigsegg.si,,18,仅历史可注册证据（需重查）,,2026-09-30T17:35:30.867Z,来源名Koenigsegg；独立转售用途未获支持，不能推定品牌回购,未取得无关独立买家用途证据；源品牌不是购买意向,未做逐名权利净空；品牌门是投资证据约束,False,,中外公司及品牌扩扫,https://regery.com/en/bulksearch,,,,,,
3722,languagetool.si,,18,仅历史可注册证据（需重查）,,2026-09-30T17:35:30.867Z,来源名LanguageTool；独立转售用途未获支持，不能推定品牌回购,未取得无关独立买家用途证据；源品牌不是购买意向,未做逐名权利净空；品牌门是投资证据约束,False,,中外公司及品牌扩扫,https://regery.com/en/bulksearch,,,,,,
3723,laravelnova.si,,18,仅历史可注册证据（需重查）,,2026-09-30T17:35:30.867Z,来源名Laravel Nova；独立转售用途未获支持，不能推定品牌回购,未取得无关独立买家用途证据；源品牌不是购买意向,未做逐名权利净空；品牌门是投资证据约束,False,,中外公司及品牌扩扫,https://regery.com/en/bulksearch,,,,,,
3724,leaderprice.si,,18,仅历史可注册证据（需重查）,,2026-09-30T17:36:09.443Z,来源名Leader Price；独立转售用途未获支持，不能推定品牌回购,未取得无关独立买家用途证据；源品牌不是购买意向,未做逐名权利净空；品牌门是投资证据约束,False,,中外公司及品牌扩扫,https://regery.com/en/bulksearch,,,,,,
3725,legacygames.si,,18,仅历史可注册证据（需重查）,,2026-09-30T17:36:09.443Z,来源名Legacy Games；独立转售用途未获支持，不能推定品牌回购,未取得无关独立买家用途证据；源品牌不是购买意向,未做逐名权利净空；品牌门是投资证据约束,False,,中外公司及品牌扩扫,https://regery.com/en/bulksearch,,,,,,
3726,lemonsqueezy.si,,18,仅历史可注册证据（需重查）,,2026-09-30T17:36:09.443Z,来源名Lemon Squeezy；独立转售用途未获支持，不能推定品牌回购,未取得无关独立买家用途证据；源品牌不是购买意向,未做逐名权利净空；品牌门是投资证据约束,False,,中外公司及品牌扩扫,https://regery.com/en/bulksearch,,,,,,
3727,leslibraires.si,,18,仅历史可注册证据（需重查）,,2026-09-30T17:36:09.443Z,来源名Les libraires；独立转售用途未获支持，不能推定品牌回购,未取得无关独立买家用途证据；源品牌不是购买意向,未做逐名权利净空；品牌门是投资证据约束,False,,中外公司及品牌扩扫,https://regery.com/en/bulksearch,,,,,,
3728,letsencrypt.si,,18,仅历史可注册证据（需重查）,,2026-09-30T17:36:09.443Z,来源名Let's Encrypt；独立转售用途未获支持，不能推定品牌回购,未取得无关独立买家用途证据；源品牌不是购买意向,未做逐名权利净空；品牌门是投资证据约束,False,,中外公司及品牌扩扫,https://regery.com/en/bulksearch,,,,,,
3729,letterboxd.si,,18,仅历史可注册证据（需重查）,,2026-09-30T17:36:09.443Z,来源名Letterboxd；独立转售用途未获支持，不能推定品牌回购,未取得无关独立买家用途证据；源品牌不是购买意向,未做逐名权利净空；品牌门是投资证据约束,False,,中外公司及品牌扩扫,https://regery.com/en/bulksearch,,,,,,
3730,liberachat.si,,18,仅历史可注册证据（需重查）,,2026-09-30T17:36:09.443Z,来源名Libera.Chat；独立转售用途未获支持，不能推定品牌回购,未取得无关独立买家用途证据；源品牌不是购买意向,未做逐名权利净空；品牌门是投资证据约束,False,,中外公司及品牌扩扫,https://regery.com/en/bulksearch,,,,,,
3731,librariesio.si,,18,仅历史可注册证据（需重查）,,2026-09-30T17:36:09.443Z,来源名Libraries.io；独立转售用途未获支持，不能推定品牌回购,未取得无关独立买家用途证据；源品牌不是购买意向,未做逐名权利净空；品牌门是投资证据约束,False,,中外公司及品牌扩扫,https://regery.com/en/bulksearch,,,,,,
3732,librarything.si,,18,仅历史可注册证据（需重查）,,2026-09-30T17:36:09.443Z,来源名LibraryThing；独立转售用途未获支持，不能推定品牌回购,未取得无关独立买家用途证据；源品牌不是购买意向,未做逐名权利净空；品牌门是投资证据约束,False,,中外公司及品牌扩扫,https://regery.com/en/bulksearch,,,,,,
3733,libreoffice.si,,18,仅历史可注册证据（需重查）,,2026-09-30T17:36:09.443Z,来源名LibreOffice；独立转售用途未获支持，不能推定品牌回购,未取得无关独立买家用途证据；源品牌不是购买意向,未做逐名权利净空；品牌门是投资证据约束,False,,中外公司及品牌扩扫,https://regery.com/en/bulksearch,,,,,,
3734,limesurvey.si,,18,仅历史可注册证据（需重查）,,2026-09-30T17:36:09.443Z,来源名LimeSurvey；独立转售用途未获支持，不能推定品牌回购,未取得无关独立买家用途证据；源品牌不是购买意向,未做逐名权利净空；品牌门是投资证据约束,False,,中外公司及品牌扩扫,https://regery.com/en/bulksearch,,,,,,
3735,linkvertise.si,,18,仅历史可注册证据（需重查）,,2026-09-30T17:36:09.443Z,来源名Linkvertise；独立转售用途未获支持，不能推定品牌回购,未取得无关独立买家用途证据；源品牌不是购买意向,未做逐名权利净空；品牌门是投资证据约束,False,,中外公司及品牌扩扫,https://regery.com/en/bulksearch,,,,,,
3736,linuxserver.si,,18,仅历史可注册证据（需重查）,,2026-09-30T17:36:09.443Z,来源名LinuxServer；独立转售用途未获支持，不能推定品牌回购,未取得无关独立买家用途证据；源品牌不是购买意向,未做逐名权利净空；品牌门是投资证据约束,False,,中外公司及品牌扩扫,https://regery.com/en/bulksearch,,,,,,
3737,litiengine.si,,18,仅历史可注册证据（需重查）,,2026-09-30T17:36:09.443Z,来源名LITIENGINE；独立转售用途未获支持，不能推定品牌回购,未取得无关独立买家用途证据；源品牌不是购买意向,未做逐名权利净空；品牌门是投资证据约束,False,,中外公司及品牌扩扫,https://regery.com/en/bulksearch,,,,,,
3738,livejournal.si,,18,仅历史可注册证据（需重查）,,2026-09-30T17:36:09.443Z,来源名LiveJournal；独立转售用途未获支持，不能推定品牌回购,未取得无关独立买家用途证据；源品牌不是购买意向,未做逐名权利净空；品牌门是投资证据约束,False,,中外公司及品牌扩扫,https://regery.com/en/bulksearch,,,,,,
3739,localxpose.si,,18,仅历史可注册证据（需重查）,,2026-09-30T17:36:31.187Z,来源名LocalXpose；独立转售用途未获支持，不能推定品牌回购,未取得无关独立买家用途证据；源品牌不是购买意向,未做逐名权利净空；品牌门是投资证据约束,False,,中外公司及品牌扩扫,https://regery.com/en/bulksearch,,,,,,
3740,lottiefiles.si,,18,仅历史可注册证据（需重查）,,2026-09-30T17:36:31.187Z,来源名LottieFiles；独立转售用途未获支持，不能推定品牌回购,未取得无关独立买家用途证据；源品牌不是购买意向,未做逐名权利净空；品牌门是投资证据约束,False,,中外公司及品牌扩扫,https://regery.com/en/bulksearch,,,,,,
3741,mangacollec.si,,18,仅历史可注册证据（需重查）,,2026-09-30T17:36:31.187Z,来源名Mangacollec；独立转售用途未获支持，不能推定品牌回购,未取得无关独立买家用途证据；源品牌不是购买意向,未做逐名权利净空；品牌门是投资证据约束,False,,中外公司及品牌扩扫,https://regery.com/en/bulksearch,,,,,,
3742,mangaupdates.si,,18,仅历史可注册证据（需重查）,,2026-09-30T17:36:31.187Z,来源名MangaUpdates；独立转售用途未获支持，不能推定品牌回购,未取得无关独立买家用途证据；源品牌不是购买意向,未做逐名权利净空；品牌门是投资证据约束,False,,中外公司及品牌扩扫,https://regery.com/en/bulksearch,,,,,,
3743,mastercomfig.si,,18,仅历史可注册证据（需重查）,,2026-09-30T17:36:31.187Z,来源名mastercomfig；独立转售用途未获支持，不能推定品牌回购,未取得无关独立买家用途证据；源品牌不是购买意向,未做逐名权利净空；品牌门是投资证据约束,False,,中外公司及品牌扩扫,https://regery.com/en/bulksearch,,,,,,
3744,mattermost.si,,18,仅历史可注册证据（需重查）,,2026-09-30T17:36:31.187Z,来源名Mattermost；独立转售用途未获支持，不能推定品牌回购,未取得无关独立买家用途证据；源品牌不是购买意向,未做逐名权利净空；品牌门是投资证据约束,False,,中外公司及品牌扩扫,https://regery.com/en/bulksearch,,,,,,
3745,mdnwebdocs.si,,18,仅历史可注册证据（需重查）,,2026-09-30T17:37:10.063Z,来源名MDN Web Docs；独立转售用途未获支持，不能推定品牌回购,未取得无关独立买家用途证据；源品牌不是购买意向,未做逐名权利净空；品牌门是投资证据约束,False,,中外公司及品牌扩扫,https://regery.com/en/bulksearch,,,,,,
3746,meilisearch.si,,18,仅历史可注册证据（需重查）,,2026-09-30T17:37:10.063Z,来源名Meilisearch；独立转售用途未获支持，不能推定品牌回购,未取得无关独立买家用途证据；源品牌不是购买意向,未做逐名权利净空；品牌门是投资证据约束,False,,中外公司及品牌扩扫,https://regery.com/en/bulksearch,,,,,,
3747,mentorcruise.si,,18,仅历史可注册证据（需重查）,,2026-09-30T17:37:10.063Z,来源名MentorCruise；独立转售用途未获支持，不能推定品牌回购,未取得无关独立买家用途证据；源品牌不是购买意向,未做逐名权利净空；品牌门是投资证据约束,False,,中外公司及品牌扩扫,https://regery.com/en/bulksearch,,,,,,
3748,mercadopago.si,,18,仅历史可注册证据（需重查）,,2026-09-30T17:37:10.063Z,来源名Mercado Pago；独立转售用途未获支持，不能推定品牌回购,未取得无关独立买家用途证据；源品牌不是购买意向,未做逐名权利净空；品牌门是投资证据约束,False,,中外公司及品牌扩扫,https://regery.com/en/bulksearch,,,,,,
3749,metacritic.si,,18,仅历史可注册证据（需重查）,,2026-09-30T17:37:10.063Z,来源名Metacritic；独立转售用途未获支持，不能推定品牌回购,未取得无关独立买家用途证据；源品牌不是购买意向,未做逐名权利净空；品牌门是投资证据约束,False,,中外公司及品牌扩扫,https://regery.com/en/bulksearch,,,,,,
3750,metafilter.si,,18,仅历史可注册证据（需重查）,,2026-09-30T17:37:10.063Z,来源名MetaFilter；独立转售用途未获支持，不能推定品牌回购,未取得无关独立买家用途证据；源品牌不是购买意向,未做逐名权利净空；品牌门是投资证据约束,False,,中外公司及品牌扩扫,https://regery.com/en/bulksearch,,,,,,
3751,metasploit.si,,18,仅历史可注册证据（需重查）,,2026-09-30T17:37:10.063Z,来源名Metasploit；独立转售用途未获支持，不能推定品牌回购,未取得无关独立买家用途证据；源品牌不是购买意向,未做逐名权利净空；品牌门是投资证据约束,False,,中外公司及品牌扩扫,https://regery.com/en/bulksearch,,,,,,
3752,metrodeparis.si,,18,仅历史可注册证据（需重查）,,2026-09-30T17:37:10.063Z,来源名Métro de Paris；独立转售用途未获支持，不能推定品牌回购,未取得无关独立买家用途证据；源品牌不是购买意向,未做逐名权利净空；品牌门是投资证据约束,False,,中外公司及品牌扩扫,https://regery.com/en/bulksearch,,,,,,
3753,microeditor.si,,18,仅历史可注册证据（需重查）,,2026-09-30T17:37:10.063Z,来源名Micro Editor；独立转售用途未获支持，不能推定品牌回购,未取得无关独立买家用途证据；源品牌不是购买意向,未做逐名权利净空；品牌门是投资证据约束,False,,中外公司及品牌扩扫,https://regery.com/en/bulksearch,,,,,,
3754,micropython.si,,18,仅历史可注册证据（需重查）,,2026-09-30T17:37:10.063Z,来源名MicroPython；独立转售用途未获支持，不能推定品牌回购,未取得无关独立买家用途证据；源品牌不是购买意向,未做逐名权利净空；品牌门是投资证据约束,False,,中外公司及品牌扩扫,https://regery.com/en/bulksearch,,,,,,
3755,microstation.si,,18,仅历史可注册证据（需重查）,,2026-09-30T17:37:10.063Z,来源名Microstation；独立转售用途未获支持，不能推定品牌回购,未取得无关独立买家用途证据；源品牌不是购买意向,未做逐名权利净空；品牌门是投资证据约束,False,,中外公司及品牌扩扫,https://regery.com/en/bulksearch,,,,,,
3756,minutemailer.si,,18,仅历史可注册证据（需重查）,,2026-09-30T17:37:10.063Z,来源名Minutemailer；独立转售用途未获支持，不能推定品牌回购,未取得无关独立买家用途证据；源品牌不是购买意向,未做逐名权利净空；品牌门是投资证据约束,False,,中外公司及品牌扩扫,https://regery.com/en/bulksearch,,,,,,
3757,monkeytype.si,,18,仅历史可注册证据（需重查）,,2026-09-30T17:37:47.483Z,来源名Monkeytype；独立转售用途未获支持，不能推定品牌回购,未取得无关独立买家用途证据；源品牌不是购买意向,未做逐名权利净空；品牌门是投资证据约束,False,,中外公司及品牌扩扫,https://regery.com/en/bulksearch,,,,,,
3758,moscowmetro.si,,18,仅历史可注册证据（需重查）,,2026-09-30T17:37:47.483Z,来源名Moscow Metro；独立转售用途未获支持，不能推定品牌回购,未取得无关独立买家用途证据；源品牌不是购买意向,未做逐名权利净空；品牌门是投资证据约束,False,,中外公司及品牌扩扫,https://regery.com/en/bulksearch,,,,,,
3759,msibusiness.si,,18,仅历史可注册证据（需重查）,,2026-09-30T17:37:47.483Z,来源名MSI Business；独立转售用途未获支持，不能推定品牌回购,未取得无关独立买家用途证据；源品牌不是购买意向,未做逐名权利净空；品牌门是投资证据约束,False,,中外公司及品牌扩扫,https://regery.com/en/bulksearch,,,,,,
3760,materialui.si,,18,仅历史可注册证据（需重查）,,2026-09-30T17:37:47.483Z,来源名MUI；独立转售用途未获支持，不能推定品牌回购,未取得无关独立买家用途证据；源品牌不是购买意向,未做逐名权利净空；品牌门是投资证据约束,False,,中外公司及品牌扩扫,https://regery.com/en/bulksearch,,,,,,
3761,mullvadvpn.si,,18,仅历史可注册证据（需重查）,,2026-09-30T17:37:47.483Z,来源名Mullvad；独立转售用途未获支持，不能推定品牌回购,未取得无关独立买家用途证据；源品牌不是购买意向,未做逐名权利净空；品牌门是投资证据约束,False,,中外公司及品牌扩扫,https://regery.com/en/bulksearch,,,,,,
3762,musicbrainz.si,,18,仅历史可注册证据（需重查）,,2026-09-30T17:37:47.483Z,来源名MusicBrainz；独立转售用途未获支持，不能推定品牌回购,未取得无关独立买家用途证据；源品牌不是购买意向,未做逐名权利净空；品牌门是投资证据约束,False,,中外公司及品牌扩扫,https://regery.com/en/bulksearch,,,,,,
3763,myanimelist.si,,18,仅历史可注册证据（需重查）,,2026-09-30T17:37:47.483Z,来源名MyAnimeList；独立转售用途未获支持，不能推定品牌回购,未取得无关独立买家用途证据；源品牌不是购买意向,未做逐名权利净空；品牌门是投资证据约束,False,,中外公司及品牌扩扫,https://regery.com/en/bulksearch,,,,,,
3764,nanostores.si,,18,仅历史可注册证据（需重查）,,2026-09-30T17:37:47.483Z,来源名Nano Stores；独立转售用途未获支持，不能推定品牌回购,未取得无关独立买家用途证据；源品牌不是购买意向,未做逐名权利净空；品牌门是投资证据约束,False,,中外公司及品牌扩扫,https://regery.com/en/bulksearch,,,,,,
3765,nationalgrid.si,,18,仅历史可注册证据（需重查）,,2026-09-30T17:37:47.483Z,来源名National Grid；独立转售用途未获支持，不能推定品牌回购,未取得无关独立买家用途证据；源品牌不是购买意向,未做逐名权利净空；品牌门是投资证据约束,False,,中外公司及品牌扩扫,https://regery.com/en/bulksearch,,,,,,
3766,nationalrail.si,,18,仅历史可注册证据（需重查）,,2026-09-30T17:37:47.483Z,来源名National Rail；独立转售用途未获支持，不能推定品牌回购,未取得无关独立买家用途证据；源品牌不是购买意向,未做逐名权利净空；品牌门是投资证据约束,False,,中外公司及品牌扩扫,https://regery.com/en/bulksearch,,,,,,
3767,nativescript.si,,18,仅历史可注册证据（需重查）,,2026-09-30T17:37:47.483Z,来源名NativeScript；独立转售用途未获支持，不能推定品牌回购,未取得无关独立买家用途证据；源品牌不是购买意向,未做逐名权利净空；品牌门是投资证据约束,False,,中外公司及品牌扩扫,https://regery.com/en/bulksearch,,,,,,
3768,neutralinojs.si,,18,仅历史可注册证据（需重查）,,2026-09-30T17:38:10.317Z,来源名Neutralinojs；独立转售用途未获支持，不能推定品牌回购,未取得无关独立买家用途证据；源品牌不是购买意向,未做逐名权利净空；品牌门是投资证据约束,False,,中外公司及品牌扩扫,https://regery.com/en/bulksearch,,,,,,
3769,newyorktimes.si,,18,仅历史可注册证据（需重查）,,2026-09-30T17:38:10.317Z,来源名New York Times；独立转售用途未获支持，不能推定品牌回购,未取得无关独立买家用途证据；源品牌不是购买意向,未做逐名权利净空；品牌门是投资证据约束,False,,中外公司及品牌扩扫,https://regery.com/en/bulksearch,,,,,,
3770,newgrounds.si,,18,仅历史可注册证据（需重查）,,2026-09-30T17:38:10.317Z,来源名Newgrounds；独立转售用途未获支持，不能推定品牌回购,未取得无关独立买家用途证据；源品牌不是购买意向,未做逐名权利净空；品牌门是投资证据约束,False,,中外公司及品牌扩扫,https://regery.com/en/bulksearch,,,,,,
3771,nobaralinux.si,,18,仅历史可注册证据（需重查）,,2026-09-30T17:38:10.317Z,来源名Nobara Linux；独立转售用途未获支持，不能推定品牌回购,未取得无关独立买家用途证据；源品牌不是购买意向,未做逐名权利净空；品牌门是投资证据约束,False,,中外公司及品牌扩扫,https://regery.com/en/bulksearch,,,,,,
3772,normalizecss.si,,18,仅历史可注册证据（需重查）,,2026-09-30T17:38:10.317Z,来源名Normalize.css；独立转售用途未获支持，不能推定品牌回购,未取得无关独立买家用途证据；源品牌不是购买意向,未做逐名权利净空；品牌门是投资证据约束,False,,中外公司及品牌扩扫,https://regery.com/en/bulksearch,,,,,,
3773,nounproject.si,,18,仅历史可注册证据（需重查）,,2026-09-30T17:38:10.317Z,来源名Noun Project；独立转售用途未获支持，不能推定品牌回购,未取得无关独立买家用途证据；源品牌不是购买意向,未做逐名权利净空；品牌门是投资证据约束,False,,中外公司及品牌扩扫,https://regery.com/en/bulksearch,,,,,,
3774,octanerender.si,,18,仅历史可注册证据（需重查）,,2026-09-30T17:38:10.317Z,来源名Octane Render；独立转售用途未获支持，不能推定品牌回购,未取得无关独立买家用途证据；源品牌不是购买意向,未做逐名权利净空；品牌门是投资证据约束,False,,中外公司及品牌扩扫,https://regery.com/en/bulksearch,,,,,,
3775,octobercms.si,,18,仅历史可注册证据（需重查）,,2026-09-30T17:38:10.317Z,来源名October CMS；独立转售用途未获支持，不能推定品牌回购,未取得无关独立买家用途证据；源品牌不是购买意向,未做逐名权利净空；品牌门是投资证据约束,False,,中外公司及品牌扩扫,https://regery.com/en/bulksearch,,,,,,
3776,omadacloud.si,,18,仅历史可注册证据（需重查）,,2026-09-30T17:38:53.972Z,来源名Omada Cloud；独立转售用途未获支持，不能推定品牌回购,未取得无关独立买家用途证据；源品牌不是购买意向,未做逐名权利净空；品牌门是投资证据约束,False,,中外公司及品牌扩扫,https://regery.com/en/bulksearch,,,,,,
3777,onlyoffice.si,,18,仅历史可注册证据（需重查）,,2026-09-30T17:38:53.972Z,来源名ONLYOFFICE；独立转售用途未获支持，不能推定品牌回购,未取得无关独立买家用途证据；源品牌不是购买意向,未做逐名权利净空；品牌门是投资证据约束,False,,中外公司及品牌扩扫,https://regery.com/en/bulksearch,,,,,,
3778,opencritic.si,,18,仅历史可注册证据（需重查）,,2026-09-30T17:38:53.972Z,来源名OpenCritic；独立转售用途未获支持，不能推定品牌回购,未取得无关独立买家用途证据；源品牌不是购买意向,未做逐名权利净空；品牌门是投资证据约束,False,,中外公司及品牌扩扫,https://regery.com/en/bulksearch,,,,,,
3779,openlayers.si,,18,仅历史可注册证据（需重查）,,2026-09-30T17:38:53.972Z,来源名Openlayers；独立转售用途未获支持，不能推定品牌回购,未取得无关独立买家用途证据；源品牌不是购买意向,未做逐名权利净空；品牌门是投资证据约束,False,,中外公司及品牌扩扫,https://regery.com/en/bulksearch,,,,,,
3780,microfocus.si,,18,仅历史可注册证据（需重查）,,2026-09-30T17:38:53.972Z,来源名OpenText；独立转售用途未获支持，不能推定品牌回购,未取得无关独立买家用途证据；源品牌不是购买意向,未做逐名权利净空；品牌门是投资证据约束,False,,中外公司及品牌扩扫,https://regery.com/en/bulksearch,,,,,,
3781,openzeppelin.si,,18,仅历史可注册证据（需重查）,,2026-09-30T17:38:53.972Z,来源名OpenZeppelin；独立转售用途未获支持，不能推定品牌回购,未取得无关独立买家用途证据；源品牌不是购买意向,未做逐名权利净空；品牌门是投资证据约束,False,,中外公司及品牌扩扫,https://regery.com/en/bulksearch,,,,,,
3782,orchardcore.si,,18,仅历史可注册证据（需重查）,,2026-09-30T17:38:53.972Z,来源名Orchard Core；独立转售用途未获支持，不能推定品牌回购,未取得无关独立买家用途证据；源品牌不是购买意向,未做逐名权利净空；品牌门是投资证据约束,False,,中外公司及品牌扩扫,https://regery.com/en/bulksearch,,,,,,
3783,organicmaps.si,,18,仅历史可注册证据（需重查）,,2026-09-30T17:38:53.972Z,来源名Organic Maps；独立转售用途未获支持，不能推定品牌回购,未取得无关独立买家用途证据；源品牌不是购买意向,未做逐名权利净空；品牌门是投资证据约束,False,,中外公司及品牌扩扫,https://regery.com/en/bulksearch,,,,,,
3784,paddlepaddle.si,,18,仅历史可注册证据（需重查）,,2026-09-30T17:38:53.972Z,来源名PaddlePaddle；独立转售用途未获支持，不能推定品牌回购,未取得无关独立买家用途证据；源品牌不是购买意向,未做逐名权利净空；品牌门是投资证据约束,False,,中外公司及品牌扩扫,https://regery.com/en/bulksearch,,,,,,
3785,paperlessngx.si,,18,仅历史可注册证据（需重查）,,2026-09-30T17:39:16.743Z,来源名Paperless-ngx；独立转售用途未获支持，不能推定品牌回购,未取得无关独立买家用途证据；源品牌不是购买意向,未做逐名权利净空；品牌门是投资证据约束,False,,中外公司及品牌扩扫,https://regery.com/en/bulksearch,,,,,,
3786,paperspace.si,,18,仅历史可注册证据（需重查）,,2026-09-30T17:39:16.743Z,来源名Paperspace；独立转售用途未获支持，不能推定品牌回购,未取得无关独立买家用途证据；源品牌不是购买意向,未做逐名权利净空；品牌门是投资证据约束,False,,中外公司及品牌扩扫,https://regery.com/en/bulksearch,,,,,,
3787,payloadcms.si,,18,仅历史可注册证据（需重查）,,2026-09-30T17:39:16.743Z,来源名Payload CMS；独立转售用途未获支持，不能推定品牌回购,未取得无关独立买家用途证据；源品牌不是购买意向,未做逐名权利净空；品牌门是投资证据约束,False,,中外公司及品牌扩扫,https://regery.com/en/bulksearch,,,,,,
3788,pcgamingwiki.si,,18,仅历史可注册证据（需重查）,,2026-09-30T17:39:16.743Z,来源名PCGamingWiki；独立转售用途未获支持，不能推定品牌回购,未取得无关独立买家用途证据；源品牌不是购买意向,未做逐名权利净空；品牌门是投资证据约束,False,,中外公司及品牌扩扫,https://regery.com/en/bulksearch,,,,,,
3789,petsathome.si,,18,仅历史可注册证据（需重查）,,2026-09-30T17:39:16.743Z,来源名Pets at Home；独立转售用途未获支持，不能推定品牌回购,未取得无关独立买家用途证据；源品牌不是购买意向,未做逐名权利净空；品牌门是投资证据约束,False,,中外公司及品牌扩扫,https://regery.com/en/bulksearch,,,,,,
3790,phabricator.si,,18,仅历史可注册证据（需重查）,,2026-09-30T17:39:16.743Z,来源名Phabricator；独立转售用途未获支持，不能推定品牌回购,未取得无关独立买家用途证据；源品牌不是购买意向,未做逐名权利净空；品牌门是投资证据约束,False,,中外公司及品牌扩扫,https://regery.com/en/bulksearch,,,,,,
3791,philipshue.si,,18,仅历史可注册证据（需重查）,,2026-09-30T17:39:16.743Z,来源名Philips Hue；独立转售用途未获支持，不能推定品牌回购,未取得无关独立买家用途证据；源品牌不是购买意向,未做逐名权利净空；品牌门是投资证据约束,False,,中外公司及品牌扩扫,https://regery.com/en/bulksearch,,,,,,
3792,photobucket.si,,18,仅历史可注册证据（需重查）,,2026-09-30T17:39:16.743Z,来源名Photobucket；独立转售用途未获支持，不能推定品牌回购,未取得无关独立买家用途证据；源品牌不是购买意向,未做逐名权利净空；品牌门是投资证据约束,False,,中外公司及品牌扩扫,https://regery.com/en/bulksearch,,,,,,
3793,photocrowd.si,,18,仅历史可注册证据（需重查）,,2026-09-30T17:39:16.743Z,来源名Photocrowd；独立转售用途未获支持，不能推定品牌回购,未取得无关独立买家用途证据；源品牌不是购买意向,未做逐名权利净空；品牌门是投资证据约束,False,,中外公司及品牌扩扫,https://regery.com/en/bulksearch,,,,,,
3794,phpmyadmin.si,,18,仅历史可注册证据（需重查）,,2026-09-30T17:39:16.743Z,来源名phpMyAdmin；独立转售用途未获支持，不能推定品牌回购,未取得无关独立买家用途证据；源品牌不是购买意向,未做逐名权利净空；品牌门是投资证据约束,False,,中外公司及品牌扩扫,https://regery.com/en/bulksearch,,,,,,
3795,piaggiogroup.si,,18,仅历史可注册证据（需重查）,,2026-09-30T17:39:16.743Z,来源名Piaggio Group；独立转售用途未获支持，不能推定品牌回购,未取得无关独立买家用途证据；源品牌不是购买意向,未做逐名权利净空；品牌门是投资证据约束,False,,中外公司及品牌扩扫,https://regery.com/en/bulksearch,,,,,,
3796,pinescript.si,,18,仅历史可注册证据（需重查）,,2026-09-30T17:39:41.505Z,来源名Pine Script；独立转售用途未获支持，不能推定品牌回购,未取得无关独立买家用途证据；源品牌不是购买意向,未做逐名权利净空；品牌门是投资证据约束,False,,中外公司及品牌扩扫,https://regery.com/en/bulksearch,,,,,,
3797,planetscale.si,,18,仅历史可注册证据（需重查）,,2026-09-30T17:39:41.505Z,来源名PlanetScale；独立转售用途未获支持，不能推定品牌回购,未取得无关独立买家用途证据；源品牌不是购买意向,未做逐名权利净空；品牌门是投资证据约束,False,,中外公司及品牌扩扫,https://regery.com/en/bulksearch,,,,,,
3798,platformsh.si,,18,仅历史可注册证据（需重查）,,2026-09-30T17:39:41.505Z,来源名Platform.sh；独立转售用途未获支持，不能推定品牌回购,未取得无关独立买家用途证据；源品牌不是购买意向,未做逐名权利净空；品牌门是投资证据约束,False,,中外公司及品牌扩扫,https://regery.com/en/bulksearch,,,,,,
3799,platformio.si,,18,仅历史可注册证据（需重查）,,2026-09-30T17:39:41.505Z,来源名PlatformIO；独立转售用途未获支持，不能推定品牌回购,未取得无关独立买家用途证据；源品牌不是购买意向,未做逐名权利净空；品牌门是投资证据约束,False,,中外公司及品牌扩扫,https://regery.com/en/bulksearch,,,,,,
3800,playcanvas.si,,18,仅历史可注册证据（需重查）,,2026-09-30T17:39:41.505Z,来源名PlayCanvas；独立转售用途未获支持，不能推定品牌回购,未取得无关独立买家用途证据；源品牌不是购买意向,未做逐名权利净空；品牌门是投资证据约束,False,,中外公司及品牌扩扫,https://regery.com/en/bulksearch,,,,,,
3801,pluralsight.si,,18,仅历史可注册证据（需重查）,,2026-09-30T17:39:41.505Z,来源名Pluralsight；独立转售用途未获支持，不能推定品牌回购,未取得无关独立买家用途证据；源品牌不是购买意向,未做逐名权利净空；品牌门是投资证据约束,False,,中外公司及品牌扩扫,https://regery.com/en/bulksearch,,,,,,
3802,pocketcasts.si,,18,仅历史可注册证据（需重查）,,2026-09-30T17:39:41.505Z,来源名Pocket Casts；独立转售用途未获支持，不能推定品牌回购,未取得无关独立买家用途证据；源品牌不是购买意向,未做逐名权利净空；品牌门是投资证据约束,False,,中外公司及品牌扩扫,https://regery.com/en/bulksearch,,,,,,
3803,pocketbase.si,,18,仅历史可注册证据（需重查）,,2026-09-30T17:39:41.505Z,来源名PocketBase；独立转售用途未获支持，不能推定品牌回购,未取得无关独立买家用途证据；源品牌不是购买意向,未做逐名权利净空；品牌门是投资证据约束,False,,中外公司及品牌扩扫,https://regery.com/en/bulksearch,,,,,,
3804,podcastindex.si,,18,仅历史可注册证据（需重查）,,2026-09-30T17:39:41.505Z,来源名Podcast Index；独立转售用途未获支持，不能推定品牌回购,未取得无关独立买家用途证据；源品牌不是购买意向,未做逐名权利净空；品牌门是投资证据约束,False,,中外公司及品牌扩扫,https://regery.com/en/bulksearch,,,,,,
3805,portswigger.si,,18,仅历史可注册证据（需重查）,,2026-09-30T17:39:41.505Z,来源名PortSwigger；独立转售用途未获支持，不能推定品牌回购,未取得无关独立买家用途证据；源品牌不是购买意向,未做逐名权利净空；品牌门是投资证据约束,False,,中外公司及品牌扩扫,https://regery.com/en/bulksearch,,,,,,
3806,postgresql.si,,18,仅历史可注册证据（需重查）,,2026-09-30T17:39:41.505Z,来源名PostgreSQL；独立转售用途未获支持，不能推定品牌回购,未取得无关独立买家用途证据；源品牌不是购买意向,未做逐名权利净空；品牌门是投资证据约束,False,,中外公司及品牌扩扫,https://regery.com/en/bulksearch,,,,,,
3807,primefaces.si,,18,仅历史可注册证据（需重查）,,2026-09-30T17:40:02.310Z,来源名PrimeFaces；独立转售用途未获支持，不能推定品牌回购,未取得无关独立买家用途证据；源品牌不是购买意向,未做逐名权利净空；品牌门是投资证据约束,False,,中外公司及品牌扩扫,https://regery.com/en/bulksearch,,,,,,
3808,primereact.si,,18,仅历史可注册证据（需重查）,,2026-09-30T17:40:02.310Z,来源名PrimeReact；独立转售用途未获支持，不能推定品牌回购,未取得无关独立买家用途证据；源品牌不是购买意向,未做逐名权利净空；品牌门是投资证据约束,False,,中外公司及品牌扩扫,https://regery.com/en/bulksearch,,,,,,
3809,processwire.si,,18,仅历史可注册证据（需重查）,,2026-09-30T17:40:02.310Z,来源名ProcessWire；独立转售用途未获支持，不能推定品牌回购,未取得无关独立买家用途证据；源品牌不是购买意向,未做逐名权利净空；品牌门是投资证据约束,False,,中外公司及品牌扩扫,https://regery.com/en/bulksearch,,,,,,
3810,pronounspage.si,,18,仅历史可注册证据（需重查）,,2026-09-30T17:40:02.310Z,来源名Pronouns.page；独立转售用途未获支持，不能推定品牌回购,未取得无关独立买家用途证据；源品牌不是购买意向,未做逐名权利净空；品牌门是投资证据约束,False,,中外公司及品牌扩扫,https://regery.com/en/bulksearch,,,,,,
3811,prosemirror.si,,18,仅历史可注册证据（需重查）,,2026-09-30T17:40:02.310Z,来源名ProseMirror；独立转售用途未获支持，不能推定品牌回购,未取得无关独立买家用途证据；源品牌不是购买意向,未做逐名权利净空；品牌门是投资证据约束,False,,中外公司及品牌扩扫,https://regery.com/en/bulksearch,,,,,,
3812,protocolsio.si,,18,仅历史可注册证据（需重查）,,2026-09-30T17:40:02.310Z,来源名protocols.io；独立转售用途未获支持，不能推定品牌回购,未取得无关独立买家用途证据；源品牌不是购买意向,未做逐名权利净空；品牌门是投资证据约束,False,,中外公司及品牌扩扫,https://regery.com/en/bulksearch,,,,,,
3813,protondrive.si,,18,仅历史可注册证据（需重查）,,2026-09-30T17:40:02.310Z,来源名Proton Drive；独立转售用途未获支持，不能推定品牌回购,未取得无关独立买家用途证据；源品牌不是购买意向,未做逐名权利净空；品牌门是投资证据约束,False,,中外公司及品牌扩扫,https://regery.com/en/bulksearch,,,,,,
3814,protonmail.si,,18,仅历史可注册证据（需重查）,,2026-09-30T17:40:02.310Z,来源名Proton Mail；独立转售用途未获支持，不能推定品牌回购,未取得无关独立买家用途证据；源品牌不是购买意向,未做逐名权利净空；品牌门是投资证据约束,False,,中外公司及品牌扩扫,https://regery.com/en/bulksearch,,,,,,
3815,purescript.si,,18,仅历史可注册证据（需重查）,,2026-09-30T17:40:41.689Z,来源名PureScript；独立转售用途未获支持，不能推定品牌回购,未取得无关独立买家用途证据；源品牌不是购买意向,未做逐名权利净空；品牌门是投资证据约束,False,,中外公司及品牌扩扫,https://regery.com/en/bulksearch,,,,,,
3816,pushbullet.si,,18,仅历史可注册证据（需重查）,,2026-09-30T17:40:41.689Z,来源名Pushbullet；独立转售用途未获支持，不能推定品牌回购,未取得无关独立买家用途证据；源品牌不是购买意向,未做逐名权利净空；品牌门是投资证据约束,False,,中外公司及品牌扩扫,https://regery.com/en/bulksearch,,,,,,
3817,pyscaffold.si,,18,仅历史可注册证据（需重查）,,2026-09-30T17:40:41.689Z,来源名PyScaffold；独立转售用途未获支持，不能推定品牌回购,未取得无关独立买家用途证据；源品牌不是购买意向,未做逐名权利净空；品牌门是投资证据约束,False,,中外公司及品牌扩扫,https://regery.com/en/bulksearch,,,,,,
3818,qbittorrent.si,,18,仅历史可注册证据（需重查）,,2026-09-30T17:40:41.689Z,来源名qbittorrent；独立转售用途未获支持，不能推定品牌回购,未取得无关独立买家用途证据；源品牌不是购买意向,未做逐名权利净空；品牌门是投资证据约束,False,,中外公司及品牌扩扫,https://regery.com/en/bulksearch,,,,,,
3819,quantconnect.si,,18,仅历史可注册证据（需重查）,,2026-09-30T17:40:41.689Z,来源名QuantConnect；独立转售用途未获支持，不能推定品牌回购,未取得无关独立买家用途证据；源品牌不是购买意向,未做逐名权利净空；品牌门是投资证据约束,False,,中外公司及品牌扩扫,https://regery.com/en/bulksearch,,,,,,
3820,radiantearth.si,,18,仅历史可注册证据（需重查）,,2026-09-30T17:40:41.689Z,来源名Radiant Earth；独立转售用途未获支持，不能推定品牌回购,未取得无关独立买家用途证据；源品牌不是购买意向,未做逐名权利净空；品牌门是投资证据约束,False,,中外公司及品牌扩扫,https://regery.com/en/bulksearch,,,,,,
3821,radiofrance.si,,18,仅历史可注册证据（需重查）,,2026-09-30T17:40:41.689Z,来源名Radio France；独立转售用途未获支持，不能推定品牌回购,未取得无关独立买家用途证据；源品牌不是购买意向,未做逐名权利净空；品牌门是投资证据约束,False,,中外公司及品牌扩扫,https://regery.com/en/bulksearch,,,,,,
3822,rakutenkobo.si,,18,仅历史可注册证据（需重查）,,2026-09-30T17:40:41.689Z,来源名Rakuten Kobo；独立转售用途未获支持，不能推定品牌回购,未取得无关独立买家用途证据；源品牌不是购买意向,未做逐名权利净空；品牌门是投资证据约束,False,,中外公司及品牌扩扫,https://regery.com/en/bulksearch,,,,,,
3823,reactquery.si,,18,仅历史可注册证据（需重查）,,2026-09-30T17:40:41.689Z,来源名React Query；独立转售用途未获支持，不能推定品牌回购,未取得无关独立买家用途证据；源品牌不是购买意向,未做逐名权利净空；品牌门是投资证据约束,False,,中外公司及品牌扩扫,https://regery.com/en/bulksearch,,,,,,
3824,reactrouter.si,,18,仅历史可注册证据（需重查）,,2026-09-30T17:40:41.689Z,来源名React Router；独立转售用途未获支持，不能推定品牌回购,未取得无关独立买家用途证据；源品牌不是购买意向,未做逐名权利净空；品牌门是投资证据约束,False,,中外公司及品牌扩扫,https://regery.com/en/bulksearch,,,,,,
3825,reacttable.si,,18,仅历史可注册证据（需重查）,,2026-09-30T17:40:41.689Z,来源名React Table；独立转售用途未获支持，不能推定品牌回购,未取得无关独立买家用途证据；源品牌不是购买意向,未做逐名权利净空；品牌门是投资证据约束,False,,中外公司及品牌扩扫,https://regery.com/en/bulksearch,,,,,,
3826,readthedocs.si,,18,仅历史可注册证据（需重查）,,2026-09-30T17:40:41.689Z,来源名Read the Docs；独立转售用途未获支持，不能推定品牌回购,未取得无关独立买家用途证据；源品牌不是购买意向,未做逐名权利净空；品牌门是投资证据约束,False,,中外公司及品牌扩扫,https://regery.com/en/bulksearch,,,,,,
3827,rescuetime.si,,18,仅历史可注册证据（需重查）,,2026-09-30T17:41:03.512Z,来源名RescueTime；独立转售用途未获支持，不能推定品牌回购,未取得无关独立买家用途证据；源品牌不是购买意向,未做逐名权利净空；品牌门是投资证据约束,False,,中外公司及品牌扩扫,https://regery.com/en/bulksearch,,,,,,
3828,researchgate.si,,18,仅历史可注册证据（需重查）,,2026-09-30T17:41:03.512Z,来源名ResearchGate；独立转售用途未获支持，不能推定品牌回购,未取得无关独立买家用途证据；源品牌不是购买意向,未做逐名权利净空；品牌门是投资证据约束,False,,中外公司及品牌扩扫,https://regery.com/en/bulksearch,,,,,,
3829,revenuecat.si,,18,仅历史可注册证据（需重查）,,2026-09-30T17:41:03.512Z,来源名RevenueCat；独立转售用途未获支持，不能推定品牌回购,未取得无关独立买家用途证据；源品牌不是购买意向,未做逐名权利净空；品牌门是投资证据约束,False,,中外公司及品牌扩扫,https://regery.com/en/bulksearch,,,,,,
3830,reverbnation.si,,18,仅历史可注册证据（需重查）,,2026-09-30T17:41:03.512Z,来源名ReverbNation；独立转售用途未获支持，不能推定品牌回购,未取得无关独立买家用途证据；源品牌不是购买意向,未做逐名权利净空；品牌门是投资证据约束,False,,中外公司及品牌扩扫,https://regery.com/en/bulksearch,,,,,,
3831,revoltchat.si,,18,仅历史可注册证据（需重查）,,2026-09-30T17:41:03.512Z,来源名Revolt.chat；独立转售用途未获支持，不能推定品牌回购,未取得无关独立买家用途证据；源品牌不是购买意向,未做逐名权利净空；品牌门是投资证据约束,False,,中外公司及品牌扩扫,https://regery.com/en/bulksearch,,,,,,
3832,ritzcarlton.si,,18,仅历史可注册证据（需重查）,,2026-09-30T17:41:03.512Z,来源名Ritz Carlton；独立转售用途未获支持，不能推定品牌回购,未取得无关独立买家用途证据；源品牌不是购买意向,未做逐名权利净空；品牌门是投资证据约束,False,,中外公司及品牌扩扫,https://regery.com/en/bulksearch,,,,,,
3833,roamresearch.si,,18,仅历史可注册证据（需重查）,,2026-09-30T17:41:03.512Z,来源名Roam Research；独立转售用途未获支持，不能推定品牌回购,未取得无关独立买家用途证据；源品牌不是购买意向,未做逐名权利净空；品牌门是投资证据约束,False,,中外公司及品牌扩扫,https://regery.com/en/bulksearch,,,,,,
3834,robloxstudio.si,,18,仅历史可注册证据（需重查）,,2026-09-30T17:41:03.512Z,来源名Roblox Studio；独立转售用途未获支持，不能推定品牌回购,未取得无关独立买家用途证据；源品牌不是购买意向,未做逐名权利净空；品牌门是投资证据约束,False,,中外公司及品牌扩扫,https://regery.com/en/bulksearch,,,,,,
3835,rocketchat.si,,18,仅历史可注册证据（需重查）,,2026-09-30T17:41:03.512Z,来源名Rocket.Chat；独立转售用途未获支持，不能推定品牌回购,未取得无关独立买家用途证据；源品牌不是购买意向,未做逐名权利净空；品牌门是投资证据约束,False,,中外公司及品牌扩扫,https://regery.com/en/bulksearch,,,,,,
3836,rockylinux.si,,18,仅历史可注册证据（需重查）,,2026-09-30T17:41:03.512Z,来源名Rocky Linux；独立转售用途未获支持，不能推定品牌回购,未取得无关独立买家用途证据；源品牌不是购买意向,未做逐名权利净空；品牌门是投资证据约束,False,,中外公司及品牌扩扫,https://regery.com/en/bulksearch,,,,,,
3837,rollsroyce.si,,18,仅历史可注册证据（需重查）,,2026-09-30T17:41:46.229Z,来源名Rolls-Royce / Rolls-Royce (Aerospace & Defence)；独立转售用途未获支持，不能推定品牌回购,未取得无关独立买家用途证据；源品牌不是购买意向,未做逐名权利净空；品牌门是投资证据约束,False,,中外公司及品牌扩扫,https://regery.com/en/bulksearch,,,,,,
3838,rootsbedrock.si,,18,仅历史可注册证据（需重查）,,2026-09-30T17:41:46.229Z,来源名Roots Bedrock；独立转售用途未获支持，不能推定品牌回购,未取得无关独立买家用途证据；源品牌不是购买意向,未做逐名权利净空；品牌门是投资证据约束,False,,中外公司及品牌扩扫,https://regery.com/en/bulksearch,,,,,,
3839,rstudioide.si,,18,仅历史可注册证据（需重查）,,2026-09-30T17:41:46.229Z,来源名RStudio IDE；独立转售用途未获支持，不能推定品牌回购,未取得无关独立买家用途证据；源品牌不是购买意向,未做逐名权利净空；品牌门是投资证据约束,False,,中外公司及品牌扩扫,https://regery.com/en/bulksearch,,,,,,
3840,rubyonrails.si,,18,仅历史可注册证据（需重查）,,2026-09-30T17:41:46.229Z,来源名Ruby on Rails；独立转售用途未获支持，不能推定品牌回购,未取得无关独立买家用途证据；源品牌不是购买意向,未做逐名权利净空；品牌门是投资证据约束,False,,中外公司及品牌扩扫,https://regery.com/en/bulksearch,,,,,,
3841,rubysinatra.si,,18,仅历史可注册证据（需重查）,,2026-09-30T17:41:46.229Z,来源名Ruby Sinatra；独立转售用途未获支持，不能推定品牌回购,未取得无关独立买家用途证据；源品牌不是购买意向,未做逐名权利净空；品牌门是投资证据约束,False,,中外公司及品牌扩扫,https://regery.com/en/bulksearch,,,,,,
3842,sahibinden.si,,18,仅历史可注册证据（需重查）,,2026-09-30T17:41:46.229Z,来源名Sahibinden；独立转售用途未获支持，不能推定品牌回购,未取得无关独立买家用途证据；源品牌不是购买意向,未做逐名权利净空；品牌门是投资证据约束,False,,中外公司及品牌扩扫,https://regery.com/en/bulksearch,,,,,,
3843,sailfishos.si,,18,仅历史可注册证据（需重查）,,2026-09-30T17:41:46.229Z,来源名Sailfish OS；独立转售用途未获支持，不能推定品牌回购,未取得无关独立买家用途证据；源品牌不是购买意向,未做逐名权利净空；品牌门是投资证据约束,False,,中外公司及品牌扩扫,https://regery.com/en/bulksearch,,,,,,
3844,saltproject.si,,18,仅历史可注册证据（需重查）,,2026-09-30T17:41:46.229Z,来源名Salt Project；独立转售用途未获支持，不能推定品牌回购,未取得无关独立买家用途证据；源品牌不是购买意向,未做逐名权利净空；品牌门是投资证据约束,False,,中外公司及品牌扩扫,https://regery.com/en/bulksearch,,,,,,
3845,samsungpay.si,,18,仅历史可注册证据（需重查）,,2026-09-30T17:41:46.229Z,来源名Samsung Pay；独立转售用途未获支持，不能推定品牌回购,未取得无关独立买家用途证据；源品牌不是购买意向,未做逐名权利净空；品牌门是投资证据约束,False,,中外公司及品牌扩扫,https://regery.com/en/bulksearch,,,,,,
3846,scikitlearn.si,,18,仅历史可注册证据（需重查）,,2026-09-30T17:41:46.229Z,来源名scikit-learn；独立转售用途未获支持，不能推定品牌回购,未取得无关独立买家用途证据；源品牌不是购买意向,未做逐名权利净空；品牌门是投资证据约束,False,,中外公司及品牌扩扫,https://regery.com/en/bulksearch,,,,,,
3847,scrollreveal.si,,18,仅历史可注册证据（需重查）,,2026-09-30T17:41:46.229Z,来源名ScrollReveal；独立转售用途未获支持，不能推定品牌回购,未取得无关独立买家用途证据；源品牌不是购买意向,未做逐名权利净空；品牌门是投资证据约束,False,,中外公司及品牌扩扫,https://regery.com/en/bulksearch,,,,,,
3848,semanticui.si,,18,仅历史可注册证据（需重查）,,2026-09-30T17:42:20.376Z,来源名Semantic UI；独立转售用途未获支持，不能推定品牌回购,未取得无关独立买家用途证据；源品牌不是购买意向,未做逐名权利净空；品牌门是投资证据约束,False,,中外公司及品牌扩扫,https://regery.com/en/bulksearch,,,,,,
3849,semaphoreci.si,,18,仅历史可注册证据（需重查）,,2026-09-30T17:42:20.376Z,来源名Semaphore CI；独立转售用途未获支持，不能推定品牌回购,未取得无关独立买家用途证据；源品牌不是购买意向,未做逐名权利净空；品牌门是投资证据约束,False,,中外公司及品牌扩扫,https://regery.com/en/bulksearch,,,,,,
3850,serverfault.si,,18,仅历史可注册证据（需重查）,,2026-09-30T17:42:20.376Z,来源名Server Fault；独立转售用途未获支持，不能推定品牌回购,未取得无关独立买家用途证据；源品牌不是购买意向,未做逐名权利净空；品牌门是投资证据约束,False,,中外公司及品牌扩扫,https://regery.com/en/bulksearch,,,,,,
3851,sessionize.si,,18,仅历史可注册证据（需重查）,,2026-09-30T17:42:20.376Z,来源名Sessionize；独立转售用途未获支持，不能推定品牌回购,未取得无关独立买家用途证据；源品牌不是购买意向,未做逐名权利净空；品牌门是投资证据约束,False,,中外公司及品牌扩扫,https://regery.com/en/bulksearch,,,,,,
3852,setuptools.si,,18,仅历史可注册证据（需重查）,,2026-09-30T17:42:20.376Z,来源名Setuptools；独立转售用途未获支持，不能推定品牌回购,未取得无关独立买家用途证据；源品牌不是购买意向,未做逐名权利净空；品牌门是投资证据约束,False,,中外公司及品牌扩扫,https://regery.com/en/bulksearch,,,,,,
3853,simpleicons.si,,18,仅历史可注册证据（需重查）,,2026-09-30T17:42:20.376Z,来源名Simple Icons；独立转售用途未获支持，不能推定品牌回购,未取得无关独立买家用途证据；源品牌不是购买意向,未做逐名权利净空；品牌门是投资证据约束,False,,中外公司及品牌扩扫,https://regery.com/en/bulksearch,,,,,,
3854,simplelogin.si,,18,仅历史可注册证据（需重查）,,2026-09-30T17:42:20.376Z,来源名SimpleLogin；独立转售用途未获支持，不能推定品牌回购,未取得无关独立买家用途证据；源品牌不是购买意向,未做逐名权利净空；品牌门是投资证据约束,False,,中外公司及品牌扩扫,https://regery.com/en/bulksearch,,,,,,
3855,simplenote.si,,18,仅历史可注册证据（需重查）,,2026-09-30T17:42:20.376Z,来源名Simplenote；独立转售用途未获支持，不能推定品牌回购,未取得无关独立买家用途证据；源品牌不是购买意向,未做逐名权利净空；品牌门是投资证据约束,False,,中外公司及品牌扩扫,https://regery.com/en/bulksearch,,,,,,
3856,slideshare.si,,18,仅历史可注册证据（需重查）,,2026-09-30T17:42:47.219Z,来源名SlideShare；独立转售用途未获支持，不能推定品牌回购,未取得无关独立买家用途证据；源品牌不是购买意向,未做逐名权利净空；品牌门是投资证据约束,False,,中外公司及品牌扩扫,https://regery.com/en/bulksearch,,,,,,
3857,smartthings.si,,18,仅历史可注册证据（需重查）,,2026-09-30T17:42:47.219Z,来源名SmartThings；独立转售用途未获支持，不能推定品牌回购,未取得无关独立买家用途证据；源品牌不是购买意向,未做逐名权利净空；品牌门是投资证据约束,False,,中外公司及品牌扩扫,https://regery.com/en/bulksearch,,,,,,
3858,smoothcomp.si,,18,仅历史可注册证据（需重查）,,2026-09-30T17:42:47.219Z,来源名Smoothcomp；独立转售用途未获支持，不能推定品牌回购,未取得无关独立买家用途证据；源品牌不是购买意向,未做逐名权利净空；品牌门是投资证据约束,False,,中外公司及品牌扩扫,https://regery.com/en/bulksearch,,,,,,
3859,socialblade.si,,18,仅历史可注册证据（需重查）,,2026-09-30T17:42:47.219Z,来源名Social Blade；独立转售用途未获支持，不能推定品牌回购,未取得无关独立买家用途证据；源品牌不是购买意向,未做逐名权利净空；品牌门是投资证据约束,False,,中外公司及品牌扩扫,https://regery.com/en/bulksearch,,,,,,
3860,softcatala.si,,18,仅历史可注册证据（需重查）,,2026-09-30T17:42:47.219Z,来源名Softcatalà；独立转售用途未获支持，不能推定品牌回购,未取得无关独立买家用途证据；源品牌不是购买意向,未做逐名权利净空；品牌门是投资证据约束,False,,中外公司及品牌扩扫,https://regery.com/en/bulksearch,,,,,,
3861,soundcharts.si,,18,仅历史可注册证据（需重查）,,2026-09-30T17:42:47.219Z,来源名Soundcharts；独立转售用途未获支持，不能推定品牌回购,未取得无关独立买家用途证据；源品牌不是购买意向,未做逐名权利净空；品牌门是投资证据约束,False,,中外公司及品牌扩扫,https://regery.com/en/bulksearch,,,,,,
3862,sourceengine.si,,18,仅历史可注册证据（需重查）,,2026-09-30T17:42:47.219Z,来源名Source Engine；独立转售用途未获支持，不能推定品牌回购,未取得无关独立买家用途证据；源品牌不是购买意向,未做逐名权利净空；品牌门是投资证据约束,False,,中外公司及品牌扩扫,https://regery.com/en/bulksearch,,,,,,
3863,sourceforge.si,,18,仅历史可注册证据（需重查）,,2026-09-30T17:42:47.219Z,来源名SourceForge；独立转售用途未获支持，不能推定品牌回购,未取得无关独立买家用途证据；源品牌不是购买意向,未做逐名权利净空；品牌门是投资证据约束,False,,中外公司及品牌扩扫,https://regery.com/en/bulksearch,,,,,,
3864,sourcetree.si,,18,仅历史可注册证据（需重查）,,2026-09-30T17:42:47.219Z,来源名Sourcetree；独立转售用途未获支持，不能推定品牌回购,未取得无关独立买家用途证据；源品牌不是购买意向,未做逐名权利净空；品牌门是投资证据约束,False,,中外公司及品牌扩扫,https://regery.com/en/bulksearch,,,,,,
3865,speakerdeck.si,,18,仅历史可注册证据（需重查）,,2026-09-30T17:43:09.329Z,来源名Speaker Deck；独立转售用途未获支持，不能推定品牌回购,未取得无关独立买家用途证据；源品牌不是购买意向,未做逐名权利净空；品牌门是投资证据约束,False,,中外公司及品牌扩扫,https://regery.com/en/bulksearch,,,,,,
3866,speedypage.si,,18,仅历史可注册证据（需重查）,,2026-09-30T17:43:09.329Z,来源名SpeedyPage；独立转售用途未获支持，不能推定品牌回购,未取得无关独立买家用途证据；源品牌不是购买意向,未做逐名权利净空；品牌门是投资证据约束,False,,中外公司及品牌扩扫,https://regery.com/en/bulksearch,,,,,,
3867,spreadshirt.si,,18,仅历史可注册证据（需重查）,,2026-09-30T17:43:09.329Z,来源名Spreadshirt；独立转售用途未获支持，不能推定品牌回购,未取得无关独立买家用途证据；源品牌不是购买意向,未做逐名权利净空；品牌门是投资证据约束,False,,中外公司及品牌扩扫,https://regery.com/en/bulksearch,,,,,,
3868,springboot.si,,18,仅历史可注册证据（需重查）,,2026-09-30T17:43:09.329Z,来源名Spring Boot；独立转售用途未获支持，不能推定品牌回购,未取得无关独立买家用途证据；源品牌不是购买意向,未做逐名权利净空；品牌门是投资证据约束,False,,中外公司及品牌扩扫,https://regery.com/en/bulksearch,,,,,,
3869,sqlalchemy.si,,18,仅历史可注册证据（需重查）,,2026-09-30T17:43:09.329Z,来源名SQLAlchemy；独立转售用途未获支持，不能推定品牌回购,未取得无关独立买家用途证据；源品牌不是购买意向,未做逐名权利净空；品牌门是投资证据约束,False,,中外公司及品牌扩扫,https://regery.com/en/bulksearch,,,,,,
3870,squareenix.si,,18,仅历史可注册证据（需重查）,,2026-09-30T17:43:09.329Z,来源名Square Enix；独立转售用途未获支持，不能推定品牌回购,未取得无关独立买家用途证据；源品牌不是购买意向,未做逐名权利净空；品牌门是投资证据约束,False,,中外公司及品牌扩扫,https://regery.com/en/bulksearch,,,,,,
3871,stackblitz.si,,18,仅历史可注册证据（需重查）,,2026-09-30T17:43:09.329Z,来源名StackBlitz；独立转售用途未获支持，不能推定品牌回购,未取得无关独立买家用途证据；源品牌不是购买意向,未做逐名权利净空；品牌门是投资证据约束,False,,中外公司及品牌扩扫,https://regery.com/en/bulksearch,,,,,,
3872,stackshare.si,,18,仅历史可注册证据（需重查）,,2026-09-30T17:43:09.329Z,来源名StackShare；独立转售用途未获支持，不能推定品牌回购,未取得无关独立买家用途证据；源品牌不是购买意向,未做逐名权利净空；品牌门是投资证据约束,False,,中外公司及品牌扩扫,https://regery.com/en/bulksearch,,,,,,
3873,stagetimer.si,,18,仅历史可注册证据（需重查）,,2026-09-30T17:43:09.329Z,来源名Stagetimer；独立转售用途未获支持，不能推定品牌回购,未取得无关独立买家用途证据；源品牌不是购买意向,未做逐名权利净空；品牌门是投资证据约束,False,,中外公司及品牌扩扫,https://regery.com/en/bulksearch,,,,,,
3874,standardjs.si,,18,仅历史可注册证据（需重查）,,2026-09-30T17:43:09.329Z,来源名StandardJS；独立转售用途未获支持，不能推定品牌回购,未取得无关独立买家用途证据；源品牌不是购买意向,未做逐名权利净空；品牌门是投资证据约束,False,,中外公司及品牌扩扫,https://regery.com/en/bulksearch,,,,,,
3875,starlingbank.si,,18,仅历史可注册证据（需重查）,,2026-09-30T17:43:09.329Z,来源名Starling Bank；独立转售用途未获支持，不能推定品牌回购,未取得无关独立买家用途证据；源品牌不是购买意向,未做逐名权利净空；品牌门是投资证据约束,False,,中外公司及品牌扩扫,https://regery.com/en/bulksearch,,,,,,
3876,statuspage.si,,18,仅历史可注册证据（需重查）,,2026-09-30T17:43:09.329Z,来源名Statuspage；独立转售用途未获支持，不能推定品牌回购,未取得无关独立买家用途证据；源品牌不是购买意向,未做逐名权利净空；品牌门是投资证据约束,False,,中外公司及品牌扩扫,https://regery.com/en/bulksearch,,,,,,
3877,steamworks.si,,18,仅历史可注册证据（需重查）,,2026-09-30T17:43:55.237Z,来源名Steamworks；独立转售用途未获支持，不能推定品牌回购,未取得无关独立买家用途证据；源品牌不是购买意向,未做逐名权利净空；品牌门是投资证据约束,False,,中外公司及品牌扩扫,https://regery.com/en/bulksearch,,,,,,
3878,steelseries.si,,18,仅历史可注册证据（需重查）,,2026-09-30T17:43:55.237Z,来源名Steelseries；独立转售用途未获支持，不能推定品牌回购,未取得无关独立买家用途证据；源品牌不是购买意向,未做逐名权利净空；品牌门是投资证据约束,False,,中外公司及品牌扩扫,https://regery.com/en/bulksearch,,,,,,
3879,strongswan.si,,18,仅历史可注册证据（需重查）,,2026-09-30T17:43:55.237Z,来源名strongSwan；独立转售用途未获支持，不能推定品牌回购,未取得无关独立买家用途证据；源品牌不是购买意向,未做逐名权利净空；品牌门是投资证据约束,False,,中外公司及品牌扩扫,https://regery.com/en/bulksearch,,,,,,
3880,styleshare.si,,18,仅历史可注册证据（需重查）,,2026-09-30T17:43:55.237Z,来源名StyleShare；独立转售用途未获支持，不能推定品牌回购,未取得无关独立买家用途证据；源品牌不是购买意向,未做逐名权利净空；品牌门是投资证据约束,False,,中外公司及品牌扩扫,https://regery.com/en/bulksearch,,,,,,
3881,sublimetext.si,,18,仅历史可注册证据（需重查）,,2026-09-30T17:43:55.237Z,来源名Sublime Text；独立转售用途未获支持，不能推定品牌回购,未取得无关独立买家用途证据；源品牌不是购买意向,未做逐名权利净空；品牌门是投资证据约束,False,,中外公司及品牌扩扫,https://regery.com/en/bulksearch,,,,,,
3882,subtitleedit.si,,18,仅历史可注册证据（需重查）,,2026-09-30T17:43:55.237Z,来源名Subtitle Edit；独立转售用途未获支持，不能推定品牌回购,未取得无关独立买家用途证据；源品牌不是购买意向,未做逐名权利净空；品牌门是投资证据约束,False,,中外公司及品牌扩扫,https://regery.com/en/bulksearch,,,,,,
3883,supercrease.si,,18,仅历史可注册证据（需重查）,,2026-09-30T17:43:55.237Z,来源名Supercrease；独立转售用途未获支持，不能推定品牌回购,未取得无关独立买家用途证据；源品牌不是购买意向,未做逐名权利净空；品牌门是投资证据约束,False,,中外公司及品牌扩扫,https://regery.com/en/bulksearch,,,,,,
3884,surveymonkey.si,,18,仅历史可注册证据（需重查）,,2026-09-30T17:43:55.237Z,来源名SurveyMonkey；独立转售用途未获支持，不能推定品牌回购,未取得无关独立买家用途证据；源品牌不是购买意向,未做逐名权利净空；品牌门是投资证据约束,False,,中外公司及品牌扩扫,https://regery.com/en/bulksearch,,,,,,
3885,tablecheck.si,,18,仅历史可注册证据（需重查）,,2026-09-30T17:44:29.838Z,来源名TableCheck；独立转售用途未获支持，不能推定品牌回购,未取得无关独立买家用途证据；源品牌不是购买意向,未做逐名权利净空；品牌门是投资证据约束,False,,中外公司及品牌扩扫,https://regery.com/en/bulksearch,,,,,,
3886,taichilang.si,,18,仅历史可注册证据（需重查）,,2026-09-30T17:44:29.838Z,来源名Taichi Lang；独立转售用途未获支持，不能推定品牌回购,未取得无关独立买家用途证据；源品牌不是购买意向,未做逐名权利净空；品牌门是投资证据约束,False,,中外公司及品牌扩扫,https://regery.com/en/bulksearch,,,,,,
3887,tailwindcss.si,,18,仅历史可注册证据（需重查）,,2026-09-30T17:44:29.838Z,来源名Tailwind CSS；独立转售用途未获支持，不能推定品牌回购,未取得无关独立买家用途证据；源品牌不是购买意向,未做逐名权利净空；品牌门是投资证据约束,False,,中外公司及品牌扩扫,https://regery.com/en/bulksearch,,,,,,
3888,talenthouse.si,,18,仅历史可注册证据（需重查）,,2026-09-30T17:44:29.838Z,来源名Talenthouse；独立转售用途未获支持，不能推定品牌回购,未取得无关独立买家用途证据；源品牌不是购买意向,未做逐名权利净空；品牌门是投资证据约束,False,,中外公司及品牌扩扫,https://regery.com/en/bulksearch,,,,,,
3889,tampermonkey.si,,18,仅历史可注册证据（需重查）,,2026-09-30T17:44:29.838Z,来源名Tampermonkey；独立转售用途未获支持，不能推定品牌回购,未取得无关独立买家用途证据；源品牌不是购买意向,未做逐名权利净空；品牌门是投资证据约束,False,,中外公司及品牌扩扫,https://regery.com/en/bulksearch,,,,,,
3890,techcrunch.si,,18,仅历史可注册证据（需重查）,,2026-09-30T17:44:29.838Z,来源名TechCrunch；独立转售用途未获支持，不能推定品牌回购,未取得无关独立买家用途证据；源品牌不是购买意向,未做逐名权利净空；品牌门是投资证据约束,False,,中外公司及品牌扩扫,https://regery.com/en/bulksearch,,,,,,
3891,telequebec.si,,18,仅历史可注册证据（需重查）,,2026-09-30T17:44:29.838Z,来源名Télé-Québec；独立转售用途未获支持，不能推定品牌回购,未取得无关独立买家用途证据；源品牌不是购买意向,未做逐名权利净空；品牌门是投资证据约束,False,,中外公司及品牌扩扫,https://regery.com/en/bulksearch,,,,,,
3892,textpattern.si,,18,仅历史可注册证据（需重查）,,2026-09-30T17:44:29.838Z,来源名Textpattern；独立转售用途未获支持，不能推定品牌回购,未取得无关独立买家用途证据；源品牌不是购买意向,未做逐名权利净空；品牌门是投资证据约束,False,,中外公司及品牌扩扫,https://regery.com/en/bulksearch,,,,,,
3893,theregister.si,,18,仅历史可注册证据（需重查）,,2026-09-30T17:44:57.014Z,来源名The Register；独立转售用途未获支持，不能推定品牌回购,未取得无关独立买家用途证据；源品牌不是购买意向,未做逐名权利净空；品牌门是投资证据约束,False,,中外公司及品牌扩扫,https://regery.com/en/bulksearch,,,,,,
3894,weathercom.si,,18,仅历史可注册证据（需重查）,,2026-09-30T17:44:57.014Z,来源名The Weather Channel；独立转售用途未获支持，不能推定品牌回购,未取得无关独立买家用途证据；源品牌不是购买意向,未做逐名权利净空；品牌门是投资证据约束,False,,中外公司及品牌扩扫,https://regery.com/en/bulksearch,,,,,,
3895,thingiverse.si,,18,仅历史可注册证据（需重查）,,2026-09-30T17:44:57.014Z,来源名Thingiverse；独立转售用途未获支持，不能推定品牌回购,未取得无关独立买家用途证据；源品牌不是购买意向,未做逐名权利净空；品牌门是投资证据约束,False,,中外公司及品牌扩扫,https://regery.com/en/bulksearch,,,,,,
3896,thunderstore.si,,18,仅历史可注册证据（需重查）,,2026-09-30T17:44:57.014Z,来源名Thunderstore；独立转售用途未获支持，不能推定品牌回购,未取得无关独立买家用途证据；源品牌不是购买意向,未做逐名权利净空；品牌门是投资证据约束,False,,中外公司及品牌扩扫,https://regery.com/en/bulksearch,,,,,,
3897,tickettailor.si,,18,仅历史可注册证据（需重查）,,2026-09-30T17:44:57.014Z,来源名Ticket Tailor；独立转售用途未获支持，不能推定品牌回购,未取得无关独立买家用途证据；源品牌不是购买意向,未做逐名权利净空；品牌门是投资证据约束,False,,中外公司及品牌扩扫,https://regery.com/en/bulksearch,,,,,,
3898,tiddlywiki.si,,18,仅历史可注册证据（需重查）,,2026-09-30T17:44:57.014Z,来源名TiddlyWiki；独立转售用途未获支持，不能推定品牌回购,未取得无关独立买家用途证据；源品牌不是购买意向,未做逐名权利净空；品牌门是投资证据约束,False,,中外公司及品牌扩扫,https://regery.com/en/bulksearch,,,,,,
3899,tinyletter.si,,18,仅历史可注册证据（需重查）,,2026-09-30T17:44:57.014Z,来源名TinyLetter；独立转售用途未获支持，不能推定品牌回购,未取得无关独立买家用途证据；源品牌不是购买意向,未做逐名权利净空；品牌门是投资证据约束,False,,中外公司及品牌扩扫,https://regery.com/en/bulksearch,,,,,,
3900,toggltrack.si,,18,仅历史可注册证据（需重查）,,2026-09-30T17:44:57.014Z,来源名Toggl Track；独立转售用途未获支持，不能推定品牌回购,未取得无关独立买家用途证据；源品牌不是购买意向,未做逐名权利净空；品牌门是投资证据约束,False,,中外公司及品牌扩扫,https://regery.com/en/bulksearch,,,,,,
3901,tokyometro.si,,18,仅历史可注册证据（需重查）,,2026-09-30T17:44:57.014Z,来源名Tokyo Metro；独立转售用途未获支持，不能推定品牌回购,未取得无关独立买家用途证据；源品牌不是购买意向,未做逐名权利净空；品牌门是投资证据约束,False,,中外公司及品牌扩扫,https://regery.com/en/bulksearch,,,,,,
3902,torbrowser.si,,18,仅历史可注册证据（需重查）,,2026-09-30T17:44:57.014Z,来源名Tor Browser；独立转售用途未获支持，不能推定品牌回购,未取得无关独立买家用途证据；源品牌不是购买意向,未做逐名权利净空；品牌门是投资证据约束,False,,中外公司及品牌扩扫,https://regery.com/en/bulksearch,,,,,,
3903,torproject.si,,18,仅历史可注册证据（需重查）,,2026-09-30T17:44:57.014Z,来源名Tor Project；独立转售用途未获支持，不能推定品牌回购,未取得无关独立买家用途证据；源品牌不是购买意向,未做逐名权利净空；品牌门是投资证据约束,False,,中外公司及品牌扩扫,https://regery.com/en/bulksearch,,,,,,
3904,traefikmesh.si,,18,仅历史可注册证据（需重查）,,2026-09-30T17:44:57.014Z,来源名Traefik Mesh；独立转售用途未获支持，不能推定品牌回购,未取得无关独立买家用途证据；源品牌不是购买意向,未做逐名权利净空；品牌门是投资证据约束,False,,中外公司及品牌扩扫,https://regery.com/en/bulksearch,,,,,,
3905,traefikproxy.si,,18,仅历史可注册证据（需重查）,,2026-09-30T17:45:31.230Z,来源名Traefik Proxy；独立转售用途未获支持，不能推定品牌回购,未取得无关独立买家用途证据；源品牌不是购买意向,未做逐名权利净空；品牌门是投资证据约束,False,,中外公司及品牌扩扫,https://regery.com/en/bulksearch,,,,,,
3906,trailforks.si,,18,仅历史可注册证据（需重查）,,2026-09-30T17:45:31.230Z,来源名Trailforks；独立转售用途未获支持，不能推定品牌回购,未取得无关独立买家用途证据；源品牌不是购买意向,未做逐名权利净空；品牌门是投资证据约束,False,,中外公司及品牌扩扫,https://regery.com/en/bulksearch,,,,,,
3907,trainerroad.si,,18,仅历史可注册证据（需重查）,,2026-09-30T17:45:31.230Z,来源名TrainerRoad；独立转售用途未获支持，不能推定品牌回购,未取得无关独立买家用途证据；源品牌不是购买意向,未做逐名权利净空；品牌门是投资证据约束,False,,中外公司及品牌扩扫,https://regery.com/en/bulksearch,,,,,,
3908,traxsource.si,,18,仅历史可注册证据（需重查）,,2026-09-30T17:45:31.230Z,来源名Traxsource；独立转售用途未获支持，不能推定品牌回购,未取得无关独立买家用途证据；源品牌不是购买意向,未做逐名权利净空；品牌门是投资证据约束,False,,中外公司及品牌扩扫,https://regery.com/en/bulksearch,,,,,,
3909,trustedshops.si,,18,仅历史可注册证据（需重查）,,2026-09-30T17:45:31.230Z,来源名Trusted Shops；独立转售用途未获支持，不能推定品牌回购,未取得无关独立买家用途证据；源品牌不是购买意向,未做逐名权利净空；品牌门是投资证据约束,False,,中外公司及品牌扩扫,https://regery.com/en/bulksearch,,,,,,
3910,tryitonline.si,,18,仅历史可注册证据（需重查）,,2026-09-30T17:45:31.230Z,来源名Try It Online；独立转售用途未获支持，不能推定品牌回购,未取得无关独立买家用途证据；源品牌不是购买意向,未做逐名权利净空；品牌门是投资证据约束,False,,中外公司及品牌扩扫,https://regery.com/en/bulksearch,,,,,,
3911,turbosquid.si,,18,仅历史可注册证据（需重查）,,2026-09-30T17:45:31.230Z,来源名TurboSquid；独立转售用途未获支持，不能推定品牌回购,未取得无关独立买家用途证据；源品牌不是购买意向,未做逐名权利净空；品牌门是投资证据约束,False,,中外公司及品牌扩扫,https://regery.com/en/bulksearch,,,,,,
3912,twinmotion.si,,18,仅历史可注册证据（需重查）,,2026-09-30T17:45:31.230Z,来源名Twinmotion；独立转售用途未获支持，不能推定品牌回购,未取得无关独立买家用途证据；源品牌不是购买意向,未做逐名权利净空；品牌门是投资证据约束,False,,中外公司及品牌扩扫,https://regery.com/en/bulksearch,,,,,,
3913,ublockorigin.si,,18,仅历史可注册证据（需重查）,,2026-09-30T17:45:31.230Z,来源名uBlock Origin；独立转售用途未获支持，不能推定品牌回购,未取得无关独立买家用途证据；源品牌不是购买意向,未做逐名权利净空；品牌门是投资证据约束,False,,中外公司及品牌扩扫,https://regery.com/en/bulksearch,,,,,,
3914,ubuntumate.si,,18,仅历史可注册证据（需重查）,,2026-09-30T17:45:31.230Z,来源名Ubuntu MATE；独立转售用途未获支持，不能推定品牌回购,未取得无关独立买家用途证据；源品牌不是购买意向,未做逐名权利净空；品牌门是投资证据约束,False,,中外公司及品牌扩扫,https://regery.com/en/bulksearch,,,,,,
3915,ultralytics.si,,18,仅历史可注册证据（需重查）,,2026-09-30T17:45:31.230Z,来源名Ultralytics；独立转售用途未获支持，不能推定品牌回购,未取得无关独立买家用途证据；源品牌不是购买意向,未做逐名权利净空；品牌门是投资证据约束,False,,中外公司及品牌扩扫,https://regery.com/en/bulksearch,,,,,,
3916,underscorejs.si,,18,仅历史可注册证据（需重查）,,2026-09-30T17:45:31.230Z,来源名Underscore.js；独立转售用途未获支持，不能推定品牌回购,未取得无关独立买家用途证据；源品牌不是购买意向,未做逐名权利净空；品牌门是投资证据约束,False,,中外公司及品牌扩扫,https://regery.com/en/bulksearch,,,,,,
3917,unrealengine.si,,18,仅历史可注册证据（需重查）,,2026-09-30T17:45:54.684Z,来源名Unreal Engine；独立转售用途未获支持，不能推定品牌回购,未取得无关独立买家用途证据；源品牌不是购买意向,未做逐名权利净空；品牌门是投资证据约束,False,,中外公司及品牌扩扫,https://regery.com/en/bulksearch,,,,,,
3918,uptimekuma.si,,18,仅历史可注册证据（需重查）,,2026-09-30T17:45:54.684Z,来源名Uptime Kuma；独立转售用途未获支持，不能推定品牌回购,未取得无关独立买家用途证据；源品牌不是购买意向,未做逐名权利净空；品牌门是投资证据约束,False,,中外公司及品牌扩扫,https://regery.com/en/bulksearch,,,,,,
3919,vaultwarden.si,,18,仅历史可注册证据（需重查）,,2026-09-30T17:45:54.684Z,来源名Vaultwarden；独立转售用途未获支持，不能推定品牌回购,未取得无关独立买家用途证据；源品牌不是购买意向,未做逐名权利净空；品牌门是投资证据约束,False,,中外公司及品牌扩扫,https://regery.com/en/bulksearch,,,,,,
3920,vectorworks.si,,18,仅历史可注册证据（需重查）,,2026-09-30T17:45:54.684Z,来源名Vectorworks；独立转售用途未获支持，不能推定品牌回购,未取得无关独立买家用途证据；源品牌不是购买意向,未做逐名权利净空；品牌门是投资证据约束,False,,中外公司及品牌扩扫,https://regery.com/en/bulksearch,,,,,,
3921,virgingroup.si,,18,仅历史可注册证据（需重查）,,2026-09-30T17:45:54.684Z,来源名Virgin；独立转售用途未获支持，不能推定品牌回购,未取得无关独立买家用途证据；源品牌不是购买意向,未做逐名权利净空；品牌门是投资证据约束,False,,中外公司及品牌扩扫,https://regery.com/en/bulksearch,,,,,,
3922,virtualbox.si,,18,仅历史可注册证据（需重查）,,2026-09-30T17:45:54.684Z,来源名VirtualBox；独立转售用途未获支持，不能推定品牌回购,未取得无关独立买家用途证据；源品牌不是购买意向,未做逐名权利净空；品牌门是投资证据约束,False,,中外公司及品牌扩扫,https://regery.com/en/bulksearch,,,,,,
3923,virustotal.si,,18,仅历史可注册证据（需重查）,,2026-09-30T17:45:54.684Z,来源名VirusTotal；独立转售用途未获支持，不能推定品牌回购,未取得无关独立买家用途证据；源品牌不是购买意向,未做逐名权利净空；品牌门是投资证据约束,False,,中外公司及品牌扩扫,https://regery.com/en/bulksearch,,,,,,
3924,vorondesign.si,,18,仅历史可注册证据（需重查）,,2026-09-30T17:45:54.684Z,来源名Voron Design；独立转售用途未获支持，不能推定品牌回购,未取得无关独立买家用途证据；源品牌不是购买意向,未做逐名权利净空；品牌门是投资证据约束,False,,中外公司及品牌扩扫,https://regery.com/en/bulksearch,,,,,,
3925,vowpalwabbit.si,,18,仅历史可注册证据（需重查）,,2026-09-30T17:45:54.684Z,来源名Vowpal Wabbit；独立转售用途未获支持，不能推定品牌回购,未取得无关独立买家用途证据；源品牌不是购买意向,未做逐名权利净空；品牌门是投资证据约束,False,,中外公司及品牌扩扫,https://regery.com/en/bulksearch,,,,,,
3926,wappalyzer.si,,18,仅历史可注册证据（需重查）,,2026-09-30T17:45:54.684Z,来源名Wappalyzer；独立转售用途未获支持，不能推定品牌回购,未取得无关独立买家用途证据；源品牌不是购买意向,未做逐名权利净空；品牌门是投资证据约束,False,,中外公司及品牌扩扫,https://regery.com/en/bulksearch,,,,,,
3927,webawesome.si,,18,仅历史可注册证据（需重查）,,2026-09-30T17:45:54.684Z,来源名Web Awesome；独立转售用途未获支持，不能推定品牌回购,未取得无关独立买家用途证据；源品牌不是购买意向,未做逐名权利净空；品牌门是投资证据约束,False,,中外公司及品牌扩扫,https://regery.com/en/bulksearch,,,,,,
3928,webdriverio.si,,18,仅历史可注册证据（需重查）,,2026-09-30T17:45:54.684Z,来源名WebdriverIO；独立转售用途未获支持，不能推定品牌回购,未取得无关独立买家用途证据；源品牌不是购买意向,未做逐名权利净空；品牌门是投资证据约束,False,,中外公司及品牌扩扫,https://regery.com/en/bulksearch,,,,,,
3929,westernunion.si,,18,仅历史可注册证据（需重查）,,2026-09-30T17:45:54.684Z,来源名Western Union；独立转售用途未获支持，不能推定品牌回购,未取得无关独立买家用途证据；源品牌不是购买意向,未做逐名权利净空；品牌门是投资证据约束,False,,中外公司及品牌扩扫,https://regery.com/en/bulksearch,,,,,,
3930,wetransfer.si,,18,仅历史可注册证据（需重查）,,2026-09-30T17:45:54.684Z,来源名WeTransfer；独立转售用途未获支持，不能推定品牌回购,未取得无关独立买家用途证据；源品牌不是购买意向,未做逐名权利净空；品牌门是投资证据约束,False,,中外公司及品牌扩扫,https://regery.com/en/bulksearch,,,,,,
3931,wikisource.si,,18,仅历史可注册证据（需重查）,,2026-09-30T17:45:54.684Z,来源名Wikisource；独立转售用途未获支持，不能推定品牌回购,未取得无关独立买家用途证据；源品牌不是购买意向,未做逐名权利净空；品牌门是投资证据约束,False,,中外公司及品牌扩扫,https://regery.com/en/bulksearch,,,,,,
3932,wikiversity.si,,18,仅历史可注册证据（需重查）,,2026-09-30T17:45:54.684Z,来源名Wikiversity；独立转售用途未获支持，不能推定品牌回购,未取得无关独立买家用途证据；源品牌不是购买意向,未做逐名权利净空；品牌门是投资证据约束,False,,中外公司及品牌扩扫,https://regery.com/en/bulksearch,,,,,,
3933,wikivoyage.si,,18,仅历史可注册证据（需重查）,,2026-09-30T17:46:23.933Z,来源名Wikivoyage；独立转售用途未获支持，不能推定品牌回购,未取得无关独立买家用途证据；源品牌不是购买意向,未做逐名权利净空；品牌门是投资证据约束,False,,中外公司及品牌扩扫,https://regery.com/en/bulksearch,,,,,,
3934,wpexplorer.si,,18,仅历史可注册证据（需重查）,,2026-09-30T17:46:23.933Z,来源名WPExplorer；独立转售用途未获支持，不能推定品牌回购,未取得无关独立买家用途证据；源品牌不是购买意向,未做逐名权利净空；品牌门是投资证据约束,False,,中外公司及品牌扩扫,https://regery.com/en/bulksearch,,,,,,
3935,svelteflow.si,,18,仅历史可注册证据（需重查）,,2026-09-30T17:46:23.933Z,来源名xyflow；独立转售用途未获支持，不能推定品牌回购,未取得无关独立买家用途证据；源品牌不是购买意向,未做逐名权利净空；品牌门是投资证据约束,False,,中外公司及品牌扩扫,https://regery.com/en/bulksearch,,,,,,
3936,yandexcloud.si,,18,仅历史可注册证据（需重查）,,2026-09-30T17:46:23.933Z,来源名Yandex Cloud；独立转售用途未获支持，不能推定品牌回购,未取得无关独立买家用途证据；源品牌不是购买意向,未做逐名权利净空；品牌门是投资证据约束,False,,中外公司及品牌扩扫,https://regery.com/en/bulksearch,,,,,,
3937,youtubekids.si,,18,仅历史可注册证据（需重查）,,2026-09-30T17:46:23.933Z,来源名YouTube Kids；独立转售用途未获支持，不能推定品牌回购,未取得无关独立买家用途证据；源品牌不是购买意向,未做逐名权利净空；品牌门是投资证据约束,False,,中外公司及品牌扩扫,https://regery.com/en/bulksearch,,,,,,
3938,youtubemusic.si,,18,仅历史可注册证据（需重查）,,2026-09-30T17:46:23.933Z,来源名YouTube Music；独立转售用途未获支持，不能推定品牌回购,未取得无关独立买家用途证据；源品牌不是购买意向,未做逐名权利净空；品牌门是投资证据约束,False,,中外公司及品牌扩扫,https://regery.com/en/bulksearch,,,,,,
3939,zenbrowser.si,,18,仅历史可注册证据（需重查）,,2026-09-30T17:46:23.933Z,来源名Zen Browser；独立转售用途未获支持，不能推定品牌回购,未取得无关独立买家用途证据；源品牌不是购买意向,未做逐名权利净空；品牌门是投资证据约束,False,,中外公司及品牌扩扫,https://regery.com/en/bulksearch,,,,,,
3940,zincsearch.si,,18,仅历史可注册证据（需重查）,,2026-09-30T17:46:23.933Z,来源名ZincSearch；独立转售用途未获支持，不能推定品牌回购,未取得无关独立买家用途证据；源品牌不是购买意向,未做逐名权利净空；品牌门是投资证据约束,False,,中外公司及品牌扩扫,https://regery.com/en/bulksearch,,,,,,
3941,tiktokdouyin.si,,18,仅历史可注册证据（需重查）,,2026-09-30T17:46:23.933Z,来源名TikTok/Douyin；独立转售用途未获支持，不能推定品牌回购,未取得无关独立买家用途证据；源品牌不是购买意向,未做逐名权利净空；品牌门是投资证据约束,False,,中外公司及品牌扩扫,https://regery.com/en/bulksearch,,,,,,
3942,samsunggroup.si,,18,仅历史可注册证据（需重查）,,2026-09-30T17:46:23.933Z,来源名Samsung Group；独立转售用途未获支持，不能推定品牌回购,未取得无关独立买家用途证据；源品牌不是购买意向,未做逐名权利净空；品牌门是投资证据约束,False,,中外公司及品牌扩扫,https://regery.com/en/bulksearch,,,,,,
3943,bankofchina.si,,18,仅历史可注册证据（需重查）,,2026-09-30T17:46:23.933Z,来源名Bank of China / BANK OF CHINA；独立转售用途未获支持，不能推定品牌回购,未取得无关独立买家用途证据；源品牌不是购买意向,未做逐名权利净空；品牌门是投资证据约束,False,,中外公司及品牌扩扫,https://regery.com/en/bulksearch,,,,,,
3944,allianzgroup.si,,18,仅历史可注册证据（需重查）,,2026-09-30T17:46:23.933Z,来源名Allianz Group；独立转售用途未获支持，不能推定品牌回购,未取得无关独立买家用途证据；源品牌不是购买意向,未做逐名权利净空；品牌门是投资证据约束,False,,中外公司及品牌扩扫,https://regery.com/en/bulksearch,,,,,,
3945,chinamobile.si,,18,仅历史可注册证据（需重查）,,2026-09-30T17:46:23.933Z,来源名China Mobile / CHINA MOBILE；独立转售用途未获支持，不能推定品牌回购,未取得无关独立买家用途证据；源品牌不是购买意向,未做逐名权利净空；品牌门是投资证据约束,False,,中外公司及品牌扩扫,https://regery.com/en/bulksearch,,,,,,
3946,hyundaigroup.si,,18,仅历史可注册证据（需重查）,,2026-09-30T17:47:08.694Z,来源名Hyundai Group；独立转售用途未获支持，不能推定品牌回购,未取得无关独立买家用途证据；源品牌不是购买意向,未做逐名权利净空；品牌门是投资证据约束,False,,中外公司及品牌扩扫,https://regery.com/en/bulksearch,,,,,,
3947,petrochina.si,,18,仅历史可注册证据（需重查）,,2026-09-30T17:47:08.694Z,来源名Petrochina；独立转售用途未获支持，不能推定品牌回购,未取得无关独立买家用途证据；源品牌不是购买意向,未做逐名权利净空；品牌门是投资证据约束,False,,中外公司及品牌扩扫,https://regery.com/en/bulksearch,,,,,,
3948,mitsuigroup.si,,18,仅历史可注册证据（需重查）,,2026-09-30T17:47:08.694Z,来源名Mitsui Group；独立转售用途未获支持，不能推定品牌回购,未取得无关独立买家用途证据；源品牌不是购买意向,未做逐名权利净空；品牌门是投资证据约束,False,,中外公司及品牌扩扫,https://regery.com/en/bulksearch,,,,,,
3949,sinopecgroup.si,,18,仅历史可注册证据（需重查）,,2026-09-30T17:47:08.694Z,来源名Sinopec Group / 中国石油化工集团有限公司；独立转售用途未获支持，不能推定品牌回购,未取得无关独立买家用途证据；源品牌不是购买意向,未做逐名权利净空；品牌门是投资证据约束,False,,中外公司及品牌扩扫,https://regery.com/en/bulksearch,,,,,,
3950,siemensgroup.si,,18,仅历史可注册证据（需重查）,,2026-09-30T17:47:08.694Z,来源名Siemens Group；独立转售用途未获支持，不能推定品牌回购,未取得无关独立买家用途证据；源品牌不是购买意向,未做逐名权利净空；品牌门是投资证据约束,False,,中外公司及品牌扩扫,https://regery.com/en/bulksearch,,,,,,
3951,bnpparibas.si,,18,仅历史可注册证据（需重查）,,2026-09-30T17:47:08.694Z,来源名BNP Paribas；独立转售用途未获支持，不能推定品牌回购,未取得无关独立买家用途证据；源品牌不是购买意向,未做逐名权利净空；品牌门是投资证据约束,False,,中外公司及品牌扩扫,https://regery.com/en/bulksearch,,,,,,
3952,nongfuspring.si,,18,仅历史可注册证据（需重查）,,2026-09-30T17:47:59.644Z,来源名Nongfu Spring / NONGFU SPRING；独立转售用途未获支持，不能推定品牌回购,未取得无关独立买家用途证据；源品牌不是购买意向,未做逐名权利净空；品牌门是投资证据约束,False,,中外公司及品牌扩扫,https://regery.com/en/bulksearch,,,,,,
3953,coronaextra.si,,18,仅历史可注册证据（需重查）,,2026-09-30T17:47:59.644Z,来源名Corona Extra；独立转售用途未获支持，不能推定品牌回购,未取得无关独立买家用途证据；源品牌不是购买意向,未做逐名权利净空；品牌门是投资证据约束,False,,中外公司及品牌扩扫,https://regery.com/en/bulksearch,,,,,,
3954,sandpglobal.si,,18,仅历史可注册证据（需重查）,,2026-09-30T17:47:59.644Z,来源名S&P Global；独立转售用途未获支持，不能推定品牌回购,未取得无关独立买家用途证据；源品牌不是购买意向,未做逐名权利净空；品牌门是投资证据约束,False,,中外公司及品牌扩扫,https://regery.com/en/bulksearch,,,,,,
3955,chinatelecom.si,,18,仅历史可注册证据（需重查）,,2026-09-30T17:47:59.644Z,来源名China Telecom / CHINA TELECOM；独立转售用途未获支持，不能推定品牌回购,未取得无关独立买家用途证据；源品牌不是购买意向,未做逐名权利净空；品牌门是投资证据约束,False,,中外公司及品牌扩扫,https://regery.com/en/bulksearch,,,,,,
3956,canadalife.si,,18,仅历史可注册证据（需重查）,,2026-09-30T17:48:54.626Z,来源名Canada Life；独立转售用途未获支持，不能推定品牌回购,未取得无关独立买家用途证据；源品牌不是购买意向,未做逐名权利净空；品牌门是投资证据约束,False,,中外公司及品牌扩扫,https://regery.com/en/bulksearch,,,,,,
3957,prudentialus.si,,18,仅历史可注册证据（需重查）,,2026-09-30T17:48:54.626Z,来源名Prudential (US)；独立转售用途未获支持，不能推定品牌回购,未取得无关独立买家用途证据；源品牌不是购买意向,未做逐名权利净空；品牌门是投资证据约束,False,,中外公司及品牌扩扫,https://regery.com/en/bulksearch,,,,,,
3958,woolworths.si,,18,仅历史可注册证据（需重查）,,2026-09-30T17:48:54.626Z,来源名Woolworths；独立转售用途未获支持，不能推定品牌回购,未取得无关独立买家用途证据；源品牌不是购买意向,未做逐名权利净空；品牌门是投资证据约束,False,,中外公司及品牌扩扫,https://regery.com/en/bulksearch,,,,,,
3959,alrajhibank.si,,18,仅历史可注册证据（需重查）,,2026-09-30T17:48:54.626Z,来源名Al-Rajhi Bank；独立转售用途未获支持，不能推定品牌回购,未取得无关独立买家用途证据；源品牌不是购买意向,未做逐名权利净空；品牌门是投资证据约束,False,,中外公司及品牌扩扫,https://regery.com/en/bulksearch,,,,,,
3960,lloydsbank.si,,18,仅历史可注册证据（需重查）,,2026-09-30T17:48:54.626Z,来源名Lloyds Bank；独立转售用途未获支持，不能推定品牌回购,未取得无关独立买家用途证据；源品牌不是购买意向,未做逐名权利净空；品牌门是投资证据约束,False,,中外公司及品牌扩扫,https://regery.com/en/bulksearch,,,,,,
3961,powerchina.si,,18,仅历史可注册证据（需重查）,,2026-09-30T17:49:20.862Z,来源名Power China / 中国电力建设集团有限公司；独立转售用途未获支持，不能推定品牌回购,未取得无关独立买家用途证据；源品牌不是购买意向,未做逐名权利净空；品牌门是投资证据约束,False,,中外公司及品牌扩扫,https://regery.com/en/bulksearch,,,,,,
3962,tiffanyandco.si,,18,仅历史可注册证据（需重查）,,2026-09-30T17:49:20.862Z,来源名Tiffany & Co.；独立转售用途未获支持，不能推定品牌回购,未取得无关独立买家用途证据；源品牌不是购买意向,未做逐名权利净空；品牌门是投资证据约束,False,,中外公司及品牌扩扫,https://regery.com/en/bulksearch,,,,,,
3963,daiichilife.si,,18,仅历史可注册证据（需重查）,,2026-09-30T17:49:20.862Z,来源名Dai-Ichi Life；独立转售用途未获支持，不能推定品牌回购,未取得无关独立买家用途证据；源品牌不是购买意向,未做逐名权利净空；品牌门是投资证据约束,False,,中外公司及品牌扩扫,https://regery.com/en/bulksearch,,,,,,
3964,tokiomarine.si,,18,仅历史可注册证据（需重查）,,2026-09-30T17:49:20.862Z,来源名Tokio Marine；独立转售用途未获支持，不能推定品牌回购,未取得无关独立买家用途证据；源品牌不是购买意向,未做逐名权利净空；品牌门是投资证据约束,False,,中外公司及品牌扩扫,https://regery.com/en/bulksearch,,,,,,
3965,thehartford.si,,18,仅历史可注册证据（需重查）,,2026-09-30T17:49:20.862Z,来源名The Hartford；独立转售用途未获支持，不能推定品牌回购,未取得无关独立买家用途证据；源品牌不是购买意向,未做逐名权利净空；品牌门是投资证据约束,False,,中外公司及品牌扩扫,https://regery.com/en/bulksearch,,,,,,
3966,kbfinancial.si,,18,仅历史可注册证据（需重查）,,2026-09-30T17:49:20.862Z,来源名KB Financial Group；独立转售用途未获支持，不能推定品牌回购,未取得无关独立买家用途证据；源品牌不是购买意向,未做逐名权利净空；品牌门是投资证据约束,False,,中外公司及品牌扩扫,https://regery.com/en/bulksearch,,,,,,
3967,viettelgroup.si,,18,仅历史可注册证据（需重查）,,2026-09-30T17:49:49.268Z,来源名Viettel Group；独立转售用途未获支持，不能推定品牌回购,未取得无关独立买家用途证据；源品牌不是购买意向,未做逐名权利净空；品牌门是投资证据约束,False,,中外公司及品牌扩扫,https://regery.com/en/bulksearch,,,,,,
3968,icicigroup.si,,18,仅历史可注册证据（需重查）,,2026-09-30T17:49:49.268Z,来源名ICICI Group；独立转售用途未获支持，不能推定品牌回购,未取得无关独立买家用途证据；源品牌不是购买意向,未做逐名权利净空；品牌门是投资证据约束,False,,中外公司及品牌扩扫,https://regery.com/en/bulksearch,,,,,,
3969,wiprogroup.si,,18,仅历史可注册证据（需重查）,,2026-09-30T17:49:49.268Z,来源名Wipro Group；独立转售用途未获支持，不能推定品牌回购,未取得无关独立买家用途证据；源品牌不是购买意向,未做逐名权利净空；品牌门是投资证据约束,False,,中外公司及品牌扩扫,https://regery.com/en/bulksearch,,,,,,
3970,daiwahouse.si,,18,仅历史可注册证据（需重查）,,2026-09-30T17:49:49.268Z,来源名Daiwa House；独立转售用途未获支持，不能推定品牌回购,未取得无关独立买家用途证据；源品牌不是购买意向,未做逐名权利净空；品牌门是投资证据约束,False,,中外公司及品牌扩扫,https://regery.com/en/bulksearch,,,,,,
3971,dollartree.si,,18,仅历史可注册证据（需重查）,,2026-09-30T17:49:49.268Z,来源名Dollar Tree；独立转售用途未获支持，不能推定品牌回购,未取得无关独立买家用途证据；源品牌不是购买意向,未做逐名权利净空；品牌门是投资证据约束,False,,中外公司及品牌扩扫,https://regery.com/en/bulksearch,,,,,,
3972,unionpacific.si,,18,仅历史可注册证据（需重查）,,2026-09-30T17:50:28.959Z,来源名Union Pacific；独立转售用途未获支持，不能推定品牌回购,未取得无关独立买家用途证据；源品牌不是购买意向,未做逐名权利净空；品牌门是投资证据约束,False,,中外公司及品牌扩扫,https://regery.com/en/bulksearch,,,,,,
3973,emiratesnbd.si,,18,仅历史可注册证据（需重查）,,2026-09-30T17:50:28.959Z,来源名Emirates NBD；独立转售用途未获支持，不能推定品牌回购,未取得无关独立买家用途证据；源品牌不是购买意向,未做逐名权利净空；品牌门是投资证据约束,False,,中外公司及品牌扩扫,https://regery.com/en/bulksearch,,,,,,
3974,hannoverre.si,,18,仅历史可注册证据（需重查）,,2026-09-30T17:50:28.959Z,来源名Hannover Re；独立转售用途未获支持，不能推定品牌回购,未取得无关独立买家用途证据；源品牌不是购买意向,未做逐名权利净空；品牌门是投资证据约束,False,,中外公司及品牌扩扫,https://regery.com/en/bulksearch,,,,,,
3975,sainsburys.si,,18,仅历史可注册证据（需重查）,,2026-09-30T17:50:28.959Z,来源名Sainsbury's；独立转售用途未获支持，不能推定品牌回购,未取得无关独立买家用途证据；源品牌不是购买意向,未做逐名权利净空；品牌门是投资证据约束,False,,中外公司及品牌扩扫,https://regery.com/en/bulksearch,,,,,,
3976,sekisuihouse.si,,18,仅历史可注册证据（需重查）,,2026-09-30T17:50:28.959Z,来源名Sekisui House；独立转售用途未获支持，不能推定品牌回购,未取得无关独立买家用途证据；源品牌不是购买意向,未做逐名权利净空；品牌门是投资证据约束,False,,中外公司及品牌扩扫,https://regery.com/en/bulksearch,,,,,,
3977,merckandco.si,,18,仅历史可注册证据（需重查）,,2026-09-30T17:50:28.959Z,来源名Merck & Co；独立转售用途未获支持，不能推定品牌回购,未取得无关独立买家用途证据；源品牌不是购买意向,未做逐名权利净空；品牌门是投资证据约束,False,,中外公司及品牌扩扫,https://regery.com/en/bulksearch,,,,,,
3978,hangsengbank.si,,18,仅历史可注册证据（需重查）,,2026-09-30T17:51:02.096Z,来源名Hang Seng Bank；独立转售用途未获支持，不能推定品牌回购,未取得无关独立买家用途证据；源品牌不是购买意向,未做逐名权利净空；品牌门是投资证据约束,False,,中外公司及品牌扩扫,https://regery.com/en/bulksearch,,,,,,
3979,huntington.si,,18,仅历史可注册证据（需重查）,,2026-09-30T17:51:02.096Z,来源名Huntington；独立转售用途未获支持，不能推定品牌回购,未取得无关独立买家用途证据；源品牌不是购买意向,未做逐名权利净空；品牌门是投资证据约束,False,,中外公司及品牌扩扫,https://regery.com/en/bulksearch,,,,,,
3980,bankmandiri.si,,18,仅历史可注册证据（需重查）,,2026-09-30T17:51:02.096Z,来源名Bank Mandiri；独立转售用途未获支持，不能推定品牌回购,未取得无关独立买家用途证据；源品牌不是购买意向,未做逐名权利净空；品牌门是投资证据约束,False,,中外公司及品牌扩扫,https://regery.com/en/bulksearch,,,,,,
3981,chowtaifook.si,,18,仅历史可注册证据（需重查）,,2026-09-30T17:51:02.096Z,来源名CHOW TAI FOOK；独立转售用途未获支持，不能推定品牌回购,未取得无关独立买家用途证据；源品牌不是购买意向,未做逐名权利净空；品牌门是投资证据约束,False,,中外公司及品牌扩扫,https://regery.com/en/bulksearch,,,,,,
3982,ztoexpress.si,,18,仅历史可注册证据（需重查）,,2026-09-30T17:51:02.096Z,来源名ZTO EXPRESS；独立转售用途未获支持，不能推定品牌回购,未取得无关独立买家用途证据；源品牌不是购买意向,未做逐名权利净空；品牌门是投资证据约束,False,,中外公司及品牌扩扫,https://regery.com/en/bulksearch,,,,,,
3983,didichuxing.si,,18,仅历史可注册证据（需重查）,,2026-09-30T17:51:02.096Z,来源名DIDI CHUXING；独立转售用途未获支持，不能推定品牌回购,未取得无关独立买家用途证据；源品牌不是购买意向,未做逐名权利净空；品牌门是投资证据约束,False,,中外公司及品牌扩扫,https://regery.com/en/bulksearch,,,,,,
3984,xinghuacun.si,,18,仅历史可注册证据（需重查）,,2026-09-30T17:51:39.916Z,来源名XING HUA CUN；独立转售用途未获支持，不能推定品牌回购,未取得无关独立买家用途证据；源品牌不是购买意向,未做逐名权利净空；品牌门是投资证据约束,False,,中外公司及品牌扩扫,https://regery.com/en/bulksearch,,,,,,
3985,chinaunicom.si,,18,仅历史可注册证据（需重查）,,2026-09-30T17:51:39.916Z,来源名CHINA UNICOM / 中国联合网络通信集团有限公司；独立转售用途未获支持，不能推定品牌回购,未取得无关独立买家用途证据；源品牌不是购买意向,未做逐名权利净空；品牌门是投资证据约束,False,,中外公司及品牌扩扫,https://regery.com/en/bulksearch,,,,,,
3986,yunnanbaiyao.si,,18,仅历史可注册证据（需重查）,,2026-09-30T17:51:39.916Z,来源名YUNNAN BAIYAO；独立转售用途未获支持，不能推定品牌回购,未取得无关独立买家用途证据；源品牌不是购买意向,未做逐名权利净空；品牌门是投资证据约束,False,,中外公司及品牌扩扫,https://regery.com/en/bulksearch,,,,,,
3987,bankofningbo.si,,18,仅历史可注册证据（需重查）,,2026-09-30T17:51:39.916Z,来源名BANK OF NINGBO；独立转售用途未获支持，不能推定品牌回购,未取得无关独立买家用途证据；源品牌不是购买意向,未做逐名权利净空；品牌门是投资证据约束,False,,中外公司及品牌扩扫,https://regery.com/en/bulksearch,,,,,,
3988,ytoexpress.si,,18,仅历史可注册证据（需重查）,,2026-09-30T17:51:39.916Z,来源名YTO EXPRESS；独立转售用途未获支持，不能推定品牌回购,未取得无关独立买家用途证据；源品牌不是购买意向,未做逐名权利净空；品牌门是投资证据约束,False,,中外公司及品牌扩扫,https://regery.com/en/bulksearch,,,,,,
3989,genkiforest.si,,18,仅历史可注册证据（需重查）,,2026-09-30T17:51:39.916Z,来源名GENKI FOREST；独立转售用途未获支持，不能推定品牌回购,未取得无关独立买家用途证据；源品牌不是购买意向,未做逐名权利净空；品牌门是投资证据约束,False,,中外公司及品牌扩扫,https://regery.com/en/bulksearch,,,,,,
3990,bosszhipin.si,,18,近期有普通注册报价（需再确认）,2026-10-01T04:11:22.036Z,2026-09-30T17:51:39.916Z,来源名BOSS ZHIPIN；独立转售用途未获支持，不能推定品牌回购,未取得无关独立买家用途证据；源品牌不是购买意向,未做逐名权利净空；品牌门是投资证据约束,False,,中外公司及品牌扩扫,https://regery.com/en/bulksearch,,https://regery.com/en/bulksearch,,,,13.99
3991,tongrentang.si,,18,近期有普通注册报价（需再确认）,2026-10-01T04:11:22.036Z,2026-09-30T17:51:39.916Z,来源名TONG REN TANG；独立转售用途未获支持，不能推定品牌回购,未取得无关独立买家用途证据；源品牌不是购买意向,未做逐名权利净空；品牌门是投资证据约束,False,,中外公司及品牌扩扫,https://regery.com/en/bulksearch,,https://regery.com/en/bulksearch,,,,13.99
3992,masterkong.si,,18,仅历史可注册证据（需重查）,,2026-09-30T17:51:39.916Z,来源名MASTER KONG；独立转售用途未获支持，不能推定品牌回购,未取得无关独立买家用途证据；源品牌不是购买意向,未做逐名权利净空；品牌门是投资证据约束,False,,中外公司及品牌扩扫,https://regery.com/en/bulksearch,,,,,,
3993,spacechina.si,,18,仅历史可注册证据（需重查）,,2026-09-30T17:34:09.683Z,来源名中国航天科技集团有限公司；独立转售用途未获支持，不能推定品牌回购,未取得无关独立买家用途证据；源品牌不是购买意向,未做逐名权利净空；品牌门是投资证据约束,False,,中外公司及品牌扩扫,https://my.eurodns.com/das/search,,,,,,
3994,norincogroup.si,,18,仅历史可注册证据（需重查）,,2026-09-30T17:34:09.683Z,来源名中国兵器工业集团有限公司；独立转售用途未获支持，不能推定品牌回购,未取得无关独立买家用途证据；源品牌不是购买意向,未做逐名权利净空；品牌门是投资证据约束,False,,中外公司及品牌扩扫,https://my.eurodns.com/das/search,,,,,,
3995,baowugroup.si,,18,仅历史可注册证据（需重查）,,2026-09-30T17:34:09.683Z,来源名中国宝武钢铁集团有限公司；独立转售用途未获支持，不能推定品牌回购,未取得无关独立买家用途证据；源品牌不是购买意向,未做逐名权利净空；品牌门是投资证据约束,False,,中外公司及品牌扩扫,https://my.eurodns.com/das/search,,,,,,
3996,csairgroup.si,,18,仅历史可注册证据（需重查）,,2026-09-30T17:34:09.683Z,来源名中国南方航空集团有限公司；独立转售用途未获支持，不能推定品牌回购,未取得无关独立买家用途证据；源品牌不是购买意向,未做逐名权利净空；品牌门是投资证据约束,False,,中外公司及品牌扩扫,https://my.eurodns.com/das/search,,,,,,
3997,alibabagroup.si,,18,仅历史可注册证据（需重查）,,2026-09-30T17:46:58.164Z,来源名阿里巴巴（中国）有限公司；独立转售用途未获支持，不能推定品牌回购,未取得无关独立买家用途证据；源品牌不是购买意向,未做逐名权利净空；品牌门是投资证据约束,False,,中外公司及品牌扩扫,https://my.eurodns.com/das/search,,,,,,
3998,moetchandon.si,,18,仅历史可注册证据（需重查）,,2026-09-30T17:51:39.916Z,来源名Moët & Chandon；独立转售用途未获支持，不能推定品牌回购,未取得无关独立买家用途证据；源品牌不是购买意向,未做逐名权利净空；品牌门是投资证据约束,False,,中外公司及品牌扩扫,https://regery.com/en/bulksearch,,,,,,
3999,glenmorangie.si,,18,仅历史可注册证据（需重查）,,2026-09-30T17:51:39.916Z,来源名Glenmorangie；独立转售用途未获支持，不能推定品牌回购,未取得无关独立买家用途证据；源品牌不是购买意向,未做逐名权利净空；品牌门是投资证据约束,False,,中外公司及品牌扩扫,https://regery.com/en/bulksearch,,,,,,
4000,emiliopucci.si,,18,仅历史可注册证据（需重查）,,2026-09-30T17:52:02.418Z,来源名Emilio Pucci；独立转售用途未获支持，不能推定品牌回购,未取得无关独立买家用途证据；源品牌不是购买意向,未做逐名权利净空；品牌门是投资证据约束,False,,中外公司及品牌扩扫,https://regery.com/en/bulksearch,,,,,,
4001,kenzoparfums.si,,18,仅历史可注册证据（需重查）,,2026-09-30T17:52:02.418Z,来源名Kenzo Parfums；独立转售用途未获支持，不能推定品牌回购,未取得无关独立买家用途证据；源品牌不是购买意向,未做逐名权利净空；品牌门是投资证据约束,False,,中外公司及品牌扩扫,https://regery.com/en/bulksearch,,,,,,
4002,danielroth.si,,18,仅历史可注册证据（需重查）,,2026-09-30T17:52:02.418Z,来源名DANIEL ROTH；独立转售用途未获支持，不能推定品牌回购,未取得无关独立买家用途证据；源品牌不是购买意向,未做逐名权利净空；品牌门是投资证据约束,False,,中外公司及品牌扩扫,https://regery.com/en/bulksearch,,,,,,
4003,geraldgenta.si,,18,仅历史可注册证据（需重查）,,2026-09-30T17:52:02.418Z,来源名Gérald Genta；独立转售用途未获支持，不能推定品牌回购,未取得无关独立买家用途证据；源品牌不是购买意向,未做逐名权利净空；品牌门是投资证据约束,False,,中外公司及品牌扩扫,https://regery.com/en/bulksearch,,,,,,
4004,samaritaine.si,,18,仅历史可注册证据（需重查）,,2026-09-30T17:52:02.418Z,来源名Samaritaine；独立转售用途未获支持，不能推定品牌回购,未取得无关独立买家用途证据；源品牌不是购买意向,未做逐名权利净空；品牌门是投资证据约束,False,,中外公司及品牌扩扫,https://regery.com/en/bulksearch,,,,,,
4005,chevalblanc.si,,18,仅历史可注册证据（需重查）,,2026-09-30T17:52:02.418Z,来源名Cheval Blanc；独立转售用途未获支持，不能推定品牌回购,未取得无关独立买家用途证据；源品牌不是购买意向,未做逐名权利净空；品牌门是投资证据约束,False,,中外公司及品牌扩扫,https://regery.com/en/bulksearch,,,,,,
4006,parismatch.si,,18,仅历史可注册证据（需重查）,,2026-09-30T17:52:02.418Z,来源名Paris Match；独立转售用途未获支持，不能推定品牌回购,未取得无关独立买家用途证据；源品牌不是购买意向,未做逐名权利净空；品牌门是投资证据约束,False,,中外公司及品牌扩扫,https://regery.com/en/bulksearch,,,,,,
4007,saintlaurent.si,,18,仅历史可注册证据（需重查）,,2026-09-30T17:52:02.418Z,来源名Saint Laurent；独立转售用途未获支持，不能推定品牌回购,未取得无关独立买家用途证据；源品牌不是购买意向,未做逐名权利净空；品牌门是投资证据约束,False,,中外公司及品牌扩扫,https://regery.com/en/bulksearch,,,,,,
4008,peptobismol.si,,18,仅历史可注册证据（需重查）,,2026-09-30T17:52:50.451Z,来源名Pepto-Bismol；独立转售用途未获支持，不能推定品牌回购,未取得无关独立买家用途证据；源品牌不是购买意向,未做逐名权利净空；品牌门是投资证据约束,False,,中外公司及品牌扩扫,https://regery.com/en/bulksearch,,,,,,
4009,prilosecotc.si,,18,仅历史可注册证据（需重查）,,2026-09-30T17:52:50.451Z,来源名Prilosec OTC；独立转售用途未获支持，不能推定品牌回购,未取得无关独立买家用途证据；源品牌不是购买意向,未做逐名权利净空；品牌门是投资证据约束,False,,中外公司及品牌扩扫,https://regery.com/en/bulksearch,,,,,,
4010,dovemencare.si,,18,仅历史可注册证据（需重查）,,2026-09-30T17:52:50.451Z,来源名Dove Men+Care；独立转售用途未获支持，不能推定品牌回购,未取得无关独立买家用途证据；源品牌不是购买意向,未做逐名权利净空；品牌门是投资证据约束,False,,中外公司及品牌扩扫,https://regery.com/en/bulksearch,,,,,,
4011,acquapanna.si,,18,仅历史可注册证据（需重查）,,2026-09-30T17:53:17.970Z,来源名Acqua Panna；独立转售用途未获支持，不能推定品牌回购,未取得无关独立买家用途证据；源品牌不是购买意向,未做逐名权利净空；品牌门是投资证据约束,False,,中外公司及品牌扩扫,https://regery.com/en/bulksearch,,,,,,
4012,baciperugina.si,,18,仅历史可注册证据（需重查）,,2026-09-30T17:53:17.970Z,来源名Baci Perugina；独立转售用途未获支持，不能推定品牌回购,未取得无关独立买家用途证据；源品牌不是购买意向,未做逐名权利净空；品牌门是投资证据约束,False,,中外公司及品牌扩扫,https://regery.com/en/bulksearch,,,,,,
4013,coffeemate.si,,18,仅历史可注册证据（需重查）,,2026-09-30T17:53:17.970Z,来源名Coffee mate；独立转售用途未获支持，不能推定品牌回购,未取得无关独立买家用途证据；源品牌不是购买意向,未做逐名权利净空；品牌门是投资证据约束,False,,中外公司及品牌扩扫,https://regery.com/en/bulksearch,,,,,,
4014,fancyfeast.si,,18,仅历史可注册证据（需重查）,,2026-09-30T17:53:17.970Z,来源名Fancy Feast；独立转售用途未获支持，不能推定品牌回购,未取得无关独立买家用途证据；源品牌不是购买意向,未做逐名权利净空；品牌门是投资证据约束,False,,中外公司及品牌扩扫,https://regery.com/en/bulksearch,,,,,,
4015,hotpockets.si,,18,仅历史可注册证据（需重查）,,2026-09-30T17:53:17.970Z,来源名Hot Pockets；独立转售用途未获支持，不能推定品牌回购,未取得无关独立买家用途证据；源品牌不是购买意向,未做逐名权利净空；品牌门是投资证据约束,False,,中外公司及品牌扩扫,https://regery.com/en/bulksearch,,,,,,
4016,kokokrunch.si,,18,仅历史可注册证据（需重查）,,2026-09-30T17:53:54.161Z,来源名Koko Krunch；独立转售用途未获支持，不能推定品牌回购,未取得无关独立买家用途证据；源品牌不是购买意向,未做逐名权利净空；品牌门是投资证据约束,False,,中外公司及品牌扩扫,https://regery.com/en/bulksearch,,,,,,
4017,leancuisine.si,,18,仅历史可注册证据（需重查）,,2026-09-30T17:53:54.161Z,来源名Lean Cuisine；独立转售用途未获支持，不能推定品牌回购,未取得无关独立买家用途证据；源品牌不是购买意向,未做逐名权利净空；品牌门是投资证据约束,False,,中外公司及品牌扩扫,https://regery.com/en/bulksearch,,,,,,
4018,lifecuisine.si,,18,仅历史可注册证据（需重查）,,2026-09-30T17:53:54.161Z,来源名Life Cuisine；独立转售用途未获支持，不能推定品牌回购,未取得无关独立买家用途证据；源品牌不是购买意向,未做逐名权利净空；品牌门是投资证据约束,False,,中外公司及品牌扩扫,https://regery.com/en/bulksearch,,,,,,
4019,lilyskitchen.si,,18,仅历史可注册证据（需重查）,,2026-09-30T17:53:54.161Z,来源名Lily's Kitchen；独立转售用途未获支持，不能推定品牌回购,未取得无关独立买家用途证据；源品牌不是购买意向,未做逐名权利净空；品牌门是投资证据约束,False,,中外公司及品牌扩扫,https://regery.com/en/bulksearch,,,,,,
4020,lioncereals.si,,18,仅历史可注册证据（需重查）,,2026-09-30T17:53:54.161Z,来源名Lion Cereals；独立转售用途未获支持，不能推定品牌回购,未取得无关独立买家用途证据；源品牌不是购买意向,未做逐名权利净空；品牌门是投资证据约束,False,,中外公司及品牌扩扫,https://regery.com/en/bulksearch,,,,,,
4021,nestlevital.si,,18,仅历史可注册证据（需重查）,,2026-09-30T17:53:54.161Z,来源名Nestlé Vital；独立转售用途未获支持，不能推定品牌回购,未取得无关独立买家用途证据；源品牌不是购买意向,未做逐名权利净空；品牌门是投资证据约束,False,,中外公司及品牌扩扫,https://regery.com/en/bulksearch,,,,,,
4022,spellegrino.si,,18,仅历史可注册证据（需重查）,,2026-09-30T17:53:54.161Z,来源名S.Pellegrino；独立转售用途未获支持，不能推定品牌回购,未取得无关独立买家用途证据；源品牌不是购买意向,未做逐名权利净空；品牌门是投资证据约束,False,,中外公司及品牌扩扫,https://regery.com/en/bulksearch,,,,,,
4023,terracanis.si,,18,仅历史可注册证据（需重查）,,2026-09-30T17:53:54.161Z,来源名Terra Canis；独立转售用途未获支持，不能推定品牌回购,未取得无关独立买家用途证据；源品牌不是购买意向,未做逐名权利净空；品牌门是投资证据约束,False,,中外公司及品牌扩扫,https://regery.com/en/bulksearch,,,,,,
4024,haagendazs.si,,18,仅历史可注册证据（需重查）,,2026-09-30T17:54:12.258Z,来源名Häagen-Dazs；独立转售用途未获支持，不能推定品牌回购,未取得无关独立买家用途证据；源品牌不是购买意向,未做逐名权利净空；品牌门是投资证据约束,False,,中外公司及品牌扩扫,https://regery.com/en/bulksearch,,,,,,
4025,mamashelter.si,,18,仅历史可注册证据（需重查）,,2026-09-30T17:54:12.258Z,来源名Mama Shelter；独立转售用途未获支持，不能推定品牌回购,未取得无关独立买家用途证据；源品牌不是购买意向,未做逐名权利净空；品牌门是投资证据约束,False,,中外公司及品牌扩扫,https://regery.com/en/bulksearch,,,,,,
4026,ourhabitas.si,,18,仅历史可注册证据（需重查）,,2026-09-30T17:54:12.258Z,来源名Our Habitas；独立转售用途未获支持，不能推定品牌回购,未取得无关独立买家用途证据；源品牌不是购买意向,未做逐名权利净空；品牌门是投资证据约束,False,,中外公司及品牌扩扫,https://regery.com/en/bulksearch,,,,,,
4027,grandmercure.si,,18,仅历史可注册证据（需重查）,,2026-09-30T17:54:12.258Z,来源名Grand Mercure；独立转售用途未获支持，不能推定品牌回购,未取得无关独立买家用途证据；源品牌不是购买意向,未做逐名权利净空；品牌门是投资证据约束,False,,中外公司及品牌扩扫,https://regery.com/en/bulksearch,,,,,,
4028,ibisstyles.si,,18,仅历史可注册证据（需重查）,,2026-09-30T17:54:12.258Z,来源名ibis Styles；独立转售用途未获支持，不能推定品牌回购,未取得无关独立买家用途证据；源品牌不是购买意向,未做逐名权利净空；品牌门是投资证据约束,False,,中外公司及品牌扩扫,https://regery.com/en/bulksearch,,,,,,
4029,ibisbudget.si,,18,仅历史可注册证据（需重查）,,2026-09-30T17:54:12.258Z,来源名ibis budget；独立转售用途未获支持，不能推定品牌回购,未取得无关独立买家用途证据；源品牌不是购买意向,未做逐名权利净空；品牌门是投资证据约束,False,,中外公司及品牌扩扫,https://regery.com/en/bulksearch,,,,,,
4030,banyantree.si,,18,仅历史可注册证据（需重查）,,2026-09-30T17:54:12.258Z,来源名Banyan Tree；独立转售用途未获支持，不能推定品牌回购,未取得无关独立买家用途证据；源品牌不是购买意向,未做逐名权利净空；品牌门是投资证据约束,False,,中外公司及品牌扩扫,https://regery.com/en/bulksearch,,,,,,
4031,jwmarriott.si,,18,仅历史可注册证据（需重查）,,2026-09-30T17:54:12.258Z,来源名JW Marriott；独立转售用途未获支持，不能推定品牌回购,未取得无关独立买家用途证据；源品牌不是购买意向,未做逐名权利净空；品牌门是投资证据约束,False,,中外公司及品牌扩扫,https://regery.com/en/bulksearch,,,,,,
4032,lemeridien.si,,18,仅历史可注册证据（需重查）,,2026-09-30T17:55:13.614Z,来源名Le Méridien；独立转售用途未获支持，不能推定品牌回购,未取得无关独立买家用途证据；源品牌不是购买意向,未做逐名权利净空；品牌门是投资证据约束,False,,中外公司及品牌扩扫,https://regery.com/en/bulksearch,,,,,,
4033,alofthotels.si,,18,仅历史可注册证据（需重查）,,2026-09-30T17:55:13.614Z,来源名Aloft Hotels；独立转售用途未获支持，不能推定品牌回购,未取得无关独立买家用途证据；源品牌不是购买意向,未做逐名权利净空；品牌门是投资证据约束,False,,中外公司及品牌扩扫,https://regery.com/en/bulksearch,,,,,,
4034,moxyhotels.si,,18,仅历史可注册证据（需重查）,,2026-09-30T17:55:13.614Z,来源名Moxy Hotels；独立转售用途未获支持，不能推定品牌回购,未取得无关独立买家用途证据；源品牌不是购买意向,未做逐名权利净空；品牌门是投资证据约束,False,,中外公司及品牌扩扫,https://regery.com/en/bulksearch,,,,,,
4035,proteahotels.si,,18,仅历史可注册证据（需重查）,,2026-09-30T17:55:13.614Z,来源名Protea Hotels；独立转售用途未获支持，不能推定品牌回购,未取得无关独立买家用途证据；源品牌不是购买意向,未做逐名权利净空；品牌门是投资证据约束,False,,中外公司及品牌扩扫,https://regery.com/en/bulksearch,,,,,,
4036,residenceinn.si,,18,仅历史可注册证据（需重查）,,2026-09-30T17:55:13.614Z,来源名Residence Inn；独立转售用途未获支持，不能推定品牌回购,未取得无关独立买家用途证据；源品牌不是购买意向,未做逐名权利净空；品牌门是投资证据约束,False,,中外公司及品牌扩扫,https://regery.com/en/bulksearch,,,,,,
4037,designhotels.si,,18,仅历史可注册证据（需重查）,,2026-09-30T17:55:13.614Z,来源名Design Hotels；独立转售用途未获支持，不能推定品牌回购,未取得无关独立买家用途证据；源品牌不是购买意向,未做逐名权利净空；品牌门是投资证据约束,False,,中外公司及品牌扩扫,https://regery.com/en/bulksearch,,,,,,
4038,scotchbrite.si,,18,仅历史可注册证据（需重查）,,2026-09-30T17:55:13.614Z,来源名Scotch-Brite；独立转售用途未获支持，不能推定品牌回购,未取得无关独立买家用途证据；源品牌不是购买意向,未做逐名权利净空；品牌门是投资证据约束,False,,中外公司及品牌扩扫,https://regery.com/en/bulksearch,,,,,,
4039,scotchgard.si,,18,仅历史可注册证据（需重查）,,2026-09-30T17:55:13.614Z,来源名Scotchgard；独立转售用途未获支持，不能推定品牌回购,未取得无关独立买家用途证据；源品牌不是购买意向,未做逐名权利净空；品牌门是投资证据约束,False,,中外公司及品牌扩扫,https://regery.com/en/bulksearch,,,,,,
4040,colorkeyed.si,,18,仅历史可注册证据（需重查）,,2026-09-30T17:55:47.847Z,来源名Color-Keyed；独立转售用途未获支持，不能推定品牌回购,未取得无关独立买家用途证据；源品牌不是购买意向,未做逐名权利净空；品牌门是投资证据约束,False,,中外公司及品牌扩扫,https://regery.com/en/bulksearch,,,,,,
4041,elastimold.si,,18,仅历史可注册证据（需重查）,,2026-09-30T17:55:47.847Z,来源名Elastimold；独立转售用途未获支持，不能推定品牌回购,未取得无关独立买家用途证据；源品牌不是购买意向,未做逐名权利净空；品牌门是投资证据约束,False,,中外公司及品牌扩扫,https://regery.com/en/bulksearch,,,,,,
4042,emergilite.si,,18,仅历史可注册证据（需重查）,,2026-09-30T17:55:47.847Z,来源名Emergi-Lite；独立转售用途未获支持，不能推定品牌回购,未取得无关独立买家用途证据；源品牌不是购买意向,未做逐名权利净空；品牌门是投资证据约束,False,,中外公司及品牌扩扫,https://regery.com/en/bulksearch,,,,,,
4043,expresstray.si,,18,仅历史可注册证据（需重查）,,2026-09-30T17:55:47.847Z,来源名ExpressTray；独立转售用途未获支持，不能推定品牌回购,未取得无关独立买家用途证据；源品牌不是购买意向,未做逐名权利净空；品牌门是投资证据约束,False,,中外公司及品牌扩扫,https://regery.com/en/bulksearch,,,,,,
4044,fisherpierce.si,,18,仅历史可注册证据（需重查）,,2026-09-30T17:55:47.847Z,来源名Fisher Pierce；独立转售用途未获支持，不能推定品牌回购,未取得无关独立买家用途证据；源品牌不是购买意向,未做逐名权利净空；品牌门是投资证据约束,False,,中外公司及品牌扩扫,https://regery.com/en/bulksearch,,,,,,
4045,microlectric.si,,18,仅历史可注册证据（需重查）,,2026-09-30T17:55:47.847Z,来源名Microlectric；独立转售用途未获支持，不能推定品牌回购,未取得无关独立买家用途证据；源品牌不是购买意向,未做逐名权利净空；品牌门是投资证据约束,False,,中外公司及品牌扩扫,https://regery.com/en/bulksearch,,,,,,
4046,superstrut.si,,18,仅历史可注册证据（需重查）,,2026-09-30T17:55:47.847Z,来源名Superstrut；独立转售用途未获支持，不能推定品牌回购,未取得无关独立买家用途证据；源品牌不是购买意向,未做逐名权利净空；品牌门是投资证据约束,False,,中外公司及品牌扩扫,https://regery.com/en/bulksearch,,,,,,
4047,tbcabletray.si,,18,仅历史可注册证据（需重查）,,2026-09-30T17:55:47.847Z,来源名T&B Cable Tray；独立转售用途未获支持，不能推定品牌回购,未取得无关独立买家用途证据；源品牌不是购买意向,未做逐名权利净空；品牌门是投资证据约束,False,,中外公司及品牌扩扫,https://regery.com/en/bulksearch,,,,,,
4048,eyparthenon.si,,18,仅历史可注册证据（需重查）,,2026-09-30T17:55:47.847Z,来源名EY-Parthenon；独立转售用途未获支持，不能推定品牌回购,未取得无关独立买家用途证据；源品牌不是购买意向,未做逐名权利净空；品牌门是投资证据约束,False,,中外公司及品牌扩扫,https://regery.com/en/bulksearch,,,,,,
4049,construct3.si,,16,仅历史可注册证据（需重查）,,2026-09-30T17:29:22.732Z,来源名Construct 3；独立转售用途未获支持，不能推定品牌回购,未取得无关独立买家用途证据；源品牌不是购买意向,未做逐名权利净空；品牌门是投资证据约束,False,,中外公司及品牌扩扫,https://regery.com/en/bulksearch,,,,,,
4050,foobar2000.si,,16,仅历史可注册证据（需重查）,,2026-09-30T17:30:50.617Z,来源名foobar2000；独立转售用途未获支持，不能推定品牌回购,未取得无关独立买家用途证据；源品牌不是购买意向,未做逐名权利净空；品牌门是投资证据约束,False,,中外公司及品牌扩扫,https://regery.com/en/bulksearch,,,,,,
4051,framework7.si,,16,仅历史可注册证据（需重查）,,2026-09-30T17:30:50.617Z,来源名Framework7；独立转售用途未获支持，不能推定品牌回购,未取得无关独立买家用途证据；源品牌不是购买意向,未做逐名权利净空；品牌门是投资证据约束,False,,中外公司及品牌扩扫,https://regery.com/en/bulksearch,,,,,,
4052,h2database.si,,16,仅历史可注册证据（需重查）,,2026-09-30T17:41:34.277Z,来源名H2 Database；独立转售用途未获支持，不能推定品牌回购,未取得无关独立买家用途证据；源品牌不是购买意向,未做逐名权利净空；品牌门是投资证据约束,False,,中外公司及品牌扩扫,https://my.eurodns.com/das/search,,,,,,
4053,playstation2.si,,16,仅历史可注册证据（需重查）,,2026-09-30T17:39:41.505Z,来源名PlayStation 2；独立转售用途未获支持，不能推定品牌回购,未取得无关独立买家用途证据；源品牌不是购买意向,未做逐名权利净空；品牌门是投资证据约束,False,,中外公司及品牌扩扫,https://regery.com/en/bulksearch,,,,,,
4054,playstation3.si,,16,仅历史可注册证据（需重查）,,2026-09-30T17:39:41.505Z,来源名PlayStation 3；独立转售用途未获支持，不能推定品牌回购,未取得无关独立买家用途证据；源品牌不是购买意向,未做逐名权利净空；品牌门是投资证据约束,False,,中外公司及品牌扩扫,https://regery.com/en/bulksearch,,,,,,
4055,playstation4.si,,16,仅历史可注册证据（需重查）,,2026-09-30T17:39:41.505Z,来源名PlayStation 4；独立转售用途未获支持，不能推定品牌回购,未取得无关独立买家用途证据；源品牌不是购买意向,未做逐名权利净空；品牌门是投资证据约束,False,,中外公司及品牌扩扫,https://regery.com/en/bulksearch,,,,,,
4056,playstation5.si,,16,仅历史可注册证据（需重查）,,2026-09-30T17:39:41.505Z,来源名PlayStation 5；独立转售用途未获支持，不能推定品牌回购,未取得无关独立买家用途证据；源品牌不是购买意向,未做逐名权利净空；品牌门是投资证据约束,False,,中外公司及品牌扩扫,https://regery.com/en/bulksearch,,,,,,
4057,s7airlines.si,,16,仅历史可注册证据（需重查）,,2026-09-30T17:41:46.229Z,来源名S7 Airlines；独立转售用途未获支持，不能推定品牌回购,未取得无关独立买家用途证据；源品牌不是购买意向,未做逐名权利净空；品牌门是投资证据约束,False,,中外公司及品牌扩扫,https://regery.com/en/bulksearch,,,,,,
4058,zigbee2mqtt.si,,16,仅历史可注册证据（需重查）,,2026-09-30T17:46:23.933Z,来源名Zigbee2MQTT；独立转售用途未获支持，不能推定品牌回购,未取得无关独立买家用途证据；源品牌不是购买意向,未做逐名权利净空；品牌门是投资证据约束,False,,中外公司及品牌扩扫,https://regery.com/en/bulksearch,,,,,,
4059,rong-sheng.si,,16,仅历史可注册证据（需重查）,,2026-09-30T17:46:58.164Z,来源名浙江荣盛控股集团有限公司；独立转售用途未获支持，不能推定品牌回购,未取得无关独立买家用途证据；源品牌不是购买意向,未做逐名权利净空；品牌门是投资证据约束,False,,中外公司及品牌扩扫,https://my.eurodns.com/das/search,,,,,,
4060,ginori1735.si,,16,仅历史可注册证据（需重查）,,2026-09-30T17:52:02.418Z,来源名Ginori 1735；独立转售用途未获支持，不能推定品牌回购,未取得无关独立买家用途证据；源品牌不是购买意向,未做逐名权利净空；品牌门是投资证据约束,False,,中外公司及品牌扩扫,https://regery.com/en/bulksearch,,,,,,
4061,rindex3en1.si,,16,仅历史可注册证据（需重查）,,2026-09-30T17:52:50.451Z,来源名Rindex 3en1；独立转售用途未获支持，不能推定品牌回购,未取得无关独立买家用途证据；源品牌不是购买意向,未做逐名权利净空；品牌门是投资证据约束,False,,中外公司及品牌扩扫,https://regery.com/en/bulksearch,,,,,,
4062,microban24.si,,16,仅历史可注册证据（需重查）,,2026-09-30T17:52:50.451Z,来源名Microban 24；独立转售用途未获支持，不能推定品牌回购,未取得无关独立买家用途证据；源品牌不是购买意向,未做逐名权利净空；品牌门是投资证据约束,False,,中外公司及品牌扩扫,https://regery.com/en/bulksearch,,,,,,
4063,3mcubitronii.si,,16,仅历史可注册证据（需重查）,,2026-09-30T17:55:13.614Z,来源名3M Cubitron II；独立转售用途未获支持，不能推定品牌回购,未取得无关独立买家用途证据；源品牌不是购买意向,未做逐名权利净空；品牌门是投资证据约束,False,,中外公司及品牌扩扫,https://regery.com/en/bulksearch,,,,,,
4064,3mprotecta.si,,16,仅历史可注册证据（需重查）,,2026-09-30T17:55:13.614Z,来源名3M PROTECTA；独立转售用途未获支持，不能推定品牌回购,未取得无关独立买家用途证据；源品牌不是购买意向,未做逐名权利净空；品牌门是投资证据约束,False,,中外公司及品牌扩扫,https://regery.com/en/bulksearch,,,,,,
4065,3mscotchlite.si,,16,仅历史可注册证据（需重查）,,2026-09-30T17:55:13.614Z,来源名3M Scotchlite；独立转售用途未获支持，不能推定品牌回购,未取得无关独立买家用途证据；源品牌不是购买意向,未做逐名权利净空；品牌门是投资证据约束,False,,中外公司及品牌扩扫,https://regery.com/en/bulksearch,,,,,,
4066,3mscotchweld.si,,16,仅历史可注册证据（需重查）,,2026-09-30T17:55:13.614Z,来源名3M Scotch-Weld；独立转售用途未获支持，不能推定品牌回购,未取得无关独立买家用途证据；源品牌不是购买意向,未做逐名权利净空；品牌门是投资证据约束,False,,中外公司及品牌扩扫,https://regery.com/en/bulksearch,,,,,,
4067,3mspeedglas.si,,16,仅历史可注册证据（需重查）,,2026-09-30T17:55:13.614Z,来源名3M Speedglas；独立转售用途未获支持，不能推定品牌回购,未取得无关独立买家用途证据；源品牌不是购买意向,未做逐名权利净空；品牌门是投资证据约束,False,,中外公司及品牌扩扫,https://regery.com/en/bulksearch,,,,,,
4068,abdownloadmanager.si,,14,仅历史可注册证据（需重查）,,2026-09-30T17:26:11.946Z,来源名AB Download Manager；独立转售用途未获支持，不能推定品牌回购,未取得无关独立买家用途证据；源品牌不是购买意向,未做逐名权利净空；品牌门是投资证据约束,False,,中外公司及品牌扩扫,https://regery.com/en/bulksearch,,,,,,
4069,aegisauthenticator.si,,14,仅历史可注册证据（需重查）,,2026-09-30T17:26:11.946Z,来源名Aegis Authenticator；独立转售用途未获支持，不能推定品牌回购,未取得无关独立买家用途证据；源品牌不是购买意向,未做逐名权利净空；品牌门是投资证据约束,False,,中外公司及品牌扩扫,https://regery.com/en/bulksearch,,,,,,
4070,alliedirishbanks.si,,14,仅历史可注册证据（需重查）,,2026-09-30T17:26:11.946Z,来源名AIB；独立转售用途未获支持，不能推定品牌回购,未取得无关独立买家用途证据；源品牌不是购买意向,未做逐名权利净空；品牌门是投资证据约束,False,,中外公司及品牌扩扫,https://regery.com/en/bulksearch,,,,,,
4071,albumoftheyear.si,,14,仅历史可注册证据（需重查）,,2026-09-30T17:26:34.407Z,来源名Album of the Year；独立转售用途未获支持，不能推定品牌回购,未取得无关独立买家用途证据；源品牌不是购买意向,未做逐名权利净空；品牌门是投资证据约束,False,,中外公司及品牌扩扫,https://regery.com/en/bulksearch,,,,,,
4072,alliedmodders.si,,14,仅历史可注册证据（需重查）,,2026-09-30T17:26:34.407Z,来源名AlliedModders；独立转售用途未获支持，不能推定品牌回购,未取得无关独立买家用途证据；源品牌不是购买意向,未做逐名权利净空；品牌门是投资证据约束,False,,中外公司及品牌扩扫,https://regery.com/en/bulksearch,,,,,,
4073,alternativeto.si,,14,仅历史可注册证据（需重查）,,2026-09-30T17:26:34.407Z,来源名AlternativeTo；独立转售用途未获支持，不能推定品牌回购,未取得无关独立买家用途证据；源品牌不是购买意向,未做逐名权利净空；品牌门是投资证据约束,False,,中外公司及品牌扩扫,https://regery.com/en/bulksearch,,,,,,
4074,androidstudio.si,,14,仅历史可注册证据（需重查）,,2026-09-30T17:26:34.407Z,来源名Android Studio；独立转售用途未获支持，不能推定品牌回购,未取得无关独立买家用途证据；源品牌不是购买意向,未做逐名权利净空；品牌门是投资证据约束,False,,中外公司及品牌扩扫,https://regery.com/en/bulksearch,,,,,,
4075,apacheairflow.si,,14,仅历史可注册证据（需重查）,,2026-09-30T17:26:34.407Z,来源名Apache Airflow；独立转售用途未获支持，不能推定品牌回购,未取得无关独立买家用途证据；源品牌不是购买意向,未做逐名权利净空；品牌门是投资证据约束,False,,中外公司及品牌扩扫,https://regery.com/en/bulksearch,,,,,,
4076,apachecassandra.si,,14,仅历史可注册证据（需重查）,,2026-09-30T17:26:34.407Z,来源名Apache Cassandra；独立转售用途未获支持，不能推定品牌回购,未取得无关独立买家用途证据；源品牌不是购买意向,未做逐名权利净空；品牌门是投资证据约束,False,,中外公司及品牌扩扫,https://regery.com/en/bulksearch,,,,,,
4077,apachecloudstack.si,,14,仅历史可注册证据（需重查）,,2026-09-30T17:26:34.407Z,来源名Apache CloudStack；独立转售用途未获支持，不能推定品牌回购,未取得无关独立买家用途证据；源品牌不是购买意向,未做逐名权利净空；品牌门是投资证据约束,False,,中外公司及品牌扩扫,https://regery.com/en/bulksearch,,,,,,
4078,apachecordova.si,,14,仅历史可注册证据（需重查）,,2026-09-30T17:26:34.407Z,来源名Apache Cordova；独立转售用途未获支持，不能推定品牌回购,未取得无关独立买家用途证据；源品牌不是购买意向,未做逐名权利净空；品牌门是投资证据约束,False,,中外公司及品牌扩扫,https://regery.com/en/bulksearch,,,,,,
4079,apachecouchdb.si,,14,仅历史可注册证据（需重查）,,2026-09-30T17:26:34.407Z,来源名Apache CouchDB；独立转售用途未获支持，不能推定品牌回购,未取得无关独立买家用途证据；源品牌不是购买意向,未做逐名权利净空；品牌门是投资证据约束,False,,中外公司及品牌扩扫,https://regery.com/en/bulksearch,,,,,,
4080,apachedolphinscheduler.si,,14,仅历史可注册证据（需重查）,,2026-09-30T17:26:34.407Z,来源名Apache DolphinScheduler；独立转售用途未获支持，不能推定品牌回购,未取得无关独立买家用途证据；源品牌不是购买意向,未做逐名权利净空；品牌门是投资证据约束,False,,中外公司及品牌扩扫,https://regery.com/en/bulksearch,,,,,,
4081,apacheecharts.si,,14,仅历史可注册证据（需重查）,,2026-09-30T17:26:52.907Z,来源名Apache ECharts；独立转售用途未获支持，不能推定品牌回购,未取得无关独立买家用途证据；源品牌不是购买意向,未做逐名权利净空；品牌门是投资证据约束,False,,中外公司及品牌扩扫,https://regery.com/en/bulksearch,,,,,,
4082,apachefreemarker.si,,14,仅历史可注册证据（需重查）,,2026-09-30T17:26:52.907Z,来源名Apache FreeMarker；独立转售用途未获支持，不能推定品牌回购,未取得无关独立买家用途证据；源品牌不是购买意向,未做逐名权利净空；品牌门是投资证据约束,False,,中外公司及品牌扩扫,https://regery.com/en/bulksearch,,,,,,
4083,apacheguacamole.si,,14,仅历史可注册证据（需重查）,,2026-09-30T17:26:52.907Z,来源名Apache Guacamole；独立转售用途未获支持，不能推定品牌回购,未取得无关独立买家用途证据；源品牌不是购买意向,未做逐名权利净空；品牌门是投资证据约束,False,,中外公司及品牌扩扫,https://regery.com/en/bulksearch,,,,,,
4084,apachenetbeanside.si,,14,仅历史可注册证据（需重查）,,2026-09-30T17:26:52.907Z,来源名Apache NetBeans IDE；独立转售用途未获支持，不能推定品牌回购,未取得无关独立买家用途证据；源品牌不是购买意向,未做逐名权利净空；品牌门是投资证据约束,False,,中外公司及品牌扩扫,https://regery.com/en/bulksearch,,,,,,
4085,apacheopenoffice.si,,14,仅历史可注册证据（需重查）,,2026-09-30T17:26:52.907Z,来源名Apache OpenOffice；独立转售用途未获支持，不能推定品牌回购,未取得无关独立买家用途证据；源品牌不是购买意向,未做逐名权利净空；品牌门是投资证据约束,False,,中外公司及品牌扩扫,https://regery.com/en/bulksearch,,,,,,
4086,apacheparquet.si,,14,仅历史可注册证据（需重查）,,2026-09-30T17:26:52.907Z,来源名Apache Parquet；独立转售用途未获支持，不能推定品牌回购,未取得无关独立买家用途证据；源品牌不是购买意向,未做逐名权利净空；品牌门是投资证据约束,False,,中外公司及品牌扩扫,https://regery.com/en/bulksearch,,,,,,
4087,apacherocketmq.si,,14,仅历史可注册证据（需重查）,,2026-09-30T17:26:52.907Z,来源名Apache RocketMQ；独立转售用途未获支持，不能推定品牌回购,未取得无关独立买家用途证据；源品牌不是购买意向,未做逐名权利净空；品牌门是投资证据约束,False,,中外公司及品牌扩扫,https://regery.com/en/bulksearch,,,,,,
4088,apachesuperset.si,,14,仅历史可注册证据（需重查）,,2026-09-30T17:26:52.907Z,来源名Apache Superset；独立转售用途未获支持，不能推定品牌回购,未取得无关独立买家用途证据；源品牌不是购买意向,未做逐名权利净空；品牌门是投资证据约束,False,,中外公司及品牌扩扫,https://regery.com/en/bulksearch,,,,,,
4089,apollographql.si,,14,仅历史可注册证据（需重查）,,2026-09-30T17:26:52.907Z,来源名Apollo GraphQL；独立转售用途未获支持，不能推定品牌回购,未取得无关独立买家用途证据；源品牌不是购买意向,未做逐名权利净空；品牌门是投资证据约束,False,,中外公司及品牌扩扫,https://regery.com/en/bulksearch,,,,,,
4090,huaweiappgallery.si,,14,仅历史可注册证据（需重查）,,2026-09-30T17:26:52.907Z,来源名AppGallery；独立转售用途未获支持，不能推定品牌回购,未取得无关独立买家用途证据；源品牌不是购买意向,未做逐名权利净空；品牌门是投资证据约束,False,,中外公司及品牌扩扫,https://regery.com/en/bulksearch,,,,,,
4091,archiveofourown.si,,14,仅历史可注册证据（需重查）,,2026-09-30T17:26:52.907Z,来源名Archive of Our Own；独立转售用途未获支持，不能推定品牌回购,未取得无关独立买家用途证据；源品牌不是购买意向,未做逐名权利净空；品牌门是投资证据约束,False,,中外公司及品牌扩扫,https://regery.com/en/bulksearch,,,,,,
4092,assemblyscript.si,,14,仅历史可注册证据（需重查）,,2026-09-30T17:27:13.533Z,来源名AssemblyScript；独立转售用途未获支持，不能推定品牌回购,未取得无关独立买家用途证据；源品牌不是购买意向,未做逐名权利净空；品牌门是投资证据约束,False,,中外公司及品牌扩扫,https://regery.com/en/bulksearch,,,,,,
4093,audiotechnica.si,,14,仅历史可注册证据（需重查）,,2026-09-30T17:27:13.533Z,来源名Audio-Technica；独立转售用途未获支持，不能推定品牌回购,未取得无关独立买家用途证据；源品牌不是购买意向,未做逐名权利净空；品牌门是投资证据约束,False,,中外公司及品牌扩扫,https://regery.com/en/bulksearch,,,,,,
4094,audiobookshelf.si,,14,仅历史可注册证据（需重查）,,2026-09-30T17:27:13.533Z,来源名Audiobookshelf；独立转售用途未获支持，不能推定品牌回购,未取得无关独立买家用途证据；源品牌不是购买意向,未做逐名权利净空；品牌门是投资证据约束,False,,中外公司及品牌扩扫,https://regery.com/en/bulksearch,,,,,,
4095,autodeskrevit.si,,14,仅历史可注册证据（需重查）,,2026-09-30T17:27:13.533Z,来源名Autodesk Revit；独立转售用途未获支持，不能推定品牌回购,未取得无关独立买家用途证据；源品牌不是购买意向,未做逐名权利净空；品牌门是投资证据约束,False,,中外公司及品牌扩扫,https://regery.com/en/bulksearch,,,,,,
4096,bandrautomation.si,,14,仅历史可注册证据（需重查）,,2026-09-30T17:27:13.533Z,来源名B&R Automation；独立转售用途未获支持，不能推定品牌回购,未取得无关独立买家用途证据；源品牌不是购买意向,未做逐名权利净空；品牌门是投资证据约束,False,,中外公司及品牌扩扫,https://regery.com/en/bulksearch,,,,,,
4097,basicattentiontoken.si,,14,仅历史可注册证据（需重查）,,2026-09-30T17:27:42.109Z,来源名Basic Attention Token；独立转售用途未获支持，不能推定品牌回购,未取得无关独立买家用途证据；源品牌不是购买意向,未做逐名权利净空；品牌门是投资证据约束,False,,中外公司及品牌扩扫,https://regery.com/en/bulksearch,,,,,,
4098,beekeeperstudio.si,,14,仅历史可注册证据（需重查）,,2026-09-30T17:27:42.109Z,来源名Beekeeper Studio；独立转售用途未获支持，不能推定品牌回购,未取得无关独立买家用途证据；源品牌不是购买意向,未做逐名权利净空；品牌门是投资证据约束,False,,中外公司及品牌扩扫,https://regery.com/en/bulksearch,,,,,,
4099,beijingsubway.si,,14,仅历史可注册证据（需重查）,,2026-09-30T17:27:42.109Z,来源名Beijing Subway；独立转售用途未获支持，不能推定品牌回购,未取得无关独立买家用途证据；源品牌不是购买意向,未做逐名权利净空；品牌门是投资证据约束,False,,中外公司及品牌扩扫,https://regery.com/en/bulksearch,,,,,,
4100,betterdiscord.si,,14,仅历史可注册证据（需重查）,,2026-09-30T17:27:42.109Z,来源名BetterDiscord；独立转售用途未获支持，不能推定品牌回购,未取得无关独立买家用途证据；源品牌不是购买意向,未做逐名权利净空；品牌门是投资证据约束,False,,中外公司及品牌扩扫,https://regery.com/en/bulksearch,,,,,,
4101,bigbluebutton.si,,14,仅历史可注册证据（需重查）,,2026-09-30T17:27:42.109Z,来源名BigBlueButton；独立转售用途未获支持，不能推定品牌回购,未取得无关独立买家用途证据；源品牌不是购买意向,未做逐名权利净空；品牌门是投资证据约束,False,,中外公司及品牌扩扫,https://regery.com/en/bulksearch,,,,,,
4102,bisecthosting.si,,14,仅历史可注册证据（需重查）,,2026-09-30T17:27:42.109Z,来源名BisectHosting；独立转售用途未获支持，不能推定品牌回购,未取得无关独立买家用途证据；源品牌不是购买意向,未做逐名权利净空；品牌门是投资证据约束,False,,中外公司及品牌扩扫,https://regery.com/en/bulksearch,,,,,,
4103,blackmagicdesign.si,,14,仅历史可注册证据（需重查）,,2026-09-30T17:27:42.109Z,来源名Blackmagic Design；独立转售用途未获支持，不能推定品牌回购,未取得无关独立买家用途证据；源品牌不是购买意向,未做逐名权利净空；品牌门是投资证据约束,False,,中外公司及品牌扩扫,https://regery.com/en/bulksearch,,,,,,
4104,blockchaincom.si,,14,仅历史可注册证据（需重查）,,2026-09-30T17:27:42.109Z,来源名Blockchain.com；独立转售用途未获支持，不能推定品牌回购,未取得无关独立买家用途证据；源品牌不是购买意向,未做逐名权利净空；品牌门是投资证据约束,False,,中外公司及品牌扩扫,https://regery.com/en/bulksearch,,,,,,
4105,boardgamegeek.si,,14,仅历史可注册证据（需重查）,,2026-09-30T17:27:42.109Z,来源名BoardGameGeek；独立转售用途未获支持，不能推定品牌回购,未取得无关独立买家用途证据；源品牌不是购买意向,未做逐名权利净空；品牌门是投资证据约束,False,,中外公司及品牌扩扫,https://regery.com/en/bulksearch,,,,,,
4106,boehringeringelheim.si,,14,仅历史可注册证据（需重查）,,2026-09-30T17:27:42.109Z,来源名Boehringer Ingelheim；独立转售用途未获支持，不能推定品牌回购,未取得无关独立买家用途证据；源品牌不是购买意向,未做逐名权利净空；品牌门是投资证据约束,False,,中外公司及品牌扩扫,https://regery.com/en/bulksearch,,,,,,
4107,bohemiainteractive.si,,14,仅历史可注册证据（需重查）,,2026-09-30T17:27:42.109Z,来源名Bohemia Interactive；独立转售用途未获支持，不能推定品牌回购,未取得无关独立买家用途证据；源品牌不是购买意向,未做逐名权利净空；品牌门是投资证据约束,False,,中外公司及品牌扩扫,https://regery.com/en/bulksearch,,,,,,
4108,britishairways.si,,14,仅历史可注册证据（需重查）,,2026-09-30T17:28:07.849Z,来源名British Airways；独立转售用途未获支持，不能推定品牌回购,未取得无关独立买家用途证据；源品牌不是购买意向,未做逐名权利净空；品牌门是投资证据约束,False,,中外公司及品牌扩扫,https://regery.com/en/bulksearch,,,,,,
4109,berlinerverkehrsbetriebe.si,,14,仅历史可注册证据（需重查）,,2026-09-30T17:28:07.849Z,来源名BVG；独立转售用途未获支持，不能推定品牌回购,未取得无关独立买家用途证据；源品牌不是购买意向,未做逐名权利净空；品牌门是投资证据约束,False,,中外公司及品牌扩扫,https://regery.com/en/bulksearch,,,,,,
4110,cplusplusbuilder.si,,14,仅历史可注册证据（需重查）,,2026-09-30T17:28:07.849Z,来源名C++ Builder；独立转售用途未获支持，不能推定品牌回购,未取得无关独立买家用途证据；源品牌不是购买意向,未做逐名权利净空；品牌门是投资证据约束,False,,中外公司及品牌扩扫,https://regery.com/en/bulksearch,,,,,,
4111,cairographics.si,,14,仅历史可注册证据（需重查）,,2026-09-30T17:28:07.849Z,来源名Cairo Graphics；独立转售用途未获支持，不能推定品牌回购,未取得无关独立买家用途证据；源品牌不是购买意向,未做逐名权利净空；品牌门是投资证据约束,False,,中外公司及品牌扩扫,https://regery.com/en/bulksearch,,,,,,
4112,campaignmonitor.si,,14,仅历史可注册证据（需重查）,,2026-09-30T17:28:07.849Z,来源名Campaign Monitor；独立转售用途未获支持，不能推定品牌回购,未取得无关独立买家用途证据；源品牌不是购买意向,未做逐名权利净空；品牌门是投资证据约束,False,,中外公司及品牌扩扫,https://regery.com/en/bulksearch,,,,,,
4113,carlsberggroup.si,,14,仅历史可注册证据（需重查）,,2026-09-30T17:28:07.849Z,来源名Carlsberg Group；独立转售用途未获支持，不能推定品牌回购,未取得无关独立买家用途证据；源品牌不是购买意向,未做逐名权利净空；品牌门是投资证据约束,False,,中外公司及品牌扩扫,https://regery.com/en/bulksearch,,,,,,
4114,canadianbroadcastingcompany.si,,14,仅历史可注册证据（需重查）,,2026-09-30T17:28:34.636Z,来源名CBC；独立转售用途未获支持，不能推定品牌回购,未取得无关独立买家用途证据；源品牌不是购买意向,未做逐名权利净空；品牌门是投资证据约束,False,,中外公司及品牌扩扫,https://regery.com/en/bulksearch,,,,,,
4115,chinacompulsorycertificate.si,,14,仅历史可注册证据（需重查）,,2026-09-30T17:28:34.636Z,来源名CCC；独立转售用途未获支持，不能推定品牌回购,未取得无关独立买家用途证据；源品牌不是购买意向,未做逐名权利净空；品牌门是投资证据约束,False,,中外公司及品牌扩扫,https://regery.com/en/bulksearch,,,,,,
4116,changedetection.si,,14,仅历史可注册证据（需重查）,,2026-09-30T17:28:34.636Z,来源名Change Detection；独立转售用途未获支持，不能推定品牌回购,未取得无关独立买家用途证据；源品牌不是购买意向,未做逐名权利净空；品牌门是投资证据约束,False,,中外公司及品牌扩扫,https://regery.com/en/bulksearch,,,,,,
4117,chinaeasternairlines.si,,14,仅历史可注册证据（需重查）,,2026-09-30T17:28:34.636Z,来源名China Eastern Airlines / CHINA EASTERN AIRLINES；独立转售用途未获支持，不能推定品牌回购,未取得无关独立买家用途证据；源品牌不是购买意向,未做逐名权利净空；品牌门是投资证据约束,False,,中外公司及品牌扩扫,https://regery.com/en/bulksearch,,,,,,
4118,chinasouthernairlines.si,,14,仅历史可注册证据（需重查）,,2026-09-30T17:28:34.636Z,来源名China Southern Airlines / CHINA SOUTHERN AIRLINES；独立转售用途未获支持，不能推定品牌回购,未取得无关独立买家用途证据；源品牌不是购买意向,未做逐名权利净空；品牌门是投资证据约束,False,,中外公司及品牌扩扫,https://regery.com/en/bulksearch,,,,,,
4119,chromewebstore.si,,14,仅历史可注册证据（需重查）,,2026-09-30T17:28:34.636Z,来源名Chrome Web Store；独立转售用途未获支持，不能推定品牌回购,未取得无关独立买家用途证据；源品牌不是购买意向,未做逐名权利净空；品牌门是投资证据约束,False,,中外公司及品牌扩扫,https://regery.com/en/bulksearch,,,,,,
4120,cloudnativebuild.si,,14,仅历史可注册证据（需重查）,,2026-09-30T17:28:34.636Z,来源名Cloud Native Build；独立转售用途未获支持，不能推定品牌回购,未取得无关独立买家用途证据；源品牌不是购买意向,未做逐名权利净空；品牌门是投资证据约束,False,,中外公司及品牌扩扫,https://regery.com/en/bulksearch,,,,,,
4121,cloudflarepages.si,,14,仅历史可注册证据（需重查）,,2026-09-30T17:29:01.568Z,来源名Cloudflare Pages；独立转售用途未获支持，不能推定品牌回购,未取得无关独立买家用途证据；源品牌不是购买意向,未做逐名权利净空；品牌门是投资证据约束,False,,中外公司及品牌扩扫,https://regery.com/en/bulksearch,,,,,,
4122,cloudflareworkers.si,,14,仅历史可注册证据（需重查）,,2026-09-30T17:29:01.568Z,来源名Cloudflare Workers；独立转售用途未获支持，不能推定品牌回购,未取得无关独立买家用途证据；源品牌不是购买意向,未做逐名权利净空；品牌门是投资证据约束,False,,中外公司及品牌扩扫,https://regery.com/en/bulksearch,,,,,,
4123,cockroachlabs.si,,14,仅历史可注册证据（需重查）,,2026-09-30T17:29:01.568Z,来源名Cockroach Labs；独立转售用途未获支持，不能推定品牌回购,未取得无关独立买家用途证据；源品牌不是购买意向,未做逐名权利净空；品牌门是投资证据约束,False,,中外公司及品牌扩扫,https://regery.com/en/bulksearch,,,,,,
4124,collaboraonline.si,,14,仅历史可注册证据（需重查）,,2026-09-30T17:29:01.568Z,来源名Collabora Online；独立转售用途未获支持，不能推定品牌回购,未取得无关独立买家用途证据；源品牌不是购买意向,未做逐名权利净空；品牌门是投资证据约束,False,,中外公司及品牌扩扫,https://regery.com/en/bulksearch,,,,,,
4125,collaboraoffice.si,,14,仅历史可注册证据（需重查）,,2026-09-30T17:29:01.568Z,来源名Collabora Online；独立转售用途未获支持，不能推定品牌回购,未取得无关独立买家用途证据；源品牌不是购买意向,未做逐名权利净空；品牌门是投资证据约束,False,,中外公司及品牌扩扫,https://regery.com/en/bulksearch,,,,,,
4126,collaboraproductivity.si,,14,仅历史可注册证据（需重查）,,2026-09-30T17:29:01.568Z,来源名Collabora Online；独立转售用途未获支持，不能推定品牌回购,未取得无关独立买家用途证据；源品牌不是购买意向,未做逐名权利净空；品牌门是投资证据约束,False,,中外公司及品牌扩扫,https://regery.com/en/bulksearch,,,,,,
4127,commonworkflowlanguage.si,,14,仅历史可注册证据（需重查）,,2026-09-30T17:29:22.732Z,来源名Common Workflow Language；独立转售用途未获支持，不能推定品牌回购,未取得无关独立买家用途证据；源品牌不是购买意向,未做逐名权利净空；品牌门是投资证据约束,False,,中外公司及品牌扩扫,https://regery.com/en/bulksearch,,,,,,
4128,compilerexplorer.si,,14,仅历史可注册证据（需重查）,,2026-09-30T17:29:22.732Z,来源名Compiler Explorer；独立转售用途未获支持，不能推定品牌回购,未取得无关独立买家用途证据；源品牌不是购买意向,未做逐名权利净空；品牌门是投资证据约束,False,,中外公司及品牌扩扫,https://regery.com/en/bulksearch,,,,,,
4129,contributorcovenant.si,,14,仅历史可注册证据（需重查）,,2026-09-30T17:29:22.732Z,来源名Contributor Covenant；独立转售用途未获支持，不能推定品牌回购,未取得无关独立买家用途证据；源品牌不是购买意向,未做逐名权利净空；品牌门是投资证据约束,False,,中外公司及品牌扩扫,https://regery.com/en/bulksearch,,,,,,
4130,coronarenderer.si,,14,仅历史可注册证据（需重查）,,2026-09-30T17:29:22.732Z,来源名Corona Renderer；独立转售用途未获支持，不能推定品牌回购,未取得无关独立买家用途证据；源品牌不是购买意向,未做逐名权利净空；品牌门是投资证据约束,False,,中外公司及品牌扩扫,https://regery.com/en/bulksearch,,,,,,
4131,countingworkspro.si,,14,仅历史可注册证据（需重查）,,2026-09-30T17:29:22.732Z,来源名CountingWorks PRO；独立转售用途未获支持，不能推定品牌回购,未取得无关独立买家用途证据；源品牌不是购买意向,未做逐名权利净空；品牌门是投资证据约束,False,,中外公司及品牌扩扫,https://regery.com/en/bulksearch,,,,,,
4132,createreactapp.si,,14,仅历史可注册证据（需重查）,,2026-09-30T17:29:22.732Z,来源名Create React App；独立转售用途未获支持，不能推定品牌回购,未取得无关独立买家用途证据；源品牌不是购买意向,未做逐名权利净空；品牌门是投资证据约束,False,,中外公司及品牌扩扫,https://regery.com/en/bulksearch,,,,,,
4133,creativetechnology.si,,14,仅历史可注册证据（需重查）,,2026-09-30T17:29:22.732Z,来源名Creative Technology；独立转售用途未获支持，不能推定品牌回购,未取得无关独立买家用途证据；源品牌不是购买意向,未做逐名权利净空；品牌门是投资证据约束,False,,中外公司及品牌扩扫,https://regery.com/en/bulksearch,,,,,,
4134,cssdesignawards.si,,14,仅历史可注册证据（需重查）,,2026-09-30T17:29:22.732Z,来源名CSS Design Awards；独立转售用途未获支持，不能推定品牌回购,未取得无关独立买家用途证据；源品牌不是购买意向,未做逐名权利净空；品牌门是投资证据约束,False,,中外公司及品牌扩扫,https://regery.com/en/bulksearch,,,,,,
4135,compagniedestransportsstrasbourgeois.si,,14,仅历史可注册证据（需重查）,,2026-09-30T17:29:49.585Z,来源名CTS；独立转售用途未获支持，不能推定品牌回购,未取得无关独立买家用途证据；源品牌不是购买意向,未做逐名权利净空；品牌门是投资证据约束,False,,中外公司及品牌扩扫,https://regery.com/en/bulksearch,,,,,,
4136,cyberdefenders.si,,14,仅历史可注册证据（需重查）,,2026-09-30T17:29:49.585Z,来源名CyberDefenders；独立转售用途未获支持，不能推定品牌回购,未取得无关独立买家用途证据；源品牌不是购买意向,未做逐名权利净空；品牌门是投资证据约束,False,,中外公司及品牌扩扫,https://regery.com/en/bulksearch,,,,,,
4137,dassaultsystemes.si,,14,仅历史可注册证据（需重查）,,2026-09-30T17:29:49.585Z,来源名Dassault Systèmes；独立转售用途未获支持，不能推定品牌回购,未取得无关独立买家用途证据；源品牌不是购买意向,未做逐名权利净空；品牌门是投资证据约束,False,,中外公司及品牌扩扫,https://regery.com/en/bulksearch,,,,,,
4138,davinciresolve.si,,14,仅历史可注册证据（需重查）,,2026-09-30T17:29:49.585Z,来源名DaVinci Resolve；独立转售用途未获支持，不能推定品牌回购,未取得无关独立买家用途证据；源品牌不是购买意向,未做逐名权利净空；品牌门是投资证据约束,False,,中外公司及品牌扩扫,https://regery.com/en/bulksearch,,,,,,
4139,dazhongdianping.si,,14,仅历史可注册证据（需重查）,,2026-09-30T17:29:49.585Z,来源名Dazhong Dianping；独立转售用途未获支持，不能推定品牌回购,未取得无关独立买家用途证据；源品牌不是购买意向,未做逐名权利净空；品牌门是投资证据约束,False,,中外公司及品牌扩扫,https://regery.com/en/bulksearch,,,,,,
4140,dcentertainment.si,,14,仅历史可注册证据（需重查）,,2026-09-30T17:29:49.585Z,来源名DC Entertainment；独立转售用途未获支持，不能推定品牌回购,未取得无关独立买家用途证据；源品牌不是购买意向,未做逐名权利净空；品牌门是投资证据约束,False,,中外公司及品牌扩扫,https://regery.com/en/bulksearch,,,,,,
4141,depositphotos.si,,14,仅历史可注册证据（需重查）,,2026-09-30T17:29:49.585Z,来源名Depositphotos；独立转售用途未获支持，不能推定品牌回购,未取得无关独立买家用途证据；源品牌不是购买意向,未做逐名权利净空；品牌门是投资证据约束,False,,中外公司及品牌扩扫,https://regery.com/en/bulksearch,,,,,,
4142,deutschewelle.si,,14,仅历史可注册证据（需重查）,,2026-09-30T17:29:49.585Z,来源名Deutsche Welle；独立转售用途未获支持，不能推定品牌回购,未取得无关独立买家用途证据；源品牌不是购买意向,未做逐名权利净空；品牌门是投资证据约束,False,,中外公司及品牌扩扫,https://regery.com/en/bulksearch,,,,,,
4143,developmentcontainers.si,,14,仅历史可注册证据（需重查）,,2026-09-30T17:29:49.585Z,来源名Development Containers；独立转售用途未获支持，不能推定品牌回购,未取得无关独立买家用途证据；源品牌不是购买意向,未做逐名权利净空；品牌门是投资证据约束,False,,中外公司及品牌扩扫,https://regery.com/en/bulksearch,,,,,,
4144,devcontainers.si,,14,仅历史可注册证据（需重查）,,2026-09-30T17:30:21.419Z,来源名Development Containers；独立转售用途未获支持，不能推定品牌回购,未取得无关独立买家用途证据；源品牌不是购买意向,未做逐名权利净空；品牌门是投资证据约束,False,,中外公司及品牌扩扫,https://regery.com/en/bulksearch,,,,,,
4145,dictionarycom.si,,14,仅历史可注册证据（需重查）,,2026-09-30T17:30:21.419Z,来源名Dictionary.com；独立转售用途未获支持，不能推定品牌回购,未取得无关独立买家用途证据；源品牌不是购买意向,未做逐名权利净空；品牌门是投资证据约束,False,,中外公司及品牌扩扫,https://regery.com/en/bulksearch,,,,,,
4146,digikeyelectronics.si,,14,仅历史可注册证据（需重查）,,2026-09-30T17:30:21.419Z,来源名Digi-Key Electronics；独立转售用途未获支持，不能推定品牌回购,未取得无关独立买家用途证据；源品牌不是购买意向,未做逐名权利净空；品牌门是投资证据约束,False,,中外公司及品牌扩扫,https://regery.com/en/bulksearch,,,,,,
4147,dmdrogeriemarkt.si,,14,仅历史可注册证据（需重查）,,2026-09-30T17:30:21.419Z,来源名dm；独立转售用途未获支持，不能推定品牌回购,未取得无关独立买家用途证据；源品牌不是购买意向,未做逐名权利净空；品牌门是投资证据约束,False,,中外公司及品牌扩扫,https://regery.com/en/bulksearch,,,,,,
4148,dungeonsanddragons.si,,14,仅历史可注册证据（需重查）,,2026-09-30T17:30:21.419Z,来源名Dungeons & Dragons；独立转售用途未获支持，不能推定品牌回购,未取得无关独立买家用途证据；源品牌不是购买意向,未做逐名权利净空；品牌门是投资证据约束,False,,中外公司及品牌扩扫,https://regery.com/en/bulksearch,,,,,,
4149,dataversioncontrol.si,,14,仅历史可注册证据（需重查）,,2026-09-30T17:30:21.419Z,来源名DVC；独立转售用途未获支持，不能推定品牌回购,未取得无关独立买家用途证据；源品牌不是购买意向,未做逐名权利净空；品牌门是投资证据约束,False,,中外公司及品牌扩扫,https://regery.com/en/bulksearch,,,,,,
4150,electronicentertainmentexpo.si,,14,仅历史可注册证据（需重查）,,2026-09-30T17:30:21.419Z,来源名E3；独立转售用途未获支持，不能推定品牌回购,未取得无关独立买家用途证据；源品牌不是购买意向,未做逐名权利净空；品牌门是投资证据约束,False,,中外公司及品牌扩扫,https://regery.com/en/bulksearch,,,,,,
4151,eurasianconformity.si,,14,仅历史可注册证据（需重查）,,2026-09-30T17:30:21.419Z,来源名EAC；独立转售用途未获支持，不能推定品牌回购,未取得无关独立买家用途证据；源品牌不是购买意向,未做逐名权利净空；品牌门是投资证据约束,False,,中外公司及品牌扩扫,https://regery.com/en/bulksearch,,,,,,
4152,eclipseadoptium.si,,14,仅历史可注册证据（需重查）,,2026-09-30T17:30:21.419Z,来源名Eclipse Adoptium；独立转售用途未获支持，不能推定品牌回购,未取得无关独立买家用途证据；源品牌不是购买意向,未做逐名权利净空；品牌门是投资证据约束,False,,中外公司及品牌扩扫,https://regery.com/en/bulksearch,,,,,,
4153,eclipsemosquitto.si,,14,仅历史可注册证据（需重查）,,2026-09-30T17:30:21.419Z,来源名Eclipse Mosquitto；独立转售用途未获支持，不能推定品牌回购,未取得无关独立买家用途证据；源品牌不是购买意向,未做逐名权利净空；品牌门是投资证据约束,False,,中外公司及品牌扩扫,https://regery.com/en/bulksearch,,,,,,
4154,elasticsearch.si,,14,仅历史可注册证据（需重查）,,2026-09-30T17:30:35.858Z,来源名Elasticsearch；独立转售用途未获支持，不能推定品牌回购,未取得无关独立买家用途证据；源品牌不是购买意向,未做逐名权利净空；品牌门是投资证据约束,False,,中外公司及品牌扩扫,https://regery.com/en/bulksearch,,,,,,
4155,electronfiddle.si,,14,仅历史可注册证据（需重查）,,2026-09-30T17:30:35.858Z,来源名Electron Fiddle；独立转售用途未获支持，不能推定品牌回购,未取得无关独立买家用途证据；源品牌不是购买意向,未做逐名权利净空；品牌门是投资证据约束,False,,中外公司及品牌扩扫,https://regery.com/en/bulksearch,,,,,,
4156,electronbuilder.si,,14,仅历史可注册证据（需重查）,,2026-09-30T17:30:35.858Z,来源名electron-builder；独立转售用途未获支持，不能推定品牌回购,未取得无关独立买家用途证据；源品牌不是购买意向,未做逐名权利净空；品牌门是投资证据约束,False,,中外公司及品牌扩扫,https://regery.com/en/bulksearch,,,,,,
4157,esotericsoftware.si,,14,仅历史可注册证据（需重查）,,2026-09-30T17:30:35.858Z,来源名Esoteric Software；独立转售用途未获支持，不能推定品牌回购,未取得无关独立买家用途证据；源品牌不是购买意向,未做逐名权利净空；品牌门是投资证据约束,False,,中外公司及品牌扩扫,https://regery.com/en/bulksearch,,,,,,
4158,ethiopianairlines.si,,14,仅历史可注册证据（需重查）,,2026-09-30T17:30:35.858Z,来源名Ethiopian Airlines；独立转售用途未获支持，不能推定品牌回购,未取得无关独立买家用途证据；源品牌不是购买意向,未做逐名权利净空；品牌门是投资证据约束,False,,中外公司及品牌扩扫,https://regery.com/en/bulksearch,,,,,,
4159,europeanunion.si,,14,仅历史可注册证据（需重查）,,2026-09-30T17:30:35.858Z,来源名European Union；独立转售用途未获支持，不能推定品牌回购,未取得无关独立买家用途证据；源品牌不是购买意向,未做逐名权利净空；品牌门是投资证据约束,False,,中外公司及品牌扩扫,https://regery.com/en/bulksearch,,,,,,
4160,expertsexchange.si,,14,仅历史可注册证据（需重查）,,2026-09-30T17:30:35.858Z,来源名Experts Exchange；独立转售用途未获支持，不能推定品牌回购,未取得无关独立买家用途证据；源品牌不是购买意向,未做逐名权利净空；品牌门是投资证据约束,False,,中外公司及品牌扩扫,https://regery.com/en/bulksearch,,,,,,
4161,facebookgaming.si,,14,仅历史可注册证据（需重查）,,2026-09-30T17:30:35.858Z,来源名Facebook Gaming；独立转售用途未获支持，不能推定品牌回购,未取得无关独立买家用途证据；源品牌不是购买意向,未做逐名权利净空；品牌门是投资证据约束,False,,中外公司及品牌扩扫,https://regery.com/en/bulksearch,,,,,,
4162,federalcommunicationscommission.si,,14,仅历史可注册证据（需重查）,,2026-09-30T17:30:35.858Z,来源名FCC；独立转售用途未获支持，不能推定品牌回购,未取得无关独立买家用途证据；源品牌不是购买意向,未做逐名权利净空；品牌门是投资证据约束,False,,中外公司及品牌扩扫,https://regery.com/en/bulksearch,,,,,,
4163,firefoxbrowser.si,,14,仅历史可注册证据（需重查）,,2026-09-30T17:30:50.617Z,来源名Firefox Browser；独立转售用途未获支持，不能推定品牌回购,未取得无关独立买家用途证据；源品牌不是购买意向,未做逐名权利净空；品牌门是投资证据约束,False,,中外公司及品牌扩扫,https://regery.com/en/bulksearch,,,,,,
4164,foundryvirtualtabletop.si,,14,仅历史可注册证据（需重查）,,2026-09-30T17:30:50.617Z,来源名Foundry Virtual Tabletop；独立转售用途未获支持，不能推定品牌回购,未取得无关独立买家用途证据；源品牌不是购买意向,未做逐名权利净空；品牌门是投资证据约束,False,,中外公司及品牌扩扫,https://regery.com/en/bulksearch,,,,,,
4165,fraunhofergesellschaft.si,,14,仅历史可注册证据（需重查）,,2026-09-30T17:30:50.617Z,来源名Fraunhofer-Gesellschaft；独立转售用途未获支持，不能推定品牌回购,未取得无关独立买家用途证据；源品牌不是购买意向,未做逐名权利净空；品牌门是投资证据约束,False,,中外公司及品牌扩扫,https://regery.com/en/bulksearch,,,,,,
4166,freedesktoporg.si,,14,仅历史可注册证据（需重查）,,2026-09-30T17:30:50.617Z,来源名freedesktop.org；独立转售用途未获支持，不能推定品牌回购,未取得无关独立买家用途证据；源品牌不是购买意向,未做逐名权利净空；品牌门是投资证据约束,False,,中外公司及品牌扩扫,https://regery.com/en/bulksearch,,,,,,
4167,freelancermap.si,,14,仅历史可注册证据（需重查）,,2026-09-30T17:30:50.617Z,来源名freelancermap；独立转售用途未获支持，不能推定品牌回购,未取得无关独立买家用途证据；源品牌不是购买意向,未做逐名权利净空；品牌门是投资证据约束,False,,中外公司及品牌扩扫,https://regery.com/en/bulksearch,,,,,,
4168,frontendmentor.si,,14,仅历史可注册证据（需重查）,,2026-09-30T17:31:08.840Z,来源名Frontend Mentor；独立转售用途未获支持，不能推定品牌回购,未取得无关独立买家用途证据；源品牌不是购买意向,未做逐名权利净空；品牌门是投资证据约束,False,,中外公司及品牌扩扫,https://regery.com/en/bulksearch,,,,,,
4169,gamedeveloper.si,,14,仅历史可注册证据（需重查）,,2026-09-30T17:31:08.840Z,来源名Game Developer；独立转售用途未获支持，不能推定品牌回购,未取得无关独立买家用途证据；源品牌不是购买意向,未做逐名权利净空；品牌门是投资证据约束,False,,中外公司及品牌扩扫,https://regery.com/en/bulksearch,,,,,,
4170,geeksforgeeks.si,,14,仅历史可注册证据（需重查）,,2026-09-30T17:31:08.840Z,来源名GeeksforGeeks；独立转售用途未获支持，不能推定品牌回购,未取得无关独立买家用途证据；源品牌不是购买意向,未做逐名权利净空；品牌门是投资证据约束,False,,中外公司及品牌扩扫,https://regery.com/en/bulksearch,,,,,,
4171,generalelectric.si,,14,仅历史可注册证据（需重查）,,2026-09-30T17:31:08.840Z,来源名General Electric；独立转售用途未获支持，不能推定品牌回购,未取得无关独立买家用途证据；源品牌不是购买意向,未做逐名权利净空；品牌门是投资证据约束,False,,中外公司及品牌扩扫,https://regery.com/en/bulksearch,,,,,,
4172,gnuimagemanipulationprogram.si,,14,仅历史可注册证据（需重查）,,2026-09-30T17:31:08.840Z,来源名GIMP；独立转售用途未获支持，不能推定品牌回购,未取得无关独立买家用途证据；源品牌不是购买意向,未做逐名权利净空；品牌门是投资证据约束,False,,中外公司及品牌扩扫,https://regery.com/en/bulksearch,,,,,,
4173,gitextensions.si,,14,仅历史可注册证据（需重查）,,2026-09-30T17:31:08.840Z,来源名Git Extensions；独立转售用途未获支持，不能推定品牌回购,未取得无关独立买家用途证据；源品牌不是购买意向,未做逐名权利净空；品牌门是投资证据约束,False,,中外公司及品牌扩扫,https://regery.com/en/bulksearch,,,,,,
4174,gitforwindows.si,,14,仅历史可注册证据（需重查）,,2026-09-30T17:31:08.840Z,来源名Git for Windows；独立转售用途未获支持，不能推定品牌回购,未取得无关独立买家用途证据；源品牌不是购买意向,未做逐名权利净空；品牌门是投资证据约束,False,,中外公司及品牌扩扫,https://regery.com/en/bulksearch,,,,,,
4175,githubactions.si,,14,仅历史可注册证据（需重查）,,2026-09-30T17:31:08.840Z,来源名GitHub Actions；独立转售用途未获支持，不能推定品牌回购,未取得无关独立买家用途证据；源品牌不是购买意向,未做逐名权利净空；品牌门是投资证据约束,False,,中外公司及品牌扩扫,https://regery.com/en/bulksearch,,,,,,
4176,githubsponsors.si,,14,仅历史可注册证据（需重查）,,2026-09-30T17:31:08.840Z,来源名GitHub Sponsors；独立转售用途未获支持，不能推定品牌回购,未取得无关独立买家用途证据；源品牌不是购买意向,未做逐名权利净空；品牌门是投资证据约束,False,,中外公司及品牌扩扫,https://regery.com/en/bulksearch,,,,,,
4177,gnometerminal.si,,14,仅历史可注册证据（需重查）,,2026-09-30T17:31:08.840Z,来源名GNOME Terminal；独立转售用途未获支持，不能推定品牌回购,未取得无关独立买家用途证据；源品牌不是购买意向,未做逐名权利净空；品牌门是投资证据约束,False,,中外公司及品牌扩扫,https://regery.com/en/bulksearch,,,,,,
4178,gnuprivacyguard.si,,14,仅历史可注册证据（需重查）,,2026-09-30T17:31:08.840Z,来源名GNU Privacy Guard；独立转售用途未获支持，不能推定品牌回购,未取得无关独立买家用途证据；源品牌不是购买意向,未做逐名权利净空；品牌门是投资证据约束,False,,中外公司及品牌扩扫,https://regery.com/en/bulksearch,,,,,,
4179,googleadsense.si,,14,仅历史可注册证据（需重查）,,2026-09-30T17:31:08.840Z,来源名Google AdSense；独立转售用途未获支持，不能推定品牌回购,未取得无关独立买家用途证据；源品牌不是购买意向,未做逐名权利净空；品牌门是投资证据约束,False,,中外公司及品牌扩扫,https://regery.com/en/bulksearch,,,,,,
4180,googleappsscript.si,,14,仅历史可注册证据（需重查）,,2026-09-30T17:31:08.840Z,来源名Google Apps Script；独立转售用途未获支持，不能推定品牌回购,未取得无关独立买家用途证据；源品牌不是购买意向,未做逐名权利净空；品牌门是投资证据约束,False,,中外公司及品牌扩扫,https://regery.com/en/bulksearch,,,,,,
4181,googleassistant.si,,14,仅历史可注册证据（需重查）,,2026-09-30T17:31:42.306Z,来源名Google Assistant；独立转售用途未获支持，不能推定品牌回购,未取得无关独立买家用途证据；源品牌不是购买意向,未做逐名权利净空；品牌门是投资证据约束,False,,中外公司及品牌扩扫,https://regery.com/en/bulksearch,,,,,,
4182,googlebigquery.si,,14,仅历史可注册证据（需重查）,,2026-09-30T17:31:42.306Z,来源名Google BigQuery；独立转售用途未获支持，不能推定品牌回购,未取得无关独立买家用途证据；源品牌不是购买意向,未做逐名权利净空；品牌门是投资证据约束,False,,中外公司及品牌扩扫,https://regery.com/en/bulksearch,,,,,,
4183,googlebigtable.si,,14,仅历史可注册证据（需重查）,,2026-09-30T17:31:42.306Z,来源名Google Bigtable；独立转售用途未获支持，不能推定品牌回购,未取得无关独立买家用途证据；源品牌不是购买意向,未做逐名权利净空；品牌门是投资证据约束,False,,中外公司及品牌扩扫,https://regery.com/en/bulksearch,,,,,,
4184,googlecardboard.si,,14,仅历史可注册证据（需重查）,,2026-09-30T17:31:42.306Z,来源名Google Cardboard；独立转售用途未获支持，不能推定品牌回购,未取得无关独立买家用途证据；源品牌不是购买意向,未做逐名权利净空；品牌门是投资证据约束,False,,中外公司及品牌扩扫,https://regery.com/en/bulksearch,,,,,,
4185,googlechronicle.si,,14,仅历史可注册证据（需重查）,,2026-09-30T17:31:42.306Z,来源名Google Chronicle；独立转售用途未获支持，不能推定品牌回购,未取得无关独立买家用途证据；源品牌不是购买意向,未做逐名权利净空；品牌门是投资证据约束,False,,中外公司及品牌扩扫,https://regery.com/en/bulksearch,,,,,,
4186,googlecloudcomposer.si,,14,仅历史可注册证据（需重查）,,2026-09-30T17:31:42.306Z,来源名Google Cloud Composer；独立转售用途未获支持，不能推定品牌回购,未取得无关独立买家用途证据；源品牌不是购买意向,未做逐名权利净空；品牌门是投资证据约束,False,,中外公司及品牌扩扫,https://regery.com/en/bulksearch,,,,,,
4187,googlecloudspanner.si,,14,仅历史可注册证据（需重查）,,2026-09-30T17:31:42.306Z,来源名Google Cloud Spanner；独立转售用途未获支持，不能推定品牌回购,未取得无关独立买家用途证据；源品牌不是购买意向,未做逐名权利净空；品牌门是投资证据约束,False,,中外公司及品牌扩扫,https://regery.com/en/bulksearch,,,,,,
4188,googlecloudstorage.si,,14,仅历史可注册证据（需重查）,,2026-09-30T17:31:42.306Z,来源名Google Cloud Storage；独立转售用途未获支持，不能推定品牌回购,未取得无关独立买家用途证据；源品牌不是购买意向,未做逐名权利净空；品牌门是投资证据约束,False,,中外公司及品牌扩扫,https://regery.com/en/bulksearch,,,,,,
4189,googlecontaineroptimizedos.si,,14,仅历史可注册证据（需重查）,,2026-09-30T17:31:42.306Z,来源名Google Container Optimized OS；独立转售用途未获支持，不能推定品牌回购,未取得无关独立买家用途证据；源品牌不是购买意向,未做逐名权利净空；品牌门是投资证据约束,False,,中外公司及品牌扩扫,https://regery.com/en/bulksearch,,,,,,
4190,googledataflow.si,,14,仅历史可注册证据（需重查）,,2026-09-30T17:31:42.306Z,来源名Google Dataflow；独立转售用途未获支持，不能推定品牌回购,未取得无关独立买家用途证据；源品牌不是购买意向,未做逐名权利净空；品牌门是投资证据约束,False,,中外公司及品牌扩扫,https://regery.com/en/bulksearch,,,,,,
4191,googledataproc.si,,14,仅历史可注册证据（需重查）,,2026-09-30T17:31:42.306Z,来源名Google Dataproc；独立转售用途未获支持，不能推定品牌回购,未取得无关独立买家用途证据；源品牌不是购买意向,未做逐名权利净空；品牌门是投资证据约束,False,,中外公司及品牌扩扫,https://regery.com/en/bulksearch,,,,,,
4192,googleearthengine.si,,14,仅历史可注册证据（需重查）,,2026-09-30T17:31:42.306Z,来源名Google Earth Engine；独立转售用途未获支持，不能推定品牌回购,未取得无关独立买家用途证据；源品牌不是购买意向,未做逐名权利净空；品牌门是投资证据约束,False,,中外公司及品牌扩扫,https://regery.com/en/bulksearch,,,,,,
4193,googlemarketingplatform.si,,14,仅历史可注册证据（需重查）,,2026-09-30T17:31:42.306Z,来源名Google Marketing Platform；独立转售用途未获支持，不能推定品牌回购,未取得无关独立买家用途证据；源品牌不是购买意向,未做逐名权利净空；品牌门是投资证据约束,False,,中外公司及品牌扩扫,https://regery.com/en/bulksearch,,,,,,
4194,googlemessages.si,,14,仅历史可注册证据（需重查）,,2026-09-30T17:31:42.306Z,来源名Google Messages；独立转售用途未获支持，不能推定品牌回购,未取得无关独立买家用途证据；源品牌不是购买意向,未做逐名权利净空；品牌门是投资证据约束,False,,中外公司及品牌扩扫,https://regery.com/en/bulksearch,,,,,,
4195,googlescholar.si,,14,仅历史可注册证据（需重查）,,2026-09-30T17:31:42.306Z,来源名Google Scholar；独立转售用途未获支持，不能推定品牌回购,未取得无关独立买家用途证据；源品牌不是购买意向,未做逐名权利净空；品牌门是投资证据约束,False,,中外公司及品牌扩扫,https://regery.com/en/bulksearch,,,,,,
4196,googlestreetview.si,,14,仅历史可注册证据（需重查）,,2026-09-30T17:31:42.306Z,来源名Google Street View；独立转售用途未获支持，不能推定品牌回购,未取得无关独立买家用途证据；源品牌不是购买意向,未做逐名权利净空；品牌门是投资证据约束,False,,中外公司及品牌扩扫,https://regery.com/en/bulksearch,,,,,,
4197,googlesummerofcode.si,,14,仅历史可注册证据（需重查）,,2026-09-30T17:31:42.306Z,来源名Google Summer of Code；独立转售用途未获支持，不能推定品牌回购,未取得无关独立买家用途证据；源品牌不是购买意向,未做逐名权利净空；品牌门是投资证据约束,False,,中外公司及品牌扩扫,https://regery.com/en/bulksearch,,,,,,
4198,googletagmanager.si,,14,仅历史可注册证据（需重查）,,2026-09-30T17:31:42.306Z,来源名Google Tag Manager；独立转售用途未获支持，不能推定品牌回购,未取得无关独立买家用途证据；源品牌不是购买意向,未做逐名权利净空；品牌门是投资证据约束,False,,中外公司及品牌扩扫,https://regery.com/en/bulksearch,,,,,,
4199,gradleplaypublisher.si,,14,仅历史可注册证据（需重查）,,2026-09-30T17:31:42.306Z,来源名Gradle Play Publisher；独立转售用途未获支持，不能推定品牌回购,未取得无关独立买家用途证据；源品牌不是购买意向,未做逐名权利净空；品牌门是投资证据约束,False,,中外公司及品牌扩扫,https://regery.com/en/bulksearch,,,,,,
4200,greatlearning.si,,14,仅历史可注册证据（需重查）,,2026-09-30T17:31:42.306Z,来源名Great Learning；独立转售用途未获支持，不能推定品牌回购,未取得无关独立买家用途证据；源品牌不是购买意向,未做逐名权利净空；品牌门是投资证据约束,False,,中外公司及品牌扩扫,https://regery.com/en/bulksearch,,,,,,
4201,greensockanimationplatform.si,,14,仅历史可注册证据（需重查）,,2026-09-30T17:41:34.277Z,来源名GSAP；独立转售用途未获支持，不能推定品牌回购,未取得无关独立买家用途证据；源品牌不是购买意向,未做逐名权利净空；品牌门是投资证据约束,False,,中外公司及品牌扩扫,https://my.eurodns.com/das/search,,,,,,
4202,guangzhoumetro.si,,14,仅历史可注册证据（需重查）,,2026-09-30T17:41:34.277Z,来源名Guangzhou Metro；独立转售用途未获支持，不能推定品牌回购,未取得无关独立买家用途证据；源品牌不是购买意向,未做逐名权利净空；品牌门是投资证据约束,False,,中外公司及品牌扩扫,https://my.eurodns.com/das/search,,,,,,
4203,hatenabookmark.si,,14,仅历史可注册证据（需重查）,,2026-09-30T17:41:34.277Z,来源名Hatena Bookmark；独立转售用途未获支持，不能推定品牌回购,未取得无关独立买家用途证据；源品牌不是购买意向,未做逐名权利净空；品牌门是投资证据约束,False,,中外公司及品牌扩扫,https://my.eurodns.com/das/search,,,,,,
4204,haveibeenpwned.si,,14,仅历史可注册证据（需重查）,,2026-09-30T17:41:34.277Z,来源名Have I Been Pwned；独立转售用途未获支持，不能推定品牌回购,未取得无关独立买家用途证据；源品牌不是购买意向,未做逐名权利净空；品牌门是投资证据约束,False,,中外公司及品牌扩扫,https://my.eurodns.com/das/search,,,,,,
4205,headphonezone.si,,14,仅历史可注册证据（需重查）,,2026-09-30T17:41:34.277Z,来源名Headphone Zone；独立转售用途未获支持，不能推定品牌回购,未取得无关独立买家用途证据；源品牌不是购买意向,未做逐名权利净空；品牌门是投资证据约束,False,,中外公司及品牌扩扫,https://my.eurodns.com/das/search,,,,,,
4206,heliumbrowser.si,,14,仅历史可注册证据（需重查）,,2026-09-30T17:41:34.277Z,来源名Helium Browser；独立转售用途未获支持，不能推定品牌回购,未取得无关独立买家用途证据；源品牌不是购买意向,未做逐名权利净空；品牌门是投资证据约束,False,,中外公司及品牌扩扫,https://my.eurodns.com/das/search,,,,,,
4207,heroicgameslauncher.si,,14,仅历史可注册证据（需重查）,,2026-09-30T17:41:34.277Z,来源名Heroic Games Launcher；独立转售用途未获支持，不能推定品牌回购,未取得无关独立买家用途证据；源品牌不是购买意向,未做逐名权利净空；品牌门是投资证据约束,False,,中外公司及品牌扩扫,https://my.eurodns.com/das/search,,,,,,
4208,hiltonhotelsandresorts.si,,14,仅历史可注册证据（需重查）,,2026-09-30T17:41:34.277Z,来源名Hilton Hotels & Resorts；独立转售用途未获支持，不能推定品牌回购,未取得无关独立买家用途证据；源品牌不是购买意向,未做逐名权利净空；品牌门是投资证据约束,False,,中外公司及品牌扩扫,https://my.eurodns.com/das/search,,,,,,
4209,homeassistantcommunitystore.si,,14,仅历史可注册证据（需重查）,,2026-09-30T17:41:34.277Z,来源名Home Assistant Community Store；独立转售用途未获支持，不能推定品牌回购,未取得无关独立买家用途证据；源品牌不是购买意向,未做逐名权利净空；品牌门是投资证据约束,False,,中外公司及品牌扩扫,https://my.eurodns.com/das/search,,,,,,
4210,iledefrancemobilites.si,,14,仅历史可注册证据（需重查）,,2026-09-30T17:34:47.071Z,来源名Île-de-France Mobilités；独立转售用途未获支持，不能推定品牌回购,未取得无关独立买家用途证据；源品牌不是购买意向,未做逐名权利净空；品牌门是投资证据约束,False,,中外公司及品牌扩扫,https://regery.com/en/bulksearch,,,,,,
4211,immersivetranslate.si,,14,仅历史可注册证据（需重查）,,2026-09-30T17:34:47.071Z,来源名Immersive Translate；独立转售用途未获支持，不能推定品牌回购,未取得无关独立买家用途证据；源品牌不是购买意向,未做逐名权利净空；品牌门是投资证据约束,False,,中外公司及品牌扩扫,https://regery.com/en/bulksearch,,,,,,
4212,indiansuperleague.si,,14,仅历史可注册证据（需重查）,,2026-09-30T17:34:47.071Z,来源名Indian Super League；独立转售用途未获支持，不能推定品牌回购,未取得无关独立买家用途证据；源品牌不是购买意向,未做逐名权利净空；品牌门是投资证据约束,False,,中外公司及品牌扩扫,https://regery.com/en/bulksearch,,,,,,
4213,inductiveautomation.si,,14,仅历史可注册证据（需重查）,,2026-09-30T17:34:47.071Z,来源名Inductive Automation；独立转售用途未获支持，不能推定品牌回购,未取得无关独立买家用途证据；源品牌不是购买意向,未做逐名权利净空；品牌门是投资证据约束,False,,中外公司及品牌扩扫,https://regery.com/en/bulksearch,,,,,,
4214,instructables.si,,14,仅历史可注册证据（需重查）,,2026-09-30T17:34:47.071Z,来源名Instructables；独立转售用途未获支持，不能推定品牌回购,未取得无关独立买家用途证据；源品牌不是购买意向,未做逐名权利净空；品牌门是投资证据约束,False,,中外公司及品牌扩扫,https://regery.com/en/bulksearch,,,,,,
4215,interactiondesignfoundation.si,,14,仅历史可注册证据（需重查）,,2026-09-30T17:34:47.071Z,来源名Interaction Design Foundation；独立转售用途未获支持，不能推定品牌回购,未取得无关独立买家用途证据；源品牌不是购买意向,未做逐名权利净空；品牌门是投资证据约束,False,,中外公司及品牌扩扫,https://regery.com/en/bulksearch,,,,,,
4216,internetarchive.si,,14,仅历史可注册证据（需重查）,,2026-09-30T17:34:47.071Z,来源名Internet Archive；独立转售用途未获支持，不能推定品牌回购,未取得无关独立买家用途证据；源品牌不是购买意向,未做逐名权利净空；品牌门是投资证据约束,False,,中外公司及品牌扩扫,https://regery.com/en/bulksearch,,,,,,
4217,internetcomputerprotocol.si,,14,仅历史可注册证据（需重查）,,2026-09-30T17:34:47.071Z,来源名Internet Computer；独立转售用途未获支持，不能推定品牌回购,未取得无关独立买家用途证据；源品牌不是购买意向,未做逐名权利净空；品牌门是投资证据约束,False,,中外公司及品牌扩扫,https://regery.com/en/bulksearch,,,,,,
4218,indianspaceresearchorganization.si,,14,仅历史可注册证据（需重查）,,2026-09-30T17:34:47.071Z,来源名ISRO；独立转售用途未获支持，不能推定品牌回购,未取得无关独立买家用途证据；源品牌不是购买意向,未做逐名权利净空；品牌门是投资证据约束,False,,中外公司及品牌扩扫,https://regery.com/en/bulksearch,,,,,,
4219,japanairlines.si,,14,仅历史可注册证据（需重查）,,2026-09-30T17:34:47.071Z,来源名Japan Airlines；独立转售用途未获支持，不能推定品牌回购,未取得无关独立买家用途证据；源品牌不是购买意向,未做逐名权利净空；品牌门是投资证据约束,False,,中外公司及品牌扩扫,https://regery.com/en/bulksearch,,,,,,
4220,jetpackcompose.si,,14,仅历史可注册证据（需重查）,,2026-09-30T17:34:47.071Z,来源名Jetpack Compose；独立转售用途未获支持，不能推定品牌回购,未取得无关独立买家用途证据；源品牌不是购买意向,未做逐名权利净空；品牌门是投资证据约束,False,,中外公司及品牌扩扫,https://regery.com/en/bulksearch,,,,,,
4221,jfrogpipelines.si,,14,仅历史可注册证据（需重查）,,2026-09-30T17:34:47.071Z,来源名JFrog Pipelines；独立转售用途未获支持，不能推定品牌回购,未取得无关独立买家用途证据；源品牌不是购买意向,未做逐名权利净空；品牌门是投资证据约束,False,,中外公司及品牌扩扫,https://regery.com/en/bulksearch,,,,,,
4222,junipernetworks.si,,14,仅历史可注册证据（需重查）,,2026-09-30T17:35:30.867Z,来源名Juniper Networks；独立转售用途未获支持，不能推定品牌回购,未取得无关独立买家用途证据；源品牌不是购买意向,未做逐名权利净空；品牌门是投资证据约束,False,,中外公司及品牌扩扫,https://regery.com/en/bulksearch,,,,,,
4223,justeattakeawaycom.si,,14,仅历史可注册证据（需重查）,,2026-09-30T17:35:30.867Z,来源名Just Eat；独立转售用途未获支持，不能推定品牌回购,未取得无关独立买家用途证据；源品牌不是购买意向,未做逐名权利净空；品牌门是投资证据约束,False,,中外公司及品牌扩扫,https://regery.com/en/bulksearch,,,,,,
4224,karlsruherverkehrsverbund.si,,14,仅历史可注册证据（需重查）,,2026-09-30T17:35:30.867Z,来源名Karlsruher Verkehrsverbund；独立转售用途未获支持，不能推定品牌回购,未取得无关独立买家用途证据；源品牌不是购买意向,未做逐名权利净空；品牌门是投资证据约束,False,,中外公司及品牌扩扫,https://regery.com/en/bulksearch,,,,,,
4225,keepachangelog.si,,14,仅历史可注册证据（需重查）,,2026-09-30T17:35:30.867Z,来源名Keep a Changelog；独立转售用途未获支持，不能推定品牌回购,未取得无关独立买家用途证据；源品牌不是购买意向,未做逐名权利净空；品牌门是投资证据约束,False,,中外公司及品牌扩扫,https://regery.com/en/bulksearch,,,,,,
4226,kentuckyfriedchicken.si,,14,仅历史可注册证据（需重查）,,2026-09-30T17:35:30.867Z,来源名KFC；独立转售用途未获支持，不能推定品牌回购,未取得无关独立买家用途证据；源品牌不是购买意向,未做逐名权利净空；品牌门是投资证据约束,False,,中外公司及品牌扩扫,https://regery.com/en/bulksearch,,,,,,
4227,kingstontechnology.si,,14,仅历史可注册证据（需重查）,,2026-09-30T17:35:30.867Z,来源名Kingston Technology；独立转售用途未获支持，不能推定品牌回购,未取得无关独立买家用途证据；源品牌不是购买意向,未做逐名权利净空；品牌门是投资证据约束,False,,中外公司及品牌扩扫,https://regery.com/en/bulksearch,,,,,,
4228,kleinanzeigen.si,,14,仅历史可注册证据（需重查）,,2026-09-30T17:35:30.867Z,来源名Kleinanzeigen；独立转售用途未获支持，不能推定品牌回购,未取得无关独立买家用途证据；源品牌不是购买意向,未做逐名权利净空；品牌门是投资证据约束,False,,中外公司及品牌扩扫,https://regery.com/en/bulksearch,,,,,,
4229,ebaykleinanzeigen.si,,14,仅历史可注册证据（需重查）,,2026-09-30T17:35:30.867Z,来源名Kleinanzeigen；独立转售用途未获支持，不能推定品牌回购,未取得无关独立买家用途证据；源品牌不是购买意向,未做逐名权利净空；品牌门是投资证据约束,False,,中外公司及品牌扩扫,https://regery.com/en/bulksearch,,,,,,
4230,langchaincorporate.si,,14,仅历史可注册证据（需重查）,,2026-09-30T17:35:30.867Z,来源名LangChain Corporate；独立转售用途未获支持，不能推定品牌回购,未取得无关独立买家用途证据；源品牌不是购买意向,未做逐名权利净空；品牌门是投资证据约束,False,,中外公司及品牌扩扫,https://regery.com/en/bulksearch,,,,,,
4231,laravelhorizon.si,,14,仅历史可注册证据（需重查）,,2026-09-30T17:35:30.867Z,来源名Laravel Horizon；独立转售用途未获支持，不能推定品牌回购,未取得无关独立买家用途证据；源品牌不是购买意向,未做逐名权利净空；品牌门是投资证据约束,False,,中外公司及品牌扩扫,https://regery.com/en/bulksearch,,,,,,
4232,leagueoflegends.si,,14,仅历史可注册证据（需重查）,,2026-09-30T17:36:09.443Z,来源名League of Legends；独立转售用途未获支持，不能推定品牌回购,未取得无关独立买家用途证据；源品牌不是购买意向,未做逐名权利净空；品牌门是投资证据约束,False,,中外公司及品牌扩扫,https://regery.com/en/bulksearch,,,,,,
4233,libreofficebase.si,,14,仅历史可注册证据（需重查）,,2026-09-30T17:36:09.443Z,来源名LibreOffice Base；独立转售用途未获支持，不能推定品牌回购,未取得无关独立买家用途证据；源品牌不是购买意向,未做逐名权利净空；品牌门是投资证据约束,False,,中外公司及品牌扩扫,https://regery.com/en/bulksearch,,,,,,
4234,libreofficecalc.si,,14,仅历史可注册证据（需重查）,,2026-09-30T17:36:09.443Z,来源名LibreOffice Calc；独立转售用途未获支持，不能推定品牌回购,未取得无关独立买家用途证据；源品牌不是购买意向,未做逐名权利净空；品牌门是投资证据约束,False,,中外公司及品牌扩扫,https://regery.com/en/bulksearch,,,,,,
4235,libreofficedraw.si,,14,仅历史可注册证据（需重查）,,2026-09-30T17:36:09.443Z,来源名LibreOffice Draw；独立转售用途未获支持，不能推定品牌回购,未取得无关独立买家用途证据；源品牌不是购买意向,未做逐名权利净空；品牌门是投资证据约束,False,,中外公司及品牌扩扫,https://regery.com/en/bulksearch,,,,,,
4236,libreofficeimpress.si,,14,仅历史可注册证据（需重查）,,2026-09-30T17:36:09.443Z,来源名LibreOffice Impress；独立转售用途未获支持，不能推定品牌回购,未取得无关独立买家用途证据；源品牌不是购买意向,未做逐名权利净空；品牌门是投资证据约束,False,,中外公司及品牌扩扫,https://regery.com/en/bulksearch,,,,,,
4237,libreofficemath.si,,14,仅历史可注册证据（需重查）,,2026-09-30T17:36:09.443Z,来源名LibreOffice Math；独立转售用途未获支持，不能推定品牌回购,未取得无关独立买家用途证据；源品牌不是购买意向,未做逐名权利净空；品牌门是投资证据约束,False,,中外公司及品牌扩扫,https://regery.com/en/bulksearch,,,,,,
4238,libreofficewriter.si,,14,仅历史可注册证据（需重查）,,2026-09-30T17:36:09.443Z,来源名LibreOffice Writer；独立转售用途未获支持，不能推定品牌回购,未取得无关独立买家用途证据；源品牌不是购买意向,未做逐名权利净空；品牌门是投资证据约束,False,,中外公司及品牌扩扫,https://regery.com/en/bulksearch,,,,,,
4239,libretranslate.si,,14,仅历史可注册证据（需重查）,,2026-09-30T17:36:09.443Z,来源名LibreTranslate；独立转售用途未获支持，不能推定品牌回购,未取得无关独立买家用途证据；源品牌不是购买意向,未做逐名权利净空；品牌门是投资证据约束,False,,中外公司及品牌扩扫,https://regery.com/en/bulksearch,,,,,,
4240,linuxcontainers.si,,14,仅历史可注册证据（需重查）,,2026-09-30T17:36:09.443Z,来源名Linux Containers；独立转售用途未获支持，不能推定品牌回购,未取得无关独立买家用途证据；源品牌不是购买意向,未做逐名权利净空；品牌门是投资证据约束,False,,中外公司及品牌扩扫,https://regery.com/en/bulksearch,,,,,,
4241,linuxfoundation.si,,14,仅历史可注册证据（需重查）,,2026-09-30T17:36:09.443Z,来源名Linux Foundation；独立转售用途未获支持，不能推定品牌回购,未取得无关独立买家用途证据；源品牌不是购买意向,未做逐名权利净空；品牌门是投资证据约束,False,,中外公司及品牌扩扫,https://regery.com/en/bulksearch,,,,,,
4242,linuxprofessionalinstitute.si,,14,仅历史可注册证据（需重查）,,2026-09-30T17:36:09.443Z,来源名Linux Professional Institute；独立转售用途未获支持，不能推定品牌回购,未取得无关独立买家用途证据；源品牌不是购买意向,未做逐名权利净空；品牌门是投资证据约束,False,,中外公司及品牌扩扫,https://regery.com/en/bulksearch,,,,,,
4243,lmstudiobionic.si,,14,仅历史可注册证据（需重查）,,2026-09-30T17:36:09.443Z,来源名LM Studio；独立转售用途未获支持，不能推定品牌回购,未取得无关独立买家用途证据；源品牌不是购买意向,未做逐名权利净空；品牌门是投资证据约束,False,,中外公司及品牌扩扫,https://regery.com/en/bulksearch,,,,,,
4244,lotpolishairlines.si,,14,仅历史可注册证据（需重查）,,2026-09-30T17:36:31.187Z,来源名LOT Polish Airlines；独立转售用途未获支持，不能推定品牌回购,未取得无关独立买家用途证据；源品牌不是购买意向,未做逐名权利净空；品牌门是投资证据约束,False,,中外公司及品牌扩扫,https://regery.com/en/bulksearch,,,,,,
4245,lightandversatilegraphicslibrary.si,,14,仅历史可注册证据（需重查）,,2026-09-30T17:36:31.187Z,来源名LVGL；独立转售用途未获支持，不能推定品牌回购,未取得无关独立买家用途证据；源品牌不是购买意向,未做逐名权利净空；品牌门是投资证据约束,False,,中外公司及品牌扩扫,https://regery.com/en/bulksearch,,,,,,
4246,majorleaguehacking.si,,14,仅历史可注册证据（需重查）,,2026-09-30T17:36:31.187Z,来源名Major League Hacking；独立转售用途未获支持，不能推定品牌回购,未取得无关独立买家用途证据；源品牌不是购买意向,未做逐名权利净空；品牌门是投资证据约束,False,,中外公司及品牌扩扫,https://regery.com/en/bulksearch,,,,,,
4247,bakaupdatesmanga.si,,14,仅历史可注册证据（需重查）,,2026-09-30T17:36:31.187Z,来源名MangaUpdates；独立转售用途未获支持，不能推定品牌回购,未取得无关独立买家用途证据；源品牌不是购买意向,未做逐名权利净空；品牌门是投资证据约束,False,,中外公司及品牌扩扫,https://regery.com/en/bulksearch,,,,,,
4248,mariadbfoundation.si,,14,仅历史可注册证据（需重查）,,2026-09-30T17:36:31.187Z,来源名MariaDB Foundation；独立转售用途未获支持，不能推定品牌回购,未取得无关独立买家用途证据；源品牌不是购买意向,未做逐名权利净空；品牌门是投资证据约束,False,,中外公司及品牌扩扫,https://regery.com/en/bulksearch,,,,,,
4249,materialdesign.si,,14,仅历史可注册证据（需重查）,,2026-09-30T17:36:31.187Z,来源名Material Design；独立转售用途未获支持，不能推定品牌回购,未取得无关独立买家用途证据；源品牌不是购买意向,未做逐名权利净空；品牌门是投资证据约束,False,,中外公司及品牌扩扫,https://regery.com/en/bulksearch,,,,,,
4250,materialdesignicons.si,,14,仅历史可注册证据（需重查）,,2026-09-30T17:36:31.187Z,来源名Material Design Icons；独立转售用途未获支持，不能推定品牌回购,未取得无关独立买家用途证据；源品牌不是购买意向,未做逐名权利净空；品牌门是投资证据约束,False,,中外公司及品牌扩扫,https://regery.com/en/bulksearch,,,,,,
4251,materialformkdocs.si,,14,仅历史可注册证据（需重查）,,2026-09-30T17:36:31.187Z,来源名Material for MkDocs；独立转售用途未获支持，不能推定品牌回购,未取得无关独立买家用途证据；源品牌不是购买意向,未做逐名权利净空；品牌门是投资证据约束,False,,中外公司及品牌扩扫,https://regery.com/en/bulksearch,,,,,,
4252,maxplanckgesellschaft.si,,14,仅历史可注册证据（需重查）,,2026-09-30T17:37:10.063Z,来源名Max-Planck-Gesellschaft；独立转售用途未获支持，不能推定品牌回购,未取得无关独立买家用途证据；源品牌不是购买意向,未做逐名权利净空；品牌门是投资证据约束,False,,中外公司及品牌扩扫,https://regery.com/en/bulksearch,,,,,,
4253,medibangpaint.si,,14,仅历史可注册证据（需重查）,,2026-09-30T17:37:10.063Z,来源名MediBang Paint；独立转售用途未获支持，不能推定品牌回购,未取得无关独立买家用途证据；源品牌不是购买意向,未做逐名权利净空；品牌门是投资证据约束,False,,中外公司及品牌扩扫,https://regery.com/en/bulksearch,,,,,,
4254,metrodelaciudaddemexico.si,,14,仅历史可注册证据（需重查）,,2026-09-30T17:37:10.063Z,来源名Metro de la Ciudad de México；独立转售用途未获支持，不能推定品牌回购,未取得无关独立买家用途证据；源品牌不是购买意向,未做逐名权利净空；品牌门是投资证据约束,False,,中外公司及品牌扩扫,https://regery.com/en/bulksearch,,,,,,
4255,metrodemadrid.si,,14,仅历史可注册证据（需重查）,,2026-09-30T17:37:10.063Z,来源名Metro de Madrid；独立转售用途未获支持，不能推定品牌回购,未取得无关独立买家用途证据；源品牌不是购买意向,未做逐名权利净空；品牌门是投资证据约束,False,,中外公司及品牌扩扫,https://regery.com/en/bulksearch,,,,,,
4256,morrisgarages.si,,14,仅历史可注册证据（需重查）,,2026-09-30T17:37:10.063Z,来源名MG；独立转售用途未获支持，不能推定品牌回购,未取得无关独立买家用途证据；源品牌不是购买意向,未做逐名权利净空；品牌门是投资证据约束,False,,中外公司及品牌扩扫,https://regery.com/en/bulksearch,,,,,,
4257,majorleaguebaseball.si,,14,仅历史可注册证据（需重查）,,2026-09-30T17:37:10.063Z,来源名MLB；独立转售用途未获支持，不能推定品牌回购,未取得无关独立买家用途证据；源品牌不是购买意向,未做逐名权利净空；品牌门是投资证据约束,False,,中外公司及品牌扩扫,https://regery.com/en/bulksearch,,,,,,
4258,mobxstatetree.si,,14,仅历史可注册证据（需重查）,,2026-09-30T17:37:10.063Z,来源名MobX-State-Tree；独立转售用途未获支持，不能推定品牌回购,未取得无关独立买家用途证据；源品牌不是购买意向,未做逐名权利净空；品牌门是投资证据约束,False,,中外公司及品牌扩扫,https://regery.com/en/bulksearch,,,,,,
4259,mockserviceworker.si,,14,仅历史可注册证据（需重查）,,2026-09-30T17:37:10.063Z,来源名Mock Service Worker；独立转售用途未获支持，不能推定品牌回购,未取得无关独立买家用途证据；源品牌不是购买意向,未做逐名权利净空；品牌门是投资证据约束,False,,中外公司及品牌扩扫,https://regery.com/en/bulksearch,,,,,,
4260,microstarinternational.si,,14,仅历史可注册证据（需重查）,,2026-09-30T17:37:47.483Z,来源名MSI；独立转售用途未获支持，不能推定品牌回购,未取得无关独立买家用途证据；源品牌不是购买意向,未做逐名权利净空；品牌门是投资证据约束,False,,中外公司及品牌扩扫,https://regery.com/en/bulksearch,,,,,,
4261,nederlandsespoorwegen.si,,14,仅历史可注册证据（需重查）,,2026-09-30T17:37:47.483Z,来源名Nederlandse Spoorwegen；独立转售用途未获支持，不能推定品牌回购,未取得无关独立买家用途证据；源品牌不是购买意向,未做逐名权利净空；品牌门是投资证据约束,False,,中外公司及品牌扩扫,https://regery.com/en/bulksearch,,,,,,
4262,neteasecloudmusic.si,,14,仅历史可注册证据（需重查）,,2026-09-30T17:37:47.483Z,来源名NetEase Cloud Music；独立转售用途未获支持，不能推定品牌回购,未取得无关独立买家用途证据；源品牌不是购买意向,未做逐名权利净空；品牌门是投资证据约束,False,,中外公司及品牌扩扫,https://regery.com/en/bulksearch,,,,,,
4263,newjapanprowrestling.si,,14,仅历史可注册证据（需重查）,,2026-09-30T17:38:10.317Z,来源名New Japan Pro-Wrestling；独立转售用途未获支持，不能推定品牌回购,未取得无关独立买家用途证据；源品牌不是购买意向,未做逐名权利净空；品牌门是投资证据约束,False,,中外公司及品牌扩扫,https://regery.com/en/bulksearch,,,,,,
4264,nextbillionai.si,,14,仅历史可注册证据（需重查）,,2026-09-30T17:38:10.317Z,来源名NextBillion.ai；独立转售用途未获支持，不能推定品牌回购,未取得无关独立买家用途证据；源品牌不是购买意向,未做逐名权利净空；品牌门是投资证据约束,False,,中外公司及品牌扩扫,https://regery.com/en/bulksearch,,,,,,
4265,nginxproxymanager.si,,14,仅历史可注册证据（需重查）,,2026-09-30T17:38:10.317Z,来源名Nginx Proxy Manager；独立转售用途未获支持，不能推定品牌回购,未取得无关独立买家用途证据；源品牌不是购买意向,未做逐名权利净空；品牌门是投资证据约束,False,,中外公司及品牌扩扫,https://regery.com/en/bulksearch,,,,,,
4266,nationalhockeyleague.si,,14,仅历史可注册证据（需重查）,,2026-09-30T17:38:10.317Z,来源名NHL；独立转售用途未获支持，不能推定品牌回购,未取得无关独立买家用途证据；源品牌不是购买意向,未做逐名权利净空；品牌门是投资证据约束,False,,中外公司及品牌扩扫,https://regery.com/en/bulksearch,,,,,,
4267,nordicsemiconductor.si,,14,仅历史可注册证据（需重查）,,2026-09-30T17:38:10.317Z,来源名Nordic Semiconductor；独立转售用途未获支持，不能推定品牌回购,未取得无关独立买家用途证据；源品牌不是购买意向,未做逐名权利净空；品牌门是投资证据约束,False,,中外公司及品牌扩扫,https://regery.com/en/bulksearch,,,,,,
4268,notepadplusplus.si,,14,仅历史可注册证据（需重查）,,2026-09-30T17:38:10.317Z,来源名Notepad++；独立转售用途未获支持，不能推定品牌回购,未取得无关独立买家用途证据；源品牌不是购买意向,未做逐名权利净空；品牌门是投资证据约束,False,,中外公司及品牌扩扫,https://regery.com/en/bulksearch,,,,,,
4269,nullsoftscriptableinstallsystem.si,,14,仅历史可注册证据（需重查）,,2026-09-30T17:38:10.317Z,来源名NSIS；独立转售用途未获支持，不能推定品牌回购,未取得无关独立买家用途证据；源品牌不是购买意向,未做逐名权利净空；品牌门是投资证据约束,False,,中外公司及品牌扩扫,https://regery.com/en/bulksearch,,,,,,
4270,octopusdeploy.si,,14,仅历史可注册证据（需重查）,,2026-09-30T17:38:10.317Z,来源名Octopus Deploy；独立转售用途未获支持，不能推定品牌回购,未取得无关独立买家用途证据；源品牌不是购买意向,未做逐名权利净空；品牌门是投资证据约束,False,,中外公司及品牌扩扫,https://regery.com/en/bulksearch,,,,,,
4271,odnoklassniki.si,,14,仅历史可注册证据（需重查）,,2026-09-30T17:38:10.317Z,来源名Odnoklassniki；独立转售用途未获支持，不能推定品牌回购,未取得无关独立买家用途证据；源品牌不是购买意向,未做逐名权利净空；品牌门是投资证据约束,False,,中外公司及品牌扩扫,https://regery.com/en/bulksearch,,,,,,
4272,openbugbounty.si,,14,仅历史可注册证据（需重查）,,2026-09-30T17:38:53.972Z,来源名Open Bug Bounty；独立转售用途未获支持，不能推定品牌回购,未取得无关独立买家用途证据；源品牌不是购买意向,未做逐名权利净空；品牌门是投资证据约束,False,,中外公司及品牌扩扫,https://regery.com/en/bulksearch,,,,,,
4273,opencollective.si,,14,仅历史可注册证据（需重查）,,2026-09-30T17:38:53.972Z,来源名Open Collective；独立转售用途未获支持，不能推定品牌回购,未取得无关独立买家用途证据；源品牌不是购买意向,未做逐名权利净空；品牌门是投资证据约束,False,,中外公司及品牌扩扫,https://regery.com/en/bulksearch,,,,,,
4274,opencontainersinitiative.si,,14,仅历史可注册证据（需重查）,,2026-09-30T17:38:53.972Z,来源名Open Containers Initiative；独立转售用途未获支持，不能推定品牌回购,未取得无关独立买家用途证据；源品牌不是购买意向,未做逐名权利净空；品牌门是投资证据约束,False,,中外公司及品牌扩扫,https://regery.com/en/bulksearch,,,,,,
4275,opensourceinitiative.si,,14,仅历史可注册证据（需重查）,,2026-09-30T17:38:53.972Z,来源名Open Source Initiative；独立转售用途未获支持，不能推定品牌回购,未取得无关独立买家用途证据；源品牌不是购买意向,未做逐名权利净空；品牌门是投资证据约束,False,,中外公司及品牌扩扫,https://regery.com/en/bulksearch,,,,,,
4276,openapiinitiative.si,,14,仅历史可注册证据（需重查）,,2026-09-30T17:38:53.972Z,来源名OpenAPI Initiative；独立转售用途未获支持，不能推定品牌回购,未取得无关独立买家用途证据；源品牌不是购买意向,未做逐名权利净空；品牌门是投资证据约束,False,,中外公司及品牌扩扫,https://regery.com/en/bulksearch,,,,,,
4277,openjsfoundation.si,,14,仅历史可注册证据（需重查）,,2026-09-30T17:38:53.972Z,来源名OpenJS Foundation；独立转售用途未获支持，不能推定品牌回购,未取得无关独立买家用途证据；源品牌不是购买意向,未做逐名权利净空；品牌门是投资证据约束,False,,中外公司及品牌扩扫,https://regery.com/en/bulksearch,,,,,,
4278,openmediavault.si,,14,仅历史可注册证据（需重查）,,2026-09-30T17:38:53.972Z,来源名openmediavault；独立转售用途未获支持，不能推定品牌回购,未取得无关独立买家用途证据；源品牌不是购买意向,未做逐名权利净空；品牌门是投资证据约束,False,,中外公司及品牌扩扫,https://regery.com/en/bulksearch,,,,,,
4279,opentelemetry.si,,14,仅历史可注册证据（需重查）,,2026-09-30T17:38:53.972Z,来源名OpenTelemetry；独立转售用途未获支持，不能推定品牌回购,未取得无关独立买家用途证据；源品牌不是购买意向,未做逐名权利净空；品牌门是投资证据约束,False,,中外公司及品牌扩扫,https://regery.com/en/bulksearch,,,,,,
4280,openscienceframework.si,,14,仅历史可注册证据（需重查）,,2026-09-30T17:38:53.972Z,来源名OSF；独立转售用途未获支持，不能推定品牌回购,未取得无关独立买家用途证据；源品牌不是购买意向,未做逐名权利净空；品牌门是投资证据约束,False,,中外公司及品牌扩扫,https://regery.com/en/bulksearch,,,,,,
4281,owaspdependencycheck.si,,14,仅历史可注册证据（需重查）,,2026-09-30T17:38:53.972Z,来源名OWASP Dependency-Check；独立转售用途未获支持，不能推定品牌回购,未取得无关独立买家用途证据；源品牌不是购买意向,未做逐名权利净空；品牌门是投资证据约束,False,,中外公司及品牌扩扫,https://regery.com/en/bulksearch,,,,,,
4282,pagespeedinsights.si,,14,仅历史可注册证据（需重查）,,2026-09-30T17:38:53.972Z,来源名PageSpeed Insights；独立转售用途未获支持，不能推定品牌回购,未取得无关独立买家用途证据；源品牌不是购买意向,未做逐名权利净空；品牌门是投资证据约束,False,,中外公司及品牌扩扫,https://regery.com/en/bulksearch,,,,,,
4283,paloaltosoftware.si,,14,仅历史可注册证据（需重查）,,2026-09-30T17:39:16.743Z,来源名Palo Alto Software；独立转售用途未获支持，不能推定品牌回购,未取得无关独立买家用途证据；源品牌不是购买意向,未做逐名权利净空；品牌门是投资证据约束,False,,中外公司及品牌扩扫,https://regery.com/en/bulksearch,,,,,,
4284,paperswithcode.si,,14,仅历史可注册证据（需重查）,,2026-09-30T17:39:16.743Z,来源名Papers With Code；独立转售用途未获支持，不能推定品牌回购,未取得无关独立买家用途证据；源品牌不是购买意向,未做逐名权利净空；品牌门是投资证据约束,False,,中外公司及品牌扩扫,https://regery.com/en/bulksearch,,,,,,
4285,paradoxinteractive.si,,14,仅历史可注册证据（需重查）,,2026-09-30T17:39:16.743Z,来源名Paradox Interactive；独立转售用途未获支持，不能推定品牌回购,未取得无关独立买家用途证据；源品牌不是购买意向,未做逐名权利净空；品牌门是投资证据约束,False,,中外公司及品牌扩扫,https://regery.com/en/bulksearch,,,,,,
4286,paritysubstrate.si,,14,仅历史可注册证据（需重查）,,2026-09-30T17:39:16.743Z,来源名Parity Substrate；独立转售用途未获支持，不能推定品牌回购,未取得无关独立买家用途证据；源品牌不是购买意向,未做逐名权利净空；品牌门是投资证据约束,False,,中外公司及品牌扩扫,https://regery.com/en/bulksearch,,,,,,
4287,parrotsecurity.si,,14,仅历史可注册证据（需重查）,,2026-09-30T17:39:16.743Z,来源名Parrot Security；独立转售用途未获支持，不能推定品牌回购,未取得无关独立买家用途证据；源品牌不是购买意向,未做逐名权利净空；品牌门是投资证据约束,False,,中外公司及品牌扩扫,https://regery.com/en/bulksearch,,,,,,
4288,pegasusairlines.si,,14,仅历史可注册证据（需重查）,,2026-09-30T17:39:16.743Z,来源名Pegasus Airlines；独立转售用途未获支持，不能推定品牌回购,未取得无关独立买家用途证据；源品牌不是购买意向,未做逐名权利净空；品牌门是投资证据约束,False,,中外公司及品牌扩扫,https://regery.com/en/bulksearch,,,,,,
4289,phoenixframework.si,,14,仅历史可注册证据（需重查）,,2026-09-30T17:39:16.743Z,来源名Phoenix Framework；独立转售用途未获支持，不能推定品牌回购,未取得无关独立买家用途证据；源品牌不是购买意向,未做逐名权利净空；品牌门是投资证据约束,False,,中外公司及品牌扩扫,https://regery.com/en/bulksearch,,,,,,
4290,phosphoricons.si,,14,仅历史可注册证据（需重查）,,2026-09-30T17:39:16.743Z,来源名Phosphor Icons；独立转售用途未获支持，不能推定品牌回购,未取得无关独立买家用途证据；源品牌不是购买意向,未做逐名权利净空；品牌门是投资证据约束,False,,中外公司及品牌扩扫,https://regery.com/en/bulksearch,,,,,,
4291,picardsurgeles.si,,14,仅历史可注册证据（需重查）,,2026-09-30T17:39:41.505Z,来源名Picard Surgelés；独立转售用途未获支持，不能推定品牌回购,未取得无关独立买家用途证据；源品牌不是购买意向,未做逐名权利净空；品牌门是投资证据约束,False,,中外公司及品牌扩扫,https://regery.com/en/bulksearch,,,,,,
4292,pivotaltracker.si,,14,仅历史可注册证据（需重查）,,2026-09-30T17:39:41.505Z,来源名Pivotal Tracker；独立转售用途未获支持，不能推定品牌回购,未取得无关独立买家用途证据；源品牌不是购买意向,未做逐名权利净空；品牌门是投资证据约束,False,,中外公司及品牌扩扫,https://regery.com/en/bulksearch,,,,,,
4293,plausibleanalytics.si,,14,仅历史可注册证据（需重查）,,2026-09-30T17:39:41.505Z,来源名Plausible Analytics；独立转售用途未获支持，不能推定品牌回购,未取得无关独立买家用途证据；源品牌不是购买意向,未做逐名权利净空；品牌门是投资证据约束,False,,中外公司及品牌扩扫,https://regery.com/en/bulksearch,,,,,,
4294,playstationportable.si,,14,仅历史可注册证据（需重查）,,2026-09-30T17:39:41.505Z,来源名PlayStation Portable；独立转售用途未获支持，不能推定品牌回购,未取得无关独立买家用途证据；源品牌不是购买意向,未做逐名权利净空；品牌门是投资证据约束,False,,中外公司及品牌扩扫,https://regery.com/en/bulksearch,,,,,,
4295,playstationvita.si,,14,仅历史可注册证据（需重查）,,2026-09-30T17:39:41.505Z,来源名PlayStation Vita；独立转售用途未获支持，不能推定品牌回购,未取得无关独立买家用途证据；源品牌不是购买意向,未做逐名权利净空；品牌门是投资证据约束,False,,中外公司及品牌扩扫,https://regery.com/en/bulksearch,,,,,,
4296,podcastaddict.si,,14,仅历史可注册证据（需重查）,,2026-09-30T17:39:41.505Z,来源名Podcast Addict；独立转售用途未获支持，不能推定品牌回购,未取得无关独立买家用途证据；源品牌不是购买意向,未做逐名权利净空；品牌门是投资证据约束,False,,中外公司及品牌扩扫,https://regery.com/en/bulksearch,,,,,,
4297,polymerproject.si,,14,仅历史可注册证据（需重查）,,2026-09-30T17:39:41.505Z,来源名Polymer Project；独立转售用途未获支持，不能推定品牌回购,未取得无关独立买家用途证据；源品牌不是购买意向,未做逐名权利净空；品牌门是投资证据约束,False,,中外公司及品牌扩扫,https://regery.com/en/bulksearch,,,,,,
4298,portableappscom.si,,14,仅历史可注册证据（需重查）,,2026-09-30T17:39:41.505Z,来源名PortableApps.com；独立转售用途未获支持，不能推定品牌回购,未取得无关独立买家用途证据；源品牌不是购买意向,未做逐名权利净空；品牌门是投资证据约束,False,,中外公司及品牌扩扫,https://regery.com/en/bulksearch,,,,,,
4299,premierleague.si,,14,仅历史可注册证据（需重查）,,2026-09-30T17:40:02.310Z,来源名Premier League；独立转售用途未获支持，不能推定品牌回购,未取得无关独立买家用途证据；源品牌不是购买意向,未做逐名权利净空；品牌门是投资证据约束,False,,中外公司及品牌扩扫,https://regery.com/en/bulksearch,,,,,,
4300,privatedivision.si,,14,仅历史可注册证据（需重查）,,2026-09-30T17:40:02.310Z,来源名Private Division；独立转售用途未获支持，不能推定品牌回购,未取得无关独立买家用途证据；源品牌不是购买意向,未做逐名权利净空；品牌门是投资证据约束,False,,中外公司及品牌扩扫,https://regery.com/en/bulksearch,,,,,,
4301,privateinternetaccess.si,,14,仅历史可注册证据（需重查）,,2026-09-30T17:40:02.310Z,来源名Private Internet Access；独立转售用途未获支持，不能推定品牌回购,未取得无关独立买家用途证据；源品牌不是购买意向,未做逐名权利净空；品牌门是投资证据约束,False,,中外公司及品牌扩扫,https://regery.com/en/bulksearch,,,,,,
4302,processingfoundation.si,,14,仅历史可注册证据（需重查）,,2026-09-30T17:40:02.310Z,来源名Processing Foundation；独立转售用途未获支持，不能推定品牌回购,未取得无关独立买家用途证据；源品牌不是购买意向,未做逐名权利净空；品牌门是投资证据约束,False,,中外公司及品牌扩扫,https://regery.com/en/bulksearch,,,,,,
4303,protoncalendar.si,,14,仅历史可注册证据（需重查）,,2026-09-30T17:40:02.310Z,来源名Proton Calendar；独立转售用途未获支持，不能推定品牌回购,未取得无关独立买家用途证据；源品牌不是购买意向,未做逐名权利净空；品牌门是投资证据约束,False,,中外公司及品牌扩扫,https://regery.com/en/bulksearch,,,,,,
4304,pytorchgeometric.si,,14,仅历史可注册证据（需重查）,,2026-09-30T17:40:41.689Z,来源名PyG；独立转售用途未获支持，不能推定品牌回购,未取得无关独立买家用途证据；源品牌不是购买意向,未做逐名权利净空；品牌门是投资证据约束,False,,中外公司及品牌扩扫,https://regery.com/en/bulksearch,,,,,,
4305,pythonanywhere.si,,14,仅历史可注册证据（需重查）,,2026-09-30T17:40:41.689Z,来源名PythonAnywhere；独立转售用途未获支持，不能推定品牌回购,未取得无关独立买家用途证据；源品牌不是购买意向,未做逐名权利净空；品牌门是投资证据约束,False,,中外公司及品牌扩扫,https://regery.com/en/bulksearch,,,,,,
4306,qualitynetworkapplianceprovider.si,,14,仅历史可注册证据（需重查）,,2026-09-30T17:40:41.689Z,来源名QNAP；独立转售用途未获支持，不能推定品牌回购,未取得无关独立买家用途证据；源品牌不是购买意向,未做逐名权利净空；品牌门是投资证据约束,False,,中外公司及品牌扩扫,https://regery.com/en/bulksearch,,,,,,
4307,reactbootstrap.si,,14,仅历史可注册证据（需重查）,,2026-09-30T17:40:41.689Z,来源名React Bootstrap；独立转售用途未获支持，不能推定品牌回购,未取得无关独立买家用途证据；源品牌不是购买意向,未做逐名权利净空；品牌门是投资证据约束,False,,中外公司及品牌扩扫,https://regery.com/en/bulksearch,,,,,,
4308,reacthookform.si,,14,仅历史可注册证据（需重查）,,2026-09-30T17:40:41.689Z,来源名React Hook Form；独立转售用途未获支持，不能推定品牌回购,未取得无关独立买家用途证据；源品牌不是购买意向,未做逐名权利净空；品牌门是投资证据约束,False,,中外公司及品牌扩扫,https://regery.com/en/bulksearch,,,,,,
4309,reactiveresume.si,,14,仅历史可注册证据（需重查）,,2026-09-30T17:40:41.689Z,来源名Reactive Resume；独立转售用途未获支持，不能推定品牌回购,未取得无关独立买家用途证据；源品牌不是购买意向,未做逐名权利净空；品牌门是投资证据约束,False,,中外公司及品牌扩扫,https://regery.com/en/bulksearch,,,,,,
4310,reasonstudios.si,,14,仅历史可注册证据（需重查）,,2026-09-30T17:40:41.689Z,来源名Reason Studios；独立转售用途未获支持，不能推定品牌回购,未取得无关独立买家用途证据；源品牌不是购买意向,未做逐名权利净空；品牌门是投资证据约束,False,,中外公司及品牌扩扫,https://regery.com/en/bulksearch,,,,,,
4311,redcandlegames.si,,14,仅历史可注册证据（需重查）,,2026-09-30T17:41:03.512Z,来源名Red Candle Games；独立转售用途未获支持，不能推定品牌回购,未取得无关独立买家用途证据；源品牌不是购买意向,未做逐名权利净空；品牌门是投资证据约束,False,,中外公司及品牌扩扫,https://regery.com/en/bulksearch,,,,,,
4312,redhatopenshift.si,,14,仅历史可注册证据（需重查）,,2026-09-30T17:41:03.512Z,来源名Red Hat Open Shift；独立转售用途未获支持，不能推定品牌回购,未取得无关独立买家用途证据；源品牌不是购买意向,未做逐名权利净空；品牌门是投资证据约束,False,,中外公司及品牌扩扫,https://regery.com/en/bulksearch,,,,,,
4313,refinedgithub.si,,14,仅历史可注册证据（需重查）,,2026-09-30T17:41:03.512Z,来源名Refined GitHub；独立转售用途未获支持，不能推定品牌回购,未取得无关独立买家用途证据；源品牌不是购买意向,未做逐名权利净空；品牌门是投资证据约束,False,,中外公司及品牌扩扫,https://regery.com/en/bulksearch,,,,,,
4314,relianceindustrieslimited.si,,14,仅历史可注册证据（需重查）,,2026-09-30T17:41:03.512Z,来源名Reliance Industries Limited；独立转售用途未获支持，不能推定品牌回购,未取得无关独立买家用途证据；源品牌不是购买意向,未做逐名权利净空；品牌门是投资证据约束,False,,中外公司及品牌扩扫,https://regery.com/en/bulksearch,,,,,,
4315,remedyentertainment.si,,14,仅历史可注册证据（需重查）,,2026-09-30T17:41:03.512Z,来源名Remedy Entertainment；独立转售用途未获支持，不能推定品牌回购,未取得无关独立买家用途证据；源品牌不是购买意向,未做逐名权利净空；品牌门是投资证据约束,False,,中外公司及品牌扩扫,https://regery.com/en/bulksearch,,,,,,
4316,republicofgamers.si,,14,仅历史可注册证据（需重查）,,2026-09-30T17:41:03.512Z,来源名Republic of Gamers；独立转售用途未获支持，不能推定品牌回购,未取得无关独立买家用途证据；源品牌不是购买意向,未做逐名权利净空；品牌门是投资证据约束,False,,中外公司及品牌扩扫,https://regery.com/en/bulksearch,,,,,,
4317,resurrectionremixos.si,,14,仅历史可注册证据（需重查）,,2026-09-30T17:41:03.512Z,来源名Resurrection Remix OS；独立转售用途未获支持，不能推定品牌回购,未取得无关独立买家用途证据；源品牌不是购买意向,未做逐名权利净空；品牌门是投资证据约束,False,,中外公司及品牌扩扫,https://regery.com/en/bulksearch,,,,,,
4318,retroachievements.si,,14,仅历史可注册证据（需重查）,,2026-09-30T17:41:03.512Z,来源名Retro Achievements；独立转售用途未获支持，不能推定品牌回购,未取得无关独立买家用途证据；源品牌不是购买意向,未做逐名权利净空；品牌门是投资证据约束,False,,中外公司及品牌扩扫,https://regery.com/en/bulksearch,,,,,,
4319,rimacautomobili.si,,14,仅历史可注册证据（需重查）,,2026-09-30T17:41:03.512Z,来源名Rimac Automobili；独立转售用途未获支持，不能推定品牌回购,未取得无关独立买家用途证据；源品牌不是购买意向,未做逐名权利净空；品牌门是投资证据约束,False,,中外公司及品牌扩扫,https://regery.com/en/bulksearch,,,,,,
4320,robotframework.si,,14,仅历史可注册证据（需重查）,,2026-09-30T17:41:03.512Z,来源名Robot Framework；独立转售用途未获支持，不能推定品牌回购,未取得无关独立买家用途证据；源品牌不是购买意向,未做逐名权利净空；品牌门是投资证据约束,False,,中外公司及品牌扩扫,https://regery.com/en/bulksearch,,,,,,
4321,rotaryinternational.si,,14,仅历史可注册证据（需重查）,,2026-09-30T17:41:46.229Z,来源名Rotary International；独立转售用途未获支持，不能推定品牌回购,未取得无关独立买家用途证据；源品牌不是购买意向,未做逐名权利净空；品牌门是投资证据约束,False,,中外公司及品牌扩扫,https://regery.com/en/bulksearch,,,,,,
4322,rottentomatoes.si,,14,仅历史可注册证据（需重查）,,2026-09-30T17:41:46.229Z,来源名Rotten Tomatoes；独立转售用途未获支持，不能推定品牌回购,未取得无关独立买家用途证据；源品牌不是购买意向,未做逐名权利净空；品牌门是投资证据约束,False,,中外公司及品牌扩扫,https://regery.com/en/bulksearch,,,,,,
4323,sanfranciscomunicipalrailway.si,,14,仅历史可注册证据（需重查）,,2026-09-30T17:41:46.229Z,来源名San Francisco Municipal Railway；独立转售用途未获支持，不能推定品牌回购,未取得无关独立买家用途证据；源品牌不是购买意向,未做逐名权利净空；品牌门是投资证据约束,False,,中外公司及品牌扩扫,https://regery.com/en/bulksearch,,,,,,
4324,saopaulometro.si,,14,仅历史可注册证据（需重查）,,2026-09-30T17:41:46.229Z,来源名São Paulo Metro；独立转售用途未获支持，不能推定品牌回购,未取得无关独立买家用途证据；源品牌不是购买意向,未做逐名权利净空；品牌门是投资证据约束,False,,中外公司及品牌扩扫,https://regery.com/en/bulksearch,,,,,,
4325,scpfoundation.si,,14,仅历史可注册证据（需重查）,,2026-09-30T17:41:46.229Z,来源名SCP Foundation；独立转售用途未获支持，不能推定品牌回购,未取得无关独立买家用途证据；源品牌不是购买意向,未做逐名权利净空；品牌门是投资证据约束,False,,中外公司及品牌扩扫,https://regery.com/en/bulksearch,,,,,,
4326,screencastify.si,,14,仅历史可注册证据（需重查）,,2026-09-30T17:41:46.229Z,来源名Screencastify；独立转售用途未获支持，不能推定品牌回购,未取得无关独立买家用途证据；源品牌不是购买意向,未做逐名权利净空；品牌门是投资证据约束,False,,中外公司及品牌扩扫,https://regery.com/en/bulksearch,,,,,,
4327,scrumalliance.si,,14,仅历史可注册证据（需重查）,,2026-09-30T17:41:46.229Z,来源名Scrum Alliance；独立转售用途未获支持，不能推定品牌回购,未取得无关独立买家用途证据；源品牌不是购买意向,未做逐名权利净空；品牌门是投资证据约束,False,,中外公司及品牌扩扫,https://regery.com/en/bulksearch,,,,,,
4328,scrutinizerci.si,,14,仅历史可注册证据（需重查）,,2026-09-30T17:41:46.229Z,来源名Scrutinizer CI；独立转售用途未获支持，不能推定品牌回购,未取得无关独立买家用途证据；源品牌不是购买意向,未做逐名权利净空；品牌门是投资证据约束,False,,中外公司及品牌扩扫,https://regery.com/en/bulksearch,,,,,,
4329,semanticscholar.si,,14,仅历史可注册证据（需重查）,,2026-09-30T17:42:20.376Z,来源名Semantic Scholar；独立转售用途未获支持，不能推定品牌回购,未取得无关独立买家用途证据；源品牌不是购买意向,未做逐名权利净空；品牌门是投资证据约束,False,,中外公司及品牌扩扫,https://regery.com/en/bulksearch,,,,,,
4330,semanticuireact.si,,14,仅历史可注册证据（需重查）,,2026-09-30T17:42:20.376Z,来源名Semantic UI React；独立转售用途未获支持，不能推定品牌回购,未取得无关独立买家用途证据；源品牌不是购买意向,未做逐名权利净空；品牌门是投资证据约束,False,,中外公司及品牌扩扫,https://regery.com/en/bulksearch,,,,,,
4331,semanticrelease.si,,14,仅历史可注册证据（需重查）,,2026-09-30T17:42:20.376Z,来源名semantic-release；独立转售用途未获支持，不能推定品牌回购,未取得无关独立买家用途证据；源品牌不是购买意向,未做逐名权利净空；品牌门是投资证据约束,False,,中外公司及品牌扩扫,https://regery.com/en/bulksearch,,,,,,
4332,shanghaimetro.si,,14,仅历史可注册证据（需重查）,,2026-09-30T17:42:20.376Z,来源名Shanghai Metro；独立转售用途未获支持，不能推定品牌回购,未取得无关独立买家用途证据；源品牌不是购买意向,未做逐名权利净空；品牌门是投资证据约束,False,,中外公司及品牌扩扫,https://regery.com/en/bulksearch,,,,,,
4333,shenzhenmetro.si,,14,仅历史可注册证据（需重查）,,2026-09-30T17:42:20.376Z,来源名Shenzhen Metro；独立转售用途未获支持，不能推定品牌回购,未取得无关独立买家用途证据；源品牌不是购买意向,未做逐名权利净空；品牌门是投资证据约束,False,,中外公司及品牌扩扫,https://regery.com/en/bulksearch,,,,,,
4334,silverairways.si,,14,仅历史可注册证据（需重查）,,2026-09-30T17:42:20.376Z,来源名Silver Airways；独立转售用途未获支持，不能推定品牌回购,未取得无关独立买家用途证据；源品牌不是购买意向,未做逐名权利净空；品牌门是投资证据约束,False,,中外公司及品牌扩扫,https://regery.com/en/bulksearch,,,,,,
4335,simpleanalytics.si,,14,仅历史可注册证据（需重查）,,2026-09-30T17:42:20.376Z,来源名Simple Analytics；独立转售用途未获支持，不能推定品牌回购,未取得无关独立买家用途证据；源品牌不是购买意向,未做逐名权利净空；品牌门是投资证据约束,False,,中外公司及品牌扩扫,https://regery.com/en/bulksearch,,,,,,
4336,simpleiconscdn.si,,14,仅历史可注册证据（需重查）,,2026-09-30T17:42:20.376Z,来源名Simple Icons CDN；独立转售用途未获支持，不能推定品牌回购,未取得无关独立买家用途证据；源品牌不是购买意向,未做逐名权利净空；品牌门是投资证据约束,False,,中外公司及品牌扩扫,https://regery.com/en/bulksearch,,,,,,
4337,simplelocalize.si,,14,仅历史可注册证据（需重查）,,2026-09-30T17:42:20.376Z,来源名SimpleLocalize；独立转售用途未获支持，不能推定品牌回购,未取得无关独立买家用途证据；源品牌不是购买意向,未做逐名权利净空；品牌门是投资证据约束,False,,中外公司及品牌扩扫,https://regery.com/en/bulksearch,,,,,,
4338,singaporeairlines.si,,14,仅历史可注册证据（需重查）,,2026-09-30T17:42:20.376Z,来源名Singapore Airlines；独立转售用途未获支持，不能推定品牌回购,未取得无关独立买家用途证据；源品牌不是购买意向,未做逐名权利净空；品牌门是投资证据约束,False,,中外公司及品牌扩扫,https://regery.com/en/bulksearch,,,,,,
4339,smashingmagazine.si,,14,仅历史可注册证据（需重查）,,2026-09-30T17:42:47.219Z,来源名Smashing Magazine；独立转售用途未获支持，不能推定品牌回购,未取得无关独立买家用途证据；源品牌不是购买意向,未做逐名权利净空；品牌门是投资证据约束,False,,中外公司及品牌扩扫,https://regery.com/en/bulksearch,,,,,,
4340,qualcommsnapdragon.si,,14,仅历史可注册证据（需重查）,,2026-09-30T17:42:47.219Z,来源名Snapdragon；独立转售用途未获支持，不能推定品牌回购,未取得无关独立买家用途证据；源品牌不是购买意向,未做逐名权利净空；品牌门是投资证据约束,False,,中外公司及品牌扩扫,https://regery.com/en/bulksearch,,,,,,
4341,sonarqubecloud.si,,14,仅历史可注册证据（需重查）,,2026-09-30T17:42:47.219Z,来源名SonarQube Cloud；独立转售用途未获支持，不能推定品牌回购,未取得无关独立买家用途证据；源品牌不是购买意向,未做逐名权利净空；品牌门是投资证据约束,False,,中外公司及品牌扩扫,https://regery.com/en/bulksearch,,,,,,
4342,sonarqubeforide.si,,14,仅历史可注册证据（需重查）,,2026-09-30T17:42:47.219Z,来源名SonarQube for IDE；独立转售用途未获支持，不能推定品牌回购,未取得无关独立买家用途证据；源品牌不是购买意向,未做逐名权利净空；品牌门是投资证据约束,False,,中外公司及品牌扩扫,https://regery.com/en/bulksearch,,,,,,
4343,sonarqubeserver.si,,14,仅历史可注册证据（需重查）,,2026-09-30T17:42:47.219Z,来源名SonarQube Server；独立转售用途未获支持，不能推定品牌回购,未取得无关独立买家用途证据；源品牌不是购买意向,未做逐名权利净空；品牌门是投资证据约束,False,,中外公司及品牌扩扫,https://regery.com/en/bulksearch,,,,,,
4344,southwestairlines.si,,14,仅历史可注册证据（需重查）,,2026-09-30T17:42:47.219Z,来源名Southwest Airlines；独立转售用途未获支持，不能推定品牌回购,未取得无关独立买家用途证据；源品牌不是购买意向,未做逐名权利净空；品牌门是投资证据约束,False,,中外公司及品牌扩扫,https://regery.com/en/bulksearch,,,,,,
4345,sphereonlinejudge.si,,14,仅历史可注册证据（需重查）,,2026-09-30T17:43:09.329Z,来源名Sphere Online Judge；独立转售用途未获支持，不能推定品牌回购,未取得无关独立买家用途证据；源品牌不是购买意向,未做逐名权利净空；品牌门是投资证据约束,False,,中外公司及品牌扩扫,https://regery.com/en/bulksearch,,,,,,
4346,springsecurity.si,,14,仅历史可注册证据（需重查）,,2026-09-30T17:43:09.329Z,来源名Spring Security；独立转售用途未获支持，不能推定品牌回购,未取得无关独立买家用途证据；源品牌不是购买意向,未做逐名权利净空；品牌门是投资证据约束,False,,中外公司及品牌扩扫,https://regery.com/en/bulksearch,,,,,,
4347,stackexchange.si,,14,仅历史可注册证据（需重查）,,2026-09-30T17:43:09.329Z,来源名Stack Exchange；独立转售用途未获支持，不能推定品牌回购,未取得无关独立买家用途证据；源品牌不是购买意向,未做逐名权利净空；品牌门是投资证据约束,False,,中外公司及品牌扩扫,https://regery.com/en/bulksearch,,,,,,
4348,standardresume.si,,14,仅历史可注册证据（需重查）,,2026-09-30T17:43:09.329Z,来源名Standard Resume；独立转售用途未获支持，不能推定品牌回购,未取得无关独立买家用途证据；源品牌不是购买意向,未做逐名权利净空；品牌门是投资证据约束,False,,中外公司及品牌扩扫,https://regery.com/en/bulksearch,,,,,,
4349,stmicroelectronics.si,,14,仅历史可注册证据（需重查）,,2026-09-30T17:43:55.237Z,来源名STMicroelectronics；独立转售用途未获支持，不能推定品牌回购,未取得无关独立买家用途证据；源品牌不是购买意向,未做逐名权利净空；品牌门是投资证据约束,False,,中外公司及品牌扩扫,https://regery.com/en/bulksearch,,,,,,
4350,streamrunners.si,,14,仅历史可注册证据（需重查）,,2026-09-30T17:43:55.237Z,来源名StreamRunners；独立转售用途未获支持，不能推定品牌回购,未取得无关独立买家用途证据；源品牌不是购买意向,未做逐名权利净空；品牌门是投资证据约束,False,,中外公司及品牌扩扫,https://regery.com/en/bulksearch,,,,,,
4351,styledcomponents.si,,14,仅历史可注册证据（需重查）,,2026-09-30T17:43:55.237Z,来源名styled-components；独立转售用途未获支持，不能推定品牌回购,未取得无关独立买家用途证据；源品牌不是购买意向,未做逐名权利净空；品牌门是投资证据约束,False,,中外公司及品牌扩扫,https://regery.com/en/bulksearch,,,,,,
4352,taichigraphics.si,,14,仅历史可注册证据（需重查）,,2026-09-30T17:44:29.838Z,来源名Taichi Graphics；独立转售用途未获支持，不能推定品牌回购,未取得无关独立买家用途证据；源品牌不是购买意向,未做逐名权利净空；品牌门是投资证据约束,False,,中外公司及品牌扩扫,https://regery.com/en/bulksearch,,,,,,
4353,taketwointeractivesoftware.si,,14,仅历史可注册证据（需重查）,,2026-09-30T17:44:29.838Z,来源名Take-Two Interactive Software；独立转售用途未获支持，不能推定品牌回购,未取得无关独立买家用途证据；源品牌不是购买意向,未做逐名权利净空；品牌门是投资证据约束,False,,中外公司及品牌扩扫,https://regery.com/en/bulksearch,,,,,,
4354,tarteaucitron.si,,14,仅历史可注册证据（需重查）,,2026-09-30T17:44:29.838Z,来源名Tarteaucitron；独立转售用途未获支持，不能推定品牌回购,未取得无关独立买家用途证据；源品牌不是购买意向,未做逐名权利净空；品牌门是投资证据约束,False,,中外公司及品牌扩扫,https://regery.com/en/bulksearch,,,,,,
4355,tataconsultancyservices.si,,14,仅历史可注册证据（需重查）,,2026-09-30T17:44:29.838Z,来源名Tata Consultancy Services；独立转售用途未获支持，不能推定品牌回购,未取得无关独立买家用途证据；源品牌不是购买意向,未做逐名权利净空；品牌门是投资证据约束,False,,中外公司及品牌扩扫,https://regery.com/en/bulksearch,,,,,,
4356,testinglibrary.si,,14,仅历史可注册证据（需重查）,,2026-09-30T17:44:29.838Z,来源名Testing Library；独立转售用途未获支持，不能推定品牌回购,未取得无关独立买家用途证据；源品牌不是购买意向,未做逐名权利净空；品牌门是投资证据约束,False,,中外公司及品牌扩扫,https://regery.com/en/bulksearch,,,,,,
4357,thegameawards.si,,14,仅历史可注册证据（需重查）,,2026-09-30T17:44:29.838Z,来源名TGA；独立转售用途未获支持，不能推定品牌回购,未取得无关独立买家用途证据；源品牌不是购买意向,未做逐名权利净空；品牌门是投资证据约束,False,,中外公司及品牌扩扫,https://regery.com/en/bulksearch,,,,,,
4358,thealgorithms.si,,14,仅历史可注册证据（需重查）,,2026-09-30T17:44:29.838Z,来源名The Algorithms；独立转售用途未获支持，不能推定品牌回购,未取得无关独立买家用途证据；源品牌不是购买意向,未做逐名权利净空；品牌门是投资证据约束,False,,中外公司及品牌扩扫,https://regery.com/en/bulksearch,,,,,,
4359,theconversation.si,,14,仅历史可注册证据（需重查）,,2026-09-30T17:44:29.838Z,来源名The Conversation；独立转售用途未获支持，不能推定品牌回购,未取得无关独立买家用途证据；源品牌不是购买意向,未做逐名权利净空；品牌门是投资证据约束,False,,中外公司及品牌扩扫,https://regery.com/en/bulksearch,,,,,,
4360,theirishtimes.si,,14,仅历史可注册证据（需重查）,,2026-09-30T17:44:29.838Z,来源名The Irish Times；独立转售用途未获支持，不能推定品牌回购,未取得无关独立买家用途证据；源品牌不是购买意向,未做逐名权利净空；品牌门是投资证据约束,False,,中外公司及品牌扩扫,https://regery.com/en/bulksearch,,,,,,
4361,themodelsresource.si,,14,仅历史可注册证据（需重查）,,2026-09-30T17:44:29.838Z,来源名The Models Resource；独立转售用途未获支持，不能推定品牌回购,未取得无关独立买家用途证据；源品牌不是购买意向,未做逐名权利净空；品牌门是投资证据约束,False,,中外公司及品牌扩扫,https://regery.com/en/bulksearch,,,,,,
4362,themoviedatabase.si,,14,仅历史可注册证据（需重查）,,2026-09-30T17:44:57.014Z,来源名The Movie Database；独立转售用途未获支持，不能推定品牌回购,未取得无关独立买家用途证据；源品牌不是购买意向,未做逐名权利净空；品牌门是投资证据约束,False,,中外公司及品牌扩扫,https://regery.com/en/bulksearch,,,,,,
4363,theodinproject.si,,14,仅历史可注册证据（需重查）,,2026-09-30T17:44:57.014Z,来源名The Odin Project；独立转售用途未获支持，不能推定品牌回购,未取得无关独立买家用途证据；源品牌不是购买意向,未做逐名权利净空；品牌门是投资证据约束,False,,中外公司及品牌扩扫,https://regery.com/en/bulksearch,,,,,,
4364,theplanetarysociety.si,,14,仅历史可注册证据（需重查）,,2026-09-30T17:44:57.014Z,来源名The Planetary Society；独立转售用途未获支持，不能推定品牌回购,未取得无关独立买家用途证据；源品牌不是购买意向,未做逐名权利净空；品牌门是投资证据约束,False,,中外公司及品牌扩扫,https://regery.com/en/bulksearch,,,,,,
4365,thesoundsresource.si,,14,仅历史可注册证据（需重查）,,2026-09-30T17:44:57.014Z,来源名The Sounds Resource；独立转售用途未获支持，不能推定品牌回购,未取得无关独立买家用途证据；源品牌不是购买意向,未做逐名权利净空；品牌门是投资证据约束,False,,中外公司及品牌扩扫,https://regery.com/en/bulksearch,,,,,,
4366,thespritersresource.si,,14,仅历史可注册证据（需重查）,,2026-09-30T17:44:57.014Z,来源名The Spriters Resource；独立转售用途未获支持，不能推定品牌回购,未取得无关独立买家用途证据；源品牌不是购买意向,未做逐名权利净空；品牌门是投资证据约束,False,,中外公司及品牌扩扫,https://regery.com/en/bulksearch,,,,,,
4367,thestorygraph.si,,14,仅历史可注册证据（需重查）,,2026-09-30T17:44:57.014Z,来源名The StoryGraph；独立转售用途未获支持，不能推定品牌回购,未取得无关独立买家用途证据；源品牌不是购买意向,未做逐名权利净空；品牌门是投资证据约束,False,,中外公司及品牌扩扫,https://regery.com/en/bulksearch,,,,,,
4368,thewashingtonpost.si,,14,仅历史可注册证据（需重查）,,2026-09-30T17:44:57.014Z,来源名The Washington Post；独立转售用途未获支持，不能推定品牌回购,未取得无关独立买家用途证据；源品牌不是购买意向,未做逐名权利净空；品牌门是投资证据约束,False,,中外公司及品牌扩扫,https://regery.com/en/bulksearch,,,,,,
4369,theweatherchannel.si,,14,仅历史可注册证据（需重查）,,2026-09-30T17:44:57.014Z,来源名The Weather Channel；独立转售用途未获支持，不能推定品牌回购,未取得无关独立买家用途证据；源品牌不是购买意向,未做逐名权利净空；品牌门是投资证据约束,False,,中外公司及品牌扩扫,https://regery.com/en/bulksearch,,,,,,
4370,thurgauerkantonalbank.si,,14,仅历史可注册证据（需重查）,,2026-09-30T17:44:57.014Z,来源名Thurgauer Kantonalbank；独立转售用途未获支持，不能推定品牌回购,未取得无关独立买家用途证据；源品牌不是购买意向,未做逐名权利净空；品牌门是投资证据约束,False,,中外公司及品牌扩扫,https://regery.com/en/bulksearch,,,,,,
4371,tildapublishing.si,,14,仅历史可注册证据（需重查）,,2026-09-30T17:44:57.014Z,来源名Tilda Publishing；独立转售用途未获支持，不能推定品牌回购,未取得无关独立买家用途证据；源品牌不是购买意向,未做逐名权利净空；品牌门是投资证据约束,False,,中外公司及品牌扩扫,https://regery.com/en/bulksearch,,,,,,
4372,transportforireland.si,,14,仅历史可注册证据（需重查）,,2026-09-30T17:45:31.230Z,来源名Transport for Ireland；独立转售用途未获支持，不能推定品牌回购,未取得无关独立买家用途证据；源品牌不是购买意向,未做逐名权利净空；品牌门是投资证据约束,False,,中外公司及品牌扩扫,https://regery.com/en/bulksearch,,,,,,
4373,transportforlondon.si,,14,仅历史可注册证据（需重查）,,2026-09-30T17:45:31.230Z,来源名Transport for London；独立转售用途未获支持，不能推定品牌回购,未取得无关独立买家用途证据；源品牌不是购买意向,未做逐名权利净空；品牌门是投资证据约束,False,,中外公司及品牌扩扫,https://regery.com/en/bulksearch,,,,,,
4374,tuxedocomputers.si,,14,仅历史可注册证据（需重查）,,2026-09-30T17:45:31.230Z,来源名TUXEDO Computers；独立转售用途未获支持，不能推定品牌回购,未取得无关独立买家用途证据；源品牌不是购买意向,未做逐名权利净空；品牌门是投资证据约束,False,,中外公司及品牌扩扫,https://regery.com/en/bulksearch,,,,,,
4375,unitedairlines.si,,14,仅历史可注册证据（需重查）,,2026-09-30T17:45:31.230Z,来源名United Airlines；独立转售用途未获支持，不能推定品牌回购,未取得无关独立买家用途证据；源品牌不是购买意向,未做逐名权利净空；品牌门是投资证据约束,False,,中外公司及品牌扩扫,https://regery.com/en/bulksearch,,,,,,
4376,unifiedjavascript.si,,14,仅历史可注册证据（需重查）,,2026-09-30T17:45:31.230Z,来源名UnJS；独立转售用途未获支持，不能推定品牌回购,未取得无关独立买家用途证据；源品牌不是购买意向,未做逐名权利净空；品牌门是投资证据约束,False,,中外公司及品牌扩扫,https://regery.com/en/bulksearch,,,,,,
4377,vectorlogozone.si,,14,仅历史可注册证据（需重查）,,2026-09-30T17:45:54.684Z,来源名Vector Logo Zone；独立转售用途未获支持，不能推定品牌回购,未取得无关独立买家用途证据；源品牌不是购买意向,未做逐名权利净空；品牌门是投资证据约束,False,,中外公司及品牌扩扫,https://regery.com/en/bulksearch,,,,,,
4378,victoriametrics.si,,14,仅历史可注册证据（需重查）,,2026-09-30T17:45:54.684Z,来源名VictoriaMetrics；独立转售用途未获支持，不能推定品牌回购,未取得无关独立买家用途证据；源品牌不是购买意向,未做逐名权利净空；品牌门是投资证据约束,False,,中外公司及品牌扩扫,https://regery.com/en/bulksearch,,,,,,
4379,vimeolivestream.si,,14,仅历史可注册证据（需重查）,,2026-09-30T17:45:54.684Z,来源名Vimeo Livestream；独立转售用途未获支持，不能推定品牌回购,未取得无关独立买家用途证据；源品牌不是购买意向,未做逐名权利净空；品牌门是投资证据约束,False,,中外公司及品牌扩扫,https://regery.com/en/bulksearch,,,,,,
4380,oraclevirtualbox.si,,14,仅历史可注册证据（需重查）,,2026-09-30T17:45:54.684Z,来源名VirtualBox；独立转售用途未获支持，不能推定品牌回购,未取得无关独立买家用途证据；源品牌不是购买意向,未做逐名权利净空；品牌门是投资证据约束,False,,中外公司及品牌扩扫,https://regery.com/en/bulksearch,,,,,,
4381,visualparadigm.si,,14,仅历史可注册证据（需重查）,,2026-09-30T17:45:54.684Z,来源名Visual Paradigm；独立转售用途未获支持，不能推定品牌回购,未取得无关独立买家用途证据；源品牌不是购买意向,未做逐名权利净空；品牌门是投资证据约束,False,,中外公司及品牌扩扫,https://regery.com/en/bulksearch,,,,,,
4382,vlcmediaplayer.si,,14,仅历史可注册证据（需重查）,,2026-09-30T17:45:54.684Z,来源名VLC media player；独立转售用途未获支持，不能推定品牌回购,未取得无关独立买家用途证据；源品牌不是购买意向,未做逐名权利净空；品牌门是投资证据约束,False,,中外公司及品牌扩扫,https://regery.com/en/bulksearch,,,,,,
4383,webcomponentsorg.si,,14,仅历史可注册证据（需重查）,,2026-09-30T17:45:54.684Z,来源名webcomponents.org；独立转售用途未获支持，不能推定品牌回购,未取得无关独立买家用途证据；源品牌不是购买意向,未做逐名权利净空；品牌门是投资证据约束,False,,中外公司及品牌扩扫,https://regery.com/en/bulksearch,,,,,,
4384,welcometothejungle.si,,14,仅历史可注册证据（需重查）,,2026-09-30T17:45:54.684Z,来源名Welcome to the Jungle；独立转售用途未获支持，不能推定品牌回购,未取得无关独立买家用途证据；源品牌不是购买意向,未做逐名权利净空；品牌门是投资证据约束,False,,中外公司及品牌扩扫,https://regery.com/en/bulksearch,,,,,,
4385,wikimediacommons.si,,14,仅历史可注册证据（需重查）,,2026-09-30T17:45:54.684Z,来源名Wikimedia Commons；独立转售用途未获支持，不能推定品牌回购,未取得无关独立买家用途证据；源品牌不是购买意向,未做逐名权利净空；品牌门是投资证据约束,False,,中外公司及品牌扩扫,https://regery.com/en/bulksearch,,,,,,
4386,wikimediafoundation.si,,14,仅历史可注册证据（需重查）,,2026-09-30T17:45:54.684Z,来源名Wikimedia Foundation；独立转售用途未获支持，不能推定品牌回购,未取得无关独立买家用途证据；源品牌不是购买意向,未做逐名权利净空；品牌门是投资证据约束,False,,中外公司及品牌扩扫,https://regery.com/en/bulksearch,,,,,,
4387,wolframlanguage.si,,14,仅历史可注册证据（需重查）,,2026-09-30T17:46:23.933Z,来源名Wolfram Language；独立转售用途未获支持，不能推定品牌回购,未取得无关独立买家用途证据；源品牌不是购买意向,未做逐名权利净空；品牌门是投资证据约束,False,,中外公司及品牌扩扫,https://regery.com/en/bulksearch,,,,,,
4388,wolframmathematica.si,,14,仅历史可注册证据（需重查）,,2026-09-30T17:46:23.933Z,来源名Wolfram Mathematica；独立转售用途未获支持，不能推定品牌回购,未取得无关独立买家用途证据；源品牌不是购买意向,未做逐名权利净空；品牌门是投资证据约束,False,,中外公司及品牌扩扫,https://regery.com/en/bulksearch,,,,,,
4389,wondersharefilmora.si,,14,仅历史可注册证据（需重查）,,2026-09-30T17:46:23.933Z,来源名Wondershare Filmora；独立转售用途未获支持，不能推定品牌回购,未取得无关独立买家用途证据；源品牌不是购买意向,未做逐名权利净空；品牌门是投资证据约束,False,,中外公司及品牌扩扫,https://regery.com/en/bulksearch,,,,,,
4390,worldhealthorganization.si,,14,仅历史可注册证据（需重查）,,2026-09-30T17:46:23.933Z,来源名World Health Organization；独立转售用途未获支持，不能推定品牌回购,未取得无关独立买家用途证据；源品牌不是购买意向,未做逐名权利净空；品牌门是投资证据约束,False,,中外公司及品牌扩扫,https://regery.com/en/bulksearch,,,,,,
4391,xdadevelopers.si,,14,仅历史可注册证据（需重查）,,2026-09-30T17:46:23.933Z,来源名XDA Developers；独立转售用途未获支持，不能推定品牌回购,未取得无关独立买家用途证据；源品牌不是购买意向,未做逐名权利净空；品牌门是投资证据约束,False,,中外公司及品牌扩扫,https://regery.com/en/bulksearch,,,,,,
4392,yamahacorporation.si,,14,仅历史可注册证据（需重查）,,2026-09-30T17:46:23.933Z,来源名Yamaha Corporation；独立转售用途未获支持，不能推定品牌回购,未取得无关独立买家用途证据；源品牌不是购买意向,未做逐名权利净空；品牌门是投资证据约束,False,,中外公司及品牌扩扫,https://regery.com/en/bulksearch,,,,,,
4393,yamahamotorcorporation.si,,14,仅历史可注册证据（需重查）,,2026-09-30T17:46:23.933Z,来源名Yamaha Motor Corporation；独立转售用途未获支持，不能推定品牌回购,未取得无关独立买家用途证据；源品牌不是购买意向,未做逐名权利净空；品牌门是投资证据约束,False,,中外公司及品牌扩扫,https://regery.com/en/bulksearch,,,,,,
4394,youtubegaming.si,,14,仅历史可注册证据（需重查）,,2026-09-30T17:46:23.933Z,来源名YouTube Gaming；独立转售用途未获支持，不能推定品牌回购,未取得无关独立买家用途证据；源品牌不是购买意向,未做逐名权利净空；品牌门是投资证据约束,False,,中外公司及品牌扩扫,https://regery.com/en/bulksearch,,,,,,
4395,youtubeshorts.si,,14,仅历史可注册证据（需重查）,,2026-09-30T17:46:23.933Z,来源名YouTube Shorts；独立转售用途未获支持，不能推定品牌回购,未取得无关独立买家用途证据；源品牌不是购买意向,未做逐名权利净空；品牌门是投资证据约束,False,,中外公司及品牌扩扫,https://regery.com/en/bulksearch,,,,,,
4396,youtubestudio.si,,14,仅历史可注册证据（需重查）,,2026-09-30T17:46:23.933Z,来源名YouTube Studio；独立转售用途未获支持，不能推定品牌回购,未取得无关独立买家用途证据；源品牌不是购买意向,未做逐名权利净空；品牌门是投资证据约束,False,,中外公司及品牌扩扫,https://regery.com/en/bulksearch,,,,,,
4397,zedattackproxy.si,,14,仅历史可注册证据（需重查）,,2026-09-30T17:46:23.933Z,来源名ZAP；独立转售用途未获支持，不能推定品牌回购,未取得无关独立买家用途证据；源品牌不是购买意向,未做逐名权利净空；品牌门是投资证据约束,False,,中外公司及品牌扩扫,https://regery.com/en/bulksearch,,,,,,
4398,zebratechnologies.si,,14,仅历史可注册证据（需重查）,,2026-09-30T17:46:23.933Z,来源名Zebra Technologies；独立转售用途未获支持，不能推定品牌回购,未取得无关独立买家用途证据；源品牌不是购买意向,未做逐名权利净空；品牌门是投资证据约束,False,,中外公司及品牌扩扫,https://regery.com/en/bulksearch,,,,,,
4399,zedindustries.si,,14,仅历史可注册证据（需重查）,,2026-09-30T17:46:23.933Z,来源名Zed Industries；独立转售用途未获支持，不能推定品牌回购,未取得无关独立买家用途证据；源品牌不是购买意向,未做逐名权利净空；品牌门是投资证据约束,False,,中外公司及品牌扩扫,https://regery.com/en/bulksearch,,,,,,
4400,stategridcorporationofchina.si,,14,仅历史可注册证据（需重查）,,2026-09-30T17:46:23.933Z,来源名State Grid Corporation of China；独立转售用途未获支持，不能推定品牌回购,未取得无关独立买家用途证据；源品牌不是购买意向,未做逐名权利净空；品牌门是投资证据约束,False,,中外公司及品牌扩扫,https://regery.com/en/bulksearch,,,,,,
4401,chinaconstructionbank.si,,14,仅历史可注册证据（需重查）,,2026-09-30T17:46:23.933Z,来源名China Construction Bank / CHINA CONSTRUCTION BANK；独立转售用途未获支持，不能推定品牌回购,未取得无关独立买家用途证据；源品牌不是购买意向,未做逐名权利净空；品牌门是投资证据约束,False,,中外公司及品牌扩扫,https://regery.com/en/bulksearch,,,,,,
4402,agriculturalbankofchina.si,,14,仅历史可注册证据（需重查）,,2026-09-30T17:46:23.933Z,来源名Agricultural Bank of China / AGRICULTURAL BANK OF CHINA；独立转售用途未获支持，不能推定品牌回购,未取得无关独立买家用途证据；源品牌不是购买意向,未做逐名权利净空；品牌门是投资证据约束,False,,中外公司及品牌扩扫,https://regery.com/en/bulksearch,,,,,,
4403,unitedhealthcare.si,,14,仅历史可注册证据（需重查）,,2026-09-30T17:46:23.933Z,来源名UnitedHealthcare；独立转售用途未获支持，不能推定品牌回购,未取得无关独立买家用途证据；源品牌不是购买意向,未做逐名权利净空；品牌门是投资证据约束,False,,中外公司及品牌扩扫,https://regery.com/en/bulksearch,,,,,,
4404,mitsubishigroup.si,,14,仅历史可注册证据（需重查）,,2026-09-30T17:47:08.694Z,来源名Mitsubishi Group；独立转售用途未获支持，不能推定品牌回购,未取得无关独立买家用途证据；源品牌不是购买意向,未做逐名权利净空；品牌门是投资证据约束,False,,中外公司及品牌扩扫,https://regery.com/en/bulksearch,,,,,,
4405,sumitomogroup.si,,14,仅历史可注册证据（需重查）,,2026-09-30T17:47:08.694Z,来源名Sumitomo Group；独立转售用途未获支持，不能推定品牌回购,未取得无关独立买家用途证据；源品牌不是购买意向,未做逐名权利净空；品牌门是投资证据约束,False,,中外公司及品牌扩扫,https://regery.com/en/bulksearch,,,,,,
4406,chinamerchantsbank.si,,14,仅历史可注册证据（需重查）,,2026-09-30T17:47:08.694Z,来源名China Merchants Bank / CHINA MERCHANTS BANK；独立转售用途未获支持，不能推定品牌回购,未取得无关独立买家用途证据；源品牌不是购买意向,未做逐名权利净空；品牌门是投资证据约束,False,,中外公司及品牌扩扫,https://regery.com/en/bulksearch,,,,,,
4407,delltechnologies.si,,14,仅历史可注册证据（需重查）,,2026-09-30T17:47:08.694Z,来源名Dell Technologies；独立转售用途未获支持，不能推定品牌回购,未取得无关独立买家用途证据；源品牌不是购买意向,未做逐名权利净空；品牌门是投资证据约束,False,,中外公司及品牌扩扫,https://regery.com/en/bulksearch,,,,,,
4408,royalbankofcanada.si,,14,仅历史可注册证据（需重查）,,2026-09-30T17:47:08.694Z,来源名Royal Bank Of Canada；独立转售用途未获支持，不能推定品牌回购,未取得无关独立买家用途证据；源品牌不是购买意向,未做逐名权利净空；品牌门是投资证据约束,False,,中外公司及品牌扩扫,https://regery.com/en/bulksearch,,,,,,
4409,chinaciticbank.si,,14,仅历史可注册证据（需重查）,,2026-09-30T17:47:08.694Z,来源名China CITIC Bank / CHINA CITIC BANK；独立转售用途未获支持，不能推定品牌回购,未取得无关独立买家用途证据；源品牌不是购买意向,未做逐名权利净空；品牌门是投资证据约束,False,,中外公司及品牌扩扫,https://regery.com/en/bulksearch,,,,,,
4410,generaligroup.si,,14,仅历史可注册证据（需重查）,,2026-09-30T17:47:08.694Z,来源名Generali Group；独立转售用途未获支持，不能推定品牌回购,未取得无关独立买家用途证据；源品牌不是购买意向,未做逐名权利净空；品牌门是投资证据约束,False,,中外公司及品牌扩扫,https://regery.com/en/bulksearch,,,,,,
4411,elevancehealth.si,,14,仅历史可注册证据（需重查）,,2026-09-30T17:47:59.644Z,来源名Elevance Health；独立转售用途未获支持，不能推定品牌回购,未取得无关独立买家用途证据；源品牌不是购买意向,未做逐名权利净空；品牌门是投资证据约束,False,,中外公司及品牌扩扫,https://regery.com/en/bulksearch,,,,,,
4412,postalsavingsbank.si,,14,仅历史可注册证据（需重查）,,2026-09-30T17:47:59.644Z,来源名Postal Savings Bank；独立转售用途未获支持，不能推定品牌回购,未取得无关独立买家用途证据；源品牌不是购买意向,未做逐名权利净空；品牌门是投资证据约束,False,,中外公司及品牌扩扫,https://regery.com/en/bulksearch,,,,,,
4413,bankofcommunications.si,,14,仅历史可注册证据（需重查）,,2026-09-30T17:47:59.644Z,来源名Bank of Communications / BANK OF COMMUNICATIONS；独立转售用途未获支持，不能推定品牌回购,未取得无关独立买家用途证据；源品牌不是购买意向,未做逐名权利净空；品牌门是投资证据约束,False,,中外公司及品牌扩扫,https://regery.com/en/bulksearch,,,,,,
4414,japanpostholdings.si,,14,仅历史可注册证据（需重查）,,2026-09-30T17:47:59.644Z,来源名Japan Post Holdings；独立转售用途未获支持，不能推定品牌回购,未取得无关独立买家用途证据；源品牌不是购买意向,未做逐名权利净空；品牌门是投资证据约束,False,,中外公司及品牌扩扫,https://regery.com/en/bulksearch,,,,,,
4415,chinasouthernpowergrid.si,,14,仅历史可注册证据（需重查）,,2026-09-30T17:48:54.626Z,来源名China Southern Power Grid；独立转售用途未获支持，不能推定品牌回购,未取得无关独立买家用途证据；源品牌不是购买意向,未做逐名权利净空；品牌门是投资证据约束,False,,中外公司及品牌扩扫,https://regery.com/en/bulksearch,,,,,,
4416,reliancegroup.si,,14,仅历史可注册证据（需重查）,,2026-09-30T17:48:54.626Z,来源名Reliance Group；独立转售用途未获支持，不能推定品牌回购,未取得无关独立买家用途证据；源品牌不是购买意向,未做逐名权利净空；品牌门是投资证据约束,False,,中外公司及品牌扩扫,https://regery.com/en/bulksearch,,,,,,
4417,standardchartered.si,,14,仅历史可注册证据（需重查）,,2026-09-30T17:48:54.626Z,来源名Standard Chartered；独立转售用途未获支持，不能推定品牌回购,未取得无关独立买家用途证据；源品牌不是购买意向,未做逐名权利净空；品牌门是投资证据约束,False,,中外公司及品牌扩扫,https://regery.com/en/bulksearch,,,,,,
4418,commonwealthbank.si,,14,仅历史可注册证据（需重查）,,2026-09-30T17:48:54.626Z,来源名Commonwealth Bank；独立转售用途未获支持，不能推定品牌回购,未取得无关独立买家用途证据；源品牌不是购买意向,未做逐名权利净空；品牌门是投资证据约束,False,,中外公司及品牌扩扫,https://regery.com/en/bulksearch,,,,,,
4419,nissaynipponlifeinsurance.si,,14,仅历史可注册证据（需重查）,,2026-09-30T17:48:54.626Z,来源名Nissay/Nippon Life Insurance；独立转售用途未获支持，不能推定品牌回购,未取得无关独立买家用途证据；源品牌不是购买意向,未做逐名权利净空；品牌门是投资证据约束,False,,中外公司及品牌扩扫,https://regery.com/en/bulksearch,,,,,,
4420,nipponlifeinsurance.si,,14,仅历史可注册证据（需重查）,,2026-09-30T17:48:54.626Z,来源名Nissay/Nippon Life Insurance；独立转售用途未获支持，不能推定品牌回购,未取得无关独立买家用途证据；源品牌不是购买意向,未做逐名权利净空；品牌门是投资证据约束,False,,中外公司及品牌扩扫,https://regery.com/en/bulksearch,,,,,,
4421,dollargeneral.si,,14,仅历史可注册证据（需重查）,,2026-09-30T17:48:54.626Z,来源名Dollar General；独立转售用途未获支持，不能推定品牌回购,未取得无关独立买家用途证据；源品牌不是购买意向,未做逐名权利净空；品牌门是投资证据约束,False,,中外公司及品牌扩扫,https://regery.com/en/bulksearch,,,,,,
4422,oreillyautoparts.si,,14,仅历史可注册证据（需重查）,,2026-09-30T17:48:54.626Z,来源名O'Reilly Auto Parts；独立转售用途未获支持，不能推定品牌回购,未取得无关独立买家用途证据；源品牌不是购买意向,未做逐名权利净空；品牌门是投资证据约束,False,,中外公司及品牌扩扫,https://regery.com/en/bulksearch,,,,,,
4423,conocophillips.si,,14,仅历史可注册证据（需重查）,,2026-09-30T17:48:54.626Z,来源名ConocoPhillips；独立转售用途未获支持，不能推定品牌回购,未取得无关独立买家用途证据；源品牌不是购买意向,未做逐名权利净空；品牌门是投资证据约束,False,,中外公司及品牌扩扫,https://regery.com/en/bulksearch,,,,,,
4424,northropgrumman.si,,14,仅历史可注册证据（需重查）,,2026-09-30T17:48:54.626Z,来源名Northrop Grumman；独立转售用途未获支持，不能推定品牌回购,未取得无关独立买家用途证据；源品牌不是购买意向,未做逐名权利净空；品牌门是投资证据约束,False,,中外公司及品牌扩扫,https://regery.com/en/bulksearch,,,,,,
4425,shanghaipudongdevelopmentbank.si,,14,仅历史可注册证据（需重查）,,2026-09-30T17:48:54.626Z,来源名Shanghai Pudong Development Bank；独立转售用途未获支持，不能推定品牌回购,未取得无关独立买家用途证据；源品牌不是购买意向,未做逐名权利净空；品牌门是投资证据约束,False,,中外公司及品牌扩扫,https://regery.com/en/bulksearch,,,,,,
4426,industrialbank.si,,14,仅历史可注册证据（需重查）,,2026-09-30T17:49:20.862Z,来源名Industrial Bank；独立转售用途未获支持，不能推定品牌回购,未取得无关独立买家用途证据；源品牌不是购买意向,未做逐名权利净空；品牌门是投资证据约束,False,,中外公司及品牌扩扫,https://regery.com/en/bulksearch,,,,,,
4427,creditagricole.si,,14,仅历史可注册证据（需重查）,,2026-09-30T17:49:20.862Z,来源名Crédit Agricole；独立转售用途未获支持，不能推定品牌回购,未取得无关独立买家用途证据；源品牌不是购买意向,未做逐名权利净空；品牌门是投资证据约束,False,,中外公司及品牌扩扫,https://regery.com/en/bulksearch,,,,,,
4428,shinhanfinancialgroup.si,,14,仅历史可注册证据（需重查）,,2026-09-30T17:49:20.862Z,来源名Shinhan Financial Group；独立转售用途未获支持，不能推定品牌回购,未取得无关独立买家用途证据；源品牌不是购买意向,未做逐名权利净空；品牌门是投资证据约束,False,,中外公司及品牌扩扫,https://regery.com/en/bulksearch,,,,,,
4429,shinhanfinancial.si,,14,仅历史可注册证据（需重查）,,2026-09-30T17:49:20.862Z,来源名Shinhan Financial Group；独立转售用途未获支持，不能推定品牌回购,未取得无关独立买家用途证据；源品牌不是购买意向,未做逐名权利净空；品牌门是投资证据约束,False,,中外公司及品牌扩扫,https://regery.com/en/bulksearch,,,,,,
4430,kbfinancialgroup.si,,14,仅历史可注册证据（需重查）,,2026-09-30T17:49:20.862Z,来源名KB Financial Group；独立转售用途未获支持，不能推定品牌回购,未取得无关独立买家用途证据；源品牌不是购买意向,未做逐名权利净空；品牌门是投资证据约束,False,,中外公司及品牌扩扫,https://regery.com/en/bulksearch,,,,,,
4431,larsenandtoubrogroup.si,,14,仅历史可注册证据（需重查）,,2026-09-30T17:49:20.862Z,来源名Larsen & Toubro Group；独立转售用途未获支持，不能推定品牌回购,未取得无关独立买家用途证据；源品牌不是购买意向,未做逐名权利净空；品牌门是投资证据约束,False,,中外公司及品牌扩扫,https://regery.com/en/bulksearch,,,,,,
4432,larsenandtoubro.si,,14,仅历史可注册证据（需重查）,,2026-09-30T17:49:20.862Z,来源名Larsen & Toubro Group；独立转售用途未获支持，不能推定品牌回购,未取得无关独立买家用途证据；源品牌不是购买意向,未做逐名权利净空；品牌门是投资证据约束,False,,中外公司及品牌扩扫,https://regery.com/en/bulksearch,,,,,,
4433,mckinseyandco.si,,14,仅历史可注册证据（需重查）,,2026-09-30T17:49:20.862Z,来源名McKinsey & Co；独立转售用途未获支持，不能推定品牌回购,未取得无关独立买家用途证据；源品牌不是购买意向,未做逐名权利净空；品牌门是投资证据约束,False,,中外公司及品牌扩扫,https://regery.com/en/bulksearch,,,,,,
4434,modeloespecial.si,,14,仅历史可注册证据（需重查）,,2026-09-30T17:49:20.862Z,来源名Modelo Especial；独立转售用途未获支持，不能推定品牌回购,未取得无关独立买家用途证据；源品牌不是购买意向,未做逐名权利净空；品牌门是投资证据约束,False,,中外公司及品牌扩扫,https://regery.com/en/bulksearch,,,,,,
4435,marinabaysands.si,,14,仅历史可注册证据（需重查）,,2026-09-30T17:49:20.862Z,来源名Marina Bay Sands；独立转售用途未获支持，不能推定品牌回购,未取得无关独立买家用途证据；源品牌不是购买意向,未做逐名权利净空；品牌门是投资证据约束,False,,中外公司及品牌扩扫,https://regery.com/en/bulksearch,,,,,,
4436,mahindragroup.si,,14,仅历史可注册证据（需重查）,,2026-09-30T17:49:49.268Z,来源名Mahindra Group；独立转售用途未获支持，不能推定品牌回购,未取得无关独立买家用途证据；源品牌不是购买意向,未做逐名权利净空；品牌门是投资证据约束,False,,中外公司及品牌扩扫,https://regery.com/en/bulksearch,,,,,,
4437,posteitaliane.si,,14,仅历史可注册证据（需重查）,,2026-09-30T17:49:49.268Z,来源名Poste Italiane；独立转售用途未获支持，不能推定品牌回购,未取得无关独立买家用途证据；源品牌不是购买意向,未做逐名权利净空；品牌门是投资证据约束,False,,中外公司及品牌扩扫,https://regery.com/en/bulksearch,,,,,,
4438,mizuhofinancialgroup.si,,14,仅历史可注册证据（需重查）,,2026-09-30T17:49:49.268Z,来源名Mizuho Financial Group；独立转售用途未获支持，不能推定品牌回购,未取得无关独立买家用途证据；源品牌不是购买意向,未做逐名权利净空；品牌门是投资证据约束,False,,中外公司及品牌扩扫,https://regery.com/en/bulksearch,,,,,,
4439,mizuhofinancial.si,,14,仅历史可注册证据（需重查）,,2026-09-30T17:49:49.268Z,来源名Mizuho Financial Group；独立转售用途未获支持，不能推定品牌回购,未取得无关独立买家用途证据；源品牌不是购买意向,未做逐名权利净空；品牌门是投资证据约束,False,,中外公司及品牌扩扫,https://regery.com/en/bulksearch,,,,,,
4440,activisionblizzard.si,,14,仅历史可注册证据（需重查）,,2026-09-30T17:49:49.268Z,来源名Activision Blizzard；独立转售用途未获支持，不能推定品牌回购,未取得无关独立买家用途证据；源品牌不是购买意向,未做逐名权利净空；品牌门是投资证据约束,False,,中外公司及品牌扩扫,https://regery.com/en/bulksearch,,,,,,
4441,rollsroyceaerospaceanddefence.si,,14,仅历史可注册证据（需重查）,,2026-09-30T17:49:49.268Z,来源名Rolls-Royce (Aerospace & Defence)；独立转售用途未获支持，不能推定品牌回购,未取得无关独立买家用途证据；源品牌不是购买意向,未做逐名权利净空；品牌门是投资证据约束,False,,中外公司及品牌扩扫,https://regery.com/en/bulksearch,,,,,,
4442,chinaminshengbank.si,,14,仅历史可注册证据（需重查）,,2026-09-30T17:50:28.959Z,来源名China Minsheng Bank / CHINA MINSHENG BANK；独立转售用途未获支持，不能推定品牌回购,未取得无关独立买家用途证据；源品牌不是购买意向,未做逐名权利净空；品牌门是投资证据约束,False,,中外公司及品牌扩扫,https://regery.com/en/bulksearch,,,,,,
4443,marathonpetroleum.si,,14,仅历史可注册证据（需重查）,,2026-09-30T17:50:28.959Z,来源名Marathon Petroleum；独立转售用途未获支持，不能推定品牌回购,未取得无关独立买家用途证据；源品牌不是购买意向,未做逐名权利净空；品牌门是投资证据约束,False,,中外公司及品牌扩扫,https://regery.com/en/bulksearch,,,,,,
4444,cathaylifeinsurance.si,,14,仅历史可注册证据（需重查）,,2026-09-30T17:50:28.959Z,来源名Cathay Life Insurance；独立转售用途未获支持，不能推定品牌回购,未取得无关独立买家用途证据；源品牌不是购买意向,未做逐名权利净空；品牌门是投资证据约束,False,,中外公司及品牌扩扫,https://regery.com/en/bulksearch,,,,,,
4445,royalcaribbeaninternational.si,,14,仅历史可注册证据（需重查）,,2026-09-30T17:50:28.959Z,来源名Royal Caribbean International；独立转售用途未获支持，不能推定品牌回购,未取得无关独立买家用途证据；源品牌不是购买意向,未做逐名权利净空；品牌门是投资证据约束,False,,中外公司及品牌扩扫,https://regery.com/en/bulksearch,,,,,,
4446,xinghuacunfenwine.si,,14,仅历史可注册证据（需重查）,,2026-09-30T17:50:28.959Z,来源名Xinghuacun Fen Wine；独立转售用途未获支持，不能推定品牌回购,未取得无关独立买家用途证据；源品牌不是购买意向,未做逐名权利净空；品牌门是投资证据约束,False,,中外公司及品牌扩扫,https://regery.com/en/bulksearch,,,,,,
4447,ctbcfinancial.si,,14,仅历史可注册证据（需重查）,,2026-09-30T17:50:28.959Z,来源名CTBC Financial；独立转售用途未获支持，不能推定品牌回购,未取得无关独立买家用途证据；源品牌不是购买意向,未做逐名权利净空；品牌门是投资证据约束,False,,中外公司及品牌扩扫,https://regery.com/en/bulksearch,,,,,,
4448,polydevelopment.si,,14,仅历史可注册证据（需重查）,,2026-09-30T17:50:28.959Z,来源名Poly Development；独立转售用途未获支持，不能推定品牌回购,未取得无关独立买家用途证据；源品牌不是购买意向,未做逐名权利净空；品牌门是投资证据约束,False,,中外公司及品牌扩扫,https://regery.com/en/bulksearch,,,,,,
4449,thermofisherscientific.si,,14,仅历史可注册证据（需重查）,,2026-09-30T17:50:28.959Z,来源名Thermo Fisher Scientific；独立转售用途未获支持，不能推定品牌回购,未取得无关独立买家用途证据；源品牌不是购买意向,未做逐名权利净空；品牌门是投资证据约束,False,,中外公司及品牌扩扫,https://regery.com/en/bulksearch,,,,,,
4450,chinaeverbrightbank.si,,14,仅历史可注册证据（需重查）,,2026-09-30T17:51:02.096Z,来源名China Everbright Bank / CHINA EVERBRIGHT BANK；独立转售用途未获支持，不能推定品牌回购,未取得无关独立买家用途证据；源品牌不是购买意向,未做逐名权利净空；品牌门是投资证据约束,False,,中外公司及品牌扩扫,https://regery.com/en/bulksearch,,,,,,
4451,texasinstruments.si,,14,仅历史可注册证据（需重查）,,2026-09-30T17:51:02.096Z,来源名Texas Instruments；独立转售用途未获支持，不能推定品牌回购,未取得无关独立买家用途证据；源品牌不是购买意向,未做逐名权利净空；品牌门是投资证据约束,False,,中外公司及品牌扩扫,https://regery.com/en/bulksearch,,,,,,
4452,bodegaaurrera.si,,14,仅历史可注册证据（需重查）,,2026-09-30T17:51:02.096Z,来源名Bodega Aurrera；独立转售用途未获支持，不能推定品牌回购,未取得无关独立买家用途证据；源品牌不是购买意向,未做逐名权利净空；品牌门是投资证据约束,False,,中外公司及品牌扩扫,https://regery.com/en/bulksearch,,,,,,
4453,luzhoulaojiao.si,,14,仅历史可注册证据（需重查）,,2026-09-30T17:51:02.096Z,来源名Luzhou Laojiao / LUZHOU LAOJIAO；独立转售用途未获支持，不能推定品牌回购,未取得无关独立买家用途证据；源品牌不是购买意向,未做逐名权利净空；品牌门是投资证据约束,False,,中外公司及品牌扩扫,https://regery.com/en/bulksearch,,,,,,
4454,eastrocbeverage.si,,14,仅历史可注册证据（需重查）,,2026-09-30T17:51:02.096Z,来源名EASTROC BEVERAGE；独立转售用途未获支持，不能推定品牌回购,未取得无关独立买家用途证据；源品牌不是购买意向,未做逐名权利净空；品牌门是投资证据约束,False,,中外公司及品牌扩扫,https://regery.com/en/bulksearch,,,,,,
4455,mixuebingcheng.si,,14,仅历史可注册证据（需重查）,,2026-09-30T17:51:02.096Z,来源名MIXUE BINGCHENG；独立转售用途未获支持，不能推定品牌回购,未取得无关独立买家用途证据；源品牌不是购买意向,未做逐名权利净空；品牌门是投资证据约束,False,,中外公司及品牌扩扫,https://regery.com/en/bulksearch,,,,,,
4456,bankofjiangsu.si,,14,仅历史可注册证据（需重查）,,2026-09-30T17:51:39.916Z,来源名BANK OF JIANGSU；独立转售用途未获支持，不能推定品牌回购,未取得无关独立买家用途证据；源品牌不是购买意向,未做逐名权利净空；品牌门是投资证据约束,False,,中外公司及品牌扩扫,https://regery.com/en/bulksearch,,,,,,
4457,hainanairlines.si,,14,仅历史可注册证据（需重查）,,2026-09-30T17:51:39.916Z,来源名HAINAN AIRLINES；独立转售用途未获支持，不能推定品牌回购,未取得无关独立买家用途证据；源品牌不是购买意向,未做逐名权利净空；品牌门是投资证据约束,False,,中外公司及品牌扩扫,https://regery.com/en/bulksearch,,,,,,
4458,airchinagroup.si,,14,仅历史可注册证据（需重查）,,2026-09-30T17:34:09.683Z,来源名中国航空集团有限公司；独立转售用途未获支持，不能推定品牌回购,未取得无关独立买家用途证据；源品牌不是购买意向,未做逐名权利净空；品牌门是投资证据约束,False,,中外公司及品牌扩扫,https://my.eurodns.com/das/search,,,,,,
4459,chinagoldgroup.si,,14,仅历史可注册证据（需重查）,,2026-09-30T17:34:09.683Z,来源名中国黄金集团有限公司；独立转售用途未获支持，不能推定品牌回购,未取得无关独立买家用途证据；源品牌不是购买意向,未做逐名权利净空；品牌门是投资证据约束,False,,中外公司及品牌扩扫,https://my.eurodns.com/das/search,,,,,,
4460,chinalogisticsgroup.si,,14,仅历史可注册证据（需重查）,,2026-09-30T17:34:09.683Z,来源名中国物流集团有限公司；独立转售用途未获支持，不能推定品牌回购,未取得无关独立买家用途证据；源品牌不是购买意向,未做逐名权利净空；品牌门是投资证据约束,False,,中外公司及品牌扩扫,https://my.eurodns.com/das/search,,,,,,
4461,legendholdings.si,,14,仅历史可注册证据（需重查）,,2026-09-30T17:46:58.164Z,来源名联想控股股份有限公司；独立转售用途未获支持，不能推定品牌回购,未取得无关独立买家用途证据；源品牌不是购买意向,未做逐名权利净空；品牌门是投资证据约束,False,,中外公司及品牌扩扫,https://my.eurodns.com/das/search,,,,,,
4462,armanddebrignac.si,,14,仅历史可注册证据（需重查）,,2026-09-30T17:51:39.916Z,来源名Armand de Brignac；独立转售用途未获支持，不能推定品牌回购,未取得无关独立买家用途证据；源品牌不是购买意向,未做逐名权利净空；品牌门是投资证据约束,False,,中外公司及品牌扩扫,https://regery.com/en/bulksearch,,,,,,
4463,bodeganumanthia.si,,14,仅历史可注册证据（需重查）,,2026-09-30T17:51:39.916Z,来源名Bodega Numanthia；独立转售用途未获支持，不能推定品牌回购,未取得无关独立买家用途证据；源品牌不是购买意向,未做逐名权利净空；品牌门是投资证据约束,False,,中外公司及品牌扩扫,https://regery.com/en/bulksearch,,,,,,
4464,chevaldesandes.si,,14,仅历史可注册证据（需重查）,,2026-09-30T17:51:39.916Z,来源名Cheval des Andes；独立转售用途未获支持，不能推定品牌回购,未取得无关独立买家用途证据；源品牌不是购买意向,未做逐名权利净空；品牌门是投资证据约束,False,,中外公司及品牌扩扫,https://regery.com/en/bulksearch,,,,,,
4465,chateauchevalblanc.si,,14,仅历史可注册证据（需重查）,,2026-09-30T17:51:39.916Z,来源名Château Cheval Blanc；独立转售用途未获支持，不能推定品牌回购,未取得无关独立买家用途证据；源品牌不是购买意向,未做逐名权利净空；品牌门是投资证据约束,False,,中外公司及品牌扩扫,https://regery.com/en/bulksearch,,,,,,
4466,chateaugaloupet.si,,14,仅历史可注册证据（需重查）,,2026-09-30T17:51:39.916Z,来源名Château Galoupet；独立转售用途未获支持，不能推定品牌回购,未取得无关独立买家用途证据；源品牌不是购买意向,未做逐名权利净空；品牌门是投资证据约束,False,,中外公司及品牌扩扫,https://regery.com/en/bulksearch,,,,,,
4467,veuveclicquot.si,,14,仅历史可注册证据（需重查）,,2026-09-30T17:51:39.916Z,来源名Veuve Clicquot；独立转售用途未获支持，不能推定品牌回购,未取得无关独立买家用途证据；源品牌不是购买意向,未做逐名权利净空；品牌门是投资证据约束,False,,中外公司及品牌扩扫,https://regery.com/en/bulksearch,,,,,,
4468,chateaudyquem.si,,14,仅历史可注册证据（需重查）,,2026-09-30T17:51:39.916Z,来源名Château d’Yquem；独立转售用途未获支持，不能推定品牌回购,未取得无关独立买家用途证据；源品牌不是购买意向,未做逐名权利净空；品牌门是投资证据约束,False,,中外公司及品牌扩扫,https://regery.com/en/bulksearch,,,,,,
4469,bartonperreira.si,,14,仅历史可注册证据（需重查）,,2026-09-30T17:51:39.916Z,来源名Barton Perreira；独立转售用途未获支持，不能推定品牌回购,未取得无关独立买家用途证据；源品牌不是购买意向,未做逐名权利净空；品牌门是投资证据约束,False,,中外公司及品牌扩扫,https://regery.com/en/bulksearch,,,,,,
4470,christiandiorcouture.si,,14,仅历史可注册证据（需重查）,,2026-09-30T17:51:39.916Z,来源名Christian Dior Couture；独立转售用途未获支持，不能推定品牌回购,未取得无关独立买家用途证据；源品牌不是购买意向,未做逐名权利净空；品牌门是投资证据约束,False,,中外公司及品牌扩扫,https://regery.com/en/bulksearch,,,,,,
4471,benefitcosmetics.si,,14,仅历史可注册证据（需重查）,,2026-09-30T17:52:02.418Z,来源名Benefit Cosmetics；独立转售用途未获支持，不能推定品牌回购,未取得无关独立买家用途证据；源品牌不是购买意向,未做逐名权利净空；品牌门是投资证据约束,False,,中外公司及品牌扩扫,https://regery.com/en/bulksearch,,,,,,
4472,fentybeautybyrihanna.si,,14,仅历史可注册证据（需重查）,,2026-09-30T17:52:02.418Z,来源名Fenty Beauty by Rihanna；独立转售用途未获支持，不能推定品牌回购,未取得无关独立买家用途证据；源品牌不是购买意向,未做逐名权利净空；品牌门是投资证据约束,False,,中外公司及品牌扩扫,https://regery.com/en/bulksearch,,,,,,
4473,givenchyparfums.si,,14,仅历史可注册证据（需重查）,,2026-09-30T17:52:02.418Z,来源名Givenchy Parfums；独立转售用途未获支持，不能推定品牌回购,未取得无关独立买家用途证据；源品牌不是购买意向,未做逐名权利净空；品牌门是投资证据约束,False,,中外公司及品牌扩扫,https://regery.com/en/bulksearch,,,,,,
4474,loeweperfumes.si,,14,仅历史可注册证据（需重查）,,2026-09-30T17:52:02.418Z,来源名Loewe Perfumes；独立转售用途未获支持，不能推定品牌回购,未取得无关独立买家用途证据；源品牌不是购买意向,未做逐名权利净空；品牌门是投资证据约束,False,,中外公司及品牌扩扫,https://regery.com/en/bulksearch,,,,,,
4475,maisonfranciskurkdjian.si,,14,仅历史可注册证据（需重查）,,2026-09-30T17:52:02.418Z,来源名Maison Francis Kurkdjian；独立转售用途未获支持，不能推定品牌回购,未取得无关独立买家用途证据；源品牌不是购买意向,未做逐名权利净空；品牌门是投资证据约束,False,,中外公司及品牌扩扫,https://regery.com/en/bulksearch,,,,,,
4476,parfumschristiandior.si,,14,仅历史可注册证据（需重查）,,2026-09-30T17:52:02.418Z,来源名Parfums Christian Dior；独立转售用途未获支持，不能推定品牌回购,未取得无关独立买家用途证据；源品牌不是购买意向,未做逐名权利净空；品牌门是投资证据约束,False,,中外公司及品牌扩扫,https://regery.com/en/bulksearch,,,,,,
4477,makeupforever.si,,14,仅历史可注册证据（需重查）,,2026-09-30T17:52:02.418Z,来源名Make Up For Ever；独立转售用途未获支持，不能推定品牌回购,未取得无关独立买家用途证据；源品牌不是购买意向,未做逐名权利净空；品牌门是投资证据约束,False,,中外公司及品牌扩扫,https://regery.com/en/bulksearch,,,,,,
4478,lagrandeepiceriedeparis.si,,14,仅历史可注册证据（需重查）,,2026-09-30T17:52:02.418Z,来源名La Grande Épicerie de Paris；独立转售用途未获支持，不能推定品牌回购,未取得无关独立买家用途证据；源品牌不是购买意向,未做逐名权利净空；品牌门是投资证据约束,False,,中外公司及品牌扩扫,https://regery.com/en/bulksearch,,,,,,
4479,lebonmarcherivegauche.si,,14,仅历史可注册证据（需重查）,,2026-09-30T17:52:02.418Z,来源名Le Bon Marché Rive Gauche；独立转售用途未获支持，不能推定品牌回购,未取得无关独立买家用途证据；源品牌不是购买意向,未做逐名权利净空；品牌门是投资证据约束,False,,中外公司及品牌扩扫,https://regery.com/en/bulksearch,,,,,,
4480,connaissancedesarts.si,,14,仅历史可注册证据（需重查）,,2026-09-30T17:52:02.418Z,来源名Connaissance des Arts；独立转售用途未获支持，不能推定品牌回购,未取得无关独立买家用途证据；源品牌不是购买意向,未做逐名权利净空；品牌门是投资证据约束,False,,中外公司及品牌扩扫,https://regery.com/en/bulksearch,,,,,,
4481,lejardindacclimatation.si,,14,仅历史可注册证据（需重查）,,2026-09-30T17:52:02.418Z,来源名Le Jardin d'Acclimatation；独立转售用途未获支持，不能推定品牌回购,未取得无关独立买家用途证据；源品牌不是购买意向,未做逐名权利净空；品牌门是投资证据约束,False,,中外公司及品牌扩扫,https://regery.com/en/bulksearch,,,,,,
4482,theartofshaving.si,,14,仅历史可注册证据（需重查）,,2026-09-30T17:52:50.451Z,来源名The Art of Shaving；独立转售用途未获支持，不能推定品牌回购,未取得无关独立买家用途证据；源品牌不是购买意向,未做逐名权利净空；品牌门是投资证据约束,False,,中外公司及品牌扩扫,https://regery.com/en/bulksearch,,,,,,
4483,headshoulders.si,,14,仅历史可注册证据（需重查）,,2026-09-30T17:52:50.451Z,来源名Head & Shoulders；独立转售用途未获支持，不能推定品牌回购,未取得无关独立买家用途证据；源品牌不是购买意向,未做逐名权利净空；品牌门是投资证据约束,False,,中外公司及品牌扩扫,https://regery.com/en/bulksearch,,,,,,
4484,myblackisbeautiful.si,,14,仅历史可注册证据（需重查）,,2026-09-30T17:52:50.451Z,来源名My Black Is Beautiful；独立转售用途未获支持，不能推定品牌回购,未取得无关独立买家用途证据；源品牌不是购买意向,未做逐名权利净空；品牌门是投资证据约束,False,,中外公司及品牌扩扫,https://regery.com/en/bulksearch,,,,,,
4485,pondsskininstitute.si,,14,仅历史可注册证据（需重查）,,2026-09-30T17:53:17.970Z,来源名POND’S SKIN INSTITUTE；独立转售用途未获支持，不能推定品牌回购,未取得无关独立买家用途证据；源品牌不是购买意向,未做逐名权利净空；品牌门是投资证据约束,False,,中外公司及品牌扩扫,https://regery.com/en/bulksearch,,,,,,
4486,tresemmeprofessional.si,,14,仅历史可注册证据（需重查）,,2026-09-30T17:53:17.970Z,来源名TRESemmé Professional®；独立转售用途未获支持，不能推定品牌回购,未取得无关独立买家用途证据；源品牌不是购买意向,未做逐名权利净空；品牌门是投资证据约束,False,,中外公司及品牌扩扫,https://regery.com/en/bulksearch,,,,,,
4487,anticagelateriadelcorso.si,,14,仅历史可注册证据（需重查）,,2026-09-30T17:53:17.970Z,来源名Antica Gelateria Del Corso；独立转售用途未获支持，不能推定品牌回购,未取得无关独立买家用途证据；源品牌不是购买意向,未做逐名权利净空；品牌门是投资证据约束,False,,中外公司及品牌扩扫,https://regery.com/en/bulksearch,,,,,,
4488,digiornopizza.si,,14,仅历史可注册证据（需重查）,,2026-09-30T17:53:17.970Z,来源名DiGiorno Pizza；独立转售用途未获支持，不能推定品牌回购,未取得无关独立买家用途证据；源品牌不是购买意向,未做逐名权利净空；品牌门是投资证据约束,False,,中外公司及品牌扩扫,https://regery.com/en/bulksearch,,,,,,
4489,gourmetcatfood.si,,14,仅历史可注册证据（需重查）,,2026-09-30T17:53:17.970Z,来源名Gourmet Cat Food；独立转售用途未获支持，不能推定品牌回购,未取得无关独立买家用途证据；源品牌不是购买意向,未做逐名权利净空；品牌门是投资证据约束,False,,中外公司及品牌扩扫,https://regery.com/en/bulksearch,,,,,,
4490,nestlepurelife.si,,14,仅历史可注册证据（需重查）,,2026-09-30T17:53:54.161Z,来源名Nestlé Pure Life；独立转售用途未获支持，不能推定品牌回购,未取得无关独立买家用途证据；源品牌不是购买意向,未做逐名权利净空；品牌门是投资证据约束,False,,中外公司及品牌扩扫,https://regery.com/en/bulksearch,,,,,,
4491,pureencapsulations.si,,14,仅历史可注册证据（需重查）,,2026-09-30T17:53:54.161Z,来源名Pure Encapsulations；独立转售用途未获支持，不能推定品牌回购,未取得无关独立买家用途证据；源品牌不是购买意向,未做逐名权利净空；品牌门是投资证据约束,False,,中外公司及品牌扩扫,https://regery.com/en/bulksearch,,,,,,
4492,purinaproplan.si,,14,仅历史可注册证据（需重查）,,2026-09-30T17:53:54.161Z,来源名PURINA Pro Plan；独立转售用途未获支持，不能推定品牌回购,未取得无关独立买家用途证据；源品牌不是购买意向,未做逐名权利净空；品牌门是投资证据约束,False,,中外公司及品牌扩扫,https://regery.com/en/bulksearch,,,,,,
4493,qualitystreet.si,,14,仅历史可注册证据（需重查）,,2026-09-30T17:53:54.161Z,来源名Quality Street；独立转售用途未获支持，不能推定品牌回购,未取得无关独立买家用途证据；源品牌不是购买意向,未做逐名权利净空；品牌门是投资证据约束,False,,中外公司及品牌扩扫,https://regery.com/en/bulksearch,,,,,,
4494,sanpellegrino.si,,14,仅历史可注册证据（需重查）,,2026-09-30T17:53:54.161Z,来源名Sanpellegrino；独立转售用途未获支持，不能推定品牌回购,未取得无关独立买家用途证据；源品牌不是购买意向,未做逐名权利净空；品牌门是投资证据约束,False,,中外公司及品牌扩扫,https://regery.com/en/bulksearch,,,,,,
4495,starbuckscoffeeathome.si,,14,仅历史可注册证据（需重查）,,2026-09-30T17:54:12.258Z,来源名Starbucks Coffee At Home；独立转售用途未获支持，不能推定品牌回购,未取得无关独立买家用途证据；源品牌不是购买意向,未做逐名权利净空；品牌门是投资证据约束,False,,中外公司及品牌扩扫,https://regery.com/en/bulksearch,,,,,,
4496,emblemscollection.si,,14,仅历史可注册证据（需重查）,,2026-09-30T17:54:12.258Z,来源名Emblems Collection；独立转售用途未获支持，不能推定品牌回购,未取得无关独立买家用途证据；源品牌不是购买意向,未做逐名权利净空；品牌门是投资证据约束,False,,中外公司及品牌扩扫,https://regery.com/en/bulksearch,,,,,,
4497,mgallerycollection.si,,14,仅历史可注册证据（需重查）,,2026-09-30T17:54:12.258Z,来源名MGallery Collection；独立转售用途未获支持，不能推定品牌回购,未取得无关独立买家用途证据；源品牌不是购买意向,未做逐名权利净空；品牌门是投资证据约束,False,,中外公司及品牌扩扫,https://regery.com/en/bulksearch,,,,,,
4498,morgansoriginals.si,,14,仅历史可注册证据（需重查）,,2026-09-30T17:54:12.258Z,来源名Morgans Originals；独立转售用途未获支持，不能推定品牌回购,未取得无关独立买家用途证据；源品牌不是购买意向,未做逐名权利净空；品牌门是投资证据约束,False,,中外公司及品牌扩扫,https://regery.com/en/bulksearch,,,,,,
4499,handwrittencollection.si,,14,仅历史可注册证据（需重查）,,2026-09-30T17:54:12.258Z,来源名Handwritten Collection；独立转售用途未获支持，不能推定品牌回购,未取得无关独立买家用途证据；源品牌不是购买意向,未做逐名权利净空；品牌门是投资证据约束,False,,中外公司及品牌扩扫,https://regery.com/en/bulksearch,,,,,,
4500,theritzcarlton.si,,14,仅历史可注册证据（需重查）,,2026-09-30T17:54:12.258Z,来源名The Ritz-Carlton；独立转售用途未获支持，不能推定品牌回购,未取得无关独立买家用途证据；源品牌不是购买意向,未做逐名权利净空；品牌门是投资证据约束,False,,中外公司及品牌扩扫,https://regery.com/en/bulksearch,,,,,,
4501,theritzcarltonreserve.si,,14,仅历史可注册证据（需重查）,,2026-09-30T17:54:12.258Z,来源名The Ritz-Carlton Reserve；独立转售用途未获支持，不能推定品牌回购,未取得无关独立买家用途证据；源品牌不是购买意向,未做逐名权利净空；品牌门是投资证据约束,False,,中外公司及品牌扩扫,https://regery.com/en/bulksearch,,,,,,
4502,theluxurycollection.si,,14,仅历史可注册证据（需重查）,,2026-09-30T17:54:12.258Z,来源名The Luxury Collection；独立转售用途未获支持，不能推定品牌回购,未取得无关独立买家用途证据；源品牌不是购买意向,未做逐名权利净空；品牌门是投资证据约束,False,,中外公司及品牌扩扫,https://regery.com/en/bulksearch,,,,,,
4503,marriotthotels.si,,14,仅历史可注册证据（需重查）,,2026-09-30T17:54:12.258Z,来源名Marriott Hotels；独立转售用途未获支持，不能推定品牌回购,未取得无关独立买家用途证据；源品牌不是购买意向,未做逐名权利净空；品牌门是投资证据约束,False,,中外公司及品牌扩扫,https://regery.com/en/bulksearch,,,,,,
4504,themarriottvacationclubs.si,,14,仅历史可注册证据（需重查）,,2026-09-30T17:54:12.258Z,来源名The Marriott Vacation Clubs；独立转售用途未获支持，不能推定品牌回购,未取得无关独立买家用途证据；源品牌不是购买意向,未做逐名权利净空；品牌门是投资证据约束,False,,中外公司及品牌扩扫,https://regery.com/en/bulksearch,,,,,,
4505,deltahotelsbymarriott.si,,14,仅历史可注册证据（需重查）,,2026-09-30T17:54:12.258Z,来源名Delta Hotels by Marriott；独立转售用途未获支持，不能推定品牌回购,未取得无关独立买家用途证据；源品牌不是购买意向,未做逐名权利净空；品牌门是投资证据约束,False,,中外公司及品牌扩扫,https://regery.com/en/bulksearch,,,,,,
4506,renaissancehotels.si,,14,仅历史可注册证据（需重查）,,2026-09-30T17:55:13.614Z,来源名Renaissance Hotels；独立转售用途未获支持，不能推定品牌回购,未取得无关独立买家用途证据；源品牌不是购买意向,未做逐名权利净空；品牌门是投资证据约束,False,,中外公司及品牌扩扫,https://regery.com/en/bulksearch,,,,,,
4507,gaylordhotels.si,,14,仅历史可注册证据（需重查）,,2026-09-30T17:55:13.614Z,来源名Gaylord Hotels；独立转售用途未获支持，不能推定品牌回购,未取得无关独立买家用途证据；源品牌不是购买意向,未做逐名权利净空；品牌门是投资证据约束,False,,中外公司及品牌扩扫,https://regery.com/en/bulksearch,,,,,,
4508,springhillsuites.si,,14,仅历史可注册证据（需重查）,,2026-09-30T17:55:13.614Z,来源名SpringHill Suites；独立转售用途未获支持，不能推定品牌回购,未取得无关独立买家用途证据；源品牌不是购买意向,未做逐名权利净空；品牌门是投资证据约束,False,,中外公司及品牌扩扫,https://regery.com/en/bulksearch,,,,,,
4509,fairfieldbymarriott.si,,14,仅历史可注册证据（需重查）,,2026-09-30T17:55:13.614Z,来源名Fairfield by Marriott；独立转售用途未获支持，不能推定品牌回购,未取得无关独立买家用途证据；源品牌不是购买意向,未做逐名权利净空；品牌门是投资证据约束,False,,中外公司及品牌扩扫,https://regery.com/en/bulksearch,,,,,,
4510,fourpointsflexbysheraton.si,,14,仅历史可注册证据（需重查）,,2026-09-30T17:55:13.614Z,来源名Four Points Flex by Sheraton；独立转售用途未获支持，不能推定品牌回购,未取得无关独立买家用途证据；源品牌不是购买意向,未做逐名权利净空；品牌门是投资证据约束,False,,中外公司及品牌扩扫,https://regery.com/en/bulksearch,,,,,,
4511,seriesbymarriott.si,,14,仅历史可注册证据（需重查）,,2026-09-30T17:55:13.614Z,来源名Series by Marriott；独立转售用途未获支持，不能推定品牌回购,未取得无关独立买家用途证据；源品牌不是购买意向,未做逐名权利净空；品牌门是投资证据约束,False,,中外公司及品牌扩扫,https://regery.com/en/bulksearch,,,,,,
4512,towneplacesuites.si,,14,仅历史可注册证据（需重查）,,2026-09-30T17:55:13.614Z,来源名TownePlace Suites；独立转售用途未获支持，不能推定品牌回购,未取得无关独立买家用途证据；源品牌不是购买意向,未做逐名权利净空；品牌门是投资证据约束,False,,中外公司及品牌扩扫,https://regery.com/en/bulksearch,,,,,,
4513,elementhotels.si,,14,仅历史可注册证据（需重查）,,2026-09-30T17:55:13.614Z,来源名Element Hotels；独立转售用途未获支持，不能推定品牌回购,未取得无关独立买家用途证据；源品牌不是购买意向,未做逐名权利净空；品牌门是投资证据约束,False,,中外公司及品牌扩扫,https://regery.com/en/bulksearch,,,,,,
4514,homesvillasbymarriottbonvoy.si,,14,仅历史可注册证据（需重查）,,2026-09-30T17:55:13.614Z,来源名Homes & Villas by Marriott Bonvoy；独立转售用途未获支持，不能推定品牌回购,未取得无关独立买家用途证据；源品牌不是购买意向,未做逐名权利净空；品牌门是投资证据约束,False,,中外公司及品牌扩扫,https://regery.com/en/bulksearch,,,,,,
4515,apartmentsbymarriottbonvoy.si,,14,仅历史可注册证据（需重查）,,2026-09-30T17:55:13.614Z,来源名Apartments by Marriott Bonvoy；独立转售用途未获支持，不能推定品牌回购,未取得无关独立买家用途证据；源品牌不是购买意向,未做逐名权利净空；品牌门是投资证据约束,False,,中外公司及品牌扩扫,https://regery.com/en/bulksearch,,,,,,
4516,marriottexecutiveapartments.si,,14,仅历史可注册证据（需重查）,,2026-09-30T17:55:13.614Z,来源名Marriott Executive Apartments；独立转售用途未获支持，不能推定品牌回购,未取得无关独立买家用途证据；源品牌不是购买意向,未做逐名权利净空；品牌门是投资证据约束,False,,中外公司及品牌扩扫,https://regery.com/en/bulksearch,,,,,,
4517,autographcollection.si,,14,仅历史可注册证据（需重查）,,2026-09-30T17:55:13.614Z,来源名Autograph Collection；独立转售用途未获支持，不能推定品牌回购,未取得无关独立买家用途证据；源品牌不是购买意向,未做逐名权利净空；品牌门是投资证据约束,False,,中外公司及品牌扩扫,https://regery.com/en/bulksearch,,,,,,
4518,tributeportfolio.si,,14,仅历史可注册证据（需重查）,,2026-09-30T17:55:13.614Z,来源名Tribute Portfolio；独立转售用途未获支持，不能推定品牌回购,未取得无关独立买家用途证据；源品牌不是购买意向,未做逐名权利净空；品牌门是投资证据约束,False,,中外公司及品牌扩扫,https://regery.com/en/bulksearch,,,,,,
4519,mgmcollectionwithmarriottbonvoy.si,,14,仅历史可注册证据（需重查）,,2026-09-30T17:55:13.614Z,来源名MGM Collection with Marriott Bonvoy；独立转售用途未获支持，不能推定品牌回购,未取得无关独立买家用途证据；源品牌不是购买意向,未做逐名权利净空；品牌门是投资证据约束,False,,中外公司及品牌扩扫,https://regery.com/en/bulksearch,,,,,,
4520,joslynhivoltage.si,,14,仅历史可注册证据（需重查）,,2026-09-30T17:55:47.847Z,来源名Joslyn Hi-Voltage；独立转售用途未获支持，不能推定品牌回购,未取得无关独立买家用途证据；源品牌不是购买意向,未做逐名权利净空；品牌门是投资证据约束,False,,中外公司及品牌扩扫,https://regery.com/en/bulksearch,,,,,,
4521,tbindustrialfittings.si,,14,仅历史可注册证据（需重查）,,2026-09-30T17:55:47.847Z,来源名T&B Industrial Fittings；独立转售用途未获支持，不能推定品牌回购,未取得无关独立买家用途证据；源品牌不是购买意向,未做逐名权利净空；品牌门是投资证据约束,False,,中外公司及品牌扩扫,https://regery.com/en/bulksearch,,,,,,
4522,tbliquidtightsystems.si,,14,仅历史可注册证据（需重查）,,2026-09-30T17:55:47.847Z,来源名T&B Liquidtight Systems；独立转售用途未获支持，不能推定品牌回购,未取得无关独立买家用途证据；源品牌不是购买意向,未做逐名权利净空；品牌门是投资证据约束,False,,中外公司及品牌扩扫,https://regery.com/en/bulksearch,,,,,,
4523,afinitordisperz.si,,14,仅历史可注册证据（需重查）,,2026-09-30T17:55:47.847Z,来源名Afinitor Disperz；独立转售用途未获支持，不能推定品牌回购,未取得无关独立买家用途证据；源品牌不是购买意向,未做逐名权利净空；品牌门是投资证据约束,False,,中外公司及品牌扩扫,https://regery.com/en/bulksearch,,,,,,
4524,1001tracklists.si,,12,仅历史可注册证据（需重查）,,2026-09-30T17:26:11.946Z,来源名1001Tracklists；独立转售用途未获支持，不能推定品牌回购,未取得无关独立买家用途证据；源品牌不是购买意向,未做逐名权利净空；品牌门是投资证据约束,False,,中外公司及品牌扩扫,https://regery.com/en/bulksearch,,,,,,
4525,30secondsofcode.si,,12,仅历史可注册证据（需重查）,,2026-09-30T17:26:11.946Z,来源名30 seconds of code；独立转售用途未获支持，不能推定品牌回购,未取得无关独立买家用途证据；源品牌不是购买意向,未做逐名权利净空；品牌门是投资证据约束,False,,中外公司及品牌扩扫,https://regery.com/en/bulksearch,,,,,,
4526,365datascience.si,,12,仅历史可注册证据（需重查）,,2026-09-30T17:26:11.946Z,来源名365 Data Science；独立转售用途未获支持，不能推定品牌回购,未取得无关独立买家用途证据；源品牌不是购买意向,未做逐名权利净空；品牌门是投资证据约束,False,,中外公司及品牌扩扫,https://regery.com/en/bulksearch,,,,,,
4527,googlecampaignmanager360.si,,12,仅历史可注册证据（需重查）,,2026-09-30T17:31:42.306Z,来源名Google Campaign Manager 360；独立转售用途未获支持，不能推定品牌回购,未取得无关独立买家用途证据；源品牌不是购买意向,未做逐名权利净空；品牌门是投资证据约束,False,,中外公司及品牌扩扫,https://regery.com/en/bulksearch,,,,,,
4528,googledisplayandvideo360.si,,12,仅历史可注册证据（需重查）,,2026-09-30T17:31:42.306Z,来源名Google Display & Video 360；独立转售用途未获支持，不能推定品牌回购,未取得无关独立买家用途证据；源品牌不是购买意向,未做逐名权利净空；品牌门是投资证据约束,False,,中外公司及品牌扩扫,https://regery.com/en/bulksearch,,,,,,
4529,nationalcellar1573.si,,12,仅历史可注册证据（需重查）,,2026-09-30T17:51:02.096Z,来源名NATIONAL CELLAR 1573；独立转售用途未获支持，不能推定品牌回购,未取得无关独立买家用途证据；源品牌不是购买意向,未做逐名权利净空；品牌门是投资证据约束,False,,中外公司及品牌扩扫,https://regery.com/en/bulksearch,,,,,,
4530,harbin-electric.si,,12,仅历史可注册证据（需重查）,,2026-09-30T17:34:09.683Z,来源名哈尔滨电气集团有限公司；独立转售用途未获支持，不能推定品牌回购,未取得无关独立买家用途证据；源品牌不是购买意向,未做逐名权利净空；品牌门是投资证据约束,False,,中外公司及品牌扩扫,https://my.eurodns.com/das/search,,,,,,
4531,21cmuseumhotel.si,,12,仅历史可注册证据（需重查）,,2026-09-30T17:54:12.258Z,来源名21c MuseumHotel；独立转售用途未获支持，不能推定品牌回购,未取得无关独立买家用途证据；源品牌不是购买意向,未做逐名权利净空；品牌门是投资证据约束,False,,中外公司及品牌扩扫,https://regery.com/en/bulksearch,,,,,,
4532,25hourshotels.si,,12,仅历史可注册证据（需重查）,,2026-09-30T17:54:12.258Z,来源名25hours Hotels；独立转售用途未获支持，不能推定品牌回购,未取得无关独立买家用途证据；源品牌不是购买意向,未做逐名权利净空；品牌门是投资证据约束,False,,中外公司及品牌扩扫,https://regery.com/en/bulksearch,,,,,,
4533,3mdiamondgrade.si,,12,仅历史可注册证据（需重查）,,2026-09-30T17:55:13.614Z,来源名3M Diamond Grade；独立转售用途未获支持，不能推定品牌回购,未取得无关独立买家用途证据；源品牌不是购买意向,未做逐名权利净空；品牌门是投资证据约束,False,,中外公司及品牌扩扫,https://regery.com/en/bulksearch,,,,,,
4534,3mprogradeprecision.si,,12,仅历史可注册证据（需重查）,,2026-09-30T17:55:13.614Z,来源名3M Pro Grade Precision；独立转售用途未获支持，不能推定品牌回购,未取得无关独立买家用途证据；源品牌不是购买意向,未做逐名权利净空；品牌门是投资证据约束,False,,中外公司及品牌扩扫,https://regery.com/en/bulksearch,,,,,,
4535,3msandblaster.si,,12,仅历史可注册证据（需重查）,,2026-09-30T17:55:13.614Z,来源名3M SandBlaster；独立转售用途未获支持，不能推定品牌回购,未取得无关独立买家用途证据；源品牌不是购买意向,未做逐名权利净空；品牌门是投资证据约束,False,,中外公司及品牌扩扫,https://regery.com/en/bulksearch,,,,,,
4536,didnt.si,词义/用途尚待补充,12,仅历史可注册证据（需重查）,,2026-09-30T15:49:25.428Z,去掉撇号的英语缩写不自然，口头传播与独立用途弱,无明确独立买家画像,未做逐名净空,False,,英语普通词大池,https://regery.com/en/bulksearch,,,,,,
4537,thats.si,词义/用途尚待补充,12,仅历史可注册证据（需重查）,,2026-09-30T15:50:57.379Z,去掉撇号的英语缩写不自然，口头传播与独立用途弱,无明确独立买家画像,未做逐名净空,False,,英语普通词大池,https://regery.com/en/bulksearch,,,,,,
4538,wasnt.si,词义/用途尚待补充,12,仅历史可注册证据（需重查）,,2026-09-30T15:51:47.559Z,去掉撇号的英语缩写不自然，口头传播与独立用途弱,无明确独立买家画像,未做逐名净空,False,,英语普通词大池,https://regery.com/en/bulksearch,,,,,,
4539,doesnt.si,词义/用途尚待补充,12,仅历史可注册证据（需重查）,,2026-09-30T15:53:56.043Z,去掉撇号的英语缩写不自然，口头传播与独立用途弱,无明确独立买家画像,未做逐名净空,False,,英语普通词大池,https://regery.com/en/bulksearch,,,,,,
4540,havent.si,词义/用途尚待补充,12,仅历史可注册证据（需重查）,,2026-09-30T15:54:35.957Z,去掉撇号的英语缩写不自然，口头传播与独立用途弱,无明确独立买家画像,未做逐名净空,False,,英语普通词大池,https://regery.com/en/bulksearch,,,,,,
4541,herein.si,词义/用途尚待补充,12,仅历史可注册证据（需重查）,,2026-09-30T15:54:35.957Z,法律文书常用副词，适用合同工具但语气正式,无明确独立买家画像,未做逐名净空,False,,英语普通词大池,https://regery.com/en/bulksearch,,,,,,
4542,theirs.si,词义/用途尚待补充,12,仅历史可注册证据（需重查）,,2026-09-30T15:58:15.265Z,所有格代词可表达归属，单独命名用途仍宽泛,无明确独立买家画像,未做逐名净空,False,,英语普通词大池,https://regery.com/en/bulksearch,,,,,,
4543,theres.si,词义/用途尚待补充,12,仅历史可注册证据（需重查）,,2026-09-30T15:58:15.265Z,去掉撇号的英语缩写不自然，口头传播与独立用途弱,无明确独立买家画像,未做逐名净空,False,,英语普通词大池,https://regery.com/en/bulksearch,,,,,,
4544,whilst.si,词义/用途尚待补充,12,仅历史可注册证据（需重查）,,2026-09-30T15:58:15.265Z,英式连词自然，作为产品名称缺少明确品类,无明确独立买家画像,未做逐名净空,False,,英语普通词大池,https://regery.com/en/bulksearch,,,,,,
4545,anyways.si,词义/用途尚待补充,12,仅历史可注册证据（需重查）,,2026-09-30T15:59:13.820Z,口语副词可辨但不够正式，适用风格较窄,无明确独立买家画像,未做逐名净空,False,,英语普通词大池,https://regery.com/en/bulksearch,,,,,,
4546,becomes.si,词义/用途尚待补充,12,仅历史可注册证据（需重查）,,2026-09-30T15:59:13.820Z,动词第三人称含变化之意，单独命名不聚焦,无明确独立买家画像,未做逐名净空,False,,英语普通词大池,https://regery.com/en/bulksearch,,,,,,
4547,thereof.si,词义/用途尚待补充,12,仅历史可注册证据（需重查）,,2026-09-30T16:06:37.958Z,法律英语副词稳定，适合专业工具但大众难懂,无明确独立买家画像,未做逐名净空,False,,英语普通词大池,https://regery.com/en/bulksearch,,,,,,
4548,ourselves.si,词义/用途尚待补充,12,仅历史可注册证据（需重查）,,2026-09-30T16:19:17.899Z,反身代词可作社群名，词长且无独立品类,无明确独立买家画像,未做逐名净空,False,,英语普通词大池,https://regery.com/en/bulksearch,,,,,,
4549,twentieth.si,词义/用途尚待补充,12,仅历史可注册证据（需重查）,,2026-09-30T16:20:51.261Z,序数词完整，纪念或教育用途受具体年份限制,无明确独立买家画像,未做逐名净空,False,,英语普通词大池,https://regery.com/en/bulksearch,,,,,,
4550,whichever.si,词义/用途尚待补充,12,仅历史可注册证据（需重查）,,2026-09-30T16:20:51.261Z,选择代词完整，但缺少可收费产品的独立义,无明确独立买家画像,未做逐名净空,False,,英语普通词大池,https://regery.com/en/bulksearch,,,,,,
